frame,z,y,x,z_um,y_um,x_um,tree_id,track_id
0,41,7,173,66.625,2.84375,70.28125,0,0
0,48,101,171,78.0,41.03125,69.46875,1,1
0,20,179,83,32.5,72.71875,33.71875,2,2
0,51,137,175,82.875,55.65625,71.09375,3,3
0,8,12,83,13.0,4.875,33.71875,4,4
0,17,104,84,27.625,42.25,34.125,5,5
0,35,92,130,56.875,37.375,52.8125,6,6
0,13,141,72,21.125,57.28125,29.25,7,7
0,46,163,159,74.75,66.21875,64.59375,8,8
0,55,170,186,89.375,69.0625,75.5625,9,9
0,24,62,108,39.0,25.1875,43.875,10,10
0,56,145,223,91.0,58.90625,90.59375,11,11
0,8,226,54,13.0,91.8125,21.9375,12,12
0,27,94,113,43.875,38.1875,45.90625,13,13
0,54,57,198,87.75,23.15625,80.4375,14,14
0,26,233,99,42.25,94.65625,40.21875,15,15
0,48,188,158,78.0,76.375,64.1875,16,16
0,32,41,129,52.0,16.65625,52.40625,17,17
0,57,9,224,92.625,3.65625,91.0,18,18
0,44,11,190,71.5,4.46875,77.1875,19,19
0,34,145,124,55.25,58.90625,50.375,20,20
0,28,10,145,45.5,4.0625,58.90625,21,21
0,44,203,147,71.5,82.46875,59.71875,22,22
0,26,153,97,42.25,62.15625,39.40625,23,23
0,55,42,216,89.375,17.0625,87.75,24,24
0,18,46,95,29.25,18.6875,38.59375,25,25
0,7,36,76,11.375,14.625,30.875,26,26
0,13,213,65,21.125,86.53125,26.40625,27,27
0,58,137,202,94.25,55.65625,82.0625,28,28
0,36,16,149,58.5,6.5,60.53125,29,29
0,36,125,132,58.5,50.78125,53.625,30,30
0,36,217,119,58.5,88.15625,48.34375,31,31
0,25,38,121,40.625,15.4375,49.15625,32,32
0,27,208,101,43.875,84.5,41.03125,33,33
0,46,42,188,74.75,17.0625,76.375,34,34
0,54,99,190,87.75,40.21875,77.1875,35,35
0,56,242,190,91.0,98.3125,77.1875,36,36
0,40,52,146,65.0,21.125,59.3125,37,37
0,36,123,156,58.5,49.96875,63.375,38,38
0,45,31,174,73.125,12.59375,70.6875,39,39
0,58,99,249,94.25,40.21875,101.15625,40,40
0,18,20,104,29.25,8.125,42.25,41,41
0,12,192,59,19.5,78.0,23.96875,42,42
0,33,68,131,53.625,27.625,53.21875,43,43
0,35,193,121,56.875,78.40625,49.15625,44,44
0,49,179,200,79.625,72.71875,81.25,45,45
0,39,55,162,63.375,22.34375,65.8125,46,46
0,58,89,211,94.25,36.15625,85.71875,47,47
0,40,228,132,65.0,92.625,53.625,48,48
0,43,242,153,69.875,98.3125,62.15625,49,49
0,50,209,171,81.25,84.90625,69.46875,50,50
0,48,238,189,78.0,96.6875,76.78125,51,51
0,7,73,70,11.375,29.65625,28.4375,52,52
0,29,215,129,47.125,87.34375,52.40625,53,53
0,52,18,205,84.5,7.3125,83.28125,54,54
0,46,140,162,74.75,56.875,65.8125,55,55
0,43,104,159,69.875,42.25,64.59375,56,56
0,44,104,189,71.5,42.25,76.78125,57,57
0,41,178,142,66.625,72.3125,57.6875,58,58
0,58,182,169,94.25,73.9375,68.65625,59,59
0,36,244,151,58.5,99.125,61.34375,60,60
0,6,121,56,9.75,49.15625,22.75,61,61
0,50,236,173,81.25,95.875,70.28125,62,62
0,10,110,70,16.25,44.6875,28.4375,63,63
0,29,174,104,47.125,70.6875,42.25,64,64
0,21,222,110,34.125,90.1875,44.6875,65,65
0,7,26,106,11.375,10.5625,43.0625,66,66
0,55,208,184,89.375,84.5,74.75,67,67
0,12,163,86,19.5,66.21875,34.9375,68,68
0,14,166,68,22.75,67.4375,27.625,69,69
0,12,102,101,19.5,41.4375,41.03125,70,70
0,33,217,162,53.625,88.15625,65.8125,71,71
0,21,85,92,34.125,34.53125,37.375,72,72
0,25,123,101,40.625,49.96875,41.03125,73,73
0,51,89,215,82.875,36.15625,87.34375,74,74
0,6,198,48,9.75,80.4375,19.5,75,75
0,49,125,205,79.625,50.78125,83.28125,76,76
0,7,157,60,11.375,63.78125,24.375,77,77
0,20,159,117,32.5,64.59375,47.53125,78,78
0,13,67,81,21.125,27.21875,32.90625,79,79
0,31,176,137,50.375,71.5,55.65625,80,80
0,22,75,156,35.75,30.46875,63.375,81,81
0,46,147,191,74.75,59.71875,77.59375,82,82
0,24,183,115,39.0,74.34375,46.71875,83,83
0,42,197,172,68.25,80.03125,69.875,84,84
0,6,80,104,9.75,32.5,42.25,85,85
0,39,106,175,63.375,43.0625,71.09375,86,86
0,37,68,185,60.125,27.625,75.15625,87,87
0,30,186,159,48.75,75.5625,64.59375,88,88
0,19,53,136,30.875,21.53125,55.25,89,89
0,53,117,235,86.125,47.53125,95.46875,90,90
0,25,113,128,40.625,45.90625,52.0,91,91
0,16,243,115,26.0,98.71875,46.71875,92,92
0,40,134,185,65.0,54.4375,75.15625,93,93
0,11,141,96,17.875,57.28125,39.0,94,94
0,26,163,140,42.25,66.21875,56.875,95,95
0,34,201,144,55.25,81.65625,58.5,96,96
0,45,167,195,73.125,67.84375,79.21875,97,97
0,11,85,62,17.875,34.53125,25.1875,98,98
0,8,206,85,13.0,83.6875,34.53125,99,99
0,28,104,147,45.5,42.25,59.71875,100,100
0,13,10,129,21.125,4.0625,52.40625,101,101
0,22,30,150,35.75,12.1875,60.9375,102,102
0,28,46,163,45.5,18.6875,66.21875,103,103
0,53,148,243,86.125,60.125,98.71875,104,104
0,14,56,111,22.75,22.75,45.09375,105,105
0,56,197,243,91.0,80.03125,98.71875,106,106
0,44,79,198,71.5,32.09375,80.4375,107,107
0,5,179,80,8.125,72.71875,32.5,108,108
0,16,174,103,26.0,70.6875,41.84375,109,109
0,9,186,95,14.625,75.5625,38.59375,110,110
0,20,74,139,32.5,30.0625,56.46875,111,111
0,12,34,134,19.5,13.8125,54.4375,112,112
0,21,120,159,34.125,48.75,64.59375,113,113
0,31,137,186,50.375,55.65625,75.5625,114,114
0,30,22,172,48.75,8.9375,69.875,115,115
0,15,229,95,24.375,93.03125,38.59375,116,116
0,23,44,181,37.375,17.875,73.53125,117,117
0,34,7,223,55.25,2.84375,90.59375,118,118
0,36,140,165,58.5,56.875,67.03125,119,119
0,15,201,106,24.375,81.65625,43.0625,120,120
0,46,19,218,74.75,7.71875,88.5625,121,121
0,39,97,217,63.375,39.40625,88.15625,122,122
1,41,8,175,66.625,3.25,71.09375,0,0
1,21,183,85,34.125,74.34375,34.53125,2,2
1,49,103,174,79.625,41.84375,70.6875,1,1
1,18,105,85,29.25,42.65625,34.53125,5,5
1,25,60,112,40.625,24.375,45.5,10,10
1,13,141,74,21.125,57.28125,30.0625,7,7
1,52,139,176,84.5,56.46875,71.5,3,3
1,9,13,86,14.625,5.28125,34.9375,4,4
1,27,237,102,43.875,96.28125,41.4375,15,15
1,28,95,117,45.5,38.59375,47.53125,13,13
1,36,93,132,58.5,37.78125,53.625,6,6
1,46,165,159,74.75,67.03125,64.59375,8,8
1,58,142,203,94.25,57.6875,82.46875,28,28
1,55,175,190,89.375,71.09375,77.1875,9,9
1,48,191,160,78.0,77.59375,65.0,16,16
1,55,61,202,89.375,24.78125,82.0625,14,14
1,29,9,146,47.125,3.65625,59.3125,21,21
1,26,154,97,42.25,62.5625,39.40625,23,23
1,9,230,57,14.625,93.4375,23.15625,12,12
1,33,43,132,53.625,17.46875,53.625,17,17
1,48,45,192,78.0,18.28125,78.0,34,123
1,46,14,193,74.75,5.6875,78.40625,19,19
1,37,126,134,60.125,51.1875,54.4375,30,30
1,56,149,224,91.0,60.53125,91.0,11,11
1,44,210,148,71.5,85.3125,60.125,22,22
1,19,51,95,30.875,20.71875,38.59375,25,25
1,26,41,122,42.25,16.65625,49.5625,32,32
1,41,58,150,66.625,23.5625,60.9375,37,37
1,36,16,149,58.5,6.5,60.53125,29,29
1,28,213,104,45.5,86.53125,42.25,33,33
1,20,26,107,32.5,10.5625,43.46875,41,41
1,56,44,218,91.0,17.875,88.5625,24,24
1,44,248,153,71.5,100.75,62.15625,49,49
1,36,148,128,58.5,60.125,52.0,20,20
1,36,221,121,58.5,89.78125,49.15625,31,31
1,8,39,78,13.0,15.84375,31.6875,26,26
1,36,125,157,58.5,50.78125,63.78125,38,38
1,14,217,68,22.75,88.15625,27.625,27,27
1,58,12,228,94.25,4.875,92.625,18,18
1,57,247,193,92.625,100.34375,78.40625,36,36
1,34,70,133,55.25,28.4375,54.03125,43,43
1,30,218,130,48.75,88.5625,52.8125,53,53
1,41,235,134,66.625,95.46875,54.4375,48,48
1,34,196,119,55.25,79.625,48.34375,44,44
1,41,181,143,66.625,73.53125,58.09375,58,58
1,46,31,176,74.75,12.59375,71.5,39,39
1,36,249,152,58.5,101.15625,61.75,60,60
1,40,57,163,65.0,23.15625,66.21875,46,46
1,47,143,163,76.375,58.09375,66.21875,55,55
1,55,103,195,89.375,41.84375,79.21875,35,35
1,48,241,186,78.0,97.90625,75.5625,51,51
1,50,214,170,81.25,86.9375,69.0625,50,50
1,21,161,112,34.125,65.40625,45.5,78,78
1,12,193,63,19.5,78.40625,25.59375,42,42
1,50,183,206,81.25,74.34375,83.6875,45,45
1,8,74,73,13.0,30.0625,29.65625,52,52
1,44,100,190,71.5,40.625,77.1875,57,57
1,7,126,56,11.375,51.1875,22.75,61,61
1,22,224,111,35.75,91.0,45.09375,65,65
1,11,113,72,17.875,45.90625,29.25,63,63
1,29,176,105,47.125,71.5,42.65625,64,64
1,53,23,209,86.125,9.34375,84.90625,54,54
1,43,105,161,69.875,42.65625,65.40625,56,56
1,50,239,176,81.25,97.09375,71.5,62,62
1,58,185,170,94.25,75.15625,69.0625,59,59
1,22,88,95,35.75,35.75,38.59375,72,72
1,21,58,138,34.125,23.5625,56.0625,89,89
1,36,221,163,58.5,89.78125,66.21875,71,71
1,13,104,106,21.125,42.25,43.0625,70,70
1,14,169,69,22.75,68.65625,28.03125,69,69
1,32,178,139,52.0,72.3125,56.46875,80,80
1,14,67,83,22.75,27.21875,33.71875,79,79
1,7,202,52,11.375,82.0625,21.125,75,75
1,55,210,185,89.375,85.3125,75.15625,67,67
1,26,124,104,42.25,50.375,42.25,73,73
1,13,168,88,21.125,68.25,35.75,68,68
1,44,49,175,71.5,19.90625,71.09375,34,124
1,8,161,61,13.0,65.40625,24.78125,77,77
1,31,189,162,50.375,76.78125,65.8125,88,88
1,50,127,207,81.25,51.59375,84.09375,76,76
1,25,188,119,40.625,76.375,48.34375,83,83
1,28,142,128,45.5,57.6875,52.0,123,125
1,8,29,107,13.0,11.78125,43.46875,66,66
1,46,147,194,74.75,59.71875,78.8125,82,82
1,7,82,105,11.375,33.3125,42.65625,85,85
1,40,108,177,65.0,43.875,71.90625,86,86
1,45,169,196,73.125,68.65625,79.625,97,97
1,25,231,138,40.625,93.84375,56.0625,124,126
1,26,117,131,42.25,47.53125,53.21875,91,91
1,27,163,141,43.875,66.21875,57.28125,95,95
1,28,12,162,45.5,4.875,65.8125,115,127
1,43,204,172,69.875,82.875,69.875,84,84
1,35,206,146,56.875,83.6875,59.3125,96,96
1,22,40,152,35.75,16.25,61.75,102,102
1,17,248,114,27.625,100.75,46.3125,92,92
1,11,87,62,17.875,35.34375,25.1875,98,98
1,48,46,222,78.0,18.6875,90.1875,125,128
1,13,143,97,21.125,58.09375,39.40625,94,94
1,35,117,186,56.875,47.53125,75.5625,126,129
1,10,213,89,16.25,86.53125,36.15625,99,99
1,54,129,187,87.75,52.40625,75.96875,127,130
1,15,14,132,24.375,5.6875,53.625,101,101
1,38,69,185,61.75,28.03125,75.15625,87,87
1,28,52,163,45.5,21.125,66.21875,103,103
1,53,164,212,86.125,66.625,86.125,128,131
1,5,232,77,8.125,94.25,31.28125,129,132
1,54,144,244,87.75,58.5,99.125,104,104
1,12,35,139,19.5,14.21875,56.46875,112,112
1,54,118,235,87.75,47.9375,95.46875,90,90
1,15,62,113,24.375,25.1875,45.90625,105,105
1,30,107,146,48.75,43.46875,59.3125,100,100
1,22,84,157,35.75,34.125,63.78125,81,81
1,22,127,161,35.75,51.59375,65.40625,113,113
1,21,80,140,34.125,32.5,56.875,111,111
1,17,180,103,27.625,73.125,41.84375,109,109
1,10,189,98,16.25,76.78125,39.8125,110,110
1,28,96,163,45.5,39.0,66.21875,130,133
1,26,201,161,42.25,81.65625,65.40625,131,134
1,33,141,191,53.625,57.28125,77.59375,114,114
1,6,183,84,9.75,74.34375,34.125,108,108
1,45,80,201,73.125,32.5,81.65625,107,107
1,50,223,196,81.25,90.59375,79.625,132,135
1,35,14,225,56.875,5.6875,91.40625,118,118
1,24,51,183,39.0,20.71875,74.34375,117,117
1,32,25,172,52.0,10.15625,69.875,115,136
1,40,104,223,65.0,42.25,90.59375,122,122
1,14,236,94,22.75,95.875,38.1875,116,116
1,36,141,168,58.5,57.28125,68.25,119,119
1,16,207,107,26.0,84.09375,43.46875,120,120
2,42,7,176,68.25,2.84375,71.5,0,0
2,19,106,85,30.875,43.0625,34.53125,5,5
2,22,184,87,35.75,74.75,35.34375,2,2
2,25,59,110,40.625,23.96875,44.6875,10,10
2,50,104,176,81.25,42.25,71.5,1,1
2,28,241,106,45.5,97.90625,43.0625,15,15
2,37,95,134,60.125,38.59375,54.4375,6,6
2,11,13,89,17.875,5.28125,36.15625,4,4
2,14,142,73,22.75,57.6875,29.65625,7,7
2,53,139,179,86.125,56.46875,72.71875,3,3
2,31,9,149,50.375,3.65625,60.53125,21,21
2,9,231,59,14.625,93.84375,23.96875,12,12
2,47,166,159,76.375,67.4375,64.59375,8,8
2,26,156,96,42.25,63.375,39.0,23,23
2,55,58,202,89.375,23.5625,82.0625,14,14
2,29,94,118,47.125,38.1875,47.9375,13,13
2,35,45,137,56.875,18.28125,55.65625,17,17
2,37,222,122,60.125,90.1875,49.5625,31,31
2,58,9,226,94.25,3.65625,91.8125,18,18
2,49,44,194,79.625,17.875,78.8125,34,123
2,48,190,159,78.0,77.1875,64.59375,16,16
2,47,14,196,76.375,5.6875,79.625,19,19
2,29,219,105,47.125,88.96875,42.65625,33,33
2,43,59,153,69.875,23.96875,62.15625,37,37
2,36,72,136,58.5,29.25,55.25,43,43
2,19,52,96,30.875,21.125,39.0,25,25
2,37,124,135,60.125,50.375,54.84375,30,30
2,21,26,108,34.125,10.5625,43.875,41,41
2,44,211,146,71.5,85.71875,59.3125,22,22
2,10,37,83,16.25,15.03125,33.71875,26,26
2,56,175,192,91.0,71.09375,78.0,9,9
2,57,150,223,92.625,60.9375,90.59375,11,11
2,35,199,120,56.875,80.84375,48.75,44,44
2,42,240,134,68.25,97.5,54.4375,48,48
2,5,157,49,8.125,63.78125,19.90625,133,137
2,27,43,122,43.875,17.46875,49.5625,32,32
2,46,30,175,74.75,12.1875,71.09375,39,39
2,36,147,127,58.5,59.71875,51.59375,20,20
2,44,249,153,71.5,101.15625,62.15625,49,49
2,41,182,141,66.625,73.9375,57.28125,58,58
2,16,221,72,26.0,89.78125,29.25,27,27
2,33,28,145,53.625,11.375,58.90625,134,138
2,36,126,154,58.5,51.1875,62.5625,38,38
2,13,193,64,21.125,78.40625,26.0,42,42
2,57,44,220,92.625,17.875,89.375,24,24
2,49,244,186,79.625,99.125,75.5625,51,51
2,30,218,130,48.75,88.5625,52.8125,53,53
2,56,103,196,91.0,41.84375,79.625,35,35
2,51,212,172,82.875,86.125,69.875,50,50
2,54,24,209,87.75,9.75,84.90625,54,54
2,41,59,166,66.625,23.96875,67.4375,46,46
2,48,145,165,78.0,58.90625,67.03125,55,55
2,9,76,73,14.625,30.875,29.65625,52,52
2,8,128,56,13.0,52.0,22.75,61,61
2,51,184,205,82.875,74.75,83.28125,45,45
2,21,162,117,34.125,65.8125,47.53125,78,78
2,15,171,68,24.375,69.46875,27.625,69,69
2,44,99,191,71.5,40.21875,77.59375,57,57
2,44,106,162,71.5,43.0625,65.8125,56,56
2,5,131,79,8.125,53.21875,32.09375,135,139
2,30,176,107,48.75,71.5,43.46875,64,64
2,12,117,71,19.5,47.53125,28.84375,63,63
2,38,221,164,61.75,89.78125,66.625,71,71
2,56,214,185,91.0,86.9375,75.15625,67,67
2,14,170,89,22.75,69.0625,36.15625,68,68
2,26,188,120,42.25,76.375,48.75,83,83
2,23,87,96,37.375,35.34375,39.0,72,72
2,52,92,217,84.5,37.375,88.15625,136,140
2,32,190,162,52.0,77.1875,65.8125,88,88
2,26,122,103,42.25,49.5625,41.84375,73,73
2,58,189,171,94.25,76.78125,69.46875,59,59
2,15,70,84,24.375,28.4375,34.125,79,79
2,44,42,173,71.5,17.0625,70.28125,34,124
2,33,178,142,53.625,72.3125,57.6875,80,80
2,11,31,111,17.875,12.59375,45.09375,66,66
2,8,205,55,13.0,83.28125,22.34375,75,75
2,21,62,140,34.125,25.1875,56.875,89,89
2,50,127,203,81.25,51.59375,82.46875,76,76
2,10,162,64,16.25,65.8125,26.0,77,77
2,15,104,109,24.375,42.25,44.28125,70,70
2,28,145,124,45.5,58.90625,50.375,123,125
2,46,168,199,74.75,68.25,80.84375,97,97
2,9,83,108,14.625,33.71875,43.875,85,85
2,46,146,194,74.75,59.3125,78.8125,82,82
2,40,108,176,65.0,43.875,71.5,86,86
2,54,149,244,87.75,60.53125,99.125,104,104
2,26,230,139,42.25,93.4375,56.46875,124,126
2,5,51,98,8.125,20.71875,39.8125,137,141
2,28,164,140,45.5,66.625,56.875,95,95
2,35,208,146,56.875,84.5,59.3125,96,96
2,16,18,136,26.0,7.3125,55.25,101,101
2,54,168,215,87.75,68.25,87.34375,128,131
2,30,9,168,48.75,3.65625,68.25,115,127
2,26,118,131,42.25,47.9375,53.21875,91,91
2,54,123,235,87.75,49.96875,95.46875,90,90
2,14,147,99,22.75,59.71875,40.21875,94,94
2,28,53,160,45.5,21.53125,65.0,103,103
2,23,84,151,37.375,34.125,61.34375,81,81
2,11,214,89,17.875,86.9375,36.15625,99,99
2,38,67,187,61.75,27.21875,75.96875,87,87
2,23,33,154,37.375,13.40625,62.5625,102,102
2,7,231,78,11.375,93.84375,31.6875,129,132
2,48,53,222,78.0,21.53125,90.1875,125,128
2,16,63,115,26.0,25.59375,46.71875,105,105
2,30,105,145,48.75,42.65625,58.90625,100,100
2,23,78,142,37.375,31.6875,57.6875,111,111
2,41,142,180,66.625,57.6875,73.125,138,142
2,6,154,83,9.75,62.5625,33.71875,139,143
2,14,37,142,22.75,15.03125,57.6875,112,112
2,46,72,202,74.75,29.25,82.0625,107,107
2,24,128,163,39.0,52.0,66.21875,113,113
2,18,185,105,29.25,75.15625,42.65625,109,109
2,12,191,98,19.5,77.59375,39.8125,110,110
2,6,158,116,9.75,64.1875,47.125,140,144
2,5,65,127,8.125,26.40625,51.59375,141,145
2,8,188,86,13.0,76.375,34.9375,108,108
2,58,232,235,94.25,94.25,95.46875,142,146
2,29,96,165,47.125,39.0,67.03125,130,133
2,34,146,192,55.25,59.3125,78.0,114,114
2,32,28,171,52.0,11.375,69.46875,115,136
2,42,112,227,68.25,45.5,92.21875,122,122
2,27,204,164,43.875,82.875,66.625,131,134
2,35,20,221,56.875,8.125,89.78125,118,118
2,26,55,185,42.25,22.34375,75.15625,117,117
2,15,239,98,24.375,97.09375,39.8125,116,116
2,48,19,223,78.0,7.71875,90.59375,143,147
2,36,144,165,58.5,58.5,67.03125,119,119
3,42,8,181,68.25,3.25,73.53125,0,0
3,20,108,87,32.5,43.875,35.34375,5,5
3,23,184,91,37.375,74.75,36.96875,2,2
3,12,14,92,19.5,5.6875,37.375,4,4
3,15,143,77,24.375,58.09375,31.28125,7,7
3,51,106,181,82.875,43.0625,73.53125,1,1
3,10,234,62,16.25,95.0625,25.1875,12,12
3,54,142,184,87.75,57.6875,74.75,3,3
3,27,62,117,43.875,25.1875,47.53125,10,10
3,48,169,164,78.0,68.65625,66.625,8,8
3,30,243,111,48.75,98.71875,45.09375,15,15
3,27,157,100,43.875,63.78125,40.625,23,23
3,32,10,152,52.0,4.0625,61.75,21,21
3,38,96,141,61.75,39.0,57.28125,6,6
3,21,53,100,34.125,21.53125,40.625,25,25
3,36,49,143,58.5,19.90625,58.09375,17,17
3,30,93,124,48.75,37.78125,50.375,13,13
3,45,215,149,73.125,87.34375,60.53125,22,22
3,56,60,206,91.0,24.375,83.6875,14,14
3,30,217,109,48.75,88.15625,44.28125,33,33
3,5,100,64,8.125,40.625,26.0,144,148
3,43,248,138,69.875,100.75,56.0625,48,48
3,11,40,87,17.875,16.25,35.34375,26,26
3,23,29,113,37.375,11.78125,45.90625,41,41
3,38,124,140,61.75,50.375,56.875,30,30
3,47,16,200,76.375,6.5,81.25,19,19
3,49,194,162,79.625,78.8125,65.8125,16,16
3,50,45,196,81.25,18.28125,79.625,34,123
3,6,159,52,9.75,64.59375,21.125,133,137
3,38,227,128,61.75,92.21875,52.0,31,31
3,29,45,126,47.125,18.28125,51.1875,32,32
3,17,224,76,27.625,91.0,30.875,27,27
3,36,199,123,58.5,80.84375,49.96875,44,44
3,43,62,156,69.875,25.1875,63.375,37,37
3,38,149,134,61.75,60.53125,54.4375,20,20
3,36,74,141,58.5,30.0625,57.28125,43,43
3,14,194,68,22.75,78.8125,27.625,42,42
3,46,28,178,74.75,11.375,72.3125,39,39
3,36,128,155,58.5,52.0,62.96875,38,38
3,58,108,206,94.25,43.875,83.6875,35,35
3,52,216,177,84.5,87.75,71.90625,50,50
3,34,31,151,55.25,12.59375,61.34375,134,138
3,31,216,134,50.375,87.75,54.4375,53,53
3,57,45,224,92.625,18.28125,91.0,24,24
3,43,184,146,69.875,74.75,59.3125,58,58
3,49,247,191,79.625,100.34375,77.59375,51,51
3,8,130,58,13.0,52.8125,23.5625,61,61
3,10,77,78,16.25,31.28125,31.6875,52,52
3,16,172,73,26.0,69.875,29.65625,69,69
3,42,60,172,68.25,24.375,69.875,46,46
3,58,154,226,94.25,62.5625,91.8125,11,11
3,24,230,116,39.0,93.4375,47.125,145,149
3,49,149,169,79.625,60.53125,68.65625,55,55
3,55,21,214,89.375,8.53125,86.9375,54,54
3,56,190,192,91.0,77.1875,78.0,9,150
3,51,188,204,82.875,76.375,82.875,45,45
3,44,41,173,71.5,16.65625,70.28125,34,124
3,31,176,112,50.375,71.5,45.5,64,64
3,46,101,195,74.75,41.03125,79.21875,57,57
3,23,64,141,37.375,26.0,57.28125,89,89
3,46,110,169,74.75,44.6875,68.65625,56,56
3,6,131,82,9.75,53.21875,33.3125,135,139
3,15,173,92,24.375,70.28125,37.375,68,68
3,27,191,122,43.875,77.59375,49.5625,83,83
3,24,81,150,39.0,32.90625,60.9375,81,81
3,13,117,74,21.125,47.53125,30.0625,63,63
3,29,148,128,47.125,60.125,52.0,123,125
3,39,222,166,63.375,90.1875,67.4375,71,71
3,57,216,191,92.625,87.75,77.59375,67,67
3,27,124,107,43.875,50.375,43.46875,73,73
3,9,207,59,14.625,84.09375,23.96875,75,75
3,51,130,211,82.875,52.8125,85.71875,76,76
3,58,167,202,94.25,67.84375,82.0625,9,151
3,10,162,66,16.25,65.8125,26.8125,77,77
3,34,178,145,55.25,72.3125,58.90625,80,80
3,12,32,114,19.5,13.0,46.3125,66,66
3,24,87,99,39.0,35.34375,40.21875,72,72
3,6,56,101,9.75,22.75,41.03125,137,141
3,53,95,221,86.125,38.59375,89.78125,136,140
3,41,111,182,66.625,45.09375,73.9375,86,86
3,16,107,109,26.0,43.46875,44.28125,70,70
3,9,80,111,14.625,32.5,45.09375,85,85
3,32,183,163,52.0,74.34375,66.21875,88,88
3,46,168,199,74.75,68.25,80.84375,97,97
3,36,207,149,58.5,84.09375,60.53125,96,96
3,48,151,198,78.0,61.34375,80.4375,82,82
3,55,151,249,89.375,61.34375,101.15625,104,104
3,27,122,135,43.875,49.5625,54.84375,91,91
3,27,233,142,43.875,94.65625,57.6875,124,126
3,22,164,121,35.75,66.625,49.15625,78,78
3,28,167,143,45.5,67.84375,58.09375,95,95
3,55,212,214,89.375,86.125,86.9375,146,152
3,24,42,157,39.0,17.0625,63.78125,102,102
3,42,146,185,68.25,59.3125,75.15625,138,142
3,13,93,66,21.125,37.78125,26.8125,147,153
3,14,149,104,22.75,60.53125,42.25,94,94
3,12,217,94,19.5,88.15625,38.1875,99,99
3,30,61,162,48.75,24.78125,65.8125,103,103
3,31,13,174,50.375,5.28125,70.6875,115,127
3,18,19,144,29.25,7.71875,58.5,101,101
3,54,171,219,87.75,69.46875,88.96875,128,131
3,18,67,119,29.25,27.21875,48.34375,105,105
3,50,53,229,81.25,21.53125,93.03125,125,128
3,24,134,164,39.0,54.4375,66.625,113,113
3,7,154,86,11.375,62.5625,34.9375,139,143
3,12,194,103,19.5,78.8125,41.84375,110,110
3,48,73,210,78.0,29.65625,85.3125,107,107
3,18,185,108,29.25,75.15625,43.875,109,109
3,6,70,131,9.75,28.4375,53.21875,141,145
3,7,233,82,11.375,94.65625,33.3125,129,132
3,41,69,205,66.625,28.03125,83.28125,148,154
3,28,207,167,45.5,84.09375,67.84375,131,134
3,7,162,120,11.375,65.8125,48.75,140,144
3,15,42,144,24.375,17.0625,58.5,112,112
3,7,205,104,11.375,83.28125,42.25,149,155
3,58,206,247,94.25,83.6875,100.34375,150,156
3,30,94,167,48.75,38.1875,67.84375,130,133
3,34,32,176,55.25,13.0,71.5,115,136
3,51,247,233,82.875,100.34375,94.65625,151,157
3,42,107,230,68.25,43.46875,93.4375,122,122
3,36,24,226,58.5,9.75,91.8125,118,118
3,15,241,101,24.375,97.90625,41.03125,116,116
3,50,22,229,81.25,8.9375,93.03125,143,147
3,35,151,199,56.875,61.34375,80.84375,114,114
3,38,146,168,61.75,59.3125,68.25,119,119
3,26,59,189,42.25,23.96875,76.78125,117,117
4,44,10,186,71.5,4.0625,75.5625,0,0
4,22,110,91,35.75,44.6875,36.96875,5,5
4,54,141,187,87.75,57.28125,75.96875,3,3
4,24,187,95,39.0,75.96875,38.59375,2,2
4,28,62,120,45.5,25.1875,48.75,10,10
4,13,15,95,21.125,6.09375,38.59375,4,4
4,17,145,83,27.625,58.90625,33.71875,7,7
4,40,100,150,65.0,40.625,60.9375,6,6
4,56,65,210,91.0,26.40625,85.3125,14,14
4,29,157,105,47.125,63.78125,42.65625,23,23
4,31,246,115,50.375,99.9375,46.71875,15,15
4,12,237,66,19.5,96.28125,26.8125,12,12
4,49,171,167,79.625,69.46875,67.84375,8,8
4,53,111,188,86.125,45.09375,76.375,1,1
4,38,52,147,61.75,21.125,59.71875,17,17
4,32,96,129,52.0,39.0,52.40625,13,13
4,23,54,105,37.375,21.9375,42.65625,25,25
4,26,7,133,42.25,2.84375,54.03125,152,158
4,46,218,155,74.75,88.5625,62.96875,22,22
4,24,29,118,39.0,11.78125,47.9375,41,41
4,6,103,66,9.75,41.84375,26.8125,144,148
4,13,40,91,21.125,16.25,36.96875,26,26
4,5,71,67,8.125,28.84375,27.21875,153,159
4,34,14,157,55.25,5.6875,63.78125,21,21
4,39,127,143,63.375,51.59375,58.09375,30,30
4,31,50,131,50.375,20.3125,53.21875,32,32
4,31,221,111,50.375,89.78125,45.09375,33,33
4,50,197,168,81.25,80.03125,68.25,16,16
4,56,194,193,91.0,78.8125,78.40625,9,150
4,48,16,203,78.0,6.5,82.46875,19,19
4,39,151,138,63.375,61.34375,56.0625,20,20
4,38,201,129,61.75,81.65625,52.40625,44,44
4,45,68,163,73.125,27.625,66.21875,37,37
4,8,166,55,13.0,67.4375,22.34375,133,137
4,39,229,131,63.375,93.03125,53.21875,31,31
4,5,224,55,8.125,91.0,22.34375,154,160
4,43,64,174,69.875,26.0,70.6875,46,46
4,46,28,182,74.75,11.375,73.9375,39,39
4,37,131,159,60.125,53.21875,64.59375,38,38
4,50,47,200,81.25,19.09375,81.25,34,123
4,38,80,147,61.75,32.5,59.71875,43,43
4,50,150,173,81.25,60.9375,70.28125,55,55
4,32,213,136,52.0,86.53125,55.25,53,53
4,16,199,73,26.0,80.84375,29.65625,42,42
4,44,185,150,71.5,75.15625,60.9375,58,58
4,25,83,150,40.625,33.71875,60.9375,81,81
4,54,247,188,87.75,100.34375,76.375,155,161
4,17,176,75,27.625,71.5,30.46875,69,69
4,19,231,81,30.875,93.84375,32.90625,27,27
4,56,26,218,91.0,10.5625,88.5625,54,54
4,53,220,182,86.125,89.375,73.9375,50,50
4,35,34,153,56.875,13.8125,62.15625,134,138
4,58,43,228,94.25,17.46875,92.625,24,24
4,45,47,179,73.125,19.09375,72.71875,34,124
4,47,116,175,76.375,47.125,71.09375,56,56
4,10,134,62,16.25,54.4375,25.1875,61,61
4,12,81,80,19.5,32.90625,32.5,52,52
4,32,175,114,52.0,71.09375,46.3125,64,64
4,25,65,144,40.625,26.40625,58.5,89,89
4,27,192,124,43.875,78.0,50.375,83,83
4,7,134,85,11.375,54.4375,34.53125,135,139
4,14,117,78,22.75,47.53125,31.6875,63,63
4,17,74,91,27.625,30.0625,36.96875,156,162
4,52,192,210,84.5,78.0,85.3125,45,45
4,25,234,122,40.625,95.0625,49.5625,145,149
4,35,225,167,56.875,91.40625,67.84375,71,163
4,29,126,113,47.125,51.1875,45.90625,73,73
4,12,6,130,19.5,2.4375,52.8125,157,164
4,30,150,137,48.75,60.9375,55.65625,123,125
4,41,224,171,66.625,91.0,69.46875,71,165
4,47,108,202,76.375,43.875,82.0625,57,57
4,14,34,117,22.75,13.8125,47.53125,66,66
4,11,212,63,17.875,86.125,25.59375,75,75
4,25,93,104,40.625,37.78125,42.25,72,72
4,23,165,125,37.375,67.03125,50.78125,78,78
4,54,93,223,87.75,37.78125,90.59375,136,140
4,36,177,150,58.5,71.90625,60.9375,80,80
4,16,175,99,26.0,71.09375,40.21875,68,68
4,7,58,103,11.375,23.5625,41.84375,137,141
4,10,84,114,16.25,34.125,46.3125,85,85
4,12,163,70,19.5,66.21875,28.4375,77,77
4,29,172,143,47.125,69.875,58.09375,95,95
4,16,107,111,26.0,43.46875,45.09375,70,70
4,52,133,219,84.5,54.03125,88.96875,76,76
4,34,193,167,55.25,78.40625,67.84375,88,88
4,43,116,186,69.875,47.125,75.5625,86,86
4,50,156,203,81.25,63.375,82.46875,82,82
4,43,150,190,69.875,60.9375,77.1875,138,142
4,57,217,218,92.625,88.15625,88.5625,146,152
4,27,127,139,43.875,51.59375,56.46875,91,91
4,37,210,154,60.125,85.3125,62.5625,96,96
4,19,21,144,30.875,8.53125,58.5,101,101
4,12,217,93,19.5,88.15625,37.78125,99,99
4,47,171,203,76.375,69.46875,82.46875,97,97
4,45,207,181,73.125,84.09375,73.53125,158,166
4,56,133,242,91.0,54.03125,98.3125,159,167
4,15,150,107,24.375,60.9375,43.46875,94,94
4,32,16,175,52.0,6.5,71.09375,115,127
4,24,138,166,39.0,56.0625,67.4375,113,113
4,37,75,183,60.125,30.46875,74.34375,160,168
4,18,64,122,29.25,26.0,49.5625,105,105
4,31,107,148,50.375,43.46875,60.125,161,169
4,26,43,161,42.25,17.46875,65.40625,102,170
4,25,35,160,40.625,14.21875,65.0,102,171
4,31,63,168,50.375,25.59375,68.25,103,103
4,51,48,239,82.875,19.5,97.09375,125,128
4,28,235,146,45.5,95.46875,59.3125,124,126
4,48,77,216,78.0,31.28125,87.75,107,107
4,19,188,120,30.875,76.375,48.75,109,109
4,56,178,224,91.0,72.3125,91.0,128,131
4,9,156,90,14.625,63.375,36.5625,139,143
4,43,66,209,69.875,26.8125,84.90625,148,154
4,16,40,149,26.0,16.25,60.53125,112,112
4,7,72,135,11.375,29.25,54.84375,141,145
4,10,178,124,16.25,72.3125,50.375,162,172
4,9,185,91,14.625,75.15625,36.96875,163,173
4,6,209,105,9.75,84.90625,42.65625,149,155
4,13,199,105,21.125,80.84375,42.65625,110,110
4,9,238,91,14.625,96.6875,36.96875,129,132
4,30,97,171,48.75,39.40625,69.46875,130,133
4,40,29,239,65.0,11.78125,97.09375,164,174
4,43,107,237,69.875,43.46875,96.28125,122,122
4,35,38,178,56.875,15.4375,72.3125,115,136
4,44,41,216,71.5,16.65625,87.75,165,175
4,52,250,238,84.5,101.5625,96.6875,151,157
4,20,214,113,32.5,86.9375,45.90625,166,176
4,37,165,202,60.125,67.03125,82.0625,114,114
4,38,149,171,61.75,60.53125,69.46875,119,119
4,16,243,108,26.0,98.71875,43.875,116,116
4,21,89,128,34.125,36.15625,52.0,167,177
4,50,20,236,81.25,8.125,95.875,143,147
4,27,63,194,43.875,25.59375,78.8125,117,117
5,45,11,189,73.125,4.46875,76.78125,0,0
5,27,193,99,43.875,78.40625,40.21875,2,2
5,58,67,217,94.25,27.21875,88.15625,14,14
5,29,163,104,47.125,66.21875,42.25,23,23
5,5,41,67,8.125,16.65625,27.21875,168,178
5,55,141,191,89.375,57.28125,77.59375,3,3
5,17,147,83,27.625,59.71875,33.71875,7,7
5,23,114,91,37.375,46.3125,36.96875,5,5
5,50,172,171,81.25,69.875,69.46875,8,8
5,42,101,154,68.25,41.03125,62.5625,6,6
5,14,18,95,22.75,7.3125,38.59375,4,4
5,39,51,150,63.375,20.71875,60.9375,17,17
5,54,111,190,87.75,45.09375,77.1875,1,1
5,13,238,65,21.125,96.6875,26.40625,12,12
5,29,63,120,47.125,25.59375,48.75,10,10
5,24,55,105,39.0,22.34375,42.65625,25,25
5,34,97,132,55.25,39.40625,53.625,13,13
5,58,197,198,94.25,80.03125,80.4375,9,150
5,25,31,118,40.625,12.59375,47.9375,41,41
5,7,107,65,11.375,43.46875,26.40625,144,148
5,47,220,157,76.375,89.375,63.78125,22,22
5,14,44,92,22.75,17.875,37.375,26,26
5,49,14,206,79.625,5.6875,83.6875,19,19
5,28,7,135,45.5,2.84375,54.84375,152,158
5,41,129,147,66.625,52.40625,59.71875,30,30
5,6,74,67,9.75,30.0625,27.21875,153,159
5,46,25,182,74.75,10.15625,73.9375,39,39
5,46,69,166,74.75,28.03125,67.4375,37,37
5,35,13,158,56.875,5.28125,64.1875,21,21
5,51,199,168,82.875,80.84375,68.25,16,16
5,40,232,131,65.0,94.25,53.21875,31,31
5,32,50,133,52.0,20.3125,54.03125,32,32
5,40,153,140,65.0,62.15625,56.875,20,20
5,38,128,160,61.75,52.0,65.0,38,38
5,9,175,57,14.625,71.09375,23.15625,133,137
5,52,47,203,84.5,19.09375,82.46875,34,123
5,6,223,55,9.75,90.59375,22.34375,154,160
5,39,206,132,63.375,83.6875,53.625,44,44
5,45,64,180,73.125,26.0,73.125,46,46
5,32,222,112,52.0,90.1875,45.5,33,33
5,33,219,138,53.625,88.96875,56.0625,53,53
5,39,80,150,63.375,32.5,60.9375,43,43
5,51,151,178,82.875,61.34375,72.3125,55,55
5,20,235,83,32.5,95.46875,33.71875,27,27
5,18,179,77,29.25,72.71875,31.28125,69,69
5,57,28,219,92.625,11.375,88.96875,54,54
5,18,203,74,29.25,82.46875,30.0625,42,42
5,11,139,62,17.875,56.46875,25.1875,61,61
5,45,187,153,73.125,75.96875,62.15625,58,58
5,54,221,185,87.75,89.78125,75.15625,50,50
5,19,77,92,30.875,31.28125,37.375,156,162
5,33,177,117,53.625,71.90625,47.53125,64,64
5,28,197,127,45.5,80.03125,51.59375,83,83
5,36,35,158,58.5,14.21875,64.1875,134,138
5,15,119,78,24.375,48.34375,31.6875,63,63
5,52,194,208,84.5,78.8125,84.5,45,45
5,46,46,181,74.75,18.6875,73.53125,34,124
5,14,36,116,22.75,14.625,47.125,66,66
5,7,138,86,11.375,56.0625,34.9375,135,139
5,13,83,82,21.125,33.71875,33.3125,52,52
5,25,235,122,40.625,95.46875,49.5625,145,149
5,54,96,229,87.75,39.0,93.03125,136,140
5,23,169,124,37.375,68.65625,50.375,78,78
5,11,214,64,17.875,86.9375,26.0,75,75
5,18,177,102,29.25,71.90625,41.4375,68,68
5,31,129,116,50.375,52.40625,47.125,73,73
5,49,109,206,79.625,44.28125,83.6875,57,57
5,50,157,206,81.25,63.78125,83.6875,82,82
5,37,182,151,60.125,73.9375,61.34375,80,80
5,41,228,172,66.625,92.625,69.875,71,165
5,44,114,190,71.5,46.3125,77.1875,86,86
5,35,193,168,56.875,78.40625,68.25,88,88
5,35,229,167,56.875,93.03125,67.84375,71,163
5,31,145,137,50.375,58.90625,55.65625,123,125
5,53,137,220,86.125,55.65625,89.375,76,76
5,29,174,144,47.125,70.6875,58.5,95,95
5,26,94,106,42.25,38.1875,43.0625,72,72
5,17,110,108,27.625,44.6875,43.875,70,70
5,13,9,131,21.125,3.65625,53.21875,157,164
5,11,87,111,17.875,35.34375,45.09375,85,85
5,26,62,146,42.25,25.1875,59.3125,89,89
5,9,60,104,14.625,24.375,42.25,137,141
5,23,85,146,37.375,34.53125,59.3125,81,81
5,13,165,73,21.125,67.03125,29.65625,77,77
5,44,152,190,71.5,61.75,77.1875,138,142
5,47,170,203,76.375,69.0625,82.46875,97,97
5,57,221,217,92.625,89.78125,88.15625,146,152
5,38,213,153,61.75,86.53125,62.15625,96,96
5,7,48,79,11.375,19.5,32.09375,169,179
5,13,219,91,21.125,88.96875,36.96875,99,99
5,5,199,78,8.125,80.84375,31.6875,170,180
5,56,135,244,91.0,54.84375,99.125,159,167
5,20,22,145,32.5,8.9375,58.90625,101,101
5,26,36,163,42.25,14.625,66.21875,102,171
5,28,122,138,45.5,49.5625,56.0625,91,91
5,6,94,98,9.75,38.1875,39.8125,171,181
5,32,16,174,52.0,6.5,70.6875,115,127
5,16,151,109,26.0,61.34375,44.28125,94,94
5,44,66,214,71.5,26.8125,86.9375,148,154
5,57,182,227,92.625,73.9375,92.21875,128,131
5,46,209,182,74.75,84.90625,73.9375,158,166
5,16,41,144,26.0,16.65625,58.5,112,112
5,19,66,122,30.875,26.8125,49.5625,105,105
5,5,119,99,8.125,48.34375,40.21875,172,182
5,23,125,118,37.375,50.78125,47.9375,173,183
5,23,140,162,37.375,56.875,65.8125,113,113
5,9,161,94,14.625,65.40625,38.1875,139,143
5,48,76,222,78.0,30.875,90.1875,107,107
5,29,238,145,47.125,96.6875,58.90625,124,126
5,31,62,169,50.375,25.1875,68.65625,103,103
5,11,239,94,17.875,97.09375,38.1875,129,132
5,33,108,157,53.625,43.875,63.78125,161,169
5,10,188,93,16.25,76.375,37.78125,163,173
5,52,48,242,84.5,19.5,98.3125,125,128
5,15,200,103,24.375,81.25,41.84375,110,110
5,52,231,198,84.5,93.84375,80.4375,174,184
5,13,186,128,21.125,75.5625,52.0,162,172
5,9,74,138,14.625,30.0625,56.0625,141,145
5,41,28,246,66.625,11.375,99.9375,164,174
5,45,40,218,73.125,16.25,88.5625,165,175
5,38,157,204,61.75,63.78125,82.875,114,114
5,36,43,179,58.5,17.46875,72.71875,115,136
5,29,89,172,47.125,36.15625,69.875,130,133
5,22,90,125,35.75,36.5625,50.78125,167,177
5,44,111,239,71.5,45.09375,97.09375,122,122
5,21,218,113,34.125,88.5625,45.90625,166,176
5,39,148,170,63.375,60.125,69.0625,119,119
5,17,248,106,27.625,100.75,43.0625,116,116
5,28,65,195,45.5,26.40625,79.21875,117,117
6,46,16,191,74.75,6.5,77.59375,0,0
6,28,196,97,45.5,79.625,39.40625,2,2
6,19,154,82,30.875,62.5625,33.3125,7,7
6,6,49,67,9.75,19.90625,27.21875,168,178
6,56,145,189,91.0,58.90625,76.78125,3,3
6,44,109,156,71.5,44.28125,63.375,6,6
6,31,169,105,50.375,68.65625,42.65625,23,23
6,24,118,91,39.0,47.9375,36.96875,5,5
6,55,116,193,89.375,47.125,78.40625,1,1
6,6,21,81,9.75,8.53125,32.90625,175,185
6,14,242,63,22.75,98.3125,25.59375,12,12
6,51,179,172,82.875,72.71875,69.875,8,8
6,15,23,95,24.375,9.34375,38.59375,4,4
6,40,58,150,65.0,23.5625,60.9375,17,17
6,46,27,179,74.75,10.96875,72.71875,39,39
6,25,62,104,40.625,25.1875,42.25,25,25
6,47,227,154,76.375,92.21875,62.5625,22,22
6,16,50,90,26.0,20.3125,36.5625,26,26
6,35,104,131,56.875,42.25,53.21875,13,13
6,26,37,117,42.25,15.03125,47.53125,41,41
6,41,156,139,66.625,63.375,56.46875,20,20
6,43,136,148,69.875,55.25,60.125,30,30
6,29,14,134,47.125,5.6875,54.4375,152,158
6,9,113,65,14.625,45.90625,26.40625,144,148
6,31,70,119,50.375,28.4375,48.34375,10,10
6,34,55,133,55.25,22.34375,54.03125,32,32
6,7,81,66,11.375,32.90625,26.8125,153,159
6,35,16,155,56.875,6.5,62.96875,21,21
6,46,68,180,74.75,27.625,73.125,46,46
6,41,234,130,66.625,95.0625,52.8125,31,31
6,50,24,208,81.25,9.75,84.5,19,19
6,40,87,150,65.0,35.34375,60.9375,43,43
6,46,76,167,74.75,30.875,67.84375,37,37
6,51,204,167,82.875,82.875,67.84375,16,16
6,39,132,161,63.375,53.625,65.40625,38,38
6,53,54,205,86.125,21.9375,83.28125,34,123
6,40,211,130,65.0,85.71875,52.8125,44,44
6,19,206,74,30.875,83.6875,30.0625,42,42
6,11,182,56,17.875,73.9375,22.75,133,137
6,7,230,55,11.375,93.4375,22.34375,154,160
6,34,224,139,55.25,91.0,56.46875,53,53
6,33,226,111,53.625,91.8125,45.09375,33,33
6,19,183,76,30.875,74.34375,30.875,69,69
6,52,156,176,84.5,63.375,71.5,55,55
6,57,39,218,92.625,15.84375,88.5625,54,54
6,20,82,90,32.5,33.3125,36.5625,156,162
6,22,241,83,35.75,97.90625,33.71875,27,27
6,12,146,60,19.5,59.3125,24.375,61,61
6,47,49,182,76.375,19.90625,73.9375,34,124
6,35,181,118,56.875,73.53125,47.9375,64,64
6,45,192,151,73.125,78.0,61.34375,58,58
6,54,228,182,87.75,92.625,73.9375,50,50
6,37,36,156,60.125,14.625,63.375,134,138
6,29,200,128,47.125,81.25,52.0,83,83
6,16,41,117,26.0,16.65625,47.53125,66,66
6,19,179,103,30.875,72.71875,41.84375,68,68
6,24,170,124,39.0,69.0625,50.375,78,78
6,16,126,76,26.0,51.1875,30.875,63,63
6,55,103,228,89.375,41.84375,92.625,136,140
6,13,216,60,21.125,87.75,24.375,75,75
6,37,189,148,60.125,76.78125,60.125,80,80
6,32,135,115,52.0,54.84375,46.71875,73,73
6,6,203,48,9.75,82.46875,19.5,176,186
6,18,115,106,29.25,46.71875,43.0625,70,70
6,7,143,84,11.375,58.09375,34.125,135,139
6,42,233,170,68.25,94.65625,69.0625,71,165
6,29,101,109,47.125,41.03125,44.28125,72,72
6,27,239,121,43.875,97.09375,49.15625,145,149
6,31,149,138,50.375,60.53125,56.0625,123,125
6,9,69,102,14.625,28.03125,41.4375,137,141
6,51,162,204,82.875,65.8125,82.875,82,82
6,12,93,109,19.5,37.78125,44.28125,85,85
6,15,172,71,24.375,69.875,28.84375,77,77
6,26,64,140,42.25,26.0,56.875,89,89
6,30,175,146,48.75,71.09375,59.3125,95,95
6,14,9,129,22.75,3.65625,52.40625,157,164
6,29,124,139,47.125,50.375,56.46875,91,91
6,44,156,193,71.5,63.375,78.40625,138,142
6,27,43,160,43.875,17.46875,65.0,102,171
6,22,93,145,35.75,37.78125,58.90625,81,81
6,54,147,220,87.75,59.71875,89.375,76,76
6,22,26,141,35.75,10.5625,57.28125,101,101
6,6,100,98,9.75,40.625,39.8125,171,181
6,39,217,152,63.375,88.15625,61.75,96,96
6,17,156,107,27.625,63.375,43.46875,94,94
6,15,226,88,24.375,91.8125,35.75,99,99
6,6,210,76,9.75,85.3125,30.875,170,180
6,32,20,174,52.0,8.125,70.6875,115,127
6,48,176,202,78.0,71.5,82.0625,97,97
6,35,200,164,56.875,81.25,66.625,88,88
6,58,187,226,94.25,75.96875,91.8125,128,131
6,46,208,180,74.75,84.5,73.125,158,166
6,57,227,217,92.625,92.21875,88.15625,146,152
6,16,40,143,26.0,16.25,58.09375,112,112
6,34,113,155,55.25,45.90625,62.96875,161,169
6,5,124,100,8.125,50.375,40.625,172,182
6,31,61,166,50.375,24.78125,67.4375,103,103
6,20,73,119,32.5,29.65625,48.34375,105,105
6,43,72,216,69.875,29.25,87.75,148,154
6,23,128,117,37.375,52.0,47.53125,173,183
6,11,168,91,17.875,68.25,36.96875,139,143
6,30,244,145,48.75,99.125,58.90625,124,126
6,14,189,127,22.75,76.78125,51.59375,162,172
6,11,196,87,17.875,79.625,35.34375,163,173
6,53,57,248,86.125,23.15625,100.75,125,128
6,49,81,221,79.625,32.90625,89.78125,107,107
6,24,143,162,39.0,58.09375,65.8125,113,113
6,12,244,91,19.5,99.125,36.96875,129,132
6,21,202,121,34.125,82.0625,49.15625,177,187
6,16,203,96,26.0,82.46875,39.0,110,110
6,5,230,81,8.125,93.4375,32.90625,178,188
6,31,220,173,50.375,89.375,70.28125,179,189
6,46,43,215,74.75,17.46875,87.34375,165,175
6,10,81,134,16.25,32.90625,54.4375,141,145
6,42,35,247,68.25,14.21875,100.34375,164,174
6,22,93,124,35.75,37.78125,50.375,167,177
6,40,167,209,65.0,67.84375,84.90625,114,114
6,29,91,169,47.125,36.96875,68.65625,130,133
6,37,46,179,60.125,18.6875,72.71875,115,136
6,46,116,241,74.75,47.125,97.90625,122,122
6,21,223,111,34.125,90.59375,45.09375,166,176
6,40,151,171,65.0,61.34375,69.46875,119,119
6,29,69,193,47.125,28.03125,78.40625,117,117
7,48,17,195,78.0,6.90625,79.21875,0,0
7,29,200,98,47.125,81.25,39.8125,2,2
7,56,144,190,91.0,58.5,77.1875,3,3
7,56,117,194,91.0,47.53125,78.8125,1,1
7,20,156,85,32.5,63.375,34.53125,7,7
7,15,243,64,24.375,98.71875,26.0,12,12
7,24,120,92,39.0,48.75,37.375,5,5
7,45,111,160,73.125,45.09375,65.0,6,6
7,42,59,154,68.25,23.96875,62.5625,17,17
7,7,50,68,11.375,20.3125,27.625,168,178
7,16,25,97,26.0,10.15625,39.40625,4,4
7,52,181,175,84.5,73.53125,71.09375,8,8
7,32,172,108,52.0,69.875,43.875,23,23
7,32,74,123,52.0,30.0625,49.96875,10,10
7,36,107,133,58.5,43.46875,54.03125,13,13
7,8,24,84,13.0,9.75,34.125,175,185
7,48,231,155,78.0,93.84375,62.96875,22,22
7,26,5,132,42.25,2.03125,53.625,152,190
7,26,64,107,42.25,26.0,43.46875,25,25
7,8,86,69,13.0,34.9375,28.03125,153,159
7,30,15,137,48.75,6.09375,55.65625,152,191
7,47,27,182,76.375,10.96875,73.9375,39,39
7,17,52,93,27.625,21.125,37.78125,26,26
7,11,115,69,17.875,46.71875,28.03125,144,148
7,41,237,130,66.625,96.28125,52.8125,31,31
7,43,135,149,69.875,54.84375,60.53125,30,30
7,28,39,122,45.5,15.84375,49.5625,41,41
7,48,77,170,78.0,31.28125,69.0625,37,37
7,6,5,69,9.75,2.03125,28.03125,180,192
7,36,57,137,58.5,23.15625,55.65625,32,32
7,42,158,141,68.25,64.1875,57.28125,20,20
7,51,206,167,82.875,83.6875,67.84375,16,16
7,54,54,206,87.75,21.9375,83.6875,34,123
7,47,71,182,76.375,28.84375,73.9375,46,46
7,42,89,155,68.25,36.15625,62.96875,43,43
7,51,28,208,82.875,11.375,84.5,19,19
7,41,137,161,66.625,55.65625,65.40625,38,38
7,37,18,159,60.125,7.3125,64.59375,21,21
7,21,210,77,34.125,85.3125,31.28125,42,42
7,41,216,133,66.625,87.75,54.03125,44,44
7,58,39,218,94.25,15.84375,88.5625,54,54
7,21,187,80,34.125,75.96875,32.5,69,69
7,53,157,177,86.125,63.78125,71.90625,55,55
7,35,224,140,56.875,91.0,56.875,53,53
7,12,186,58,19.5,75.5625,23.5625,133,137
7,38,5,195,61.75,2.03125,79.21875,181,193
7,34,229,113,55.25,93.03125,45.90625,33,33
7,36,185,120,58.5,75.15625,48.75,64,64
7,46,198,152,74.75,80.4375,61.75,58,58
7,23,242,85,37.375,98.3125,34.53125,27,27
7,6,161,54,9.75,65.40625,21.9375,182,194
7,21,83,93,34.125,33.71875,37.78125,156,162
7,54,206,210,87.75,83.6875,85.3125,183,195
7,15,150,66,24.375,60.9375,26.8125,61,61
7,55,230,183,89.375,93.4375,74.34375,50,50
7,48,53,187,78.0,21.53125,75.96875,34,124
7,42,233,174,68.25,94.65625,70.6875,71,165
7,16,41,118,26.0,16.65625,47.9375,66,66
7,30,199,127,48.75,80.84375,51.59375,83,83
7,20,183,107,32.5,74.34375,43.46875,68,68
7,17,129,78,27.625,52.40625,31.6875,63,63
7,15,218,65,24.375,88.5625,26.40625,75,75
7,33,141,117,53.625,57.28125,47.53125,73,73
7,52,165,206,84.5,67.03125,83.6875,82,82
7,25,174,129,40.625,70.6875,52.40625,78,78
7,55,151,221,89.375,61.34375,89.78125,76,76
7,19,119,110,30.875,48.34375,44.6875,70,70
7,55,108,229,89.375,43.875,93.03125,136,140
7,9,146,87,14.625,59.3125,35.34375,135,139
7,30,104,112,48.75,42.25,45.5,72,72
7,27,241,126,43.875,97.90625,51.1875,145,149
7,32,151,140,52.0,61.34375,56.875,123,125
7,8,206,50,13.0,83.6875,20.3125,176,186
7,16,175,74,26.0,71.09375,30.0625,77,77
7,26,67,140,42.25,27.21875,56.875,89,89
7,37,190,150,60.125,77.1875,60.9375,80,80
7,11,72,105,17.875,29.25,42.65625,137,141
7,35,200,168,56.875,81.25,68.25,88,88
7,30,174,144,48.75,70.6875,58.5,95,95
7,45,163,196,73.125,66.21875,79.625,138,142
7,5,172,78,8.125,69.875,31.6875,184,196
7,17,232,93,27.625,94.25,37.78125,99,99
7,28,45,161,45.5,18.28125,65.40625,102,171
7,40,220,152,65.0,89.375,61.75,96,96
7,31,128,141,50.375,52.0,57.28125,91,91
7,14,97,114,22.75,39.40625,46.3125,85,85
7,8,103,104,13.0,41.84375,42.25,171,181
7,18,159,109,29.25,64.59375,44.28125,94,94
7,58,229,218,94.25,93.03125,88.5625,146,152
7,47,211,183,76.375,85.71875,74.34375,158,166
7,17,43,145,27.625,17.46875,58.90625,112,112
7,7,211,77,11.375,85.71875,31.28125,170,180
7,32,22,174,52.0,8.9375,70.6875,115,127
7,49,179,208,79.625,72.71875,84.5,97,97
7,32,64,167,52.0,26.0,67.84375,103,103
7,31,246,146,50.375,99.9375,59.3125,124,126
7,22,30,143,35.75,12.1875,58.09375,101,101
7,35,113,155,56.875,45.90625,62.96875,161,169
7,50,86,220,81.25,34.9375,89.375,107,107
7,19,70,121,30.875,28.4375,49.15625,105,105
7,17,206,103,27.625,83.6875,41.84375,110,110
7,24,130,119,39.0,52.8125,48.34375,173,183
7,7,127,100,11.375,51.59375,40.625,172,182
7,24,97,152,39.0,39.40625,61.75,81,81
7,22,200,125,35.75,81.25,50.78125,177,187
7,12,172,91,19.5,69.875,36.96875,139,143
7,13,200,88,21.125,81.25,35.75,163,173
7,54,56,250,87.75,22.75,101.5625,125,128
7,11,82,137,17.875,33.3125,55.65625,141,145
7,41,166,212,66.625,67.4375,86.125,114,114
7,7,234,88,11.375,95.0625,35.75,178,188
7,46,52,215,74.75,21.125,87.34375,165,175
7,25,145,162,40.625,58.90625,65.8125,113,113
7,38,48,181,61.75,19.5,73.53125,115,136
7,31,92,167,50.375,37.375,67.84375,130,133
7,43,31,248,69.875,12.59375,100.75,164,174
7,47,118,243,76.375,47.9375,98.71875,122,122
7,23,94,127,37.375,38.1875,51.59375,167,177
7,22,223,111,35.75,90.59375,45.09375,166,176
7,30,69,194,48.75,28.03125,78.8125,117,117
7,41,184,179,66.625,74.75,72.71875,185,197
8,50,21,200,81.25,8.53125,81.25,0,0
8,30,201,101,48.75,81.65625,41.03125,2,2
8,57,146,194,92.625,59.3125,78.8125,3,3
8,21,161,90,34.125,65.40625,36.5625,7,7
8,57,120,199,92.625,48.75,80.84375,1,1
8,17,5,119,27.625,2.03125,48.34375,186,198
8,46,114,165,74.75,46.3125,67.03125,6,6
8,15,245,65,24.375,99.53125,26.40625,12,12
8,33,174,112,53.625,70.6875,45.5,23,23
8,7,54,71,11.375,21.9375,28.84375,168,178
8,31,16,141,50.375,6.5,57.28125,152,191
8,43,64,158,69.875,26.0,64.1875,17,17
8,16,28,99,26.0,11.375,40.21875,4,4
8,37,108,138,60.125,43.875,56.0625,13,13
8,25,120,99,40.625,48.75,40.21875,5,5
8,17,7,101,27.625,2.84375,41.03125,187,199
8,27,6,138,43.875,2.4375,56.0625,152,190
8,53,184,180,86.125,74.75,73.125,8,8
8,9,27,87,14.625,10.96875,35.34375,175,185
8,36,58,141,58.5,23.5625,57.28125,32,32
8,44,137,153,71.5,55.65625,62.15625,30,30
8,33,77,126,53.625,31.28125,51.1875,10,10
8,17,53,93,27.625,21.53125,37.78125,26,26
8,9,88,72,14.625,35.75,29.25,153,159
8,26,67,111,42.25,27.21875,45.09375,25,25
8,49,236,160,79.625,95.875,65.0,22,22
8,48,31,187,78.0,12.59375,75.96875,39,39
8,12,121,73,19.5,49.15625,29.65625,144,148
8,42,241,132,68.25,97.90625,53.625,31,31
8,49,85,175,79.625,34.53125,71.09375,37,37
8,55,58,210,89.375,23.5625,85.3125,34,123
8,6,141,56,9.75,57.28125,22.75,188,200
8,43,159,145,69.875,64.59375,58.90625,20,20
8,29,42,128,47.125,17.0625,52.0,41,41
8,52,207,171,84.5,84.09375,69.46875,16,16
8,9,237,57,14.625,96.28125,23.15625,189,201
8,21,189,81,34.125,76.78125,32.90625,69,69
8,43,220,138,69.875,89.375,56.0625,44,44
8,35,228,143,56.875,92.625,58.09375,53,53
8,48,75,185,78.0,30.46875,75.15625,46,46
8,7,11,72,11.375,4.46875,29.25,180,192
8,22,213,81,35.75,86.53125,32.90625,42,42
8,35,231,116,56.875,93.84375,47.125,33,33
8,41,141,167,66.625,57.28125,67.84375,38,38
8,13,192,60,21.125,78.0,24.375,133,137
8,43,93,160,69.875,37.78125,65.0,43,43
8,52,29,214,84.5,11.78125,86.9375,19,19
8,38,20,168,61.75,8.125,68.25,21,21
8,43,32,167,69.875,13.0,67.84375,190,202
8,24,245,89,39.0,99.53125,36.15625,27,27
8,47,200,155,76.375,81.25,62.96875,58,58
8,54,161,183,87.75,65.40625,74.34375,55,55
8,37,188,124,60.125,76.375,50.375,64,64
8,16,155,70,26.0,62.96875,28.4375,61,61
8,6,164,56,9.75,66.625,22.75,182,194
8,55,232,185,89.375,94.25,75.15625,50,50
8,39,8,201,63.375,3.25,81.65625,181,193
8,53,128,186,86.125,52.0,75.5625,191,203
8,22,89,96,35.75,36.15625,39.0,156,162
8,49,57,191,79.625,23.15625,77.59375,34,124
8,43,235,177,69.875,95.46875,71.90625,71,165
8,16,92,88,26.0,37.375,35.75,192,204
8,30,204,130,48.75,82.875,52.8125,83,83
8,55,204,217,89.375,82.875,88.15625,183,195
8,56,155,227,91.0,62.96875,92.21875,76,76
8,8,210,50,13.0,85.3125,20.3125,176,186
8,34,143,120,55.25,58.09375,48.75,73,73
8,17,43,123,27.625,17.46875,49.96875,66,66
8,10,149,93,16.25,60.53125,37.78125,135,139
8,15,221,66,24.375,89.78125,26.8125,75,75
8,35,204,166,56.875,82.875,67.4375,88,88
8,56,110,233,91.0,44.6875,94.65625,136,140
8,21,190,108,34.125,77.1875,43.875,68,68
8,31,107,117,50.375,43.46875,47.53125,72,72
8,16,11,132,26.0,4.46875,53.625,193,205
8,18,135,83,29.25,54.84375,33.71875,63,63
8,28,244,127,45.5,99.125,51.59375,145,149
8,5,73,104,8.125,29.65625,42.25,194,206
8,32,153,141,52.0,62.15625,57.28125,123,125
8,26,179,127,42.25,72.71875,51.59375,78,78
8,54,171,210,87.75,69.46875,85.3125,82,82
8,46,131,193,74.75,53.21875,78.40625,195,207
8,30,175,147,48.75,71.09375,59.71875,95,95
8,6,174,81,9.75,70.6875,32.90625,184,196
8,30,51,163,48.75,20.71875,66.21875,102,171
8,41,221,156,66.625,89.78125,63.375,96,96
8,5,41,98,8.125,16.65625,39.8125,196,208
8,20,118,115,32.5,47.9375,46.71875,70,70
8,37,191,153,60.125,77.59375,62.15625,80,80
8,46,164,196,74.75,66.625,79.625,138,142
8,12,76,109,19.5,30.875,44.28125,137,141
8,32,132,147,52.0,53.625,59.71875,91,91
8,27,74,147,43.875,30.0625,59.71875,89,89
8,49,206,205,79.625,83.6875,83.28125,197,209
8,24,33,146,39.0,13.40625,59.3125,101,101
8,15,99,119,24.375,40.21875,48.34375,85,85
8,8,212,80,13.0,86.125,32.5,170,180
8,8,105,111,13.0,42.65625,45.09375,171,181
8,19,165,115,30.875,67.03125,46.71875,94,94
8,32,247,149,52.0,100.34375,60.53125,124,126
8,36,115,155,58.5,46.71875,62.96875,161,169
8,8,128,105,13.0,52.0,42.65625,172,182
8,13,200,91,21.125,81.25,36.96875,163,173
8,48,215,189,78.0,87.34375,76.78125,158,210
8,34,70,170,55.25,28.4375,69.0625,103,103
8,48,222,188,78.0,90.1875,76.375,158,211
8,21,77,124,34.125,31.28125,50.375,105,105
8,17,209,102,27.625,84.90625,41.4375,110,110
8,51,91,223,82.875,36.96875,90.59375,107,107
8,19,47,150,30.875,19.09375,60.9375,112,112
8,25,100,161,40.625,40.625,65.40625,81,212
8,24,132,123,39.0,53.625,49.96875,173,183
8,26,97,151,42.25,39.40625,61.34375,81,213
8,8,239,89,13.0,97.09375,36.15625,178,188
8,12,174,96,19.5,70.6875,39.0,139,143
8,9,76,139,14.625,30.875,56.46875,141,145
8,46,55,213,74.75,22.34375,86.53125,165,175
8,39,51,183,63.375,20.71875,74.34375,115,136
8,33,98,171,53.625,39.8125,69.46875,130,133
8,42,169,218,68.25,68.65625,88.5625,114,114
8,26,155,169,42.25,62.96875,68.65625,113,113
8,23,226,114,37.375,91.8125,46.3125,166,176
8,25,100,132,40.625,40.625,53.625,167,177
8,25,5,199,40.625,2.03125,80.84375,198,214
8,29,70,196,47.125,28.4375,79.625,117,117
8,46,117,241,74.75,47.53125,97.90625,122,122
8,42,157,178,68.25,63.78125,72.3125,199,215
8,42,184,177,68.25,74.75,71.90625,185,197
9,50,25,205,81.25,10.15625,83.28125,0,0
9,31,203,102,50.375,82.46875,41.4375,2,2
9,58,148,194,94.25,60.125,78.8125,3,3
9,23,166,93,37.375,67.4375,37.78125,7,7
9,58,125,201,94.25,50.78125,81.65625,1,1
9,33,75,130,53.625,30.46875,52.8125,10,10
9,46,117,164,74.75,47.53125,66.625,6,6
9,18,7,121,29.25,2.84375,49.15625,186,198
9,34,179,114,55.25,72.71875,46.3125,23,23
9,16,250,67,26.0,101.5625,27.21875,12,12
9,28,9,141,45.5,3.65625,57.28125,152,190
9,26,124,100,42.25,50.375,40.625,5,5
9,44,67,160,71.5,27.21875,65.0,17,17
9,17,31,101,27.625,12.59375,41.03125,4,4
9,37,111,136,60.125,45.09375,55.25,13,13
9,10,33,87,16.25,13.40625,35.34375,175,185
9,19,10,105,30.875,4.0625,42.65625,187,199
9,54,186,183,87.75,75.5625,74.34375,8,8
9,32,18,141,52.0,7.3125,57.28125,152,191
9,18,55,94,29.25,22.34375,38.1875,26,26
9,10,95,73,16.25,38.59375,29.65625,153,159
9,44,139,153,71.5,56.46875,62.15625,30,30
9,38,61,145,61.75,24.78125,58.90625,32,32
9,9,59,72,14.625,23.96875,29.25,168,178
9,55,58,212,89.375,23.5625,86.125,34,123
9,28,71,113,45.5,28.84375,45.90625,25,25
9,47,30,189,76.375,12.1875,76.78125,39,39
9,14,124,77,22.75,50.375,31.28125,144,148
9,44,164,146,71.5,66.625,59.3125,20,20
9,50,238,161,81.25,96.6875,65.40625,22,22
9,10,241,58,16.25,97.90625,23.5625,189,201
9,51,85,178,82.875,34.53125,72.3125,37,37
9,44,224,141,71.5,91.0,57.28125,44,44
9,30,45,128,48.75,18.28125,52.0,41,41
9,42,243,133,68.25,98.71875,54.03125,31,31
9,8,144,58,13.0,58.5,23.5625,188,200
9,22,192,80,35.75,78.0,32.5,69,69
9,14,196,60,22.75,79.625,24.375,133,137
9,23,216,83,37.375,87.75,33.71875,42,42
9,52,207,172,84.5,84.09375,69.875,16,16
9,44,36,171,71.5,14.625,69.46875,190,202
9,5,114,62,8.125,46.3125,25.1875,200,216
9,42,145,168,68.25,58.90625,68.25,38,38
9,18,158,72,29.25,64.1875,29.25,61,61
9,38,22,164,61.75,8.9375,66.625,21,21
9,49,76,187,79.625,30.875,75.96875,46,46
9,36,233,146,58.5,94.65625,59.3125,53,53
9,18,96,90,29.25,39.0,36.5625,192,204
9,35,231,114,56.875,93.84375,46.3125,33,33
9,55,163,182,89.375,66.21875,73.9375,55,55
9,48,199,157,78.0,80.84375,63.78125,58,58
9,25,250,90,40.625,101.5625,36.5625,27,27
9,38,190,128,61.75,77.1875,52.0,64,64
9,43,95,159,69.875,38.59375,64.59375,43,43
9,8,169,57,13.0,68.65625,23.15625,182,194
9,52,29,219,84.5,11.78125,88.96875,19,19
9,9,210,51,14.625,85.3125,20.71875,176,186
9,31,208,129,50.375,84.5,52.40625,83,83
9,57,233,190,92.625,94.65625,77.1875,50,50
9,55,210,219,89.375,85.3125,88.96875,183,195
9,11,155,94,17.875,62.96875,38.1875,135,139
9,27,185,133,43.875,75.15625,54.03125,78,78
9,57,160,230,92.625,65.0,93.4375,76,76
9,50,60,194,81.25,24.375,78.8125,34,124
9,19,137,83,30.875,55.65625,33.71875,63,63
9,39,12,200,63.375,4.875,81.25,181,193
9,8,13,75,13.0,5.28125,30.46875,180,192
9,17,225,68,27.625,91.40625,27.625,75,75
9,32,109,117,52.0,44.28125,47.53125,72,72
9,44,240,177,71.5,97.5,71.90625,71,165
9,46,130,191,74.75,52.8125,77.59375,195,207
9,13,79,109,21.125,32.09375,44.28125,137,141
9,18,47,126,29.25,19.09375,51.1875,66,66
9,17,14,138,27.625,5.6875,56.0625,193,205
9,39,198,155,63.375,80.4375,62.96875,80,80
9,37,210,173,60.125,85.3125,70.28125,88,88
9,25,7,164,40.625,2.84375,66.625,201,217
9,21,123,114,34.125,49.96875,46.3125,70,70
9,8,180,80,13.0,73.125,32.5,184,196
9,54,175,213,87.75,71.09375,86.53125,82,82
9,34,143,117,55.25,58.09375,47.53125,73,73
9,22,192,111,35.75,78.0,45.09375,68,68
9,19,239,98,30.875,97.09375,39.8125,202,218
9,5,82,104,8.125,33.3125,42.25,194,206
9,5,145,81,8.125,58.90625,32.90625,203,219
9,30,53,165,48.75,21.53125,67.03125,102,171
9,8,41,104,13.0,16.65625,42.25,196,208
9,27,77,148,43.875,31.28125,60.125,89,89
9,32,159,138,52.0,64.59375,56.0625,123,125
9,10,109,108,16.25,44.28125,43.875,171,181
9,32,134,144,52.0,54.4375,58.5,91,91
9,25,35,152,40.625,14.21875,61.75,101,101
9,9,222,80,14.625,90.1875,32.5,170,180
9,48,168,195,78.0,68.25,79.21875,138,142
9,49,225,190,79.625,91.40625,77.1875,158,211
9,31,181,153,50.375,73.53125,62.15625,95,95
9,34,25,181,55.25,10.15625,73.53125,204,220
9,9,132,102,14.625,53.625,41.4375,172,182
9,20,168,117,32.5,68.25,47.53125,94,94
9,16,101,118,26.0,41.03125,47.9375,85,85
9,50,208,206,81.25,84.5,83.6875,197,209
9,19,214,107,30.875,86.9375,43.46875,110,110
9,34,78,168,55.25,31.6875,68.25,103,103
9,15,204,92,24.375,82.875,37.375,163,173
9,36,116,155,58.5,47.125,62.96875,161,169
9,32,250,147,52.0,101.5625,59.71875,124,126
9,41,88,185,66.625,35.75,75.15625,205,221
9,5,28,112,8.125,11.375,45.5,206,222
9,9,242,89,14.625,98.3125,36.15625,178,188
9,55,63,250,89.375,25.59375,101.5625,207,223
9,17,215,131,27.625,87.34375,53.21875,208,224
9,20,52,155,32.5,21.125,62.96875,112,112
9,25,102,162,40.625,41.4375,65.8125,81,212
9,14,178,98,22.75,72.3125,39.8125,139,143
9,25,134,124,40.625,54.4375,50.375,173,183
9,46,118,237,74.75,47.9375,96.28125,122,122
9,46,57,214,74.75,23.15625,86.9375,165,175
9,10,79,140,16.25,32.09375,56.875,141,145
9,47,86,213,76.375,34.9375,86.53125,209,225
9,26,160,168,42.25,65.0,68.25,113,113
9,39,54,182,63.375,21.9375,73.9375,115,136
9,26,8,201,42.25,3.25,81.65625,198,214
9,33,105,168,53.625,42.65625,68.25,130,133
9,41,168,218,66.625,68.25,88.5625,114,114
9,24,230,117,39.0,93.4375,47.53125,166,176
9,25,104,133,40.625,42.25,54.03125,167,177
9,30,68,197,48.75,27.625,80.03125,117,117
9,43,187,178,69.875,75.96875,72.3125,185,197
9,42,164,180,68.25,66.625,73.125,199,215
9,29,19,119,47.125,7.71875,48.34375,210,226
10,52,22,204,84.5,8.9375,82.875,0,0
10,32,199,103,52.0,80.84375,41.84375,2,2
10,58,148,195,94.25,60.125,79.21875,3,3
10,24,162,93,39.0,65.8125,37.78125,7,7
10,34,70,131,55.25,28.4375,53.21875,10,10
10,20,5,123,32.5,2.03125,49.96875,186,198
10,45,134,154,73.125,54.4375,62.5625,30,30
10,47,116,165,76.375,47.125,67.03125,6,6
10,56,186,187,91.0,75.5625,75.96875,8,8
10,35,177,114,56.875,71.90625,46.3125,23,23
10,17,247,69,27.625,100.34375,28.03125,12,12
10,27,120,99,43.875,48.75,40.21875,5,5
10,13,92,76,21.125,37.375,30.875,153,159
10,19,27,101,30.875,10.96875,41.03125,4,4
10,39,107,138,63.375,43.46875,56.0625,13,13
10,20,53,96,32.5,21.53125,39.0,26,26
10,29,69,113,47.125,28.03125,45.90625,25,25
10,51,84,178,82.875,34.125,72.3125,37,37
10,45,62,160,73.125,25.1875,65.0,17,17
10,32,14,142,52.0,5.6875,57.6875,152,191
10,11,30,85,17.875,12.1875,34.53125,175,185
10,46,161,149,74.75,65.40625,60.53125,20,20
10,11,55,72,17.875,22.34375,29.25,168,178
10,57,56,214,92.625,22.75,86.9375,34,123
10,39,56,146,63.375,22.75,59.3125,32,32
10,45,34,173,73.125,13.8125,70.28125,190,202
10,15,193,60,24.375,78.40625,24.375,133,137
10,15,119,77,24.375,48.34375,31.28125,144,148
10,23,190,81,37.375,77.1875,32.90625,69,69
10,46,222,144,74.75,90.1875,58.5,44,44
10,48,26,189,78.0,10.5625,76.78125,39,39
10,43,239,133,69.875,97.09375,54.03125,31,31
10,51,236,161,82.875,95.875,65.40625,22,22
10,11,238,58,17.875,96.6875,23.5625,189,201
10,53,203,172,86.125,82.46875,69.875,16,16
10,7,112,62,11.375,45.5,25.1875,200,216
10,31,40,130,50.375,16.25,52.8125,41,41
10,10,145,59,16.25,58.90625,23.96875,188,200
10,55,159,183,89.375,64.59375,74.34375,55,55
10,38,232,144,61.75,94.25,58.5,53,53
10,36,230,115,58.5,93.4375,46.71875,33,33
10,43,143,169,69.875,58.09375,68.65625,38,38
10,24,89,95,39.0,36.15625,38.59375,211,227
10,50,74,189,81.25,30.0625,76.78125,46,46
10,24,214,84,39.0,86.9375,34.125,42,42
10,39,19,168,63.375,7.71875,68.25,21,21
10,40,189,130,65.0,76.78125,52.8125,64,64
10,5,79,66,8.125,32.09375,26.8125,212,228
10,44,92,158,71.5,37.375,64.1875,43,43
10,53,26,219,86.125,10.5625,88.96875,19,19
10,57,229,188,92.625,93.03125,76.375,50,50
10,19,155,71,30.875,62.96875,28.84375,61,61
10,29,185,127,47.125,75.15625,51.59375,78,78
10,26,250,90,42.25,101.5625,36.5625,27,27
10,57,209,218,92.625,84.90625,88.5625,183,195
10,50,195,158,81.25,79.21875,64.1875,58,58
10,10,172,57,16.25,69.875,23.15625,182,194
10,32,208,129,52.0,84.5,52.40625,83,83
10,51,57,196,82.875,23.15625,79.625,34,124
10,21,134,83,34.125,54.4375,33.71875,63,63
10,11,208,53,17.875,84.5,21.53125,176,186
10,18,222,69,29.25,90.1875,28.03125,75,75
10,23,193,110,37.375,78.40625,44.6875,68,68
10,34,105,120,55.25,42.65625,48.75,72,72
10,55,170,216,89.375,69.0625,87.75,82,82
10,19,178,78,30.875,72.3125,31.6875,213,229
10,39,239,173,63.375,97.09375,70.28125,214,230
10,32,157,138,52.0,63.78125,56.0625,123,125
10,39,7,202,63.375,2.84375,82.0625,181,193
10,40,197,155,65.0,80.03125,62.96875,80,80
10,10,180,79,16.25,73.125,32.09375,184,196
10,15,76,108,24.375,30.875,43.875,137,141
10,20,45,125,32.5,18.28125,50.78125,66,66
10,46,239,179,74.75,97.09375,72.71875,71,165
10,18,14,136,29.25,5.6875,55.25,193,205
10,7,74,103,11.375,30.0625,41.84375,194,206
10,36,140,120,58.5,56.875,48.75,73,73
10,11,156,97,17.875,63.375,39.40625,135,139
10,33,187,150,53.625,75.96875,60.9375,95,95
10,5,183,28,8.125,74.34375,11.375,215,231
10,10,222,80,16.25,90.1875,32.5,170,180
10,50,164,196,81.25,66.625,79.625,138,142
10,23,116,120,37.375,47.125,48.75,70,70
10,26,11,163,42.25,4.46875,66.21875,201,217
10,29,77,149,47.125,31.28125,60.53125,89,89
10,21,237,99,34.125,96.28125,40.21875,202,218
10,7,145,80,11.375,58.90625,32.5,203,219
10,33,137,147,53.625,55.65625,59.71875,91,91
10,26,31,154,42.25,12.59375,62.5625,101,101
10,11,105,102,17.875,42.65625,41.4375,171,181
10,10,36,107,16.25,14.625,43.46875,196,208
10,38,208,174,61.75,84.5,70.6875,88,88
10,51,206,204,82.875,83.6875,82.875,197,209
10,35,78,166,56.875,31.6875,67.4375,103,103
10,16,100,118,26.0,40.625,47.9375,85,85
10,21,166,118,34.125,67.4375,47.9375,94,94
10,52,90,222,84.5,36.5625,90.1875,216,232
10,6,112,86,9.75,45.5,34.9375,217,233
10,55,63,247,89.375,25.59375,100.34375,207,223
10,31,58,166,50.375,23.5625,67.4375,102,171
10,20,213,107,32.5,86.53125,43.46875,110,110
10,10,131,103,16.25,53.21875,41.84375,172,182
10,10,241,87,16.25,97.90625,35.34375,178,188
10,15,180,98,24.375,73.125,39.8125,139,143
10,23,75,127,37.375,30.46875,51.59375,218,234
10,18,212,132,29.25,86.125,53.625,208,224
10,16,205,91,26.0,83.28125,36.96875,163,173
10,20,47,153,32.5,19.09375,62.15625,112,112
10,48,83,212,78.0,33.71875,86.125,209,225
10,42,85,184,68.25,34.53125,74.75,205,221
10,27,160,169,43.875,65.0,68.65625,113,113
10,8,20,114,13.0,8.125,46.3125,206,222
10,12,84,140,19.5,34.125,56.875,141,145
10,5,132,119,8.125,53.625,48.34375,219,235
10,47,55,212,76.375,22.34375,86.125,165,175
10,43,166,222,69.875,67.4375,90.1875,114,114
10,27,230,118,43.875,93.4375,47.9375,166,176
10,26,101,160,42.25,41.03125,65.0,81,212
10,47,117,242,76.375,47.53125,98.3125,122,122
10,42,34,207,68.25,13.8125,84.09375,220,236
10,32,66,202,52.0,26.8125,82.0625,117,117
10,33,109,172,53.625,44.28125,69.875,130,133
10,44,190,180,71.5,77.1875,73.125,185,197
10,25,101,133,40.625,41.03125,54.03125,167,177
10,43,162,183,69.875,65.8125,74.34375,199,215
11,52,25,204,84.5,10.15625,82.875,0,0
11,32,206,103,52.0,83.6875,41.84375,2,2
11,36,78,134,58.5,31.6875,54.4375,10,10
11,24,167,94,39.0,67.84375,38.1875,7,7
11,21,7,126,34.125,2.84375,51.1875,193,205
11,46,136,157,74.75,55.25,63.78125,30,30
11,20,32,103,32.5,13.0,41.84375,4,4
11,57,187,191,92.625,75.96875,77.59375,8,8
11,31,7,148,50.375,2.84375,60.125,152,237
11,28,125,101,45.5,50.78125,41.03125,5,5
11,12,63,73,19.5,25.59375,29.65625,168,178
11,14,96,79,22.75,39.0,32.09375,153,159
11,48,119,168,78.0,48.34375,68.25,6,6
11,21,57,96,34.125,23.15625,39.0,26,26
11,39,58,149,63.375,23.5625,60.53125,32,32
11,53,89,182,86.125,36.15625,73.9375,37,37
11,30,71,116,48.75,28.84375,47.125,25,25
11,11,39,80,17.875,15.84375,32.5,175,185
11,22,9,110,35.75,3.65625,44.6875,186,198
11,57,60,217,92.625,24.375,88.15625,34,123
11,36,184,118,58.5,74.75,47.9375,23,23
11,40,110,141,65.0,44.6875,57.28125,13,13
11,10,241,58,16.25,97.90625,23.5625,189,201
11,46,165,152,74.75,67.03125,61.75,20,20
11,15,194,60,24.375,78.8125,24.375,133,137
11,34,18,145,55.25,7.3125,58.90625,152,238
11,11,146,61,17.875,59.3125,24.78125,188,200
11,8,119,62,13.0,48.34375,25.1875,200,216
11,49,29,191,79.625,11.78125,77.59375,39,39
11,46,67,160,74.75,27.21875,65.0,17,17
11,46,224,145,74.75,91.0,58.90625,44,44
11,42,240,134,68.25,97.5,54.4375,31,31
11,52,241,164,84.5,97.90625,66.625,22,22
11,25,95,98,40.625,38.59375,39.8125,211,227
11,37,236,118,60.125,95.875,47.9375,33,33
11,16,124,78,26.0,50.375,31.6875,144,148
11,56,162,186,91.0,65.8125,75.5625,55,55
11,23,194,81,37.375,78.8125,32.90625,69,69
11,24,219,85,39.0,88.96875,34.53125,42,42
11,53,206,173,86.125,83.6875,70.28125,16,16
11,32,44,131,52.0,17.875,53.21875,41,41
11,43,147,173,69.875,59.71875,70.28125,38,38
11,43,92,160,69.875,37.375,65.0,43,43
11,20,159,74,32.5,64.59375,30.0625,61,61
11,6,86,67,9.75,34.9375,27.21875,212,228
11,51,76,189,82.875,30.875,76.78125,46,46
11,37,236,146,60.125,95.875,59.3125,53,53
11,46,34,176,74.75,13.8125,71.5,190,202
11,41,26,175,66.625,10.5625,71.09375,21,21
11,50,200,160,81.25,81.25,65.0,58,58
11,6,7,88,9.75,2.84375,35.75,221,239
11,30,191,130,48.75,77.59375,52.8125,78,78
11,55,133,191,89.375,54.03125,77.59375,222,240
11,58,112,238,94.25,45.5,96.6875,223,241
11,11,177,60,17.875,71.90625,24.375,182,194
11,58,232,191,94.25,94.25,77.59375,50,50
11,31,214,129,50.375,86.9375,52.40625,83,83
11,53,28,221,86.125,11.375,89.78125,19,19
11,41,194,133,66.625,78.8125,54.03125,64,64
11,36,150,125,58.5,60.9375,50.78125,73,73
11,52,62,197,84.5,25.1875,80.03125,34,124
11,46,246,178,74.75,99.9375,72.3125,71,165
11,22,136,85,35.75,55.25,34.53125,63,63
11,23,200,114,37.375,81.25,46.3125,68,68
11,11,213,55,17.875,86.53125,22.34375,176,186
11,18,229,71,29.25,93.03125,28.84375,75,75
11,49,140,198,79.625,56.875,80.4375,224,242
11,21,48,127,34.125,19.5,51.59375,66,66
11,20,182,82,32.5,73.9375,33.3125,213,229
11,35,109,122,56.875,44.28125,49.5625,72,72
11,10,186,82,16.25,75.5625,33.3125,184,196
11,57,170,219,92.625,69.0625,88.96875,82,82
11,5,89,92,8.125,36.15625,37.375,225,243
11,39,199,155,63.375,80.84375,62.96875,80,80
11,6,142,76,9.75,57.6875,30.875,203,219
11,5,188,28,8.125,76.375,11.375,215,231
11,33,162,140,53.625,65.8125,56.875,123,125
11,13,159,98,21.125,64.59375,39.8125,135,139
11,39,243,173,63.375,98.71875,70.28125,214,230
11,50,167,197,81.25,67.84375,80.03125,138,142
11,52,208,200,84.5,84.5,81.25,197,209
11,16,80,111,26.0,32.5,45.09375,137,141
11,20,243,99,32.5,98.71875,40.21875,202,218
11,39,13,205,63.375,5.28125,83.28125,181,193
11,11,12,76,17.875,4.875,30.875,226,244
11,6,115,84,9.75,46.71875,34.125,217,233
11,30,83,152,48.75,33.71875,61.75,89,89
11,12,109,100,19.5,44.28125,40.625,171,181
11,9,82,103,14.625,33.3125,41.84375,194,206
11,24,119,123,39.0,48.34375,49.96875,70,70
11,9,228,83,14.625,92.625,33.71875,170,180
11,34,141,149,55.25,57.28125,60.53125,91,91
11,17,105,118,27.625,42.65625,47.9375,85,85
11,28,13,163,45.5,5.28125,66.21875,201,217
11,32,64,167,52.0,26.0,67.84375,102,171
11,27,34,157,43.875,13.8125,63.78125,101,101
11,37,211,172,60.125,85.71875,69.875,88,88
11,50,227,190,81.25,92.21875,77.1875,227,245
11,20,47,152,32.5,19.09375,61.75,112,112
11,23,70,129,37.375,28.4375,52.40625,218,234
11,11,41,107,17.875,16.65625,43.46875,196,208
11,36,22,189,58.5,8.9375,76.78125,228,246
11,33,186,153,53.625,75.5625,62.15625,95,95
11,11,136,98,17.875,55.25,39.8125,172,182
11,36,83,171,58.5,33.71875,69.46875,103,103
11,16,213,91,26.0,86.53125,36.96875,163,173
11,10,245,90,16.25,99.53125,36.5625,178,188
11,20,218,106,32.5,88.5625,43.0625,110,110
11,52,93,227,84.5,37.78125,92.21875,216,232
11,22,178,118,35.75,72.3125,47.9375,94,94
11,7,140,119,11.375,56.875,48.34375,219,235
11,27,135,127,43.875,54.84375,51.59375,229,247
11,15,193,99,24.375,78.40625,40.21875,139,143
11,18,224,135,29.25,91.0,54.84375,208,224
11,27,165,167,43.875,67.03125,67.84375,113,113
11,27,114,159,43.875,46.3125,64.59375,81,212
11,42,88,187,68.25,35.75,75.96875,205,221
11,8,19,110,13.0,7.71875,44.6875,206,222
11,48,92,214,78.0,37.375,86.9375,209,225
11,40,49,187,65.0,19.90625,75.96875,230,248
11,47,59,213,76.375,23.96875,86.53125,165,175
11,36,242,190,58.5,98.3125,77.1875,231,249
11,13,83,142,21.125,33.71875,57.6875,141,145
11,49,122,243,79.625,49.5625,98.71875,122,122
11,35,119,176,56.875,48.34375,71.5,130,133
11,27,238,117,43.875,96.6875,47.53125,166,176
11,32,79,199,52.0,32.09375,80.84375,117,117
11,43,40,214,69.875,16.25,86.9375,220,236
11,29,15,206,47.125,6.09375,83.6875,232,250
11,44,168,182,71.5,68.25,73.9375,199,215
11,26,103,134,42.25,41.84375,54.4375,167,177
11,54,44,245,87.75,17.875,99.53125,233,251
11,43,173,224,69.875,70.28125,91.0,114,114
12,52,31,205,84.5,12.59375,83.28125,0,0
12,12,53,81,19.5,21.53125,32.90625,175,185
12,25,176,95,40.625,71.5,38.59375,7,7
12,37,86,134,60.125,34.9375,54.4375,10,10
12,33,213,103,53.625,86.53125,41.84375,2,2
12,22,17,124,35.75,6.90625,50.375,193,205
12,13,75,73,21.125,30.46875,29.65625,168,178
12,29,136,101,47.125,55.25,41.03125,5,5
12,5,155,53,8.125,62.96875,21.53125,234,252
12,15,108,79,24.375,43.875,32.09375,153,159
12,31,14,147,50.375,5.6875,59.71875,152,237
12,20,41,103,32.5,16.65625,41.84375,4,4
12,22,22,107,35.75,8.9375,43.46875,186,198
12,48,125,168,78.0,50.78125,68.25,6,6
12,39,63,147,63.375,25.59375,59.71875,32,32
12,21,66,94,34.125,26.8125,38.1875,26,26
12,53,98,181,86.125,39.8125,73.53125,37,37
12,45,143,156,73.125,58.09375,63.375,30,30
12,58,192,193,94.25,78.0,78.40625,8,8
12,30,79,113,48.75,32.09375,45.90625,25,25
12,39,116,140,63.375,47.125,56.875,13,13
12,52,7,205,84.5,2.84375,83.28125,235,253
12,37,191,120,60.125,77.59375,48.75,23,23
12,15,201,61,24.375,81.65625,24.78125,133,137
12,54,5,230,87.75,2.03125,93.4375,236,254
12,46,231,146,74.75,93.84375,59.3125,44,44
12,57,64,215,92.625,26.0,87.34375,34,123
12,35,25,146,56.875,10.15625,59.3125,152,238
12,37,245,116,60.125,99.53125,47.125,33,33
12,46,72,162,74.75,29.25,65.8125,17,17
12,25,107,100,40.625,43.46875,40.625,211,227
12,17,136,78,27.625,55.25,31.6875,144,148
12,23,201,78,37.375,81.65625,31.6875,69,69
12,42,244,132,68.25,99.125,53.625,31,31
12,8,127,61,13.0,51.59375,24.78125,200,216
12,44,153,173,71.5,62.15625,70.28125,38,38
12,56,166,184,91.0,67.4375,74.75,55,55
12,21,168,75,34.125,68.25,30.46875,61,61
12,50,34,191,81.25,13.8125,77.59375,39,39
12,6,98,65,9.75,39.8125,26.40625,212,228
12,54,213,175,87.75,86.53125,71.09375,16,16
12,47,176,153,76.375,71.5,62.15625,20,20
12,25,228,86,40.625,92.625,34.9375,42,42
12,51,208,160,82.875,84.5,65.0,58,58
12,37,246,143,60.125,99.9375,58.09375,53,53
12,32,52,128,52.0,21.125,52.0,41,41
12,46,41,176,74.75,16.65625,71.5,190,202
12,43,99,157,69.875,40.21875,63.78125,43,43
12,56,140,195,91.0,56.875,79.21875,222,240
12,51,82,188,82.875,33.3125,76.375,46,46
12,11,185,61,17.875,75.15625,24.78125,182,194
12,8,19,88,13.0,7.71875,35.75,221,239
12,53,37,219,86.125,15.03125,88.96875,19,19
12,5,214,49,8.125,86.9375,19.90625,237,255
12,52,69,198,84.5,28.03125,80.4375,34,124
12,18,235,71,29.25,95.46875,28.84375,75,75
12,58,115,241,94.25,46.71875,97.90625,223,241
12,32,222,130,52.0,90.1875,52.8125,83,83
12,42,200,136,68.25,81.25,55.25,64,64
12,58,240,191,94.25,97.5,77.59375,50,50
12,30,200,132,48.75,81.25,53.625,78,78
12,24,208,113,39.0,84.5,45.90625,68,68
12,23,146,86,37.375,59.3125,34.9375,63,63
12,12,223,56,19.5,90.59375,22.75,176,186
12,58,214,220,94.25,86.9375,89.375,238,256
12,5,25,75,8.125,10.15625,30.46875,239,257
12,41,31,175,66.625,12.59375,71.09375,21,21
12,39,10,162,63.375,4.0625,65.8125,240,258
12,21,189,82,34.125,76.78125,33.3125,213,229
12,20,57,124,32.5,23.15625,50.375,66,66
12,6,152,76,9.75,61.75,30.875,203,259
12,16,89,111,26.0,36.15625,45.09375,137,141
12,36,118,122,58.5,47.9375,49.5625,72,72
12,11,194,84,17.875,78.8125,34.125,184,196
12,56,177,217,91.0,71.90625,88.15625,82,82
12,35,155,126,56.875,62.96875,51.1875,73,73
12,20,249,98,32.5,101.15625,39.8125,202,218
12,5,199,28,8.125,80.84375,11.375,215,231
12,24,128,122,39.0,52.0,49.5625,70,70
12,39,208,153,63.375,84.5,62.15625,80,80
12,49,149,197,79.625,60.53125,80.03125,224,242
12,5,97,88,8.125,39.40625,35.75,225,243
12,10,234,84,16.25,95.0625,34.125,170,180
12,43,241,159,69.875,97.90625,64.59375,241,260
12,14,167,98,22.75,67.84375,39.8125,135,139
12,8,92,102,13.0,37.375,41.4375,194,206
12,28,18,161,45.5,7.3125,65.40625,201,217
12,39,11,204,63.375,4.46875,82.875,181,261
12,38,219,173,61.75,88.96875,70.28125,88,88
12,33,172,145,53.625,69.875,58.90625,123,125
12,7,123,85,11.375,49.96875,34.53125,217,233
12,11,49,109,17.875,19.90625,44.28125,196,208
12,51,214,199,82.875,86.9375,80.84375,197,209
12,13,113,97,21.125,45.90625,39.40625,171,181
12,39,19,204,63.375,7.71875,82.875,181,262
12,49,178,198,79.625,72.3125,80.4375,138,142
12,5,228,75,8.125,92.625,30.46875,242,263
12,30,91,155,48.75,36.96875,62.96875,89,89
12,17,116,117,27.625,47.125,47.53125,85,85
12,32,74,165,52.0,30.0625,67.03125,102,171
12,34,150,155,55.25,60.9375,62.96875,91,91
12,24,79,128,39.0,32.09375,52.0,218,234
12,21,58,148,34.125,23.5625,60.125,112,112
12,15,222,93,24.375,90.1875,37.78125,163,173
12,52,188,218,84.5,76.375,88.5625,243,264
12,56,75,248,91.0,30.46875,100.75,244,265
12,37,97,172,60.125,39.40625,69.875,103,103
12,28,44,158,45.5,17.875,64.1875,101,101
12,20,227,109,32.5,92.21875,44.28125,110,110
12,27,124,159,43.875,50.375,64.59375,81,212
12,12,144,97,19.5,58.5,39.40625,172,182
12,42,95,185,68.25,38.59375,75.15625,205,221
12,22,180,118,35.75,73.125,47.9375,94,266
12,22,187,118,35.75,75.96875,47.9375,94,267
12,5,148,89,8.125,60.125,36.15625,203,268
12,52,99,229,84.5,40.21875,93.03125,216,232
12,8,23,111,13.0,9.34375,45.09375,206,222
12,18,235,134,29.25,95.46875,54.4375,208,224
12,16,11,168,26.0,4.46875,68.25,245,269
12,26,173,166,42.25,70.28125,67.4375,113,113
12,37,243,190,60.125,98.71875,77.1875,231,249
12,15,199,100,24.375,80.84375,40.625,139,143
12,14,92,145,22.75,37.375,58.90625,141,145
12,7,152,118,11.375,61.75,47.9375,219,235
12,46,69,214,74.75,28.03125,86.9375,165,175
12,43,46,210,69.875,18.6875,85.3125,220,236
12,32,89,200,52.0,36.15625,81.25,117,117
12,35,123,180,56.875,49.96875,73.125,130,133
12,42,186,220,68.25,75.5625,89.375,114,114
12,30,23,205,48.75,9.34375,83.28125,232,250
12,48,106,214,78.0,43.0625,86.9375,209,225
12,27,114,134,43.875,46.3125,54.4375,167,177
12,44,177,184,71.5,71.90625,74.75,199,215
12,53,48,242,86.125,19.5,98.3125,233,251
12,48,124,237,78.0,50.375,96.28125,122,122
13,52,35,202,84.5,14.21875,82.0625,0,0
13,12,56,81,19.5,22.75,32.90625,175,185
13,13,85,71,21.125,34.53125,28.84375,168,178
13,32,217,100,52.0,88.15625,40.625,2,2
13,29,143,98,47.125,58.09375,39.8125,5,5
13,25,181,93,40.625,73.53125,37.78125,7,7
13,47,131,164,76.375,53.21875,66.625,6,6
13,22,22,120,35.75,8.9375,48.75,193,205
13,19,47,97,30.875,19.09375,39.40625,4,4
13,5,162,49,8.125,65.8125,19.90625,234,252
13,52,103,177,84.5,41.84375,71.90625,37,37
13,15,117,75,24.375,47.53125,30.46875,153,159
13,39,122,137,63.375,49.5625,55.65625,13,13
13,39,69,144,63.375,28.03125,58.5,32,32
13,51,11,201,82.875,4.46875,81.65625,235,253
13,44,150,150,71.5,60.9375,60.9375,30,30
13,57,198,194,92.625,80.4375,78.8125,8,8
13,30,81,113,48.75,32.90625,45.90625,25,25
13,21,71,91,34.125,28.84375,36.96875,26,26
13,57,69,212,92.625,28.03125,86.125,34,123
13,36,196,118,58.5,79.625,47.9375,23,23
13,36,84,133,58.5,34.125,54.03125,10,270
13,31,17,143,50.375,6.90625,58.09375,152,237
13,49,38,186,79.625,15.4375,75.5625,39,39
13,34,29,140,55.25,11.78125,56.875,152,238
13,22,31,102,35.75,12.59375,41.4375,186,198
13,45,80,162,73.125,32.5,65.8125,17,17
13,23,207,76,37.375,84.09375,30.875,69,69
13,17,142,75,27.625,57.6875,30.46875,144,148
13,6,106,61,9.75,43.0625,24.78125,212,228
13,7,73,62,11.375,29.65625,25.1875,246,271
13,15,209,59,24.375,84.90625,23.96875,133,137
13,36,98,127,58.5,39.8125,51.59375,10,272
13,46,237,143,74.75,96.28125,58.09375,44,44
13,53,217,173,86.125,88.15625,70.28125,16,16
13,8,136,57,13.0,55.25,23.15625,200,216
13,25,111,95,40.625,45.09375,38.59375,211,227
13,32,57,125,52.0,23.15625,50.78125,41,41
13,51,214,160,82.875,86.9375,65.0,58,58
13,24,234,81,39.0,95.0625,32.90625,42,42
13,47,182,153,76.375,73.9375,62.15625,20,20
13,44,160,171,71.5,65.0,69.46875,38,38
13,51,87,184,82.875,35.34375,74.75,46,46
13,53,9,227,86.125,3.65625,92.21875,236,254
13,55,171,184,89.375,69.46875,74.75,55,55
13,21,176,72,34.125,71.5,29.25,61,61
13,10,193,56,16.25,78.40625,22.75,182,194
13,53,40,217,86.125,16.25,88.15625,19,19
13,40,36,171,65.0,14.625,69.46875,21,21
13,52,75,196,84.5,30.46875,79.625,34,124
13,42,203,135,68.25,82.46875,54.84375,64,64
13,42,105,152,68.25,42.65625,61.75,43,43
13,46,45,172,74.75,18.28125,69.875,190,202
13,56,143,192,91.0,58.09375,78.0,222,240
13,8,24,84,13.0,9.75,34.125,221,239
13,30,208,128,48.75,84.5,52.0,78,78
13,58,243,191,94.25,98.71875,77.59375,50,50
13,38,15,157,61.75,6.09375,63.78125,240,258
13,58,120,237,94.25,48.75,96.28125,223,241
13,32,230,129,52.0,93.4375,52.40625,83,83
13,18,241,66,29.25,97.90625,26.8125,75,75
13,5,32,71,8.125,13.0,28.84375,239,257
13,11,230,51,17.875,93.4375,20.71875,176,186
13,23,153,83,37.375,62.15625,33.71875,63,63
13,23,213,113,37.375,86.53125,45.90625,68,68
13,20,62,119,32.5,25.1875,48.34375,66,66
13,20,195,79,32.5,79.21875,32.09375,213,229
13,43,7,178,69.875,2.84375,72.3125,247,273
13,57,217,221,92.625,88.15625,89.78125,238,256
13,5,106,86,8.125,43.0625,34.9375,225,243
13,5,161,69,8.125,65.40625,28.03125,203,259
13,56,185,216,91.0,75.15625,87.75,82,82
13,37,225,168,60.125,91.40625,68.25,88,88
13,16,97,106,26.0,39.40625,43.0625,137,141
13,24,133,117,39.0,54.03125,47.53125,70,70
13,10,241,80,16.25,97.90625,32.5,170,180
13,35,157,119,56.875,63.78125,48.34375,73,73
13,5,210,24,8.125,85.3125,9.75,215,231
13,12,174,90,19.5,70.6875,36.5625,135,139
13,10,199,80,16.25,80.84375,32.5,184,196
13,35,121,119,56.875,49.15625,48.34375,72,72
13,39,212,150,63.375,86.125,60.9375,80,80
13,51,219,199,82.875,88.96875,80.84375,197,209
13,43,248,162,69.875,100.75,65.8125,241,260
13,27,22,157,43.875,8.9375,63.78125,201,217
13,8,102,96,13.0,41.4375,39.0,194,206
13,28,134,153,45.5,54.4375,62.15625,81,212
13,33,185,140,53.625,75.15625,56.875,123,125
13,38,25,198,61.75,10.15625,80.4375,181,262
13,50,185,198,81.25,75.15625,80.4375,138,142
13,58,168,232,94.25,68.25,94.25,248,274
13,16,16,97,26.0,6.5,39.40625,249,275
13,6,130,79,9.75,52.8125,32.09375,217,233
13,34,161,150,55.25,65.40625,60.9375,91,91
13,50,234,189,81.25,95.0625,76.78125,250,276
13,9,57,98,14.625,23.15625,39.8125,196,208
13,30,95,148,48.75,38.59375,60.125,89,89
13,13,125,95,21.125,50.78125,38.59375,171,181
13,17,124,115,27.625,50.375,46.71875,85,85
13,49,155,195,79.625,62.96875,79.21875,224,242
13,32,79,160,52.0,32.09375,65.0,102,171
13,56,84,244,91.0,34.125,99.125,244,265
13,22,187,112,35.75,75.96875,45.5,94,267
13,11,152,92,17.875,61.75,37.375,172,182
13,36,103,169,58.5,41.84375,68.65625,103,103
13,21,65,141,34.125,26.40625,57.28125,112,112
13,43,98,185,69.875,39.8125,75.15625,205,221
13,27,49,151,43.875,19.90625,61.34375,101,101
13,15,227,90,24.375,92.21875,36.5625,163,173
13,51,103,233,82.875,41.84375,94.65625,216,232
13,19,232,107,30.875,94.25,43.46875,110,110
13,18,244,129,29.25,99.125,52.40625,208,224
13,44,186,223,71.5,75.5625,90.59375,114,114
13,46,76,211,74.75,30.875,85.71875,165,175
13,15,17,163,24.375,6.90625,66.21875,245,269
13,39,61,180,63.375,24.78125,73.125,251,277
13,7,31,103,11.375,12.59375,41.84375,206,222
13,49,100,213,79.625,40.625,86.53125,209,225
13,38,7,244,61.75,2.84375,99.125,252,278
13,15,202,99,24.375,82.0625,40.21875,139,143
13,26,182,160,42.25,73.9375,65.0,113,113
13,32,93,195,52.0,37.78125,79.21875,117,117
13,43,52,206,69.875,21.125,83.6875,220,236
13,34,130,176,55.25,52.8125,71.5,130,133
13,27,120,131,43.875,48.75,53.21875,167,177
13,47,129,241,76.375,52.40625,97.90625,122,279
13,48,128,235,78.0,52.0,95.46875,122,280
13,8,159,116,13.0,64.59375,47.125,219,235
13,44,184,183,71.5,74.75,74.34375,199,215
13,52,55,236,84.5,22.34375,95.875,233,251
13,12,105,135,19.5,42.65625,54.84375,253,281
13,12,98,138,19.5,39.8125,56.0625,141,145
14,53,36,205,86.125,14.625,83.28125,0,0
14,30,147,101,48.75,59.71875,41.03125,5,5
14,36,77,136,58.5,31.28125,55.25,10,270
14,46,82,167,74.75,33.3125,67.84375,17,17
14,14,87,74,22.75,35.34375,30.0625,168,178
14,27,183,97,43.875,74.34375,39.40625,7,7
14,33,217,103,53.625,88.15625,41.84375,2,2
14,37,106,128,60.125,43.0625,52.0,10,272
14,13,60,84,21.125,24.375,34.125,175,185
14,23,25,124,37.375,10.15625,50.375,193,205
14,6,165,51,9.75,67.03125,20.71875,234,252
14,20,5,118,32.5,2.03125,47.9375,254,282
14,20,49,100,32.5,19.90625,40.625,4,4
14,58,161,198,94.25,65.40625,80.4375,255,283
14,16,118,77,26.0,47.9375,31.28125,153,159
14,53,104,178,86.125,42.25,72.3125,37,37
14,45,149,153,73.125,60.53125,62.15625,30,30
14,49,134,171,79.625,54.4375,69.46875,6,6
14,52,13,205,84.5,5.28125,83.28125,235,253
14,21,72,93,34.125,29.25,37.78125,26,26
14,32,18,148,52.0,7.3125,60.125,152,237
14,5,246,36,8.125,99.9375,14.625,256,284
14,40,74,149,65.0,30.0625,60.53125,32,32
14,58,69,217,94.25,28.03125,88.15625,34,123
14,40,123,139,65.0,49.96875,56.46875,13,13
14,35,30,143,56.875,12.1875,58.09375,152,238
14,58,197,200,94.25,80.03125,81.25,8,8
14,50,40,189,81.25,16.25,76.78125,39,39
14,18,144,78,29.25,58.5,31.6875,144,148
14,32,84,116,52.0,34.125,47.125,25,25
14,38,197,124,61.75,80.03125,50.375,23,23
14,26,114,98,42.25,46.3125,39.8125,211,227
14,24,207,79,39.0,84.09375,32.09375,69,69
14,10,138,60,16.25,56.0625,24.375,200,216
14,15,211,58,24.375,85.71875,23.5625,133,137
14,52,92,189,84.5,37.375,76.78125,46,46
14,23,32,108,37.375,13.0,43.875,186,198
14,7,112,63,11.375,45.5,25.59375,212,228
14,8,78,64,13.0,31.6875,26.0,246,271
14,54,11,232,87.75,4.46875,94.25,236,254
14,48,184,157,78.0,74.75,63.78125,20,20
14,42,248,128,68.25,100.75,52.0,257,285
14,43,106,154,69.875,43.0625,62.5625,43,43
14,32,55,128,52.0,22.34375,52.0,41,41
14,25,236,82,40.625,95.875,33.3125,42,42
14,52,218,162,84.5,88.5625,65.8125,58,58
14,11,192,57,17.875,78.0,23.15625,182,194
14,46,236,144,74.75,95.875,58.5,44,44
14,52,141,214,84.5,57.28125,86.9375,258,286
14,56,143,193,91.0,58.09375,78.40625,222,240
14,54,43,220,87.75,17.46875,89.375,19,19
14,54,217,176,87.75,88.15625,71.5,16,16
14,43,202,138,69.875,82.0625,56.0625,64,64
14,55,171,185,89.375,69.46875,75.15625,55,55
14,45,167,174,73.125,67.84375,70.6875,38,38
14,22,178,76,35.75,72.3125,30.875,61,61
14,30,208,129,48.75,84.5,52.40625,78,78
14,54,76,199,87.75,30.875,80.84375,34,124
14,41,36,172,66.625,14.625,69.875,21,21
14,19,245,67,30.875,99.53125,27.21875,75,75
14,12,5,105,19.5,2.03125,42.65625,259,287
14,5,227,46,8.125,92.21875,18.6875,260,288
14,10,27,88,16.25,10.96875,35.75,221,239
14,40,16,164,65.0,6.5,66.625,240,258
14,47,48,175,76.375,19.5,71.09375,190,202
14,12,232,54,19.5,94.25,21.9375,176,186
14,40,27,200,65.0,10.96875,81.25,181,262
14,44,10,182,71.5,4.0625,73.9375,247,273
14,57,219,226,92.625,88.96875,91.8125,238,256
14,24,214,117,39.0,86.9375,47.53125,68,68
14,7,38,75,11.375,15.4375,30.46875,239,257
14,42,58,169,68.25,23.5625,68.65625,251,289
14,21,196,79,34.125,79.625,32.09375,213,229
14,25,155,87,40.625,62.96875,35.34375,63,63
14,7,109,85,11.375,44.28125,34.53125,225,243
14,33,231,131,53.625,93.84375,53.21875,83,83
14,13,176,90,21.125,71.5,36.5625,135,139
14,5,153,32,8.125,62.15625,13.0,261,290
14,56,186,218,91.0,75.5625,88.5625,82,82
14,6,165,71,9.75,67.03125,28.84375,203,259
14,16,100,111,26.0,40.625,45.09375,137,141
14,10,244,82,16.25,99.125,33.3125,170,180
14,20,64,121,32.5,26.0,49.15625,66,66
14,11,204,79,17.875,82.875,32.09375,184,196
14,36,127,120,58.5,51.59375,48.75,72,72
14,39,215,151,63.375,87.34375,61.34375,80,80
14,6,213,26,9.75,86.53125,10.5625,215,231
14,33,187,143,53.625,75.96875,58.09375,123,125
14,52,219,204,84.5,88.96875,82.875,197,209
14,36,160,120,58.5,65.0,48.75,73,73
14,51,234,192,82.875,95.0625,78.0,250,276
14,8,103,103,13.0,41.84375,41.84375,194,206
14,44,247,165,71.5,100.34375,67.03125,241,260
14,7,132,83,11.375,53.625,33.71875,217,233
14,17,18,101,27.625,7.3125,41.03125,249,275
14,58,167,234,94.25,67.84375,95.0625,248,274
14,18,129,115,29.25,52.40625,46.71875,85,85
14,13,129,97,21.125,52.40625,39.40625,171,181
14,38,228,167,61.75,92.625,67.84375,88,88
14,10,58,101,16.25,23.5625,41.03125,196,208
14,25,136,118,40.625,55.25,47.9375,70,70
14,24,90,125,39.0,36.5625,50.78125,262,291
14,50,188,204,81.25,76.375,82.875,138,142
14,35,162,154,56.875,65.8125,62.5625,91,91
14,50,161,199,81.25,65.40625,80.84375,224,242
14,23,189,113,37.375,76.78125,45.90625,94,267
14,33,87,163,53.625,35.34375,66.21875,102,171
14,20,234,107,32.5,95.0625,43.46875,110,110
14,29,140,158,47.125,56.875,64.1875,81,212
14,14,228,91,22.75,92.625,36.96875,163,173
14,44,104,189,71.5,42.25,76.78125,205,221
14,38,108,172,61.75,43.875,69.875,103,103
14,27,50,152,43.875,20.3125,61.75,101,101
14,31,101,147,50.375,41.03125,59.71875,89,89
14,12,156,96,19.5,63.375,39.0,172,182
14,21,71,142,34.125,28.84375,57.6875,112,112
14,47,77,211,76.375,31.28125,85.71875,165,175
14,53,108,233,86.125,43.875,94.65625,216,232
14,50,102,218,81.25,41.4375,88.5625,209,225
14,31,98,192,50.375,39.8125,78.0,117,117
14,15,207,97,24.375,84.09375,39.40625,139,143
14,33,11,195,53.625,4.46875,79.21875,263,292
14,8,33,106,13.0,13.40625,43.0625,206,222
14,44,186,225,71.5,75.5625,91.40625,114,114
14,27,194,163,43.875,78.8125,66.21875,113,113
14,15,19,162,24.375,7.71875,65.8125,245,269
14,8,161,117,13.0,65.40625,47.53125,219,235
14,45,213,178,73.125,86.53125,72.3125,264,293
14,40,69,181,65.0,28.03125,73.53125,251,294
14,44,56,208,71.5,22.75,84.5,220,236
14,53,60,240,86.125,24.375,97.5,233,251
14,36,137,183,58.5,55.65625,74.34375,130,133
14,50,140,246,81.25,56.875,99.9375,122,279
14,44,185,187,71.5,75.15625,75.96875,199,215
14,13,99,141,21.125,40.21875,57.28125,141,145
14,27,127,134,43.875,51.59375,54.4375,167,177
14,12,108,137,19.5,43.875,55.65625,253,281
14,45,124,232,73.125,50.375,94.25,122,280
15,31,145,103,50.375,58.90625,41.84375,5,5
15,54,33,208,87.75,13.40625,84.5,0,0
15,38,75,137,61.75,30.46875,55.65625,10,270
15,38,110,130,61.75,44.6875,52.8125,10,272
15,47,79,169,76.375,32.09375,68.65625,17,17
15,16,88,78,26.0,35.75,31.6875,168,178
15,29,185,102,47.125,75.15625,41.4375,7,7
15,16,64,91,26.0,26.0,36.96875,175,185
15,22,5,121,35.75,2.03125,49.15625,254,282
15,35,217,108,56.875,88.15625,43.875,2,2
15,18,117,84,29.25,47.53125,34.125,153,159
15,14,166,62,22.75,67.4375,25.1875,265,295
15,22,49,104,35.75,19.90625,42.25,4,4
15,25,26,127,40.625,10.5625,51.59375,193,205
15,23,72,96,37.375,29.25,39.0,26,26
15,7,163,55,11.375,66.21875,22.34375,234,252
15,54,103,182,87.75,41.84375,73.9375,37,37
15,51,138,174,82.875,56.0625,70.6875,6,6
15,8,245,42,13.0,99.53125,17.0625,256,284
15,33,17,151,53.625,6.90625,61.34375,152,237
15,33,86,120,53.625,34.9375,48.75,25,25
15,46,150,155,74.75,60.9375,62.96875,30,30
15,25,32,112,40.625,13.0,45.5,186,198
15,42,121,144,68.25,49.15625,58.5,13,13
15,36,31,146,58.5,12.59375,59.3125,152,238
15,54,11,210,87.75,4.46875,85.3125,235,253
15,5,195,49,8.125,79.21875,19.90625,266,296
15,26,209,83,42.25,84.90625,33.71875,69,69
15,51,41,193,82.875,16.65625,78.40625,39,39
15,40,197,129,65.0,80.03125,52.40625,23,23
15,42,76,153,68.25,30.875,62.15625,32,32
15,20,145,83,32.5,58.90625,33.71875,144,148
15,11,135,65,17.875,54.84375,26.40625,200,216
15,45,105,158,73.125,42.65625,64.1875,43,43
15,43,247,131,69.875,100.34375,53.21875,257,285
15,26,239,85,42.25,97.09375,34.53125,42,42
15,18,212,63,29.25,86.125,25.59375,133,137
15,56,10,238,91.0,4.0625,96.6875,236,254
15,9,77,68,14.625,31.28125,27.625,246,271
15,54,90,193,87.75,36.5625,78.40625,46,46
15,33,57,132,53.625,23.15625,53.625,41,41
15,25,119,96,40.625,48.34375,39.0,211,297
15,10,112,68,16.25,45.5,27.625,212,228
15,53,219,165,86.125,88.96875,67.03125,58,58
15,28,109,102,45.5,44.28125,41.4375,211,298
15,48,240,147,78.0,97.5,59.71875,44,44
15,32,206,129,52.0,83.6875,52.40625,78,78
15,54,141,216,87.75,57.28125,87.75,258,286
15,13,192,61,21.125,78.0,24.78125,182,194
15,24,180,79,39.0,73.125,32.09375,61,61
15,55,215,180,89.375,87.34375,73.125,16,16
15,50,186,161,81.25,75.5625,65.40625,20,20
15,45,202,143,73.125,82.0625,58.09375,64,64
15,47,172,176,76.375,69.875,71.5,38,38
15,41,16,166,66.625,6.5,67.4375,240,258
15,5,64,64,8.125,26.0,26.0,267,299
15,42,37,175,68.25,15.03125,71.09375,21,21
15,55,37,225,89.375,15.03125,91.40625,19,19
15,48,49,179,78.0,19.90625,72.71875,190,202
15,55,77,207,89.375,31.28125,84.09375,34,124
15,34,230,137,55.25,93.4375,55.65625,83,83
15,58,142,200,94.25,57.6875,81.25,222,240
15,57,172,190,92.625,69.875,77.1875,55,55
15,8,228,51,13.0,92.625,20.71875,260,288
15,20,245,69,32.5,99.53125,28.03125,75,75
15,14,230,58,22.75,93.4375,23.5625,176,186
15,46,10,186,74.75,4.0625,75.5625,247,273
15,28,72,109,45.5,29.25,44.28125,268,300
15,25,216,115,40.625,87.75,46.71875,68,68
15,27,156,91,43.875,63.375,36.96875,63,63
15,8,39,79,13.0,15.84375,32.09375,239,257
15,42,27,204,68.25,10.96875,82.875,181,262
15,18,99,112,29.25,40.21875,45.5,137,141
15,43,60,172,69.875,24.375,69.875,251,289
15,12,30,92,19.5,12.1875,37.375,221,239
15,15,178,97,24.375,72.3125,39.40625,135,139
15,21,62,124,34.125,25.1875,50.375,66,66
15,7,167,73,11.375,67.84375,29.65625,203,259
15,7,155,34,11.375,62.96875,13.8125,261,290
15,58,186,221,94.25,75.5625,89.78125,82,82
15,40,229,173,65.0,93.03125,70.28125,88,88
15,53,219,205,86.125,88.96875,83.28125,197,209
15,8,116,89,13.0,47.125,36.15625,225,243
15,38,125,123,61.75,50.78125,49.96875,72,72
15,12,246,84,19.5,99.9375,34.125,170,180
15,12,204,82,19.5,82.875,33.3125,184,196
15,25,142,119,40.625,57.6875,48.34375,70,70
15,7,215,28,11.375,87.34375,11.375,215,231
15,37,162,125,60.125,65.8125,50.78125,73,73
15,9,106,105,14.625,43.0625,42.65625,194,206
15,37,188,147,60.125,76.375,59.71875,123,125
15,15,133,99,24.375,54.03125,40.21875,171,181
15,33,112,153,53.625,45.5,62.15625,89,89
15,18,19,105,29.25,7.71875,42.65625,249,275
15,30,26,162,48.75,10.5625,65.8125,269,301
15,19,127,115,30.875,51.59375,46.71875,85,85
15,34,210,156,55.25,85.3125,63.375,270,302
15,46,248,167,74.75,100.75,67.84375,241,260
15,5,241,75,8.125,97.90625,30.46875,271,303
15,40,218,154,65.0,88.5625,62.5625,80,80
15,22,234,110,35.75,95.0625,44.6875,110,110
15,14,157,97,22.75,63.78125,39.40625,172,182
15,5,100,39,8.125,40.625,15.84375,272,304
15,9,137,89,14.625,55.65625,36.15625,217,233
15,29,57,155,47.125,23.15625,62.96875,101,101
15,24,189,116,39.0,76.78125,47.125,94,267
15,10,56,105,16.25,22.75,42.65625,196,208
15,36,89,165,58.5,36.15625,67.03125,102,171
15,52,190,209,84.5,77.1875,84.90625,138,142
15,37,167,159,60.125,67.84375,64.59375,91,91
15,51,159,202,82.875,64.59375,82.0625,224,242
15,28,188,165,45.5,76.375,67.03125,113,113
15,40,109,176,65.0,44.28125,71.5,103,103
15,16,231,98,26.0,93.84375,39.8125,163,173
15,8,191,95,13.0,77.59375,38.59375,273,305
15,52,101,218,84.5,41.03125,88.5625,209,225
15,30,141,159,48.75,57.28125,64.59375,81,212
15,15,207,101,24.375,84.09375,41.03125,139,143
15,23,69,147,37.375,28.03125,59.71875,112,112
15,33,99,192,53.625,40.21875,78.0,117,117
15,36,14,196,58.5,5.6875,79.625,263,292
15,46,185,228,74.75,75.15625,92.625,114,114
15,53,206,229,86.125,83.6875,93.03125,274,306
15,46,125,231,74.75,50.78125,93.84375,122,280
15,12,164,124,19.5,66.625,50.375,275,307
15,38,249,191,61.75,101.15625,77.59375,276,308
15,42,68,186,68.25,27.625,75.5625,251,294
15,17,25,165,27.625,10.15625,67.03125,245,269
15,8,33,107,13.0,13.40625,43.46875,206,222
15,46,56,213,74.75,22.75,86.53125,220,236
15,56,62,245,91.0,25.1875,99.53125,233,251
15,38,139,185,61.75,56.46875,75.15625,130,133
15,15,107,142,24.375,43.46875,57.6875,253,281
15,15,100,146,24.375,40.625,59.3125,141,145
15,46,185,192,74.75,75.15625,78.0,199,215
15,29,129,137,47.125,52.40625,55.65625,167,177
16,30,140,118,48.75,56.875,47.9375,5,5
16,51,29,220,82.875,11.78125,89.375,277,309
16,44,74,182,71.5,30.0625,73.9375,251,294
16,36,109,144,58.5,44.28125,58.5,10,272
16,27,182,113,43.875,73.9375,45.90625,7,7
16,36,71,147,58.5,28.84375,59.71875,10,270
16,58,123,222,94.25,49.96875,90.1875,278,310
16,58,154,213,94.25,62.5625,86.53125,279,311
16,15,82,90,24.375,33.3125,36.5625,168,178
16,32,216,118,52.0,87.75,47.9375,78,78
16,20,44,116,32.5,17.875,47.125,4,4
16,12,163,73,19.5,66.21875,29.65625,265,295
16,48,132,185,78.0,53.625,75.15625,280,312
16,40,118,157,65.0,47.9375,63.78125,13,13
16,14,56,104,22.75,22.75,42.25,196,208
16,17,112,96,27.625,45.5,39.0,153,159
16,6,158,66,9.75,64.1875,26.8125,203,259
16,21,66,108,34.125,26.8125,43.875,26,26
16,31,83,133,50.375,33.71875,54.03125,25,25
16,23,21,142,37.375,8.53125,57.6875,281,313
16,44,146,167,71.5,59.3125,67.84375,30,30
16,7,244,53,11.375,99.125,21.53125,256,284
16,51,96,192,82.875,39.0,78.0,37,37
16,31,11,164,50.375,4.46875,66.625,152,237
16,34,26,159,55.25,10.5625,64.59375,152,238
16,23,27,127,37.375,10.96875,51.59375,193,205
16,19,146,96,30.875,59.3125,39.0,144,148
16,24,238,95,39.0,96.6875,38.59375,42,42
16,49,39,205,79.625,15.84375,83.28125,39,39
16,8,71,82,13.0,28.84375,33.3125,246,271
16,38,192,142,61.75,78.0,57.6875,123,125
16,16,209,74,26.0,84.90625,30.0625,133,137
16,10,130,76,16.25,52.8125,30.875,200,216
16,57,60,233,92.625,24.375,94.65625,233,251
16,52,138,228,84.5,56.0625,92.625,258,314
16,39,70,165,63.375,28.4375,67.03125,282,315
16,53,9,225,86.125,3.65625,91.40625,235,253
16,41,241,140,66.625,97.90625,56.875,257,285
16,52,83,205,84.5,33.71875,83.28125,46,46
16,45,233,156,73.125,94.65625,63.375,44,44
16,24,208,94,39.0,84.5,38.1875,69,69
16,31,52,148,50.375,21.125,60.125,101,316
16,27,105,116,43.875,42.65625,47.125,211,298
16,48,181,175,78.0,73.53125,71.09375,20,20
16,43,101,171,69.875,41.03125,69.46875,43,43
16,51,216,176,82.875,87.75,71.5,58,58
16,45,170,189,73.125,69.0625,76.78125,38,38
16,52,207,191,84.5,84.09375,77.59375,283,317
16,8,106,79,13.0,43.0625,32.09375,212,228
16,40,34,189,65.0,13.8125,76.78125,21,21
16,11,189,71,17.875,76.78125,28.84375,182,194
16,39,12,182,63.375,4.875,73.9375,284,318
16,42,197,154,68.25,80.03125,62.5625,64,64
16,46,45,188,74.75,18.28125,76.375,190,202
16,53,72,220,86.125,29.25,89.375,34,124
16,52,33,236,84.5,13.40625,95.875,19,19
16,22,176,91,35.75,71.5,36.96875,61,61
16,6,224,59,9.75,91.0,23.96875,260,288
16,18,244,79,29.25,99.125,32.09375,75,75
16,58,240,209,94.25,97.5,84.90625,285,319
16,56,215,236,91.0,87.34375,95.875,274,320
16,33,162,130,53.625,65.8125,52.8125,73,73
16,55,167,203,89.375,67.84375,82.46875,55,55
16,44,7,197,71.5,2.84375,80.03125,247,273
16,26,66,122,42.25,26.8125,49.5625,268,300
16,12,226,69,19.5,91.8125,28.03125,176,186
16,55,139,212,89.375,56.46875,86.125,258,321
16,31,228,148,50.375,92.625,60.125,83,83
16,28,203,144,45.5,82.46875,58.5,286,322
16,21,196,95,34.125,79.625,38.59375,287,323
16,7,36,92,11.375,14.625,37.375,239,257
16,40,22,217,65.0,8.9375,88.15625,181,262
16,24,141,130,39.0,57.28125,52.8125,70,70
16,10,26,106,16.25,10.5625,43.0625,206,222
16,40,55,183,65.0,22.34375,74.34375,251,289
16,5,154,46,8.125,62.5625,18.6875,261,290
16,13,177,107,21.125,71.90625,43.46875,135,139
16,11,244,92,17.875,99.125,37.375,170,180
16,16,96,122,26.0,39.0,49.5625,137,141
16,36,121,135,58.5,49.15625,54.84375,72,72
16,7,114,98,11.375,46.3125,39.8125,225,243
16,37,143,150,60.125,58.09375,60.9375,288,324
16,51,214,216,82.875,86.9375,87.75,197,209
16,18,56,136,29.25,22.75,55.25,289,325
16,22,214,130,35.75,86.9375,52.8125,290,326
16,10,200,91,16.25,81.25,36.96875,184,196
16,8,109,117,13.0,44.28125,47.53125,194,206
16,35,185,164,56.875,75.15625,66.625,291,327
16,30,109,163,48.75,44.28125,66.21875,89,89
16,34,93,176,55.25,37.78125,71.5,102,171
16,56,185,235,91.0,75.15625,95.46875,82,82
16,50,233,208,81.25,94.65625,84.5,292,328
16,38,213,164,61.75,86.53125,66.625,80,80
16,7,139,96,11.375,56.46875,39.0,217,233
16,44,242,174,71.5,98.3125,70.6875,241,260
16,57,166,247,92.625,67.4375,100.34375,293,329
16,16,15,118,26.0,6.09375,47.9375,249,275
16,32,207,167,52.0,84.09375,67.84375,270,302
16,28,26,174,45.5,10.5625,70.6875,269,301
16,49,188,223,79.625,76.375,90.59375,114,330
16,48,156,215,78.0,63.375,87.34375,294,331
16,17,124,129,27.625,50.375,52.40625,85,85
16,19,232,120,30.875,94.25,48.75,110,110
16,38,230,181,61.75,93.4375,73.53125,88,88
16,12,158,106,19.5,64.1875,43.0625,172,182
16,13,133,112,21.125,54.03125,45.5,171,181
16,27,57,165,43.875,23.15625,67.03125,101,332
16,46,106,208,74.75,43.0625,84.5,295,333
16,23,85,139,37.375,34.53125,56.46875,296,334
16,34,163,170,55.25,66.21875,69.0625,91,91
16,14,230,110,22.75,93.4375,44.6875,163,173
16,38,109,188,61.75,44.28125,76.375,103,103
16,29,138,175,47.125,56.0625,71.09375,81,212
16,6,185,102,9.75,75.15625,41.4375,273,305
16,43,119,246,69.875,48.34375,99.9375,297,335
16,13,207,112,21.125,84.09375,45.5,139,143
16,29,165,148,47.125,67.03125,60.125,298,336
16,27,188,179,43.875,76.375,72.71875,113,113
16,21,187,128,34.125,75.96875,52.0,94,267
16,50,99,235,81.25,40.21875,95.46875,299,337
16,51,203,240,82.875,82.46875,97.5,274,338
16,44,182,241,71.5,73.9375,97.90625,114,339
16,21,194,130,34.125,78.8125,52.8125,300,340
16,19,66,155,30.875,26.8125,62.96875,301,341
16,26,248,126,42.25,100.75,51.1875,302,342
16,10,163,137,16.25,66.21875,55.65625,275,307
16,15,20,176,24.375,8.125,71.5,245,269
16,33,11,207,53.625,4.46875,84.09375,263,292
16,12,104,153,19.5,42.25,62.15625,141,145
16,38,246,207,61.75,99.9375,84.09375,276,308
16,44,185,204,71.5,75.15625,82.875,199,215
16,37,139,199,60.125,56.46875,80.84375,130,133
16,30,100,200,48.75,40.625,81.25,117,117
16,27,129,146,43.875,52.40625,59.3125,167,177
16,42,63,219,68.25,25.59375,88.96875,303,343
17,52,33,223,84.5,13.40625,90.59375,277,309
17,31,140,120,50.375,56.875,48.75,5,5
17,17,87,91,27.625,35.34375,36.96875,168,178
17,29,187,116,47.125,75.96875,47.125,7,7
17,19,116,98,30.875,47.125,39.8125,153,159
17,13,168,75,21.125,68.25,30.46875,265,295
17,8,161,68,13.0,65.40625,27.625,203,259
17,33,220,118,53.625,89.375,47.9375,78,78
17,46,78,182,74.75,31.6875,73.9375,251,294
17,23,71,110,37.375,28.84375,44.6875,26,26
17,49,134,187,79.625,54.4375,75.96875,280,312
17,37,110,147,60.125,44.6875,59.71875,10,272
17,22,48,120,35.75,19.5,48.75,4,4
17,25,24,145,40.625,9.75,58.90625,281,313
17,38,74,151,61.75,30.0625,61.34375,10,270
17,41,121,157,66.625,49.15625,63.78125,13,13
17,5,191,53,8.125,77.59375,21.53125,304,344
17,52,101,195,84.5,41.03125,79.21875,37,37
17,36,29,162,58.5,11.78125,65.8125,152,238
17,8,243,54,13.0,98.71875,21.9375,256,284
17,46,147,171,74.75,59.71875,69.46875,30,30
17,25,31,129,40.625,12.59375,52.40625,193,205
17,54,12,228,87.75,4.875,92.625,235,253
17,12,133,78,19.5,54.03125,31.6875,200,216
17,33,84,136,53.625,34.125,55.25,25,25
17,33,14,168,53.625,5.6875,68.25,152,237
17,25,242,96,40.625,98.3125,39.0,42,42
17,10,75,83,16.25,30.46875,33.71875,246,345
17,39,194,145,63.375,78.8125,58.90625,123,125
17,41,244,141,66.625,99.125,57.28125,257,285
17,52,143,231,84.5,58.09375,93.84375,258,314
17,21,149,98,34.125,60.53125,39.8125,144,148
17,51,45,207,82.875,18.28125,84.09375,39,39
17,49,185,176,79.625,75.15625,71.5,20,20
17,53,88,207,86.125,35.75,84.09375,46,46
17,45,105,172,73.125,42.65625,69.875,43,43
17,54,38,240,87.75,15.4375,97.5,19,19
17,11,110,82,17.875,44.6875,33.3125,212,228
17,6,68,76,9.75,27.625,30.875,246,346
17,17,211,74,27.625,85.71875,30.0625,133,137
17,38,142,154,61.75,57.6875,62.5625,288,324
17,41,77,168,66.625,31.28125,68.25,282,315
17,33,165,129,53.625,67.03125,52.40625,73,73
17,46,175,189,74.75,71.09375,76.78125,38,38
17,46,237,157,74.75,96.28125,63.78125,44,44
17,54,212,193,87.75,86.125,78.40625,283,317
17,25,212,95,40.625,86.125,38.59375,69,69
17,42,37,192,68.25,15.03125,78.0,21,21
17,10,10,105,16.25,4.0625,42.65625,206,347
17,25,118,109,40.625,47.9375,44.28125,211,348
17,56,169,204,91.0,68.65625,82.875,55,55
17,28,106,118,45.5,43.0625,47.9375,211,349
17,25,182,96,40.625,73.9375,39.0,61,61
17,12,196,70,19.5,79.625,28.4375,182,194
17,41,18,184,66.625,7.3125,74.75,284,318
17,52,220,179,84.5,89.375,72.71875,58,58
17,55,74,221,89.375,30.0625,89.78125,34,124
17,44,202,156,71.5,82.0625,63.375,64,64
17,57,218,236,92.625,88.5625,95.875,274,320
17,32,53,153,52.0,21.53125,62.15625,101,316
17,14,62,98,22.75,25.1875,39.8125,196,208
17,47,52,191,76.375,21.125,77.59375,190,202
17,7,226,60,11.375,91.8125,24.375,260,288
17,46,13,201,74.75,5.28125,81.65625,247,273
17,14,181,106,22.75,73.53125,43.0625,135,139
17,28,69,123,45.5,28.03125,49.96875,268,300
17,9,40,93,14.625,16.25,37.78125,239,257
17,32,232,151,52.0,94.25,61.34375,83,83
17,30,202,144,48.75,82.0625,58.5,286,322
17,19,248,79,30.875,100.75,32.09375,75,75
17,57,139,214,92.625,56.46875,86.9375,258,321
17,41,29,219,66.625,11.78125,88.96875,181,262
17,13,228,68,21.125,92.625,27.625,176,186
17,5,74,96,8.125,30.0625,39.0,305,350
17,23,200,98,37.375,81.25,39.8125,287,323
17,13,246,92,21.125,99.9375,37.375,170,180
17,13,30,109,21.125,12.1875,44.28125,206,351
17,6,159,45,9.75,64.59375,18.28125,261,290
17,5,86,74,8.125,34.9375,30.0625,306,352
17,56,187,231,91.0,75.96875,93.84375,82,82
17,37,124,136,60.125,50.375,55.25,72,72
17,17,100,123,27.625,40.625,49.96875,137,141
17,5,117,65,8.125,47.53125,26.40625,307,353
17,24,217,132,39.0,88.15625,53.625,290,326
17,19,58,137,30.875,23.5625,55.65625,289,325
17,25,146,132,40.625,59.3125,53.625,70,70
17,39,216,164,63.375,87.75,66.625,80,80
17,12,203,94,19.5,82.46875,38.1875,184,196
17,5,217,36,8.125,88.15625,14.625,308,354
17,13,159,107,21.125,64.59375,43.46875,172,182
17,32,110,162,52.0,44.6875,65.8125,89,89
17,29,31,174,47.125,12.59375,70.6875,269,301
17,52,217,215,84.5,88.15625,87.34375,197,209
17,8,123,103,13.0,49.96875,41.84375,225,243
17,10,112,118,16.25,45.5,47.9375,194,206
17,19,127,132,30.875,51.59375,53.625,85,85
17,32,210,168,52.0,85.3125,68.25,270,302
17,9,144,97,14.625,58.5,39.40625,217,233
17,35,97,177,56.875,39.40625,71.90625,102,171
17,14,137,114,22.75,55.65625,46.3125,171,181
17,51,236,208,82.875,95.875,84.5,292,328
17,58,169,248,94.25,68.65625,100.75,293,329
17,37,190,170,60.125,77.1875,69.0625,291,327
17,39,230,182,63.375,93.4375,73.9375,88,88
17,30,141,175,48.75,57.28125,71.09375,81,212
17,6,190,99,9.75,77.1875,40.21875,273,305
17,18,18,120,29.25,7.3125,48.75,249,275
17,44,247,173,71.5,100.34375,70.28125,241,260
17,48,110,214,78.0,44.6875,86.9375,295,333
17,23,86,140,37.375,34.9375,56.875,296,334
17,9,56,112,14.625,22.75,45.5,309,355
17,52,199,241,84.5,80.84375,97.90625,274,338
17,36,169,173,58.5,68.65625,70.28125,91,91
17,28,60,169,45.5,24.375,68.65625,101,332
17,16,232,109,26.0,94.25,44.28125,163,173
17,49,159,216,79.625,64.59375,87.75,294,356
17,29,191,185,47.125,77.59375,75.15625,113,113
17,40,109,192,65.0,44.28125,78.0,103,103
17,30,167,149,48.75,67.84375,60.53125,298,336
17,54,111,250,87.75,45.09375,101.5625,310,357
17,15,211,113,24.375,85.71875,45.90625,139,143
17,22,191,131,35.75,77.59375,53.21875,300,340
17,20,66,154,32.5,26.8125,62.5625,301,341
17,48,169,214,78.0,68.65625,86.9375,294,358
17,21,236,125,34.125,95.875,50.78125,110,110
17,37,140,203,60.125,56.875,82.46875,130,133
17,35,19,207,56.875,7.71875,84.09375,263,292
17,44,119,249,71.5,48.34375,101.15625,297,335
17,13,167,142,21.125,67.84375,57.6875,275,307
17,15,19,179,24.375,7.71875,72.71875,245,269
17,13,107,156,21.125,43.46875,63.375,141,145
17,39,249,210,63.375,101.15625,85.3125,276,308
17,44,187,207,71.5,75.96875,84.09375,199,215
17,31,105,205,50.375,42.65625,83.28125,117,117
17,45,214,194,73.125,86.9375,78.8125,311,359
17,6,214,80,9.75,86.9375,32.5,312,360
17,53,247,243,86.125,100.34375,98.71875,313,361
17,28,130,146,45.5,52.8125,59.3125,167,177
17,30,41,219,48.75,16.65625,88.96875,314,362
17,44,58,222,71.5,23.5625,90.1875,303,343
17,23,10,176,37.375,4.0625,71.5,315,363
18,53,36,229,86.125,14.625,93.03125,277,309
18,32,140,124,52.0,56.875,50.375,5,5
18,18,83,98,29.25,33.71875,39.8125,168,178
18,31,189,121,50.375,76.78125,49.15625,7,7
18,20,116,102,32.5,47.125,41.4375,153,159
18,10,161,71,16.25,65.40625,28.84375,203,259
18,51,135,193,82.875,54.84375,78.40625,280,312
18,6,192,60,9.75,78.0,24.375,304,344
18,27,26,153,43.875,10.5625,62.15625,281,313
18,15,170,80,24.375,69.0625,32.5,265,295
18,42,122,163,68.25,49.5625,66.21875,13,13
18,35,219,124,56.875,88.96875,50.375,78,78
18,23,46,125,37.375,18.6875,50.78125,4,4
18,39,72,154,63.375,29.25,62.5625,10,270
18,25,72,116,40.625,29.25,47.125,26,26
18,39,110,152,63.375,44.6875,61.75,10,272
18,34,18,175,55.25,7.3125,71.09375,152,237
18,41,195,152,66.625,79.21875,61.75,123,125
18,54,101,200,87.75,41.03125,81.25,37,37
18,5,12,104,8.125,4.875,42.25,316,364
18,38,30,169,61.75,12.1875,68.65625,152,238
18,6,137,63,9.75,55.65625,25.59375,317,365
18,13,131,83,21.125,53.21875,33.71875,200,216
18,27,31,136,43.875,12.59375,55.25,193,205
18,47,148,176,76.375,60.125,71.5,30,30
18,22,147,103,35.75,59.71875,41.84375,144,148
18,11,73,88,17.875,29.65625,35.75,246,345
18,7,67,81,11.375,27.21875,32.90625,246,346
18,34,81,141,55.25,32.90625,57.28125,25,25
18,35,162,131,56.875,65.8125,53.21875,73,73
18,10,245,57,16.25,99.53125,23.15625,256,284
18,55,88,213,89.375,35.75,86.53125,46,46
18,42,75,173,68.25,30.46875,70.28125,282,315
18,33,50,155,53.625,20.3125,62.96875,101,316
18,11,10,109,17.875,4.0625,44.28125,206,347
18,55,13,233,89.375,5.28125,94.65625,235,253
18,26,243,100,42.25,98.71875,40.625,42,42
18,19,214,78,30.875,86.9375,31.6875,133,137
18,47,84,188,76.375,34.125,76.375,251,294
18,52,49,215,84.5,19.90625,87.34375,39,39
18,50,186,180,81.25,75.5625,73.125,20,20
18,45,104,177,73.125,42.25,71.90625,43,43
18,27,212,100,43.875,86.125,40.625,69,69
18,46,174,195,74.75,70.6875,79.21875,38,38
18,42,245,146,68.25,99.53125,59.3125,257,285
18,55,214,197,89.375,86.9375,80.03125,283,317
18,39,141,162,63.375,57.28125,65.8125,288,324
18,53,142,235,86.125,57.6875,95.46875,258,314
18,43,41,199,69.875,16.65625,80.84375,21,21
18,55,40,247,89.375,16.25,100.34375,19,19
18,12,107,87,19.5,43.46875,35.34375,212,228
18,48,241,165,78.0,97.90625,67.03125,44,44
18,30,104,124,48.75,42.25,50.375,211,349
18,47,16,206,76.375,6.5,83.6875,247,273
18,14,195,73,22.75,79.21875,29.65625,182,194
18,53,218,182,86.125,88.5625,73.9375,58,58
18,48,55,198,78.0,22.34375,80.4375,190,202
18,27,183,102,43.875,74.34375,41.4375,61,61
18,42,22,192,68.25,8.9375,78.0,284,318
18,57,172,207,92.625,69.875,84.09375,55,55
18,43,60,189,69.875,24.375,76.78125,318,366
18,45,204,161,73.125,82.875,65.40625,64,64
18,8,226,62,13.0,91.8125,25.1875,260,288
18,14,227,70,22.75,92.21875,28.4375,176,186
18,14,60,107,22.75,24.375,43.46875,196,208
18,29,72,129,47.125,29.25,52.40625,268,300
18,56,77,229,91.0,31.28125,93.03125,34,124
18,42,29,227,68.25,11.78125,92.21875,181,262
18,14,30,115,22.75,12.1875,46.71875,206,351
18,58,140,218,94.25,56.875,88.5625,258,321
18,10,41,98,16.25,16.65625,39.8125,239,257
18,34,230,158,55.25,93.4375,64.1875,83,83
18,38,126,142,61.75,51.1875,57.6875,72,72
18,57,219,237,92.625,88.96875,96.28125,274,320
18,31,202,147,50.375,82.0625,59.71875,286,322
18,26,148,135,42.25,60.125,54.84375,70,70
18,16,183,107,26.0,74.34375,43.46875,135,139
18,20,248,82,32.5,100.75,33.3125,75,75
18,15,246,94,24.375,99.9375,38.1875,170,180
18,29,35,179,47.125,14.21875,72.71875,269,301
18,6,85,79,9.75,34.53125,32.09375,306,352
18,7,160,48,11.375,65.0,19.5,261,290
18,13,207,98,21.125,84.09375,39.8125,184,196
18,6,80,105,9.75,32.5,42.65625,305,350
18,40,215,172,65.0,87.34375,69.875,80,80
18,7,116,71,11.375,47.125,28.84375,307,353
18,56,185,234,91.0,75.15625,95.0625,82,82
18,52,215,218,84.5,87.34375,88.5625,197,209
18,10,122,108,16.25,49.5625,43.875,225,243
18,24,216,141,39.0,87.75,57.28125,290,326
18,10,113,124,16.25,45.90625,50.375,194,206
18,33,209,175,53.625,84.90625,71.09375,270,302
18,15,139,118,24.375,56.46875,47.9375,171,181
18,17,103,125,27.625,41.84375,50.78125,137,141
18,6,218,38,9.75,88.5625,15.4375,308,354
18,18,59,140,29.25,23.96875,56.875,289,325
18,20,128,133,32.5,52.0,54.03125,85,85
18,36,97,181,58.5,39.40625,73.53125,102,171
18,19,36,156,30.875,14.625,63.375,319,367
18,10,148,100,16.25,60.125,40.625,217,233
18,38,192,176,61.75,78.0,71.5,291,327
18,19,18,125,30.875,7.3125,50.78125,249,275
18,51,236,210,82.875,95.875,85.3125,292,328
18,39,230,191,63.375,93.4375,77.59375,88,88
18,32,113,165,52.0,45.90625,67.03125,89,89
18,15,163,110,24.375,66.21875,44.6875,172,182
18,29,61,173,47.125,24.78125,70.28125,101,332
18,8,193,103,13.0,78.40625,41.84375,273,305
18,18,234,109,29.25,95.0625,44.28125,163,173
18,50,159,220,81.25,64.59375,89.375,294,356
18,24,88,143,39.0,35.75,58.09375,296,334
18,31,192,192,50.375,78.0,78.0,113,113
18,37,170,181,60.125,69.0625,73.53125,91,91
18,48,110,216,78.0,44.6875,87.75,295,333
18,40,112,195,65.0,45.5,79.21875,103,103
18,50,112,245,81.25,45.5,99.53125,310,357
18,52,203,248,84.5,82.46875,100.75,274,338
18,6,227,118,9.75,92.21875,47.9375,320,368
18,24,191,138,39.0,77.59375,56.0625,300,340
18,31,140,183,50.375,56.875,74.34375,81,212
18,22,237,131,35.75,96.28125,53.21875,110,110
18,31,167,151,50.375,67.84375,61.34375,298,336
18,5,162,105,8.125,65.8125,42.65625,321,369
18,49,170,217,79.625,69.0625,88.15625,294,358
18,20,69,158,32.5,28.03125,64.1875,301,341
18,38,141,211,61.75,57.28125,85.71875,130,133
18,17,216,118,27.625,87.75,47.9375,139,143
18,40,246,216,65.0,99.9375,87.75,276,308
18,5,36,119,8.125,14.625,48.34375,322,370
18,46,189,249,74.75,76.78125,101.15625,323,371
18,17,23,184,27.625,9.34375,74.75,245,269
18,15,107,161,24.375,43.46875,65.40625,141,145
18,15,168,148,24.375,68.25,60.125,275,307
18,29,131,151,47.125,53.21875,61.34375,167,177
18,7,214,83,11.375,86.9375,33.71875,312,360
18,32,102,205,52.0,41.4375,83.28125,117,117
18,30,45,220,48.75,18.28125,89.375,314,362
18,46,57,234,74.75,23.15625,95.0625,303,343
18,44,188,214,71.5,76.375,86.9375,199,215
18,24,13,180,39.0,5.28125,73.125,315,363
19,53,34,232,86.125,13.8125,94.25,277,309
19,12,159,75,19.5,64.59375,30.46875,203,259
19,19,83,103,30.875,33.71875,41.84375,168,178
19,33,139,129,53.625,56.46875,52.40625,5,5
19,21,115,106,34.125,46.71875,43.0625,153,159
19,29,26,160,47.125,10.5625,65.0,281,313
19,37,224,129,60.125,91.0,52.40625,78,78
19,17,60,111,27.625,24.375,45.09375,196,208
19,32,190,125,52.0,77.1875,50.78125,7,7
19,43,196,157,69.875,79.625,63.78125,123,125
19,52,134,200,84.5,54.4375,81.25,280,312
19,24,42,130,39.0,17.0625,52.8125,4,372
19,17,171,85,27.625,69.46875,34.53125,265,295
19,7,12,109,11.375,4.875,44.28125,316,364
19,55,101,207,89.375,41.03125,84.09375,37,37
19,25,72,114,40.625,29.25,46.3125,26,26
19,47,98,194,76.375,39.8125,78.8125,251,294
19,44,121,169,71.5,49.15625,68.65625,13,13
19,39,28,175,63.375,11.375,71.09375,152,373
19,9,183,65,14.625,74.34375,26.40625,304,374
19,43,77,181,69.875,31.28125,73.53125,282,315
19,48,146,182,78.0,59.3125,73.9375,30,30
19,14,129,86,22.75,52.40625,34.9375,200,216
19,40,73,159,65.0,29.65625,64.59375,10,270
19,8,136,69,13.0,55.25,28.03125,317,365
19,40,111,157,65.0,45.09375,63.78125,10,272
19,35,82,147,56.875,33.3125,59.71875,25,25
19,13,12,115,21.125,4.875,46.71875,206,347
19,6,207,61,9.75,84.09375,24.78125,304,375
19,28,30,143,45.5,12.1875,58.09375,193,205
19,48,70,199,78.0,28.4375,80.84375,190,376
19,47,106,183,76.375,43.0625,74.34375,43,43
19,24,145,108,39.0,58.90625,43.875,144,148
19,13,73,93,21.125,29.65625,37.78125,246,345
19,9,65,86,14.625,26.40625,34.9375,246,346
19,27,242,104,43.875,98.3125,42.25,42,42
19,19,216,79,30.875,87.75,32.09375,133,137
19,52,48,218,84.5,19.5,88.5625,39,39
19,52,185,187,84.5,75.15625,75.96875,20,20
19,24,61,127,39.0,24.78125,51.59375,4,377
19,11,247,60,17.875,100.34375,24.375,256,284
19,56,12,239,91.0,4.875,97.09375,235,253
19,49,53,204,79.625,21.53125,82.875,190,378
19,14,104,92,22.75,42.25,37.375,212,228
19,44,249,150,71.5,101.15625,60.9375,257,285
19,15,195,77,24.375,79.21875,31.28125,182,194
19,55,89,218,89.375,36.15625,88.5625,46,46
19,35,14,182,56.875,5.6875,73.9375,152,237
19,49,241,168,79.625,97.90625,68.25,44,44
19,44,43,204,71.5,17.46875,82.875,21,21
19,15,228,71,24.375,92.625,28.84375,176,186
19,28,212,102,45.5,86.125,41.4375,69,379
19,28,183,107,45.5,74.34375,43.46875,61,61
19,32,61,153,52.0,24.78125,62.15625,101,316
19,31,102,129,50.375,41.4375,52.40625,211,380
19,56,216,203,91.0,87.75,82.46875,283,317
19,43,61,194,69.875,24.78125,78.8125,318,366
19,28,117,118,45.5,47.53125,47.9375,211,381
19,53,144,240,86.125,58.5,97.5,258,314
19,48,14,213,78.0,5.6875,86.53125,247,273
19,44,20,200,71.5,8.125,81.25,284,318
19,58,173,212,94.25,70.28125,86.125,55,55
19,54,215,187,87.75,87.34375,75.96875,58,58
19,47,208,166,76.375,84.5,67.4375,64,64
19,40,139,163,65.0,56.46875,66.21875,288,324
19,15,31,119,24.375,12.59375,48.34375,206,351
19,57,74,233,92.625,30.0625,94.65625,34,124
19,12,40,104,19.5,16.25,42.25,239,257
19,37,161,137,60.125,65.40625,55.65625,73,73
19,43,30,232,69.875,12.1875,94.25,181,262
19,31,208,150,50.375,84.5,60.9375,286,322
19,35,232,159,56.875,94.25,64.59375,83,83
19,8,162,50,13.0,65.8125,20.3125,261,290
19,21,249,85,34.125,101.15625,34.53125,75,75
19,26,200,107,42.25,81.25,43.46875,69,382
19,16,186,109,26.0,75.5625,44.28125,135,139
19,46,172,197,74.75,69.875,80.03125,38,38
19,7,85,82,11.375,34.53125,33.3125,306,352
19,39,229,193,63.375,93.03125,78.40625,88,88
19,39,126,145,63.375,51.1875,58.90625,72,72
19,8,114,73,13.0,46.3125,29.65625,307,353
19,15,245,97,24.375,99.53125,39.40625,170,180
19,27,149,137,43.875,60.53125,55.65625,70,70
19,31,35,185,50.375,14.21875,75.15625,269,301
19,14,208,100,22.75,84.5,40.625,184,196
19,34,204,174,55.25,82.875,70.6875,270,302
19,36,43,165,58.5,17.46875,67.03125,152,383
19,7,81,110,11.375,32.90625,44.6875,305,350
19,41,217,174,66.625,88.15625,70.6875,80,80
19,26,219,140,42.25,88.96875,56.875,290,326
19,57,220,238,92.625,89.375,96.6875,274,320
19,53,217,220,86.125,88.15625,89.375,197,209
19,30,74,133,48.75,30.0625,54.03125,268,300
19,57,185,241,92.625,75.15625,97.90625,82,82
19,18,103,128,29.25,41.84375,52.0,137,141
19,19,57,145,30.875,23.15625,58.90625,289,325
19,7,216,42,11.375,87.75,17.0625,308,354
19,21,37,164,34.125,15.03125,66.625,319,367
19,10,5,142,16.25,2.03125,57.6875,324,384
19,31,61,179,50.375,24.78125,72.71875,101,332
19,52,237,214,84.5,96.28125,86.9375,292,328
19,12,122,111,19.5,49.5625,45.09375,225,243
19,21,126,138,34.125,51.1875,56.0625,85,85
19,11,149,103,17.875,60.53125,41.84375,217,233
19,16,166,110,26.0,67.4375,44.6875,172,182
19,38,187,177,61.75,75.96875,71.90625,291,327
19,16,142,121,26.0,57.6875,49.15625,171,181
19,32,111,167,52.0,45.09375,67.84375,89,89
19,32,141,190,52.0,57.28125,77.1875,81,212
19,20,18,131,32.5,7.3125,53.21875,249,275
19,45,241,183,73.125,97.90625,74.34375,325,385
19,35,97,180,56.875,39.40625,73.125,102,171
19,25,83,147,40.625,33.71875,59.71875,296,334
19,9,194,108,14.625,78.8125,43.875,273,305
19,51,109,245,82.875,44.28125,99.53125,310,357
19,39,168,184,63.375,68.25,74.75,91,91
19,50,170,227,81.25,69.0625,92.21875,294,358
19,8,230,122,13.0,93.4375,49.5625,320,368
19,31,165,153,50.375,67.03125,62.15625,298,336
19,19,235,114,30.875,95.46875,46.3125,163,173
19,36,22,220,58.5,8.9375,89.375,326,386
19,22,67,162,35.75,27.21875,65.8125,301,341
19,51,160,224,82.875,65.0,91.0,294,356
19,40,140,215,65.0,56.875,87.34375,130,133
19,49,109,222,79.625,44.28125,90.1875,295,333
19,5,164,106,8.125,66.625,43.0625,321,369
19,18,215,122,29.25,87.34375,49.5625,139,143
19,16,107,164,26.0,43.46875,66.625,141,145
19,6,42,155,9.75,17.0625,62.96875,327,387
19,23,247,136,37.375,100.34375,55.25,110,110
19,6,32,120,9.75,13.0,48.75,322,370
19,31,197,193,50.375,80.03125,78.40625,113,388
19,43,240,226,69.875,97.5,91.8125,276,308
19,17,172,154,27.625,69.875,62.5625,275,307
19,19,25,190,30.875,10.15625,77.1875,245,269
19,8,213,84,13.0,86.53125,34.125,312,360
19,25,16,186,40.625,6.5,75.5625,315,363
19,46,63,238,74.75,25.59375,96.6875,303,343
19,33,93,218,53.625,37.78125,88.5625,117,389
19,32,186,196,52.0,75.5625,79.625,113,390
19,31,46,225,50.375,18.6875,91.40625,314,362
19,46,210,199,74.75,85.3125,80.84375,328,391
19,30,107,203,48.75,43.46875,82.46875,117,392
19,44,184,217,71.5,74.75,88.15625,199,215
20,55,35,237,89.375,14.21875,96.28125,277,309
20,19,84,104,30.875,34.125,42.25,168,178
20,33,192,129,53.625,78.0,52.40625,7,7
20,37,227,132,60.125,92.21875,53.625,78,78
20,34,140,131,55.25,56.875,53.21875,5,5
20,50,66,199,81.25,26.8125,80.84375,190,376
20,13,160,80,21.125,65.0,32.5,203,259
20,44,195,160,71.5,79.21875,65.0,123,125
20,30,25,160,48.75,10.15625,65.0,281,313
20,22,114,109,35.75,46.3125,44.28125,153,159
20,47,98,196,76.375,39.8125,79.625,251,294
20,53,134,203,86.125,54.4375,82.46875,280,312
20,44,76,182,71.5,30.875,73.9375,282,315
20,18,174,90,29.25,70.6875,36.5625,265,295
20,55,100,208,89.375,40.625,84.5,37,37
20,26,72,117,42.25,29.25,47.53125,26,26
20,29,32,147,47.125,13.0,59.71875,193,205
20,49,149,184,79.625,60.53125,74.75,30,30
20,25,43,134,40.625,17.46875,54.4375,4,372
20,11,181,71,17.875,73.53125,28.84375,304,374
20,50,52,208,81.25,21.125,84.5,190,378
20,40,28,178,65.0,11.375,72.3125,152,373
20,35,13,183,56.875,5.28125,74.34375,152,237
20,8,14,112,13.0,5.6875,45.5,316,364
20,36,83,150,58.5,33.71875,60.9375,25,25
20,18,64,116,29.25,26.0,47.125,196,208
20,7,212,65,11.375,86.125,26.40625,304,375
20,9,137,73,14.625,55.65625,29.65625,317,393
20,45,122,173,73.125,49.5625,70.28125,13,13
20,15,131,90,24.375,53.21875,36.5625,200,216
20,40,70,162,65.0,28.4375,65.8125,10,270
20,55,87,218,89.375,35.34375,88.5625,46,46
20,20,221,82,32.5,89.78125,33.3125,133,137
20,52,184,186,84.5,74.75,75.5625,20,20
20,24,145,110,39.0,58.90625,44.6875,144,148
20,53,48,224,86.125,19.5,91.0,39,39
20,28,245,107,45.5,99.53125,43.46875,42,42
20,41,112,159,66.625,45.5,64.59375,10,272
20,57,11,243,92.625,4.46875,98.71875,235,253
20,10,64,90,16.25,26.0,36.5625,246,346
20,50,245,173,81.25,99.53125,70.28125,44,44
20,32,60,151,52.0,24.375,61.34375,101,316
20,47,107,183,76.375,43.46875,74.34375,43,43
20,15,106,93,24.375,43.0625,37.78125,212,228
20,57,219,205,92.625,88.96875,83.28125,283,317
20,30,183,113,48.75,74.34375,45.90625,61,61
20,12,250,64,19.5,101.5625,26.0,256,284
20,24,59,128,39.0,23.96875,52.0,4,377
20,54,215,188,87.75,87.34375,76.375,58,58
20,28,215,104,45.5,87.34375,42.25,69,379
20,32,103,133,52.0,41.84375,54.03125,211,380
20,49,15,216,79.625,6.09375,87.75,247,273
20,29,119,121,47.125,48.34375,49.15625,211,381
20,16,200,82,26.0,81.25,33.3125,182,194
20,45,21,203,73.125,8.53125,82.46875,284,318
20,32,199,152,52.0,80.84375,61.75,286,322
20,37,42,170,60.125,17.0625,69.0625,152,383
20,48,207,169,78.0,84.09375,68.65625,64,64
20,6,173,59,9.75,70.28125,23.96875,261,290
20,58,175,213,94.25,71.09375,86.53125,55,55
20,58,75,236,94.25,30.46875,95.875,34,124
20,42,145,169,68.25,58.90625,68.65625,288,324
20,16,31,121,26.0,12.59375,49.15625,206,351
20,30,160,115,48.75,65.0,46.71875,329,394
20,44,30,234,71.5,12.1875,95.0625,181,262
20,8,86,85,13.0,34.9375,34.53125,306,352
20,5,139,62,8.125,56.46875,25.1875,317,395
20,27,201,111,43.875,81.65625,45.09375,69,382
20,30,75,135,48.75,30.46875,54.84375,268,300
20,35,230,161,56.875,93.4375,65.40625,83,83
20,13,39,108,21.125,15.84375,43.875,239,257
20,58,225,235,94.25,91.40625,95.46875,274,320
20,31,36,186,50.375,14.625,75.5625,269,301
20,47,172,198,76.375,69.875,80.4375,38,38
20,37,162,137,60.125,65.8125,55.65625,73,73
20,18,190,114,29.25,77.1875,46.3125,135,139
20,26,150,137,42.25,60.9375,55.65625,70,70
20,40,127,147,65.0,51.59375,59.71875,72,72
20,42,217,176,68.25,88.15625,71.5,80,80
20,40,229,194,65.0,93.03125,78.8125,88,88
20,57,186,243,92.625,75.5625,98.71875,82,82
20,10,114,76,16.25,46.3125,30.875,307,353
20,27,221,148,43.875,89.78125,60.125,290,326
20,53,217,221,86.125,88.15625,89.78125,197,209
20,17,246,103,27.625,99.9375,41.84375,170,180
20,53,141,242,86.125,57.28125,98.3125,258,314
20,33,110,168,53.625,44.6875,68.25,89,89
20,22,36,164,35.75,14.625,66.625,319,367
20,10,246,102,16.25,99.9375,41.4375,330,396
20,19,105,131,30.875,42.65625,53.21875,137,141
20,14,211,105,22.75,85.71875,42.65625,184,196
20,8,218,44,13.0,88.5625,17.875,308,354
20,8,84,112,13.0,34.125,45.5,305,350
20,52,236,215,84.5,95.875,87.34375,292,328
20,20,59,147,32.5,23.96875,59.71875,289,325
20,5,142,91,8.125,57.6875,36.96875,331,397
20,12,151,108,19.5,61.34375,43.875,217,233
20,31,62,179,50.375,25.1875,72.71875,101,332
20,52,190,227,84.5,77.1875,92.21875,332,398
20,22,128,140,35.75,52.0,56.875,85,85
20,37,97,182,60.125,39.40625,73.9375,102,171
20,11,5,146,17.875,2.03125,59.3125,324,384
20,18,168,115,29.25,68.25,46.71875,172,182
20,38,190,178,61.75,77.1875,72.3125,291,327
20,38,168,185,61.75,68.25,75.15625,91,91
20,31,194,196,50.375,78.8125,79.625,113,388
20,34,205,177,55.25,83.28125,71.90625,270,302
20,20,17,133,32.5,6.90625,54.03125,249,275
20,17,143,124,27.625,58.09375,50.375,171,181
20,10,235,126,16.25,95.46875,51.1875,320,368
20,26,84,150,42.25,34.125,60.9375,296,334
20,12,131,113,19.5,53.21875,45.90625,225,243
20,50,171,229,81.25,69.46875,93.03125,294,358
20,49,106,222,79.625,43.0625,90.1875,295,333
20,20,235,115,32.5,95.46875,46.71875,163,173
20,8,47,160,13.0,19.09375,65.0,327,387
20,10,194,112,16.25,78.8125,45.5,273,305
20,52,108,245,84.5,43.875,99.53125,310,357
20,40,139,220,65.0,56.46875,89.375,130,133
20,42,249,225,68.25,101.15625,91.40625,276,308
20,25,74,165,40.625,30.0625,67.03125,301,341
20,7,166,109,11.375,67.4375,44.28125,321,369
20,17,111,163,27.625,45.09375,66.21875,141,145
20,31,158,153,50.375,64.1875,62.15625,298,336
20,37,23,221,60.125,9.34375,89.78125,326,386
20,7,32,124,11.375,13.0,50.375,322,370
20,19,218,127,30.875,88.5625,51.59375,139,143
20,32,141,189,52.0,57.28125,76.78125,81,212
20,20,28,195,32.5,11.375,79.21875,245,269
20,20,175,162,32.5,71.09375,65.8125,275,307
20,30,108,201,48.75,43.875,81.65625,117,392
20,32,133,156,52.0,54.03125,63.375,333,399
20,26,20,187,42.25,8.125,75.96875,315,363
20,35,87,225,56.875,35.34375,91.40625,117,389
20,46,65,238,74.75,26.40625,96.6875,303,343
20,46,209,201,74.75,84.90625,81.65625,328,391
20,45,209,144,73.125,84.90625,58.5,334,400
21,38,229,135,61.75,93.03125,54.84375,78,78
21,56,39,243,91.0,15.84375,98.71875,277,309
21,34,198,132,55.25,80.4375,53.625,7,7
21,20,87,108,32.5,35.34375,43.875,168,178
21,34,143,134,55.25,58.09375,54.4375,5,5
21,15,162,84,24.375,65.8125,34.125,203,259
21,48,103,199,78.0,41.84375,80.84375,251,294
21,31,29,165,50.375,11.78125,67.03125,281,313
21,12,182,72,19.5,73.9375,29.25,304,374
21,45,195,164,73.125,79.21875,66.625,123,125
21,31,36,152,50.375,14.625,61.75,193,205
21,51,71,204,82.875,28.84375,82.875,190,376
21,45,79,185,73.125,32.09375,75.15625,282,315
21,23,116,113,37.375,47.125,45.90625,153,159
21,26,45,139,42.25,18.28125,56.46875,4,372
21,26,75,120,42.25,30.46875,48.75,26,26
21,27,6,157,43.875,2.4375,63.78125,335,401
21,19,174,93,30.875,70.6875,37.78125,265,295
21,5,249,54,8.125,101.15625,21.9375,336,402
21,55,101,213,89.375,41.03125,86.53125,37,37
21,36,85,156,58.5,34.53125,63.375,25,25
21,54,135,209,87.75,54.84375,84.90625,280,312
21,7,215,66,11.375,87.34375,26.8125,304,375
21,41,31,182,66.625,12.59375,73.9375,152,373
21,11,138,77,17.875,56.0625,31.28125,317,393
21,51,152,192,82.875,61.75,78.0,30,30
21,14,77,99,22.75,31.28125,40.21875,337,403
21,9,16,115,14.625,6.5,46.71875,316,364
21,35,15,185,56.875,6.09375,75.15625,152,237
21,51,56,215,82.875,22.75,87.34375,190,378
21,21,225,85,34.125,91.40625,34.53125,133,137
21,25,144,114,40.625,58.5,46.3125,144,148
21,16,130,92,26.0,52.8125,37.375,200,216
21,41,116,161,66.625,47.125,65.40625,10,272
21,19,66,118,30.875,26.8125,47.9375,196,208
21,47,108,185,76.375,43.875,75.15625,43,43
21,11,68,92,17.875,27.625,37.375,246,346
21,45,126,175,73.125,51.1875,71.09375,13,13
21,56,90,224,91.0,36.5625,91.0,46,46
21,15,14,125,24.375,5.6875,50.78125,338,404
21,53,52,227,86.125,21.125,92.21875,39,39
21,33,106,136,53.625,43.0625,55.25,211,380
21,16,107,98,26.0,43.46875,39.8125,212,228
21,57,12,245,92.625,4.875,99.53125,235,253
21,41,73,166,66.625,29.65625,67.4375,10,270
21,50,250,175,81.25,101.5625,71.09375,44,44
21,16,234,76,26.0,95.0625,30.875,339,405
21,33,62,156,53.625,25.1875,63.375,101,316
21,52,185,189,84.5,75.15625,76.78125,20,20
21,31,186,117,50.375,75.5625,47.53125,61,61
21,29,247,109,47.125,100.34375,44.28125,42,42
21,51,20,222,82.875,8.125,90.1875,247,273
21,29,218,107,47.125,88.5625,43.46875,69,379
21,7,140,67,11.375,56.875,27.21875,317,395
21,32,198,154,52.0,80.4375,62.5625,286,322
21,54,218,190,87.75,88.5625,77.1875,58,58
21,57,223,207,92.625,90.59375,84.09375,283,317
21,25,62,134,40.625,25.1875,54.4375,4,377
21,17,203,85,27.625,82.46875,34.53125,182,194
21,10,89,87,16.25,36.15625,35.34375,306,352
21,14,43,113,22.75,17.46875,45.90625,239,257
21,48,176,200,78.0,71.5,81.25,38,38
21,7,173,63,11.375,70.28125,25.59375,261,406
21,18,32,125,29.25,13.0,50.78125,206,351
21,31,77,138,50.375,31.28125,56.0625,268,300
21,30,161,118,48.75,65.40625,47.9375,329,394
21,53,164,231,86.125,66.625,93.84375,294,358
21,45,32,237,73.125,13.0,96.28125,181,262
21,48,214,171,78.0,86.9375,69.46875,64,64
21,5,66,76,8.125,26.8125,30.875,340,407
21,9,167,53,14.625,67.84375,21.53125,261,408
21,58,224,239,94.25,91.0,97.09375,274,320
21,5,103,69,8.125,41.84375,28.03125,341,409
21,46,22,209,74.75,8.9375,84.90625,284,318
21,27,152,141,43.875,61.75,57.28125,70,70
21,38,167,138,61.75,67.84375,56.0625,73,73
21,39,46,176,63.375,18.6875,71.5,152,383
21,11,250,102,17.875,101.5625,41.4375,330,396
21,36,229,163,58.5,93.03125,66.21875,83,83
21,19,189,117,30.875,76.78125,47.53125,135,139
21,5,180,88,8.125,73.125,35.75,342,410
21,28,203,115,45.5,82.46875,46.71875,69,382
21,44,150,172,71.5,60.9375,69.875,288,324
21,27,219,151,43.875,88.96875,61.34375,290,326
21,40,131,149,65.0,53.21875,60.53125,72,72
21,11,116,81,17.875,47.125,32.90625,307,353
21,32,39,189,52.0,15.84375,76.78125,269,301
21,15,216,108,24.375,87.75,43.875,184,196
21,17,246,105,27.625,99.9375,42.65625,170,180
21,41,231,199,66.625,93.84375,80.84375,88,88
21,23,41,166,37.375,16.65625,67.4375,319,367
21,13,133,119,21.125,54.03125,48.34375,225,243
21,19,108,135,30.875,43.875,54.84375,137,141
21,8,218,46,13.0,88.5625,18.6875,308,354
21,58,189,245,94.25,76.78125,99.53125,82,82
21,54,219,223,87.75,88.96875,90.59375,197,209
21,34,112,174,55.25,45.5,70.6875,89,89
21,9,88,114,14.625,35.75,46.3125,305,350
21,6,144,95,9.75,58.5,38.59375,331,397
21,53,144,248,86.125,58.5,100.75,258,314
21,53,191,229,86.125,77.59375,93.03125,332,398
21,21,63,150,34.125,25.59375,60.9375,289,325
21,21,128,140,34.125,52.0,56.875,85,85
21,12,8,147,19.5,3.25,59.71875,324,384
21,12,155,113,19.5,62.96875,45.90625,217,233
21,33,67,184,53.625,27.21875,74.75,101,332
21,34,210,180,55.25,85.3125,73.125,270,302
21,17,33,99,27.625,13.40625,40.21875,343,411
21,52,239,217,84.5,97.09375,88.15625,292,328
21,22,21,140,35.75,8.53125,56.875,249,275
21,33,191,202,53.625,77.59375,82.0625,113,388
21,39,108,191,63.375,43.875,77.59375,102,171
21,12,240,132,19.5,97.5,53.625,320,368
21,18,169,121,29.25,68.65625,49.15625,172,182
21,39,190,181,63.375,77.1875,73.53125,291,327
21,40,168,184,65.0,68.25,74.75,91,91
21,27,91,153,43.875,36.96875,62.15625,296,334
21,42,123,200,68.25,49.96875,81.25,344,412
21,27,79,168,43.875,32.09375,68.25,301,341
21,16,142,132,26.0,57.6875,53.625,171,181
21,38,6,225,61.75,2.4375,91.40625,345,413
21,32,146,192,52.0,59.3125,78.0,81,212
21,50,111,227,81.25,45.09375,92.21875,295,333
21,21,238,119,34.125,96.6875,48.34375,163,173
21,30,240,154,48.75,97.5,62.5625,346,414
21,20,220,127,32.5,89.375,51.59375,139,143
21,7,170,111,11.375,69.0625,45.09375,321,369
21,19,113,170,30.875,45.90625,69.0625,141,145
21,31,160,156,50.375,65.0,63.375,298,336
21,8,60,166,13.0,24.375,67.4375,327,387
21,21,180,165,34.125,73.125,67.03125,275,307
21,38,29,223,61.75,11.78125,90.59375,326,386
21,20,33,199,32.5,13.40625,80.84375,245,269
21,41,142,222,66.625,57.6875,90.1875,130,133
21,31,132,159,50.375,53.625,64.59375,333,399
21,26,23,188,42.25,9.34375,76.375,315,363
21,47,211,202,76.375,85.71875,82.0625,328,391
21,30,103,206,48.75,41.84375,83.6875,117,392
21,47,58,246,76.375,23.5625,99.9375,303,343
22,38,231,137,61.75,93.84375,55.65625,78,78
22,56,38,248,91.0,15.4375,100.75,277,309
22,21,87,112,34.125,35.34375,45.5,168,178
22,35,197,135,56.875,80.03125,54.84375,7,7
22,16,164,85,26.0,66.625,34.53125,203,259
22,29,7,161,47.125,2.84375,65.40625,335,401
22,33,31,170,53.625,12.59375,69.0625,281,313
22,36,144,138,58.5,58.5,56.0625,5,5
22,32,40,157,52.0,16.25,63.78125,193,205
22,46,78,188,74.75,31.6875,76.375,282,315
22,28,75,125,45.5,30.46875,50.78125,26,26
22,49,102,200,79.625,41.4375,81.25,251,294
22,25,116,119,40.625,47.125,48.34375,153,159
22,45,197,166,73.125,80.03125,67.4375,123,125
22,20,175,95,32.5,71.09375,38.59375,265,295
22,36,16,189,58.5,6.5,76.78125,152,237
22,27,45,143,43.875,18.28125,58.09375,4,372
22,37,88,158,60.125,35.75,64.1875,25,25
22,42,32,187,68.25,13.0,75.96875,152,373
22,15,79,102,24.375,32.09375,41.4375,337,403
22,22,226,87,35.75,91.8125,35.34375,133,137
22,51,54,217,82.875,21.9375,88.15625,190,378
22,11,19,121,17.875,7.71875,49.15625,316,364
22,17,130,95,27.625,52.8125,38.59375,200,216
22,52,154,195,84.5,62.5625,79.21875,30,30
22,54,134,210,87.75,54.4375,85.3125,280,312
22,11,141,78,17.875,57.28125,31.6875,317,393
22,26,144,117,42.25,58.5,47.53125,144,148
22,41,120,165,66.625,48.75,67.03125,10,272
22,56,102,218,91.0,41.4375,88.5625,37,37
22,16,14,128,26.0,5.6875,52.0,338,404
22,45,126,179,73.125,51.1875,72.71875,13,13
22,9,216,65,14.625,87.75,26.40625,304,375
22,20,67,118,32.5,27.21875,47.9375,196,208
22,47,108,187,76.375,43.875,75.96875,43,43
22,13,185,73,21.125,75.15625,29.65625,304,374
22,12,71,95,19.5,28.84375,38.59375,246,346
22,29,249,111,47.125,101.15625,45.09375,42,42
22,33,107,140,53.625,43.46875,56.875,211,380
22,18,109,100,29.25,44.28125,40.625,212,228
22,57,91,232,92.625,36.96875,94.25,46,46
22,52,72,210,84.5,29.25,85.3125,190,376
22,26,65,139,42.25,26.40625,56.46875,4,377
22,42,75,169,68.25,30.46875,68.65625,10,270
22,57,10,250,92.625,4.0625,101.5625,235,253
22,30,218,110,48.75,88.5625,44.6875,69,379
22,18,236,80,29.25,95.875,32.5,339,405
22,54,52,232,87.75,21.125,94.25,39,39
22,32,186,118,52.0,75.5625,47.9375,61,61
22,8,142,68,13.0,57.6875,27.625,317,395
22,52,187,193,84.5,75.96875,78.40625,20,20
22,18,204,86,29.25,82.875,34.9375,182,194
22,34,64,159,55.25,26.0,64.59375,101,316
22,8,177,64,13.0,71.90625,26.0,261,406
22,51,20,227,82.875,8.125,92.21875,247,273
22,54,218,192,87.75,88.5625,78.0,58,58
22,45,66,202,73.125,26.8125,82.0625,347,415
22,46,23,213,74.75,9.34375,86.53125,284,318
22,57,223,208,92.625,90.59375,84.5,283,317
22,47,178,202,76.375,72.3125,82.0625,38,38
22,11,90,90,17.875,36.5625,36.5625,306,352
22,12,237,70,19.5,96.28125,28.4375,348,416
22,49,215,174,79.625,87.34375,70.6875,64,64
22,31,159,122,50.375,64.59375,49.5625,329,394
22,28,155,143,45.5,62.96875,58.09375,70,70
22,20,110,138,32.5,44.6875,56.0625,137,141
22,46,33,240,74.75,13.40625,97.5,181,262
22,37,233,166,60.125,94.65625,67.4375,83,83
22,39,45,180,63.375,18.28125,73.125,152,383
22,32,76,141,52.0,30.875,57.28125,268,300
22,18,33,130,29.25,13.40625,52.8125,206,351
22,32,209,157,52.0,84.90625,63.78125,286,322
22,39,171,138,63.375,69.46875,56.0625,73,73
22,58,222,240,94.25,90.1875,97.5,274,320
22,29,202,117,47.125,82.0625,47.53125,69,382
22,14,44,115,22.75,17.875,46.71875,239,257
22,45,153,174,73.125,62.15625,70.6875,288,324
22,6,103,72,9.75,41.84375,29.25,341,409
22,7,116,105,11.375,47.125,42.65625,349,417
22,9,169,53,14.625,68.65625,21.53125,261,408
22,57,188,247,92.625,76.375,100.34375,82,82
22,19,249,106,30.875,101.15625,43.0625,170,180
22,6,66,77,9.75,26.8125,31.28125,340,407
22,41,131,153,66.625,53.21875,62.15625,72,72
22,12,117,84,19.5,47.53125,34.125,307,353
22,20,192,119,32.5,78.0,48.34375,135,139
22,52,164,234,84.5,66.625,95.0625,294,358
22,22,40,165,35.75,16.25,67.03125,319,367
22,33,40,194,53.625,16.25,78.8125,269,301
22,8,148,98,13.0,60.125,39.8125,331,397
22,21,63,151,34.125,25.59375,61.34375,289,325
22,28,222,150,45.5,90.1875,60.9375,290,326
22,9,217,48,14.625,88.15625,19.5,308,354
22,10,91,118,16.25,36.96875,47.9375,305,350
22,16,217,106,26.0,88.15625,43.0625,184,196
22,53,140,249,86.125,56.875,101.15625,258,314
22,14,134,121,22.75,54.4375,49.15625,225,243
22,22,135,145,35.75,54.84375,58.90625,85,85
22,55,214,225,89.375,86.9375,91.40625,197,209
22,34,202,179,55.25,82.0625,72.71875,270,302
22,41,231,201,66.625,93.84375,81.65625,88,88
22,39,104,198,63.375,42.25,80.4375,102,171
22,52,190,229,84.5,77.1875,93.03125,332,398
22,42,219,180,68.25,88.96875,73.125,350,418
22,34,69,187,55.25,28.03125,75.96875,101,332
22,34,114,184,55.25,46.3125,74.75,89,89
22,6,182,92,9.75,73.9375,37.375,342,410
22,26,200,146,42.25,81.25,59.3125,351,419
22,14,156,116,22.75,63.375,47.125,217,233
22,39,192,180,63.375,78.0,73.125,291,327
22,23,22,146,37.375,8.9375,59.3125,249,275
22,5,77,121,8.125,31.28125,49.15625,352,420
22,52,239,220,84.5,97.09375,89.375,292,328
22,18,35,101,29.25,14.21875,41.03125,343,411
22,11,74,123,17.875,30.0625,49.96875,353,421
22,27,91,156,43.875,36.96875,63.375,296,334
22,39,10,229,63.375,4.0625,93.03125,345,413
22,33,201,203,53.625,81.65625,82.46875,113,388
22,13,10,151,21.125,4.0625,61.34375,324,384
22,19,173,127,30.875,70.28125,51.59375,172,182
22,18,145,133,29.25,58.90625,54.03125,171,181
22,14,242,136,22.75,98.3125,55.25,320,368
22,5,7,134,8.125,2.84375,54.4375,354,422
22,43,122,209,69.875,49.5625,84.90625,344,412
22,27,78,170,43.875,31.6875,69.0625,301,341
22,40,165,189,65.0,67.03125,76.78125,91,91
22,20,224,125,32.5,91.0,50.78125,139,143
22,19,114,176,30.875,46.3125,71.5,141,145
22,22,241,126,35.75,97.90625,51.1875,163,173
22,51,113,233,82.875,45.90625,94.65625,295,333
22,29,242,158,47.125,98.3125,64.1875,346,414
22,32,165,158,52.0,67.03125,64.1875,298,336
22,22,33,203,35.75,13.40625,82.46875,245,269
22,9,53,171,14.625,21.53125,69.46875,327,387
22,12,198,115,19.5,80.4375,46.71875,355,423
22,33,143,194,53.625,58.09375,78.8125,81,212
22,22,6,180,35.75,2.4375,73.125,356,424
22,22,183,169,35.75,74.34375,68.65625,275,307
22,31,131,159,50.375,53.21875,64.59375,333,399
22,45,249,239,73.125,101.15625,97.09375,357,425
22,25,20,190,40.625,8.125,77.1875,315,363
22,39,141,220,63.375,57.28125,89.375,130,133
22,46,217,149,74.75,88.15625,60.53125,358,426
23,34,32,172,55.25,13.0,69.875,281,313
23,39,231,138,63.375,93.84375,56.0625,78,78
23,5,21,89,8.125,8.53125,36.15625,359,427
23,36,198,136,58.5,80.4375,55.25,7,7
23,16,165,86,26.0,67.03125,34.9375,203,259
23,26,114,120,42.25,46.3125,48.75,153,159
23,47,77,190,76.375,31.28125,77.1875,282,315
23,29,75,127,47.125,30.46875,51.59375,26,26
23,34,41,160,55.25,16.65625,65.0,193,205
23,23,88,114,37.375,35.75,46.3125,168,178
23,57,102,221,92.625,41.4375,89.78125,37,37
23,46,199,167,74.75,80.84375,67.84375,123,125
23,30,6,164,48.75,2.4375,66.625,335,401
23,28,48,142,45.5,19.5,57.6875,4,372
23,43,31,189,69.875,12.59375,76.78125,152,373
23,38,146,143,61.75,59.3125,58.09375,5,5
23,22,177,98,35.75,71.90625,39.8125,265,295
23,38,94,162,61.75,38.1875,65.8125,25,25
23,37,19,190,60.125,7.71875,77.1875,152,237
23,54,136,209,87.75,55.25,84.90625,280,312
23,50,106,202,81.25,43.0625,82.0625,251,294
23,13,143,81,21.125,58.09375,32.90625,317,393
23,26,144,116,42.25,58.5,47.125,144,148
23,5,10,98,8.125,4.0625,39.8125,360,428
23,53,160,198,86.125,65.0,80.4375,30,30
23,6,42,94,9.75,17.0625,38.1875,361,429
23,10,217,67,16.25,88.15625,27.21875,304,375
23,24,228,91,39.0,92.625,36.96875,133,137
23,19,131,97,30.875,53.21875,39.40625,200,216
23,12,20,122,19.5,8.125,49.5625,316,364
23,58,92,236,94.25,37.375,95.875,46,46
23,16,82,107,26.0,33.3125,43.46875,337,403
23,18,108,103,29.25,43.875,41.84375,212,228
23,46,128,180,74.75,52.0,73.125,13,13
23,5,198,53,8.125,80.4375,21.53125,362,430
23,34,109,142,55.25,44.28125,57.6875,211,380
23,41,122,166,66.625,49.5625,67.4375,10,272
23,52,56,219,84.5,22.75,88.96875,190,378
23,47,110,187,76.375,44.6875,75.96875,43,43
23,20,68,120,32.5,27.625,48.75,196,208
23,13,71,96,21.125,28.84375,39.0,246,346
23,18,17,132,29.25,6.90625,53.625,338,404
23,29,67,143,47.125,27.21875,58.09375,4,377
23,42,78,172,68.25,31.6875,69.875,10,270
23,52,75,212,84.5,30.46875,86.125,190,376
23,55,53,235,89.375,21.53125,95.46875,39,39
23,31,250,113,50.375,101.5625,45.90625,42,42
23,46,66,204,74.75,26.8125,82.875,347,415
23,31,222,112,50.375,90.1875,45.5,69,379
23,53,191,196,86.125,77.59375,79.625,20,20
23,34,186,121,55.25,75.5625,49.15625,61,61
23,52,20,232,84.5,8.125,94.25,247,273
23,57,226,208,92.625,91.8125,84.5,283,317
23,55,222,193,89.375,90.1875,78.40625,58,58
23,20,205,89,32.5,83.28125,36.15625,182,194
23,10,181,66,16.25,73.53125,26.8125,261,406
23,47,180,201,76.375,73.125,81.65625,38,38
23,47,37,243,76.375,15.03125,98.71875,181,262
23,13,235,70,21.125,95.46875,28.4375,348,416
23,12,90,92,19.5,36.5625,37.375,306,352
23,33,77,144,53.625,31.28125,58.5,268,300
23,50,218,175,81.25,88.5625,71.09375,64,64
23,9,143,70,14.625,58.09375,28.4375,317,395
23,32,158,123,52.0,64.1875,49.96875,329,394
23,20,35,133,32.5,14.21875,54.03125,206,351
23,15,186,77,24.375,75.5625,31.28125,304,374
23,41,50,185,66.625,20.3125,75.15625,152,383
23,21,110,141,34.125,44.6875,57.28125,137,141
23,47,22,217,76.375,8.9375,88.15625,284,318
23,16,45,118,26.0,18.28125,47.9375,239,257
23,34,209,157,55.25,84.90625,63.78125,286,322
23,39,171,137,63.375,69.46875,55.65625,73,73
23,29,156,146,47.125,63.375,59.3125,70,70
23,58,224,243,94.25,91.0,98.71875,274,320
23,35,64,159,56.875,26.0,64.59375,101,316
23,31,206,119,50.375,83.6875,48.34375,69,382
23,14,179,101,22.75,72.71875,41.03125,363,431
23,42,230,201,68.25,93.4375,81.65625,88,88
23,7,67,78,11.375,27.21875,31.6875,340,407
23,37,234,167,60.125,95.0625,67.84375,83,83
23,30,226,149,48.75,91.8125,60.53125,290,326
23,47,157,179,76.375,63.78125,72.71875,288,324
23,10,170,53,16.25,69.0625,21.53125,261,408
23,8,104,75,13.0,42.25,30.46875,341,409
23,20,250,108,32.5,101.5625,43.875,170,180
23,24,41,166,39.0,16.65625,67.4375,319,367
23,10,153,98,16.25,62.15625,39.8125,331,397
23,9,120,106,14.625,48.75,43.0625,349,417
23,58,188,246,94.25,76.375,99.9375,82,82
23,42,134,155,68.25,54.4375,62.96875,72,72
23,18,221,107,29.25,89.78125,43.46875,184,196
23,14,116,86,22.75,47.125,34.9375,307,353
23,10,92,116,16.25,37.375,47.125,305,350
23,14,134,126,22.75,54.4375,51.1875,225,243
23,22,195,121,35.75,79.21875,49.15625,135,139
23,53,171,238,86.125,69.46875,96.6875,294,358
23,23,65,154,37.375,26.40625,62.5625,289,325
23,35,69,193,56.875,28.03125,78.40625,101,332
23,10,219,48,16.25,88.96875,19.5,308,354
23,54,215,224,87.75,87.34375,91.0,197,209
23,23,139,149,37.375,56.46875,60.53125,85,85
23,36,114,182,58.5,46.3125,73.9375,89,89
23,52,191,228,84.5,77.59375,92.625,332,398
23,35,204,184,56.875,82.875,74.75,270,302
23,40,193,181,65.0,78.40625,73.53125,291,327
23,34,39,198,55.25,15.84375,80.4375,269,301
23,35,201,209,56.875,81.65625,84.90625,113,388
23,53,236,218,86.125,95.875,88.5625,292,328
23,11,107,65,17.875,43.46875,26.40625,364,432
23,46,248,190,74.75,100.75,77.1875,365,433
23,25,27,152,40.625,10.96875,61.75,249,275
23,12,76,127,19.5,30.875,51.59375,353,421
23,27,205,149,43.875,83.28125,60.53125,351,419
23,15,159,119,24.375,64.59375,48.34375,217,233
23,40,110,202,65.0,44.6875,82.0625,102,171
23,7,187,91,11.375,75.96875,36.96875,342,410
23,23,243,119,37.375,98.71875,48.34375,163,173
23,19,34,102,30.875,13.8125,41.4375,343,411
23,15,245,137,24.375,99.53125,55.65625,320,368
23,7,13,139,11.375,5.28125,56.46875,354,422
23,28,92,156,45.5,37.375,63.375,296,334
23,11,138,109,17.875,56.0625,44.28125,366,434
23,18,146,137,29.25,59.3125,55.65625,171,181
23,40,162,190,65.0,65.8125,77.1875,91,91
23,13,9,154,21.125,3.65625,62.5625,324,384
23,45,145,200,73.125,58.90625,81.25,367,435
23,39,11,229,63.375,4.46875,93.03125,345,413
23,45,126,211,73.125,51.1875,85.71875,344,412
23,20,177,129,32.5,71.90625,52.40625,172,182
23,48,149,242,78.0,60.53125,98.3125,368,436
23,21,227,126,34.125,92.21875,51.1875,139,143
23,29,81,175,47.125,32.90625,71.09375,301,341
23,34,167,163,55.25,67.84375,66.21875,298,336
23,22,110,177,35.75,44.6875,71.90625,141,145
23,30,243,156,48.75,98.71875,63.375,346,414
23,33,141,196,53.625,57.28125,79.625,81,212
23,14,203,115,22.75,82.46875,46.71875,355,423
23,5,206,89,8.125,83.6875,36.15625,369,437
23,10,61,170,16.25,24.78125,69.0625,327,387
23,23,31,207,37.375,12.59375,84.09375,245,269
23,5,199,121,8.125,80.84375,49.15625,370,438
23,38,35,228,61.75,14.21875,92.625,371,439
23,23,7,183,37.375,2.84375,74.34375,356,424
23,44,72,223,71.5,29.25,90.59375,372,440
23,23,176,171,37.375,71.5,69.46875,275,307
23,31,131,162,50.375,53.21875,65.8125,333,399
23,47,210,202,76.375,85.3125,82.0625,373,441
23,26,20,194,42.25,8.125,78.8125,315,363
23,40,142,224,65.0,57.6875,91.0,130,133
23,33,106,219,53.625,43.0625,88.96875,374,442
24,36,34,177,58.5,13.8125,71.90625,281,313
24,37,197,140,60.125,80.03125,56.875,7,7
24,7,24,95,11.375,9.75,38.59375,359,427
24,40,231,141,65.0,93.84375,57.28125,78,78
24,18,165,90,29.25,67.03125,36.5625,203,259
24,27,115,123,43.875,46.71875,49.96875,153,159
24,24,88,118,39.0,35.75,47.9375,168,178
24,29,74,131,47.125,30.0625,53.21875,26,26
24,31,7,170,50.375,2.84375,69.0625,335,401
24,40,149,149,65.0,60.53125,60.53125,5,5
24,47,199,171,76.375,80.84375,69.46875,123,125
24,36,45,168,58.5,18.28125,68.25,193,205
24,48,79,194,78.0,32.09375,78.8125,282,315
24,43,33,193,69.875,13.40625,78.40625,152,373
24,55,139,212,89.375,56.46875,86.125,280,312
24,29,49,148,47.125,19.90625,60.125,4,372
24,57,104,223,92.625,42.25,90.59375,37,37
24,24,177,102,39.0,71.90625,41.4375,265,295
24,6,10,102,9.75,4.0625,41.4375,360,428
24,39,20,196,63.375,8.125,79.625,152,237
24,6,200,56,9.75,81.25,22.75,362,430
24,20,132,101,32.5,53.625,41.03125,200,216
24,50,107,204,81.25,43.46875,82.875,251,294
24,52,55,221,84.5,22.34375,89.78125,190,378
24,15,71,100,24.375,28.84375,40.625,246,346
24,43,124,170,69.875,50.375,69.0625,10,272
24,14,142,84,22.75,57.6875,34.125,317,393
24,20,110,108,32.5,44.6875,43.875,212,228
24,14,23,127,22.75,9.34375,51.59375,316,364
24,40,96,166,65.0,39.0,67.4375,25,25
24,28,144,122,45.5,58.5,49.5625,144,148
24,8,45,97,13.0,18.28125,39.40625,361,429
24,47,131,183,76.375,53.21875,74.34375,13,13
24,11,217,69,17.875,88.15625,28.03125,304,375
24,49,114,191,79.625,46.3125,77.59375,43,43
24,54,163,201,87.75,66.21875,81.65625,30,30
24,31,68,148,50.375,27.625,60.125,4,377
24,22,67,126,35.75,27.21875,51.1875,196,208
24,43,79,177,69.875,32.09375,71.90625,10,270
24,19,16,138,30.875,6.5,56.0625,338,404
24,56,56,242,91.0,22.75,98.3125,39,39
24,54,194,198,87.75,78.8125,80.4375,20,20
24,32,224,115,52.0,91.0,46.71875,69,379
24,25,228,94,40.625,92.625,38.1875,133,443
24,21,236,85,34.125,95.875,34.53125,133,444
24,35,111,146,56.875,45.09375,59.3125,211,380
24,17,188,80,27.625,76.375,32.5,304,374
24,5,148,65,8.125,60.125,26.40625,375,445
24,35,189,123,56.875,76.78125,49.96875,61,61
24,11,183,67,17.875,74.34375,27.21875,261,406
24,53,21,237,86.125,8.53125,96.28125,247,273
24,48,69,209,78.0,28.03125,84.90625,347,415
24,11,143,74,17.875,58.09375,30.0625,317,395
24,56,223,194,91.0,90.59375,78.8125,58,58
24,57,224,207,92.625,91.0,84.09375,283,317
24,49,181,209,79.625,73.53125,84.90625,38,38
24,22,205,91,35.75,83.28125,36.96875,182,194
24,14,237,72,22.75,96.28125,29.25,348,416
24,50,222,175,81.25,90.1875,71.09375,64,64
24,14,91,96,22.75,36.96875,39.0,306,352
24,19,46,122,30.875,18.6875,49.5625,239,257
24,22,34,138,35.75,13.8125,56.0625,206,351
24,8,68,82,13.0,27.625,33.3125,340,407
24,47,40,249,76.375,16.25,101.15625,181,262
24,54,77,220,87.75,31.28125,89.375,190,376
24,43,51,191,69.875,20.71875,77.59375,152,383
24,48,26,222,78.0,10.5625,90.1875,284,318
24,42,233,203,68.25,94.65625,82.46875,88,88
24,16,181,104,26.0,73.53125,42.25,363,431
24,33,160,126,53.625,65.0,51.1875,329,394
24,12,92,119,19.5,37.375,48.34375,305,446
24,35,80,150,56.875,32.5,60.9375,268,300
24,40,170,141,65.0,69.0625,57.28125,73,73
24,36,62,161,58.5,25.1875,65.40625,101,316
24,10,104,80,16.25,42.25,32.5,341,409
24,12,154,103,19.5,62.5625,41.84375,331,397
24,11,170,55,17.875,69.0625,22.34375,261,408
24,26,41,171,42.25,16.65625,69.46875,319,367
24,16,138,126,26.0,56.0625,51.1875,225,243
24,23,114,146,37.375,46.3125,59.3125,137,141
24,43,136,158,69.875,55.25,64.1875,72,72
24,16,117,89,26.0,47.53125,36.15625,307,353
24,24,200,124,39.0,81.25,50.375,135,139
24,36,203,185,58.5,82.46875,75.15625,270,302
24,41,185,152,66.625,75.15625,61.75,376,447
24,31,224,153,50.375,91.0,62.15625,290,326
24,32,207,121,52.0,84.09375,49.15625,69,382
24,35,214,161,56.875,86.9375,65.40625,286,322
24,8,86,129,13.0,34.9375,52.40625,305,448
24,9,120,110,14.625,48.75,44.6875,349,417
24,58,225,241,94.25,91.40625,97.90625,274,320
24,31,159,153,50.375,64.59375,62.15625,70,70
24,29,97,131,47.125,39.40625,53.21875,377,449
24,35,37,204,56.875,15.03125,82.875,269,301
24,11,220,50,17.875,89.375,20.3125,308,354
24,10,186,94,16.25,75.5625,38.1875,342,410
24,5,65,105,8.125,26.40625,42.65625,378,450
24,36,71,196,58.5,28.84375,79.625,101,332
24,38,237,169,61.75,96.28125,68.65625,83,83
24,19,223,111,30.875,90.59375,45.09375,184,196
24,49,162,184,79.625,65.8125,74.75,288,324
24,37,114,190,60.125,46.3125,77.1875,89,89
24,13,77,131,21.125,31.28125,53.21875,353,421
24,12,106,68,19.5,43.0625,27.625,364,432
24,27,27,157,43.875,10.96875,63.78125,249,275
24,54,217,228,87.75,88.15625,92.625,197,209
24,16,159,125,26.0,64.59375,50.78125,217,233
24,25,141,153,40.625,57.28125,62.15625,85,85
24,20,36,103,32.5,14.625,41.84375,343,411
24,17,120,134,27.625,48.75,54.4375,379,451
24,52,192,233,84.5,78.0,94.65625,332,398
24,43,6,203,69.875,2.4375,82.46875,380,452
24,54,164,239,87.75,66.625,97.09375,294,453
24,28,94,158,45.5,38.1875,64.1875,296,334
24,17,249,139,27.625,101.15625,56.46875,320,368
24,28,206,154,45.5,83.6875,62.5625,351,419
24,9,15,141,14.625,6.09375,57.28125,354,422
24,24,244,122,39.0,99.125,49.5625,163,173
24,6,206,121,9.75,83.6875,49.15625,370,438
24,14,11,157,22.75,4.46875,63.78125,324,384
24,21,186,135,34.125,75.5625,54.84375,172,182
24,32,244,155,52.0,99.125,62.96875,346,414
24,54,173,245,87.75,70.28125,99.53125,294,454
24,44,59,235,71.5,23.96875,95.46875,381,455
24,45,126,217,73.125,51.1875,88.15625,344,412
24,34,143,205,55.25,58.09375,83.28125,81,212
24,22,112,178,35.75,45.5,72.3125,141,145
24,36,168,167,58.5,68.25,67.84375,298,336
24,35,202,207,56.875,82.0625,84.09375,113,388
24,20,148,139,32.5,60.125,56.46875,171,181
24,29,76,178,47.125,30.875,72.3125,301,341
24,53,113,240,86.125,45.90625,97.5,382,456
24,8,206,90,13.0,83.6875,36.5625,369,437
24,6,137,138,9.75,55.65625,56.0625,383,457
24,41,164,198,66.625,66.625,80.4375,91,91
24,22,229,129,35.75,93.03125,52.40625,139,143
24,40,16,234,65.0,6.5,95.0625,345,413
24,40,37,231,65.0,15.03125,93.84375,371,439
24,12,53,173,19.5,21.53125,70.28125,327,387
24,23,8,188,37.375,3.25,76.375,356,424
24,5,160,122,8.125,65.0,49.5625,384,458
24,23,33,209,37.375,13.40625,84.90625,245,269
24,46,78,228,74.75,31.6875,92.625,372,440
24,39,104,246,63.375,42.25,99.9375,385,459
24,23,181,171,37.375,73.53125,69.46875,275,307
24,33,132,172,53.625,53.625,69.875,333,399
24,48,213,208,78.0,86.53125,84.5,373,441
24,28,20,198,45.5,8.125,80.4375,315,363
24,47,215,151,76.375,87.34375,61.34375,386,460
25,8,26,100,13.0,10.5625,40.625,359,427
25,39,200,148,63.375,81.25,60.125,7,7
25,37,34,182,60.125,13.8125,73.9375,281,313
25,5,158,56,8.125,64.1875,22.75,375,461
25,29,116,130,47.125,47.125,52.8125,153,159
25,19,168,95,30.875,68.25,38.59375,203,259
25,32,8,175,52.0,3.25,71.09375,335,401
25,41,232,146,66.625,94.25,59.3125,78,78
25,41,152,157,66.625,61.75,63.78125,5,5
25,47,203,176,76.375,82.46875,71.5,123,125
25,30,75,136,48.75,30.46875,55.25,26,26
25,58,106,229,94.25,43.0625,93.03125,37,37
25,39,22,201,63.375,8.9375,81.65625,152,237
25,45,34,199,73.125,13.8125,80.84375,152,373
25,15,25,133,24.375,10.15625,54.03125,316,364
25,37,48,176,60.125,19.5,71.5,193,205
25,49,83,199,79.625,33.71875,80.84375,282,315
25,29,52,150,47.125,21.125,60.9375,4,372
25,15,72,103,24.375,29.25,41.84375,246,346
25,25,91,123,40.625,36.96875,49.96875,168,178
25,12,218,73,19.5,88.5625,29.65625,304,375
25,42,96,171,68.25,39.0,69.46875,25,25
25,24,177,105,39.0,71.90625,42.65625,265,295
25,56,140,218,91.0,56.875,88.5625,280,312
25,8,12,108,13.0,4.875,43.875,360,428
25,9,47,102,14.625,19.09375,41.4375,361,462
25,21,109,113,34.125,44.28125,45.90625,212,228
25,25,228,97,40.625,92.625,39.40625,133,443
25,55,167,207,89.375,67.84375,84.09375,30,30
25,15,141,89,24.375,57.28125,36.15625,317,393
25,21,133,105,34.125,54.03125,42.65625,200,216
25,49,116,195,79.625,47.125,79.21875,43,43
25,7,202,59,11.375,82.0625,23.96875,362,430
25,19,83,117,30.875,33.71875,47.53125,387,463
25,43,127,177,69.875,51.59375,71.90625,10,272
25,54,58,232,87.75,23.5625,94.25,190,378
25,51,109,209,82.875,44.28125,84.90625,251,294
25,21,19,145,34.125,7.71875,58.90625,338,404
25,23,72,130,37.375,29.25,52.8125,196,208
25,44,78,185,71.5,31.6875,75.15625,10,270
25,36,112,153,58.5,45.5,62.15625,211,380
25,32,69,152,52.0,28.03125,61.75,4,377
25,6,151,69,9.75,61.34375,28.03125,375,464
25,5,47,87,8.125,19.09375,35.34375,361,465
25,33,223,122,53.625,90.59375,49.5625,69,379
25,29,144,127,47.125,58.5,51.59375,144,148
25,54,197,202,87.75,80.03125,82.0625,20,20
25,48,136,191,78.0,55.25,77.59375,13,13
25,57,57,250,92.625,23.15625,101.5625,39,39
25,58,226,213,94.25,91.8125,86.53125,283,317
25,54,22,241,87.75,8.9375,97.90625,247,273
25,9,70,87,14.625,28.4375,35.34375,340,407
25,36,186,130,58.5,75.5625,52.8125,61,61
25,56,224,199,91.0,91.0,80.84375,58,58
25,49,26,228,79.625,10.5625,92.625,284,318
25,13,186,72,21.125,75.5625,29.25,261,406
25,51,227,180,82.875,92.21875,73.125,64,64
25,55,78,224,89.375,31.6875,91.0,190,376
25,36,63,163,58.5,25.59375,66.21875,101,316
25,15,239,75,24.375,97.09375,30.46875,348,416
25,49,70,216,79.625,28.4375,87.75,347,415
25,23,207,97,37.375,84.09375,39.40625,182,194
25,15,93,100,24.375,37.78125,40.625,306,352
25,17,189,84,27.625,76.78125,34.125,304,374
25,44,53,193,71.5,21.53125,78.40625,152,383
25,48,185,209,78.0,75.15625,84.90625,38,38
25,23,38,144,37.375,15.4375,58.5,206,351
25,43,238,208,69.875,96.6875,84.5,88,88
25,35,214,168,56.875,86.9375,68.25,286,322
25,11,106,85,17.875,43.0625,34.53125,341,466
25,33,163,131,53.625,66.21875,53.21875,329,394
25,20,53,128,32.5,21.53125,52.0,239,257
25,17,183,107,27.625,74.34375,43.46875,363,431
25,24,116,152,39.0,47.125,61.75,137,141
25,32,226,155,52.0,91.8125,62.96875,290,326
25,58,223,240,94.25,90.59375,97.5,274,320
25,40,170,146,65.0,69.0625,59.3125,73,73
25,18,139,129,29.25,56.46875,52.40625,225,243
25,36,83,155,58.5,33.71875,62.96875,268,300
25,44,138,163,71.5,56.0625,66.21875,72,72
25,24,202,130,39.0,82.0625,52.8125,135,139
25,26,45,176,42.25,18.28125,71.5,319,367
25,17,118,97,27.625,47.9375,39.40625,307,353
25,33,207,127,53.625,84.09375,51.59375,69,382
25,34,6,213,55.25,2.4375,86.53125,388,467
25,9,86,135,14.625,34.9375,54.84375,305,448
25,7,116,82,11.375,47.125,33.3125,341,468
25,12,219,55,19.5,88.96875,22.34375,308,354
25,9,119,113,14.625,48.34375,45.90625,349,417
25,6,245,75,9.75,99.53125,30.46875,389,469
25,6,66,109,9.75,26.8125,44.28125,378,450
25,12,155,107,19.5,62.96875,43.46875,331,397
25,38,239,170,61.75,97.09375,69.0625,83,83
25,41,200,193,66.625,81.25,78.40625,390,470
25,49,164,188,79.625,66.625,76.375,288,324
25,32,159,163,52.0,64.59375,66.21875,70,70
25,25,70,162,40.625,28.4375,65.8125,391,471
25,31,98,137,50.375,39.8125,55.65625,377,449
25,18,120,139,29.25,48.75,56.46875,379,451
25,37,41,209,60.125,16.65625,84.90625,269,301
25,20,224,119,32.5,91.0,48.34375,184,196
25,13,106,72,21.125,43.0625,29.25,364,432
25,8,21,146,13.0,8.53125,59.3125,354,422
25,28,30,164,45.5,12.1875,66.625,249,275
25,37,74,200,60.125,30.0625,81.25,101,332
25,52,239,223,84.5,97.09375,90.59375,392,472
25,26,140,158,42.25,56.875,64.1875,85,85
25,14,77,139,22.75,31.28125,56.46875,353,421
25,38,214,185,61.75,86.9375,75.15625,270,302
25,38,117,201,61.75,47.53125,81.65625,89,89
25,44,10,208,71.5,4.0625,84.5,380,452
25,16,161,128,26.0,65.40625,52.0,217,233
25,29,205,158,47.125,83.28125,64.1875,351,419
25,25,247,124,40.625,100.34375,50.375,163,173
25,6,207,125,9.75,84.09375,50.78125,370,438
25,28,95,161,45.5,38.59375,65.40625,296,334
25,21,152,143,34.125,61.75,58.09375,171,181
25,40,16,240,65.0,6.5,97.5,345,413
25,46,130,222,74.75,52.8125,90.1875,344,473
25,43,111,217,69.875,45.09375,88.15625,344,474
25,8,141,138,13.0,57.28125,56.0625,383,457
25,54,172,238,87.75,69.875,96.6875,294,454
25,22,185,139,35.75,75.15625,56.46875,172,182
25,39,163,191,63.375,66.21875,77.59375,91,91
25,13,183,122,21.125,74.34375,49.5625,393,475
25,41,36,237,66.625,14.625,96.28125,371,439
25,53,113,243,86.125,45.90625,98.71875,382,456
25,30,74,182,48.75,30.0625,73.9375,301,341
25,23,229,136,37.375,93.03125,55.25,139,143
25,9,209,95,14.625,84.90625,38.59375,369,437
25,51,197,238,82.875,80.03125,96.6875,332,398
25,25,12,191,40.625,4.875,77.59375,356,424
25,13,54,178,21.125,21.9375,72.3125,327,387
25,23,112,184,37.375,45.5,74.75,141,145
25,7,166,128,11.375,67.4375,52.0,384,458
25,7,165,93,11.375,67.03125,37.78125,394,476
25,25,187,177,40.625,75.96875,71.90625,275,307
25,46,77,232,74.75,31.28125,94.25,372,440
25,35,207,211,56.875,84.09375,85.71875,113,388
25,24,39,212,39.0,15.84375,86.125,245,269
25,48,216,213,78.0,87.75,86.53125,373,441
25,39,108,249,63.375,43.875,101.15625,385,459
25,35,144,214,56.875,58.5,86.9375,81,212
25,34,132,179,55.25,53.625,72.71875,333,399
25,29,26,207,47.125,10.5625,84.09375,315,363
25,47,216,154,76.375,87.75,62.5625,386,460
26,38,33,183,61.75,13.40625,74.34375,281,313
26,9,28,103,14.625,11.375,41.84375,359,427
26,6,160,60,9.75,65.0,24.375,375,461
26,20,169,98,32.5,68.65625,39.8125,203,259
26,39,198,150,63.375,80.4375,60.9375,7,7
26,29,115,132,47.125,46.71875,53.625,153,159
26,33,8,177,53.625,3.25,71.90625,335,401
26,41,232,148,66.625,94.25,60.125,78,78
26,30,53,153,48.75,21.53125,62.15625,4,372
26,30,76,137,48.75,30.875,55.65625,26,26
26,40,24,203,65.0,9.75,82.46875,152,237
26,25,92,124,40.625,37.375,50.375,168,178
26,25,179,106,40.625,72.71875,43.0625,265,295
26,42,97,173,68.25,39.40625,70.28125,25,25
26,41,153,159,66.625,62.15625,64.59375,5,5
26,45,34,200,73.125,13.8125,81.25,152,373
26,15,72,105,24.375,29.25,42.65625,246,346
26,16,20,137,26.0,8.125,55.65625,316,364
26,21,110,114,34.125,44.6875,46.3125,212,228
26,49,204,182,79.625,82.875,73.9375,123,125
26,19,83,118,30.875,33.71875,47.9375,387,463
26,23,137,109,37.375,55.65625,44.28125,200,216
26,38,53,180,61.75,21.53125,73.125,193,205
26,9,14,109,14.625,5.6875,44.28125,360,428
26,26,230,99,42.25,93.4375,40.21875,133,477
26,12,214,73,19.5,86.9375,29.65625,304,375
26,58,109,233,94.25,44.28125,94.65625,37,37
26,55,138,218,89.375,56.0625,88.5625,280,312
26,7,200,59,11.375,81.25,23.96875,362,430
26,21,19,147,34.125,7.71875,59.71875,338,404
26,22,237,92,35.75,96.28125,37.375,133,478
26,33,71,157,53.625,28.84375,63.78125,4,377
26,44,127,179,71.5,51.59375,72.71875,10,272
26,23,73,129,37.375,29.65625,52.40625,196,208
26,15,143,91,24.375,58.09375,36.96875,317,479
26,33,223,121,53.625,90.59375,49.15625,69,379
26,54,57,236,87.75,23.15625,95.875,190,378
26,10,50,102,16.25,20.3125,41.4375,361,462
26,50,117,198,81.25,47.53125,80.4375,43,43
26,7,152,72,11.375,61.75,29.25,375,464
26,49,82,202,79.625,33.3125,82.0625,282,315
26,30,144,130,48.75,58.5,52.8125,144,148
26,56,168,212,91.0,68.25,86.125,30,30
26,5,90,74,8.125,36.5625,30.0625,395,480
26,44,78,188,71.5,31.6875,76.375,10,270
26,27,6,166,43.875,2.4375,67.4375,396,481
26,49,137,194,79.625,55.65625,78.8125,13,13
26,23,204,97,37.375,82.875,39.40625,182,194
26,54,19,244,87.75,7.71875,99.125,247,273
26,36,112,154,58.5,45.5,62.5625,211,380
26,9,69,87,14.625,28.03125,35.34375,340,407
26,51,110,211,82.875,44.6875,85.71875,251,294
26,18,189,85,29.25,76.78125,34.53125,304,374
26,34,125,141,55.25,50.78125,57.28125,397,482
26,50,46,225,81.25,18.6875,91.40625,398,483
26,49,26,231,79.625,10.5625,93.84375,284,318
26,55,197,207,89.375,80.03125,84.09375,20,20
26,16,94,102,26.0,38.1875,41.4375,306,352
26,14,187,73,22.75,75.96875,29.65625,261,406
26,56,80,227,91.0,32.5,92.21875,190,376
26,36,186,131,58.5,75.5625,53.21875,61,61
26,51,226,181,82.875,91.8125,73.53125,64,64
26,15,235,76,24.375,95.46875,30.875,348,416
26,24,39,148,39.0,15.84375,60.125,206,351
26,12,142,79,19.5,57.6875,32.09375,317,484
26,56,224,201,91.0,91.0,81.65625,58,58
26,32,226,155,52.0,91.8125,62.96875,290,326
26,44,53,195,71.5,21.53125,79.21875,152,383
26,17,121,97,27.625,49.15625,39.40625,307,353
26,12,106,85,19.5,43.0625,34.53125,341,466
26,24,118,151,39.0,47.9375,61.34375,137,141
26,34,162,133,55.25,65.8125,54.03125,329,394
26,37,84,159,60.125,34.125,64.59375,268,300
26,34,208,130,55.25,84.5,52.8125,69,382
26,10,89,140,16.25,36.15625,56.875,305,448
26,20,52,127,32.5,21.125,51.59375,239,257
26,49,185,213,79.625,75.15625,86.53125,38,38
26,39,118,198,63.375,47.9375,80.4375,89,89
26,17,136,128,27.625,55.25,52.0,225,243
26,24,199,132,39.0,80.84375,53.625,135,139
26,17,183,111,27.625,74.34375,45.09375,363,431
26,36,211,168,58.5,85.71875,68.25,286,322
26,44,139,166,71.5,56.46875,67.4375,72,72
26,41,170,149,66.625,69.0625,60.53125,73,73
26,38,239,170,61.75,97.09375,69.0625,83,83
26,58,225,244,94.25,91.40625,99.125,274,320
26,41,198,198,66.625,80.4375,80.4375,390,470
26,49,72,221,79.625,29.25,89.78125,347,415
26,28,47,181,45.5,19.09375,73.53125,319,367
26,41,183,160,66.625,74.34375,65.0,399,485
26,18,121,137,29.25,49.15625,55.65625,379,451
26,6,244,75,9.75,99.125,30.46875,389,469
26,20,224,119,32.5,91.0,48.34375,184,196
26,6,67,113,9.75,27.21875,45.90625,378,450
26,12,219,55,19.5,88.96875,22.34375,308,354
26,9,122,119,14.625,49.5625,48.34375,349,417
26,43,238,209,69.875,96.6875,84.90625,88,88
26,29,30,168,47.125,12.1875,68.25,249,275
26,50,166,192,81.25,67.4375,78.0,288,324
26,24,69,161,39.0,28.03125,65.40625,391,471
26,37,42,212,60.125,17.0625,86.125,269,301
26,36,7,220,58.5,2.84375,89.375,388,467
26,12,155,109,19.5,62.96875,44.28125,331,397
26,27,140,157,43.875,56.875,63.78125,85,85
26,44,228,189,71.5,92.625,76.78125,400,486
26,54,214,232,87.75,86.9375,94.25,401,487
26,17,77,143,27.625,31.28125,58.09375,353,421
26,32,160,162,52.0,65.0,65.8125,70,70
26,10,190,103,16.25,77.1875,41.84375,402,488
26,53,170,233,86.125,69.0625,94.65625,294,454
26,7,208,127,11.375,84.5,51.59375,370,438
26,17,160,126,27.625,65.0,51.1875,217,233
26,51,195,241,82.875,79.21875,97.90625,332,398
26,37,74,203,60.125,30.0625,82.46875,101,332
26,28,95,162,45.5,38.59375,65.8125,296,334
26,37,214,188,60.125,86.9375,76.375,270,302
26,33,244,156,53.625,99.125,63.375,403,489
26,21,34,110,34.125,13.8125,44.6875,404,490
26,22,151,143,35.75,61.34375,58.09375,171,181
26,8,21,145,13.0,8.53125,58.90625,354,422
26,25,245,128,40.625,99.53125,52.0,163,173
26,43,110,224,69.875,44.6875,91.0,344,474
26,52,238,225,84.5,96.6875,91.40625,392,472
26,36,167,174,58.5,67.84375,70.6875,405,491
26,45,57,243,73.125,23.15625,98.71875,406,492
26,39,161,191,63.375,65.40625,77.59375,91,91
26,19,247,148,30.875,100.34375,60.125,407,493
26,46,133,225,74.75,54.03125,91.40625,344,473
26,8,138,142,13.0,56.0625,57.6875,383,457
26,22,179,142,35.75,72.71875,57.6875,172,182
26,41,16,244,66.625,6.5,99.125,345,413
26,47,158,212,76.375,64.1875,86.125,408,494
26,23,227,135,37.375,92.21875,54.84375,139,143
26,41,37,237,66.625,15.03125,96.28125,371,439
26,29,72,183,47.125,29.25,74.34375,301,341
26,26,12,193,42.25,4.875,78.40625,356,424
26,9,209,98,14.625,84.90625,39.8125,369,437
26,53,114,246,86.125,46.3125,99.9375,382,456
26,26,188,179,42.25,76.375,72.71875,275,307
26,35,143,216,56.875,58.09375,87.75,81,212
26,36,203,219,58.5,82.46875,88.96875,113,388
26,14,59,182,22.75,23.96875,73.9375,327,387
26,9,163,135,14.625,66.21875,54.84375,384,458
26,20,104,184,32.5,42.25,74.75,141,495
26,24,125,187,39.0,50.78125,75.96875,141,496
26,48,216,213,78.0,87.75,86.53125,373,441
26,34,133,180,55.25,54.03125,73.125,333,399
26,23,29,213,37.375,11.78125,86.53125,245,269
27,39,34,185,63.375,13.8125,75.15625,281,313
27,8,164,63,13.0,66.625,25.59375,375,461
27,22,171,102,35.75,69.46875,41.4375,203,259
27,43,232,152,69.875,94.25,61.75,78,78
27,35,9,181,56.875,3.65625,73.53125,335,401
27,40,197,152,65.0,80.03125,61.75,7,7
27,25,138,114,40.625,56.0625,46.3125,200,216
27,31,117,137,50.375,47.53125,55.65625,153,159
27,41,25,206,66.625,10.15625,83.6875,152,237
27,40,54,186,65.0,21.9375,75.5625,193,205
27,43,98,178,69.875,39.8125,72.3125,25,25
27,10,29,106,16.25,11.78125,43.0625,359,427
27,31,75,140,50.375,30.46875,56.875,26,26
27,31,50,153,50.375,20.3125,62.15625,4,372
27,58,108,234,94.25,43.875,95.0625,37,37
27,18,140,95,29.25,56.875,38.59375,317,479
27,43,156,165,69.875,63.375,67.03125,5,5
27,46,34,206,74.75,13.8125,83.6875,152,373
27,17,72,109,27.625,29.25,44.28125,246,346
27,26,182,108,42.25,73.9375,43.875,265,295
27,50,205,184,81.25,83.28125,74.75,123,125
27,10,12,113,16.25,4.875,45.90625,360,428
27,17,19,140,27.625,7.71875,56.875,316,364
27,27,92,127,43.875,37.375,51.59375,168,178
27,23,18,149,37.375,7.3125,60.53125,338,404
27,5,182,54,8.125,73.9375,21.9375,409,497
27,35,69,159,56.875,28.03125,64.59375,4,377
27,8,202,60,13.0,82.0625,24.375,362,430
27,56,137,221,91.0,55.65625,89.78125,280,312
27,55,55,240,89.375,22.34375,97.5,190,378
27,24,239,95,39.0,97.09375,38.59375,133,478
27,21,82,119,34.125,33.3125,48.34375,387,463
27,13,213,74,21.125,86.53125,30.0625,304,375
27,50,80,207,81.25,32.5,84.09375,282,315
27,24,71,133,39.0,28.84375,54.03125,196,208
27,45,126,182,73.125,51.1875,73.9375,10,272
27,50,114,200,81.25,46.3125,81.25,43,43
27,12,51,104,19.5,20.71875,42.25,361,462
27,23,109,118,37.375,44.28125,47.9375,212,228
27,32,146,134,52.0,59.3125,54.4375,144,148
27,6,66,77,9.75,26.8125,31.28125,340,498
27,9,153,75,14.625,62.15625,30.46875,375,464
27,51,138,196,82.875,56.0625,79.625,13,13
27,35,225,125,56.875,91.40625,50.78125,69,379
27,57,167,215,92.625,67.84375,87.34375,30,30
27,7,88,82,11.375,35.75,33.3125,395,480
27,36,125,146,58.5,50.78125,59.3125,397,482
27,38,112,159,61.75,45.5,64.59375,211,380
27,25,38,151,40.625,15.4375,61.34375,206,351
27,29,7,167,47.125,2.84375,67.84375,396,481
27,51,24,237,82.875,9.75,96.28125,284,318
27,57,78,230,92.625,31.6875,93.4375,190,376
27,45,73,193,73.125,29.65625,78.40625,10,270
27,37,185,132,60.125,75.15625,53.625,61,61
27,25,210,101,40.625,85.3125,41.03125,182,194
27,5,121,75,8.125,49.15625,30.46875,410,499
27,20,193,88,32.5,78.40625,35.75,304,374
27,52,108,215,84.5,43.875,87.34375,251,294
27,55,19,249,89.375,7.71875,101.15625,247,273
27,56,194,209,91.0,78.8125,84.90625,20,20
27,33,221,158,53.625,89.78125,64.1875,290,326
27,57,219,204,92.625,88.96875,82.875,58,58
27,18,95,109,29.25,38.59375,44.28125,306,352
27,15,187,76,24.375,75.96875,30.875,261,406
27,22,52,128,35.75,21.125,52.0,239,257
27,52,226,186,84.5,91.8125,75.5625,64,64
27,17,44,116,27.625,17.875,47.125,411,500
27,11,69,89,17.875,28.03125,36.15625,340,501
27,16,235,78,26.0,95.46875,31.6875,348,416
27,13,106,87,21.125,43.0625,35.34375,341,466
27,14,143,83,22.75,58.09375,33.71875,317,484
27,35,163,135,56.875,66.21875,54.84375,329,394
27,19,119,100,30.875,48.34375,40.625,307,353
27,38,84,160,61.75,34.125,65.0,268,300
27,12,87,138,19.5,35.34375,56.0625,305,448
27,18,133,128,29.25,54.03125,52.0,225,243
27,25,118,151,40.625,47.9375,61.34375,137,141
27,47,54,199,76.375,21.9375,80.84375,152,383
27,34,207,131,55.25,84.09375,53.21875,69,382
27,14,86,127,22.75,34.9375,51.59375,412,502
27,45,139,169,73.125,56.46875,68.65625,72,72
27,7,245,51,11.375,99.53125,20.71875,413,503
27,39,234,171,63.375,95.0625,69.46875,83,83
27,42,170,150,68.25,69.0625,60.9375,73,73
27,25,195,134,40.625,79.21875,54.4375,135,139
27,34,163,164,55.25,66.21875,66.625,70,70
27,55,213,233,89.375,86.53125,94.65625,401,487
27,7,244,78,11.375,99.125,31.6875,389,469
27,42,199,205,68.25,80.84375,83.28125,390,470
27,29,48,181,47.125,19.5,73.53125,319,367
27,39,43,214,63.375,17.46875,86.9375,269,301
27,43,236,208,69.875,95.875,84.5,88,88
27,14,155,111,22.75,62.96875,45.09375,331,397
27,40,118,202,65.0,47.9375,82.0625,89,89
27,53,167,231,86.125,67.84375,93.84375,294,454
27,7,68,115,11.375,27.625,46.71875,378,450
27,45,225,190,73.125,91.40625,77.1875,400,486
27,21,224,122,34.125,91.0,49.5625,184,196
27,10,119,117,16.25,48.34375,47.53125,349,417
27,43,183,165,69.875,74.34375,67.03125,399,485
27,35,209,173,56.875,84.90625,70.28125,286,322
27,13,219,56,21.125,88.96875,22.75,308,354
27,18,80,149,29.25,32.5,60.53125,353,421
27,29,139,159,47.125,56.46875,64.59375,85,85
27,40,160,194,65.0,65.0,78.8125,91,91
27,51,164,193,82.875,66.625,78.40625,288,324
27,26,71,164,42.25,28.84375,66.625,391,471
27,37,8,223,60.125,3.25,90.59375,388,467
27,30,31,171,48.75,12.59375,69.46875,249,275
27,19,120,140,30.875,48.75,56.875,379,451
27,24,150,145,39.0,60.9375,58.90625,171,181
27,21,245,153,34.125,99.53125,62.15625,407,493
27,10,20,150,16.25,8.125,60.9375,354,422
27,11,188,106,17.875,76.375,43.0625,402,488
27,52,240,225,84.5,97.5,91.40625,392,472
27,42,15,246,68.25,6.09375,99.9375,345,413
27,46,12,219,74.75,4.875,88.96875,414,504
27,24,177,141,39.0,71.90625,57.28125,172,182
27,26,245,132,42.25,99.53125,53.625,163,173
27,17,18,165,27.625,7.3125,67.03125,415,505
27,19,158,129,30.875,64.1875,52.40625,217,233
27,8,208,127,13.0,84.5,51.59375,370,438
27,30,94,165,48.75,38.1875,67.03125,296,334
27,29,71,186,47.125,28.84375,75.5625,301,341
27,44,109,227,71.5,44.28125,92.21875,344,474
27,38,169,177,61.75,68.65625,71.90625,405,491
27,46,58,248,74.75,23.5625,100.75,406,492
27,52,197,241,84.5,80.03125,97.90625,332,398
27,47,156,217,76.375,63.375,88.15625,408,494
27,34,240,157,55.25,97.5,63.78125,403,489
27,24,225,136,39.0,91.40625,55.25,139,143
27,38,75,205,61.75,30.46875,83.28125,101,332
27,6,226,95,9.75,91.8125,38.59375,416,506
27,28,14,193,45.5,5.6875,78.40625,356,424
27,9,129,144,14.625,52.40625,58.5,383,457
27,46,133,228,74.75,54.03125,92.625,344,473
27,43,35,242,69.875,14.21875,98.3125,371,439
27,26,128,193,42.25,52.0,78.40625,141,496
27,38,213,193,61.75,86.53125,78.40625,270,302
27,10,211,101,16.25,85.71875,41.03125,369,437
27,27,188,184,43.875,76.375,74.75,275,307
27,15,62,187,24.375,25.1875,75.96875,327,387
27,15,54,145,24.375,21.9375,58.90625,417,507
27,6,76,155,9.75,30.875,62.96875,418,508
27,10,160,138,16.25,65.0,56.0625,384,458
27,14,179,128,22.75,72.71875,52.0,419,509
27,36,134,182,58.5,54.4375,73.9375,333,399
27,38,202,223,61.75,82.0625,90.59375,113,510
27,49,216,216,79.625,87.75,87.75,373,441
27,30,20,214,48.75,8.125,86.9375,420,511
27,35,148,210,56.875,60.125,85.3125,81,212
27,42,150,237,68.25,60.9375,96.28125,421,512
27,38,215,223,61.75,87.34375,90.59375,113,513
28,40,37,186,65.0,15.03125,75.5625,281,313
28,10,168,65,16.25,68.25,26.40625,375,461
28,5,39,88,8.125,15.84375,35.75,422,514
28,44,236,154,71.5,95.875,62.5625,78,78
28,23,175,103,37.375,71.09375,41.84375,203,259
28,45,99,181,73.125,40.21875,73.53125,25,25
28,41,200,153,66.625,81.25,62.15625,7,7
28,19,145,97,30.875,58.90625,39.40625,317,479
28,35,9,184,56.875,3.65625,74.75,335,401
28,32,119,138,52.0,48.34375,56.0625,153,159
28,41,57,189,66.625,23.15625,76.78125,193,205
28,31,54,153,50.375,21.9375,62.15625,4,372
28,6,185,56,9.75,75.15625,22.75,409,497
28,32,78,140,52.0,31.6875,56.875,26,26
28,28,96,130,45.5,39.0,52.8125,168,178
28,25,79,129,40.625,32.09375,52.40625,196,208
28,23,87,119,37.375,35.34375,48.34375,387,463
28,51,207,186,82.875,84.09375,75.5625,123,125
28,26,143,116,42.25,58.09375,47.125,200,216
28,58,109,235,94.25,44.28125,95.46875,37,37
28,24,58,130,39.0,23.5625,52.8125,239,257
28,45,157,168,73.125,63.78125,68.25,5,5
28,24,20,149,39.0,8.125,60.53125,338,404
28,42,27,208,68.25,10.96875,84.5,152,237
28,52,138,200,84.5,56.0625,81.25,13,13
28,46,37,208,74.75,15.03125,84.5,152,373
28,27,189,109,43.875,76.78125,44.28125,265,295
28,57,139,223,92.625,56.46875,90.59375,280,312
28,19,74,111,30.875,30.0625,45.09375,246,346
28,11,15,110,17.875,6.09375,44.6875,360,428
28,19,22,141,30.875,8.9375,57.28125,316,364
28,57,58,246,92.625,23.5625,99.9375,190,515
28,49,81,205,79.625,32.90625,83.28125,282,315
28,12,32,109,19.5,13.0,44.28125,359,427
28,5,101,66,8.125,41.03125,26.8125,423,516
28,9,204,59,14.625,82.875,23.96875,362,430
28,10,156,75,16.25,63.375,30.46875,375,464
28,36,73,161,58.5,29.65625,65.40625,4,377
28,8,67,79,13.0,27.21875,32.09375,340,498
28,50,114,199,81.25,46.3125,80.84375,43,43
28,24,244,92,39.0,99.125,37.375,133,478
28,46,125,186,74.75,50.78125,75.5625,10,272
28,46,70,195,74.75,28.4375,79.21875,10,270
28,9,91,83,14.625,36.96875,33.71875,395,480
28,57,196,212,92.625,79.625,86.125,20,20
28,25,115,122,40.625,46.71875,49.5625,212,228
28,14,54,109,22.75,21.9375,44.28125,361,462
28,58,79,233,94.25,32.09375,94.65625,190,376
28,15,215,74,24.375,87.34375,30.0625,304,375
28,29,9,169,47.125,3.65625,68.65625,396,481
28,53,47,232,86.125,19.09375,94.25,190,517
28,33,149,135,53.625,60.53125,54.84375,144,148
28,28,235,103,45.5,95.46875,41.84375,424,518
28,26,37,149,42.25,15.03125,60.53125,206,351
28,16,147,84,26.0,59.71875,34.125,317,484
28,19,97,108,30.875,39.40625,43.875,306,352
28,36,229,127,58.5,93.03125,51.59375,69,379
28,26,209,102,42.25,84.90625,41.4375,182,194
28,16,188,78,26.0,76.375,31.6875,261,406
28,17,238,78,27.625,96.6875,31.6875,348,416
28,58,220,205,94.25,89.375,83.28125,58,58
28,37,186,132,60.125,75.5625,53.625,61,61
28,39,114,161,63.375,46.3125,65.40625,211,380
28,51,26,240,82.875,10.5625,97.5,284,318
28,52,111,216,84.5,45.09375,87.75,251,294
28,21,199,89,34.125,80.84375,36.15625,304,374
28,15,111,90,24.375,45.09375,36.5625,341,519
28,7,126,77,11.375,51.1875,31.28125,410,499
28,12,72,93,19.5,29.25,37.78125,340,501
28,54,230,188,87.75,93.4375,76.375,64,64
28,21,125,103,34.125,50.78125,41.84375,307,353
28,48,54,200,78.0,21.9375,81.25,152,383
28,33,225,163,53.625,91.40625,66.21875,290,326
28,14,88,125,22.75,35.75,50.78125,412,502
28,8,247,53,13.0,100.34375,21.53125,413,503
28,37,165,140,60.125,67.03125,56.875,329,394
28,36,212,135,58.5,86.125,54.84375,69,382
28,27,200,137,43.875,81.25,55.65625,135,139
28,26,119,153,42.25,48.34375,62.15625,137,141
28,46,140,171,74.75,56.875,69.46875,72,72
28,39,86,161,63.375,34.9375,65.40625,268,300
28,43,238,211,69.875,96.6875,85.71875,88,88
28,37,210,171,60.125,85.3125,69.46875,286,322
28,12,90,137,19.5,36.5625,55.65625,305,448
28,8,248,77,13.0,100.75,31.28125,389,469
28,20,138,130,32.5,56.0625,52.8125,225,243
28,22,227,125,35.75,92.21875,50.78125,184,196
28,43,173,153,69.875,70.28125,62.15625,73,73
28,8,72,115,13.0,29.25,46.71875,378,450
28,15,157,113,24.375,63.78125,45.90625,331,397
28,41,237,176,66.625,96.28125,71.5,83,83
28,30,51,184,48.75,20.71875,74.75,319,367
28,26,72,165,42.25,29.25,67.03125,391,471
28,54,171,232,87.75,69.46875,94.25,294,454
28,44,189,166,71.5,76.78125,67.4375,399,485
28,10,123,116,16.25,49.96875,47.125,349,417
28,20,123,142,32.5,49.96875,57.6875,379,451
28,55,216,232,89.375,87.75,94.25,401,487
28,52,164,197,84.5,66.625,80.03125,288,324
28,38,11,223,61.75,4.46875,90.59375,388,467
28,14,220,56,22.75,89.375,22.75,308,354
28,19,83,147,30.875,33.71875,59.71875,353,421
28,45,227,191,73.125,92.21875,77.59375,400,486
28,25,152,144,40.625,61.75,58.5,171,181
28,35,164,164,56.875,66.625,66.625,70,70
28,29,140,161,47.125,56.875,65.40625,85,85
28,43,198,202,69.875,80.4375,82.0625,390,470
28,31,35,171,50.375,14.21875,69.46875,249,275
28,41,120,203,66.625,48.75,82.46875,89,89
28,12,193,105,19.5,78.40625,42.65625,402,488
28,16,108,76,26.0,43.875,30.875,341,520
28,10,210,130,16.25,85.3125,52.8125,370,438
28,19,164,131,30.875,66.625,53.21875,217,233
28,18,19,165,29.25,7.71875,67.03125,415,505
28,29,76,187,47.125,30.875,75.96875,301,341
28,53,242,227,86.125,98.3125,92.21875,392,472
28,31,97,168,50.375,39.40625,68.25,296,334
28,25,181,140,40.625,73.53125,56.875,172,182
28,23,32,113,37.375,13.0,45.90625,425,521
28,5,41,122,8.125,16.65625,49.5625,426,522
28,22,246,156,35.75,99.9375,63.375,407,493
28,26,246,134,42.25,99.9375,54.4375,163,173
28,47,59,249,76.375,23.96875,101.15625,406,492
28,50,249,203,81.25,101.15625,82.46875,427,523
28,42,16,245,68.25,6.5,99.53125,345,413
28,47,15,219,76.375,6.09375,88.96875,414,504
28,44,119,230,71.5,48.34375,93.4375,344,474
28,24,227,140,39.0,92.21875,56.875,139,143
28,35,240,160,56.875,97.5,65.0,403,489
28,40,163,195,65.0,66.21875,79.21875,91,91
28,10,132,146,16.25,53.625,59.3125,383,457
28,43,34,240,69.875,13.8125,97.5,371,439
28,53,195,242,86.125,79.21875,98.3125,332,398
28,39,172,178,63.375,69.875,72.3125,405,491
28,47,160,214,76.375,65.0,86.9375,408,494
28,11,215,101,17.875,87.34375,41.03125,369,437
28,7,226,91,11.375,91.8125,36.96875,416,506
28,26,123,203,42.25,49.96875,82.46875,141,496
28,39,201,226,63.375,81.65625,91.8125,113,510
28,47,136,227,76.375,55.25,92.21875,344,473
28,6,17,128,9.75,6.90625,52.0,428,524
28,11,162,138,17.875,65.8125,56.0625,384,458
28,21,93,196,34.125,37.78125,79.625,429,525
28,6,199,78,9.75,80.84375,31.6875,430,526
28,15,188,128,24.375,76.375,52.0,419,509
28,17,55,149,27.625,22.34375,60.53125,417,507
28,17,62,193,27.625,25.1875,78.40625,327,387
28,38,213,197,61.75,86.53125,80.03125,270,302
28,7,80,159,11.375,32.5,64.59375,418,508
28,28,189,188,45.5,76.78125,76.375,275,307
28,49,212,215,79.625,86.125,87.34375,373,441
28,37,135,180,60.125,54.84375,73.125,333,399
28,30,24,213,48.75,9.75,86.53125,420,511
28,35,149,211,56.875,60.53125,85.71875,81,212
28,23,29,217,37.375,11.78125,88.15625,431,527
28,22,38,215,35.75,15.4375,87.34375,432,528
28,50,216,161,81.25,87.75,65.40625,433,529
28,42,154,237,68.25,62.5625,96.28125,421,512
29,41,38,187,66.625,15.4375,75.96875,281,313
29,42,59,192,68.25,23.96875,78.0,193,205
29,47,102,183,76.375,41.4375,74.34375,25,25
29,12,173,68,19.5,70.28125,27.625,375,461
29,37,10,184,60.125,4.0625,74.75,335,401
29,46,238,155,74.75,96.6875,62.96875,78,78
29,34,124,142,55.25,50.375,57.6875,153,159
29,25,180,105,40.625,73.125,42.65625,203,259
29,43,201,155,69.875,81.65625,62.96875,7,7
29,8,41,90,13.0,16.65625,36.5625,422,514
29,21,148,98,34.125,60.125,39.8125,317,479
29,30,103,134,48.75,41.84375,54.4375,168,178
29,35,80,143,56.875,32.5,58.09375,26,26
29,53,208,188,86.125,84.5,76.375,123,125
29,25,92,122,40.625,37.375,49.5625,387,463
29,48,161,174,78.0,65.40625,70.6875,5,5
29,30,194,111,48.75,78.8125,45.09375,265,295
29,28,83,132,45.5,33.71875,53.625,196,208
29,9,189,58,14.625,76.78125,23.5625,409,497
29,29,150,120,47.125,60.9375,48.75,200,216
29,32,58,154,52.0,23.5625,62.5625,4,372
29,11,210,59,17.875,85.3125,23.96875,362,430
29,26,25,149,42.25,10.15625,60.53125,338,404
29,7,103,69,11.375,41.84375,28.03125,423,516
29,47,70,195,76.375,28.4375,79.21875,10,270
29,20,26,141,32.5,10.5625,57.28125,316,364
29,48,39,211,78.0,15.84375,85.71875,152,373
29,13,158,78,21.125,64.1875,31.6875,375,464
29,54,141,203,87.75,57.28125,82.46875,13,13
29,38,75,165,61.75,30.46875,67.03125,4,377
29,48,127,189,78.0,51.59375,76.78125,10,272
29,12,93,86,19.5,37.78125,34.9375,395,480
29,14,34,112,22.75,13.8125,45.5,359,427
29,43,28,211,69.875,11.375,85.71875,152,237
29,52,117,203,84.5,47.53125,82.46875,43,43
29,31,243,108,50.375,98.71875,43.875,424,518
29,58,196,213,94.25,79.625,86.53125,20,20
29,21,76,116,34.125,30.875,47.125,246,346
29,27,119,122,43.875,48.34375,49.5625,212,228
29,16,219,74,26.0,88.96875,30.0625,304,375
29,5,163,47,8.125,66.21875,19.09375,434,530
29,58,61,248,94.25,24.78125,100.75,190,515
29,5,80,76,8.125,32.5,30.875,435,531
29,35,151,138,56.875,61.34375,56.0625,144,148
29,10,71,80,16.25,28.84375,32.5,340,498
29,26,250,92,42.25,101.5625,37.375,133,478
29,12,20,112,19.5,8.125,45.5,360,428
29,39,189,134,63.375,76.78125,54.4375,61,61
29,41,116,163,66.625,47.125,66.21875,211,380
29,31,11,168,50.375,4.46875,68.25,396,481
29,28,39,149,45.5,15.84375,60.53125,206,351
29,15,56,112,24.375,22.75,45.5,361,532
29,53,29,243,86.125,11.78125,98.71875,284,318
29,50,83,209,81.25,33.71875,84.90625,282,315
29,38,233,130,61.75,94.65625,52.8125,69,379
29,27,62,137,43.875,25.1875,55.65625,239,257
29,54,48,233,87.75,19.5,94.65625,190,517
29,12,51,98,19.5,20.71875,39.8125,361,533
29,54,112,220,87.75,45.5,89.375,251,294
29,18,242,78,29.25,98.3125,31.6875,348,416
29,23,205,91,37.375,83.28125,36.96875,304,374
29,35,230,162,56.875,93.4375,65.8125,290,326
29,28,216,103,45.5,87.75,41.84375,182,194
29,17,116,91,27.625,47.125,36.96875,341,519
29,56,231,191,91.0,93.84375,77.59375,64,64
29,16,77,96,26.0,31.28125,39.0,340,501
29,21,100,110,34.125,40.625,44.6875,306,352
29,23,130,106,37.375,52.8125,43.0625,307,353
29,19,193,80,30.875,78.40625,32.5,261,406
29,10,250,53,16.25,101.5625,21.53125,413,503
29,39,215,168,63.375,87.34375,68.25,286,322
29,39,168,142,63.375,68.25,57.6875,329,394
29,21,50,120,34.125,20.3125,48.75,436,534
29,10,131,79,16.25,53.21875,32.09375,410,499
29,41,92,163,66.625,37.375,66.21875,268,300
29,44,239,210,71.5,97.09375,85.3125,88,88
29,49,55,202,79.625,22.34375,82.0625,152,383
29,16,88,128,26.0,35.75,52.0,412,502
29,31,49,187,50.375,19.90625,75.96875,319,367
29,37,214,136,60.125,86.9375,55.25,69,382
29,48,142,175,78.0,57.6875,71.09375,72,72
29,28,202,135,45.5,82.0625,54.84375,135,139
29,42,242,177,68.25,98.3125,71.90625,83,83
29,21,137,130,34.125,55.65625,52.8125,225,535
29,14,194,107,22.75,78.8125,43.46875,402,488
29,13,92,138,21.125,37.375,56.0625,305,448
29,28,121,155,45.5,49.15625,62.96875,137,141
29,53,165,200,86.125,67.03125,81.25,288,324
29,16,162,114,26.0,65.8125,46.3125,331,397
29,24,230,125,39.0,93.4375,50.78125,184,196
29,39,17,222,63.375,6.90625,90.1875,388,467
29,45,177,155,73.125,71.90625,62.96875,73,73
29,7,13,100,11.375,5.28125,40.625,437,536
29,28,75,167,45.5,30.46875,67.84375,391,471
29,22,126,142,35.75,51.1875,57.6875,379,451
29,30,144,159,48.75,58.5,64.59375,85,85
29,26,155,142,42.25,62.96875,57.6875,171,181
29,10,124,113,16.25,50.375,45.90625,349,417
29,47,229,192,76.375,93.03125,78.0,400,486
29,42,53,219,68.25,21.53125,88.96875,438,537
29,10,75,116,16.25,30.46875,47.125,378,450
29,5,56,63,8.125,22.75,25.59375,439,538
29,16,224,57,26.0,91.0,23.15625,308,354
29,20,84,150,32.5,34.125,60.9375,353,421
29,36,168,166,58.5,68.25,67.4375,70,70
29,12,212,131,19.5,86.125,53.21875,370,438
29,23,250,156,37.375,101.5625,63.375,407,493
29,21,164,129,34.125,66.625,52.40625,217,233
29,25,34,115,40.625,13.8125,46.71875,425,521
29,17,110,75,27.625,44.6875,30.46875,341,520
29,55,202,240,89.375,82.0625,97.5,332,398
29,33,36,173,53.625,14.625,70.28125,249,275
29,44,201,199,71.5,81.65625,80.84375,390,470
29,56,222,236,91.0,90.1875,95.875,401,487
29,6,143,70,9.75,58.09375,28.4375,440,539
29,5,99,107,8.125,40.21875,43.46875,441,540
29,56,174,236,91.0,70.6875,95.875,294,454
29,42,123,202,68.25,49.96875,82.0625,89,89
29,18,132,117,29.25,53.625,47.53125,225,541
29,54,244,227,87.75,99.125,92.21875,392,472
29,15,27,155,24.375,10.96875,62.96875,442,542
29,23,6,176,37.375,2.4375,71.5,443,543
29,41,165,195,66.625,67.03125,79.21875,91,91
29,13,133,144,21.125,54.03125,58.5,383,457
29,30,76,190,48.75,30.875,77.1875,301,341
29,36,245,163,58.5,99.53125,66.21875,403,489
29,49,17,223,79.625,6.90625,90.59375,414,504
29,39,215,192,63.375,87.34375,78.0,270,302
29,29,124,201,47.125,50.375,81.65625,141,496
29,47,59,247,76.375,23.96875,100.34375,406,492
29,32,99,170,52.0,40.21875,69.0625,296,334
29,6,42,122,9.75,17.0625,49.5625,426,522
29,5,168,99,8.125,68.25,40.21875,444,544
29,41,17,246,66.625,6.90625,99.9375,345,413
29,25,185,143,40.625,75.15625,58.09375,172,182
29,45,124,231,73.125,50.375,93.84375,344,474
29,21,25,166,34.125,10.15625,67.4375,415,505
29,40,79,205,65.0,32.09375,83.28125,445,545
29,13,216,100,21.125,87.75,40.625,369,437
29,40,177,176,65.0,71.90625,71.5,405,491
29,30,17,196,48.75,6.90625,79.625,446,546
29,48,166,212,78.0,67.4375,86.125,408,494
29,41,207,225,66.625,84.09375,91.40625,113,510
29,48,142,222,78.0,57.6875,90.1875,344,473
29,27,230,140,43.875,93.4375,56.875,139,143
29,37,152,214,60.125,61.75,86.9375,81,212
29,18,64,195,29.25,26.0,79.21875,327,387
29,12,161,135,19.5,65.40625,54.84375,384,458
29,18,57,149,29.25,23.15625,60.53125,417,507
29,16,186,129,26.0,75.5625,52.40625,419,509
29,30,192,190,48.75,78.0,77.1875,275,307
29,10,83,161,16.25,33.71875,65.40625,418,508
29,26,34,219,42.25,13.8125,88.96875,431,527
29,19,230,106,30.875,93.4375,43.0625,447,547
29,31,26,212,50.375,10.5625,86.125,420,511
29,35,108,236,56.875,43.875,95.875,448,548
29,37,140,181,60.125,56.875,73.53125,333,399
30,42,40,188,68.25,16.25,76.375,281,313
30,13,176,68,21.125,71.5,27.625,375,461
30,48,101,186,78.0,41.03125,75.5625,25,25
30,47,239,155,76.375,97.09375,62.96875,78,78
30,36,126,143,58.5,51.1875,58.09375,153,159
30,38,10,185,61.75,4.0625,75.15625,335,401
30,44,6,200,71.5,2.4375,81.25,449,549
30,43,59,193,69.875,23.96875,78.40625,193,205
30,32,106,135,52.0,43.0625,54.84375,168,178
30,23,152,100,37.375,61.75,40.625,317,550
30,45,206,156,73.125,83.6875,63.375,7,7
30,27,184,106,43.875,74.75,43.0625,203,259
30,8,177,50,13.0,71.90625,20.3125,409,551
30,31,197,112,50.375,80.03125,45.5,265,295
30,49,72,197,79.625,29.25,80.03125,10,270
30,27,97,123,43.875,39.40625,49.96875,387,463
30,36,82,144,58.5,33.3125,58.5,26,26
30,44,25,212,71.5,10.15625,86.125,152,237
30,10,44,90,16.25,17.875,36.5625,422,552
30,6,144,53,9.75,58.5,21.53125,440,553
30,28,28,150,45.5,11.375,60.9375,338,404
30,55,208,188,89.375,84.5,76.375,123,125
30,50,163,177,81.25,66.21875,71.90625,5,5
30,37,155,140,60.125,62.96875,56.875,144,148
30,14,164,79,22.75,66.625,32.09375,375,464
30,15,39,113,24.375,15.84375,45.90625,359,427
30,14,96,89,22.75,39.0,36.15625,395,480
30,32,246,108,52.0,99.9375,43.875,424,518
30,34,59,157,55.25,23.96875,63.78125,4,372
30,12,214,59,19.5,86.9375,23.96875,362,430
30,10,194,58,16.25,78.8125,23.5625,409,554
30,22,28,142,35.75,11.375,57.6875,316,364
30,51,6,239,82.875,2.4375,97.09375,450,555
30,30,155,118,48.75,62.96875,47.9375,200,216
30,10,109,73,16.25,44.28125,29.65625,423,516
30,54,117,205,87.75,47.53125,83.28125,43,43
30,29,86,130,47.125,34.9375,52.8125,196,208
30,39,78,167,63.375,31.6875,67.84375,4,377
30,30,42,150,48.75,17.0625,60.9375,206,351
30,55,141,206,89.375,57.28125,83.6875,13,13
30,30,124,126,48.75,50.375,51.1875,212,228
30,13,75,82,21.125,30.46875,33.3125,340,556
30,40,235,130,65.0,95.46875,52.8125,69,379
30,6,67,82,9.75,27.21875,33.3125,340,557
30,14,24,113,22.75,9.75,45.90625,360,428
30,49,38,213,79.625,15.4375,86.53125,152,373
30,18,223,76,29.25,90.59375,30.875,304,375
30,40,190,135,65.0,77.1875,54.84375,61,61
30,17,58,114,27.625,23.5625,46.3125,361,532
30,50,126,191,81.25,51.1875,77.59375,10,272
30,55,51,237,89.375,20.71875,96.28125,190,517
30,43,118,165,69.875,47.9375,67.03125,211,380
30,24,79,117,39.0,32.09375,47.53125,246,346
30,24,209,91,39.0,84.90625,36.96875,304,374
30,5,76,63,8.125,30.875,25.59375,435,558
30,28,63,137,45.5,25.59375,55.65625,239,257
30,7,85,77,11.375,34.53125,31.28125,435,559
30,42,70,169,68.25,28.4375,68.65625,451,560
30,29,218,102,47.125,88.5625,41.4375,182,194
30,32,11,168,52.0,4.46875,68.25,396,481
30,20,247,77,32.5,100.34375,31.28125,348,416
30,19,149,85,30.875,60.53125,34.53125,317,561
30,19,8,127,30.875,3.25,51.59375,452,562
30,18,80,99,29.25,32.5,40.21875,340,501
30,13,55,100,21.125,22.34375,40.625,361,533
30,20,196,80,32.5,79.625,32.5,261,406
30,22,50,122,35.75,20.3125,49.5625,436,534
30,19,118,94,30.875,47.9375,38.1875,341,519
30,53,192,213,86.125,78.0,86.53125,453,563
30,57,234,191,92.625,95.0625,77.59375,64,64
30,50,55,205,81.25,22.34375,83.28125,152,383
30,53,30,244,86.125,12.1875,99.125,284,318
30,6,28,91,9.75,11.375,36.96875,422,564
30,52,87,211,84.5,35.34375,85.71875,282,315
30,40,219,168,65.0,88.96875,68.25,286,322
30,56,115,222,91.0,46.71875,90.1875,251,294
30,12,134,80,19.5,54.4375,32.5,410,499
30,26,133,110,42.25,54.03125,44.6875,307,353
30,41,171,143,66.625,69.46875,58.09375,329,394
30,42,93,165,68.25,37.78125,67.03125,268,300
30,43,246,180,69.875,99.9375,73.125,83,83
30,23,104,112,37.375,42.25,45.5,306,352
30,12,250,54,19.5,101.5625,21.9375,413,503
30,36,235,167,58.5,95.46875,67.84375,290,326
30,30,205,133,48.75,83.28125,54.03125,135,139
30,38,216,134,61.75,87.75,54.4375,69,382
30,24,142,128,39.0,57.6875,52.0,225,535
30,17,92,127,27.625,37.375,51.59375,412,502
30,23,128,145,37.375,52.0,58.90625,379,451
30,32,51,192,52.0,20.71875,78.0,319,367
30,28,76,169,45.5,30.875,68.65625,391,471
30,11,76,116,17.875,30.875,47.125,378,450
30,48,177,160,78.0,71.90625,65.0,73,73
30,29,123,155,47.125,49.96875,62.96875,137,141
30,50,142,178,81.25,57.6875,72.3125,72,72
30,5,205,88,8.125,83.28125,35.75,454,565
30,55,165,203,89.375,67.03125,82.46875,288,324
30,48,195,168,78.0,79.21875,68.25,455,566
30,14,96,140,22.75,39.0,56.875,305,448
30,43,60,220,69.875,24.375,89.375,438,537
30,32,149,160,52.0,60.53125,65.0,85,85
30,48,230,189,78.0,93.4375,76.78125,400,486
30,25,234,125,40.625,95.0625,50.78125,184,196
30,9,15,101,14.625,6.09375,41.03125,437,536
30,46,243,210,74.75,98.71875,85.3125,88,88
30,42,128,196,68.25,52.0,79.625,89,89
30,8,146,71,13.0,59.3125,28.84375,440,567
30,14,215,132,22.75,87.34375,53.625,370,438
30,57,224,234,92.625,91.0,95.0625,401,487
30,18,163,115,29.25,66.21875,46.71875,331,397
30,7,58,64,11.375,23.5625,26.0,439,538
30,37,170,163,60.125,69.0625,66.21875,70,70
30,11,128,115,17.875,52.0,46.71875,349,417
30,26,35,116,42.25,14.21875,47.125,425,521
30,34,37,175,55.25,15.03125,71.09375,249,275
30,28,158,145,45.5,64.1875,58.90625,171,181
30,45,122,225,73.125,49.5625,91.40625,344,474
30,18,113,74,29.25,45.90625,30.0625,341,520
30,31,74,189,50.375,30.0625,76.78125,301,341
30,22,87,149,35.75,35.34375,60.53125,353,421
30,24,9,179,39.0,3.65625,72.71875,443,543
30,43,167,191,69.875,67.84375,77.59375,91,91
30,6,102,109,9.75,41.4375,44.28125,441,540
30,56,204,240,91.0,82.875,97.5,332,398
30,54,249,225,87.75,101.15625,91.40625,392,472
30,28,234,140,45.5,95.0625,56.875,139,143
30,27,188,140,43.875,76.375,56.875,172,182
30,23,166,128,37.375,67.4375,52.0,217,233
30,44,204,200,71.5,82.875,81.25,390,470
30,22,214,131,35.75,86.9375,53.21875,456,568
30,16,28,157,26.0,11.375,63.78125,442,542
30,41,81,208,66.625,32.90625,84.5,445,545
30,8,43,127,13.0,17.46875,51.59375,426,522
30,40,220,193,65.0,89.375,78.40625,270,302
30,34,100,172,55.25,40.625,69.875,296,334
30,15,135,148,24.375,54.84375,60.125,383,457
30,6,169,97,9.75,68.65625,39.40625,444,544
30,40,28,241,65.0,11.375,97.90625,345,413
30,41,181,172,66.625,73.53125,69.875,405,491
30,38,157,211,61.75,63.78125,85.71875,81,212
30,10,232,91,16.25,94.25,36.96875,457,569
30,22,27,169,35.75,10.96875,68.65625,415,505
30,14,219,105,22.75,88.96875,42.65625,369,437
30,31,16,198,50.375,6.5,80.4375,446,546
30,41,211,229,66.625,85.71875,93.03125,113,510
30,25,90,195,40.625,36.5625,79.21875,458,570
30,28,38,221,45.5,15.4375,89.78125,431,527
30,49,91,234,79.625,36.96875,95.0625,459,571
30,21,62,196,34.125,25.1875,79.625,327,387
30,20,60,151,32.5,24.375,61.34375,417,507
30,18,189,132,29.25,76.78125,53.625,419,509
30,14,164,136,22.75,66.625,55.25,384,458
30,13,85,162,21.125,34.53125,65.8125,418,508
30,5,235,66,8.125,95.46875,26.8125,460,572
30,30,126,208,48.75,51.1875,84.5,141,496
30,31,196,192,50.375,79.625,78.0,275,307
30,38,138,179,61.75,56.0625,72.71875,333,399
30,35,109,231,56.875,44.28125,93.84375,448,548
31,42,40,188,68.25,16.25,76.375,281,313
31,14,176,68,22.75,71.5,27.625,375,461
31,9,179,51,14.625,72.71875,20.71875,409,551
31,43,7,200,69.875,2.84375,81.25,449,549
31,48,102,187,78.0,41.4375,75.96875,25,25
31,23,33,145,37.375,13.40625,58.90625,316,364
31,47,245,155,76.375,99.53125,62.96875,78,78
31,37,10,185,60.125,4.0625,75.15625,335,401
31,24,154,102,39.0,62.5625,41.4375,317,550
31,37,129,145,60.125,52.40625,58.90625,153,159
31,7,143,55,11.375,58.09375,22.34375,440,553
31,33,199,116,53.625,80.84375,47.125,265,295
31,44,62,195,71.5,25.1875,79.21875,193,205
31,32,107,138,52.0,43.46875,56.0625,168,178
31,45,209,156,73.125,84.90625,63.375,7,7
31,32,246,108,52.0,99.9375,43.875,424,518
31,45,28,213,73.125,11.375,86.53125,152,237
31,28,185,109,45.5,75.15625,44.28125,203,259
31,49,73,197,79.625,29.65625,80.03125,10,270
31,16,167,83,26.0,67.84375,33.71875,375,464
31,56,141,206,91.0,57.28125,83.6875,13,13
31,11,47,93,17.875,19.09375,37.78125,422,552
31,35,61,156,56.875,24.78125,63.375,4,372
31,13,218,59,21.125,88.5625,23.96875,362,430
31,51,164,181,82.875,66.625,73.53125,5,5
31,28,98,128,45.5,39.8125,52.0,387,463
31,11,197,59,17.875,80.03125,23.96875,409,554
31,40,237,131,65.0,96.28125,53.21875,69,379
31,39,156,144,63.375,63.375,58.5,144,148
31,37,83,145,60.125,33.71875,58.90625,26,26
31,31,127,130,50.375,51.59375,52.8125,212,228
31,15,97,92,24.375,39.40625,37.375,395,480
31,5,125,67,8.125,50.78125,27.21875,461,573
31,40,74,169,65.0,30.0625,68.65625,4,377
31,7,69,83,11.375,28.03125,33.71875,340,557
31,56,211,192,91.0,85.71875,78.0,123,125
31,51,5,241,82.875,2.03125,97.90625,450,555
31,31,157,120,50.375,63.78125,48.75,200,216
31,11,110,77,17.875,44.6875,31.28125,423,516
31,54,116,207,87.75,47.125,84.09375,43,43
31,17,39,118,27.625,15.84375,47.9375,359,427
31,30,44,152,48.75,17.875,61.75,206,351
31,18,221,76,29.25,89.78125,30.875,304,375
31,25,79,118,40.625,32.09375,47.9375,246,346
31,31,86,134,50.375,34.9375,54.4375,196,208
31,49,38,212,79.625,15.4375,86.125,152,373
31,9,91,76,14.625,36.96875,30.875,435,559
31,20,150,89,32.5,60.9375,36.15625,317,561
31,15,25,113,24.375,10.15625,45.90625,360,428
31,54,48,237,87.75,19.5,96.28125,190,517
31,52,86,214,84.5,34.9375,86.9375,282,315
31,25,214,93,40.625,86.9375,37.78125,304,374
31,14,75,88,22.75,30.46875,35.75,340,556
31,29,63,136,47.125,25.59375,55.25,239,257
31,30,219,105,48.75,88.96875,42.65625,182,194
31,19,83,103,30.875,33.71875,41.84375,340,501
31,18,60,118,29.25,24.375,47.9375,361,532
31,32,13,166,52.0,5.28125,67.4375,396,481
31,21,197,83,34.125,80.03125,33.71875,261,406
31,40,189,137,65.0,76.78125,55.65625,61,61
31,51,57,206,82.875,23.15625,83.6875,152,383
31,40,220,167,65.0,89.375,67.84375,286,322
31,50,127,192,81.25,51.59375,78.0,10,272
31,14,56,103,22.75,22.75,41.84375,361,533
31,20,249,77,32.5,101.15625,31.28125,348,416
31,7,77,66,11.375,31.28125,26.8125,435,558
31,58,236,192,94.25,95.875,78.0,64,64
31,21,120,97,34.125,48.75,39.40625,341,519
31,20,8,130,32.5,3.25,52.8125,452,562
31,42,172,146,68.25,69.875,59.3125,329,394
31,44,118,168,71.5,47.9375,68.25,211,380
31,23,51,122,37.375,20.71875,49.5625,436,534
31,14,137,84,22.75,55.65625,34.125,410,499
31,39,217,136,63.375,88.15625,55.25,69,382
31,27,133,111,43.875,54.03125,45.09375,307,353
31,52,196,215,84.5,79.625,87.34375,453,563
31,24,143,130,39.0,58.09375,52.8125,225,535
31,42,93,165,68.25,37.78125,67.03125,268,300
31,29,206,133,47.125,83.6875,54.03125,135,139
31,8,31,93,13.0,12.59375,37.78125,422,564
31,54,30,247,87.75,12.1875,100.34375,284,318
31,24,106,114,39.0,43.0625,46.3125,306,352
31,56,115,224,91.0,46.71875,91.0,251,294
31,18,96,129,29.25,39.0,52.40625,412,502
31,15,196,108,24.375,79.625,43.875,462,574
31,45,246,209,73.125,99.9375,84.90625,88,88
31,20,189,115,32.5,76.78125,46.71875,463,575
31,24,131,150,39.0,53.21875,60.9375,379,451
31,30,124,158,48.75,50.375,64.1875,137,141
31,42,250,182,68.25,101.5625,73.9375,83,83
31,29,76,168,47.125,30.875,68.25,391,471
31,11,78,117,17.875,31.6875,47.53125,378,450
31,36,240,167,58.5,97.5,67.84375,290,326
31,50,140,179,81.25,56.875,72.71875,72,72
31,48,180,164,78.0,73.125,66.625,73,73
31,43,60,221,69.875,24.375,89.78125,438,537
31,15,98,141,24.375,39.8125,57.28125,305,448
31,17,164,119,27.625,66.625,48.34375,331,397
31,31,48,192,50.375,19.5,78.0,319,367
31,48,234,193,78.0,95.0625,78.40625,400,486
31,5,204,86,8.125,82.875,34.9375,454,565
31,10,16,101,16.25,6.5,41.03125,437,536
31,49,199,171,79.625,80.84375,69.46875,455,566
31,34,38,173,55.25,15.4375,70.28125,249,275
31,9,150,74,14.625,60.9375,30.0625,440,567
31,42,131,194,68.25,53.21875,78.8125,89,89
31,32,152,163,52.0,61.75,66.21875,85,85
31,56,166,205,91.0,67.4375,83.28125,288,324
31,6,103,108,9.75,41.84375,43.875,441,540
31,26,33,115,42.25,13.40625,46.71875,425,521
31,24,10,180,39.0,4.0625,73.125,443,543
31,24,167,132,39.0,67.84375,53.625,217,233
31,40,214,227,65.0,86.9375,92.21875,113,510
31,31,72,190,50.375,29.25,77.1875,301,341
31,22,87,151,35.75,35.34375,61.34375,353,421
31,28,159,149,45.5,64.59375,60.53125,171,181
31,11,130,117,17.875,52.8125,47.53125,349,417
31,41,221,191,66.625,89.78125,77.59375,270,302
31,36,179,161,58.5,72.71875,65.40625,70,70
31,51,18,226,82.875,7.3125,91.8125,464,576
31,45,122,222,73.125,49.5625,90.1875,344,474
31,25,227,120,40.625,92.21875,48.75,184,577
31,15,229,134,24.375,93.03125,54.4375,370,438
31,7,169,99,11.375,68.65625,40.21875,444,544
31,44,207,200,71.5,84.09375,81.25,390,470
31,25,235,123,40.625,95.46875,49.96875,184,578
31,22,33,169,35.75,13.40625,68.65625,415,505
31,48,172,205,78.0,69.875,83.28125,465,579
31,40,184,173,65.0,74.75,70.28125,405,491
31,47,60,249,76.375,24.375,101.15625,466,580
31,34,98,172,55.25,39.8125,69.875,296,334
31,40,30,241,65.0,12.1875,97.90625,345,413
31,9,46,131,14.625,18.6875,53.21875,426,522
31,56,209,239,91.0,84.90625,97.09375,332,398
31,27,189,142,43.875,76.78125,57.6875,172,182
31,41,82,208,66.625,33.3125,84.5,445,545
31,28,237,141,45.5,96.28125,57.28125,139,143
31,11,231,90,17.875,93.84375,36.5625,457,569
31,48,149,216,78.0,60.53125,87.75,467,581
31,37,156,212,60.125,63.375,86.125,81,212
31,14,218,106,22.75,88.5625,43.0625,369,437
31,30,9,199,48.75,3.65625,80.84375,446,546
31,14,151,148,22.75,61.34375,60.125,383,582
31,16,125,158,26.0,50.78125,64.1875,383,583
31,28,36,219,45.5,14.625,88.96875,431,527
31,9,23,129,14.625,9.34375,52.40625,468,584
31,30,128,209,48.75,52.0,84.90625,141,496
31,49,92,234,79.625,37.375,95.0625,459,571
31,6,236,67,9.75,95.875,27.21875,460,572
31,32,197,194,52.0,80.03125,78.8125,275,307
31,21,59,198,34.125,23.96875,80.4375,327,387
31,20,231,106,32.5,93.84375,43.0625,469,585
31,20,61,152,32.5,24.78125,61.75,417,507
31,15,167,137,24.375,67.84375,55.65625,384,458
31,38,142,180,61.75,57.6875,73.125,333,399
31,31,18,216,50.375,7.3125,87.75,470,586
31,43,166,231,69.875,67.4375,93.84375,471,587
31,13,88,167,21.125,35.75,67.84375,418,508
31,34,106,230,55.25,43.0625,93.4375,448,548
31,24,100,197,39.0,40.625,80.03125,458,570
32,43,45,188,69.875,18.28125,76.375,281,313
32,8,150,54,13.0,60.9375,21.9375,440,553
32,16,185,71,26.0,75.15625,28.84375,375,461
32,48,250,156,78.0,101.5625,63.375,78,78
32,50,108,189,81.25,43.875,76.78125,25,25
32,25,161,104,40.625,65.40625,42.25,317,550
32,47,216,161,76.375,87.75,65.40625,7,7
32,45,65,197,73.125,26.40625,80.03125,193,205
32,44,13,201,71.5,5.28125,81.65625,449,549
32,38,16,188,61.75,6.5,76.375,335,401
32,24,37,145,39.0,15.03125,58.90625,316,364
32,12,186,52,19.5,75.5625,21.125,409,551
32,17,173,83,27.625,70.28125,33.71875,375,464
32,35,208,119,56.875,84.5,48.34375,265,295
32,34,114,139,55.25,46.3125,56.46875,168,178
32,29,194,112,47.125,78.8125,45.5,203,259
32,13,204,61,21.125,82.875,24.78125,409,554
32,12,55,94,19.5,22.34375,38.1875,422,552
32,5,35,77,8.125,14.21875,31.28125,472,588
32,46,31,214,74.75,12.59375,86.9375,152,237
32,36,71,160,58.5,28.84375,65.0,4,372
32,57,218,196,92.625,88.5625,79.625,123,125
32,52,8,243,84.5,3.25,98.71875,450,555
32,13,118,78,21.125,47.9375,31.6875,423,516
32,18,47,120,29.25,19.09375,48.75,359,427
32,52,169,184,84.5,68.65625,74.75,5,5
32,33,93,135,53.625,37.78125,54.84375,196,208
32,7,133,68,11.375,54.03125,27.625,461,573
32,39,139,146,63.375,56.46875,59.3125,153,159
32,40,163,144,65.0,66.21875,58.5,144,148
32,16,104,91,26.0,42.25,36.96875,395,480
32,27,85,119,43.875,34.53125,48.34375,246,346
32,42,246,135,68.25,99.9375,54.84375,69,379
32,9,77,85,14.625,31.28125,34.53125,340,557
32,50,78,199,81.25,31.6875,80.84375,10,270
32,53,95,216,86.125,38.59375,87.75,282,315
32,38,91,145,61.75,36.96875,58.90625,26,26
32,14,224,61,22.75,91.0,24.78125,362,430
32,20,228,78,32.5,92.625,31.6875,304,375
32,57,147,210,92.625,59.71875,85.3125,13,13
32,56,120,210,91.0,48.75,85.3125,43,43
32,16,34,113,26.0,13.8125,45.90625,360,428
32,32,166,121,52.0,67.4375,49.15625,200,216
32,52,62,208,84.5,25.1875,84.5,152,383
32,50,41,213,81.25,16.65625,86.53125,152,373
32,31,226,106,50.375,91.8125,43.0625,182,194
32,55,52,240,89.375,21.125,97.5,190,517
32,43,73,170,69.875,29.65625,69.0625,4,589
32,6,105,65,9.75,42.65625,26.40625,473,590
32,42,197,140,68.25,80.03125,56.875,61,61
32,31,48,153,50.375,19.5,62.15625,206,351
32,41,81,170,66.625,32.90625,69.0625,4,591
32,42,135,157,68.25,54.84375,63.78125,474,592
32,10,99,79,16.25,40.21875,32.09375,435,559
32,26,221,94,42.25,89.78125,38.1875,304,374
32,33,134,130,53.625,54.4375,52.8125,212,228
32,21,155,90,34.125,62.96875,36.5625,317,561
32,20,67,120,32.5,27.21875,48.75,361,532
32,22,127,99,35.75,51.59375,40.21875,341,519
32,21,91,104,34.125,36.96875,42.25,340,501
32,25,57,124,40.625,23.15625,50.375,436,534
32,21,21,132,34.125,8.53125,53.625,452,562
32,16,63,104,26.0,25.59375,42.25,361,533
32,41,225,137,66.625,91.40625,55.65625,69,382
32,22,201,83,35.75,81.65625,33.71875,261,406
32,52,133,195,84.5,54.03125,79.21875,10,272
32,34,19,168,55.25,7.71875,68.25,396,481
32,10,85,69,16.25,34.53125,28.03125,435,558
32,53,202,214,86.125,82.0625,86.9375,453,563
32,43,180,149,69.875,73.125,60.53125,329,394
32,45,123,170,73.125,49.96875,69.0625,211,380
32,30,66,139,48.75,26.8125,56.46875,239,257
32,15,145,84,24.375,58.90625,34.125,410,499
32,31,217,134,50.375,88.15625,54.4375,135,139
32,9,38,96,14.625,15.4375,39.0,422,564
32,28,141,113,45.5,57.28125,45.90625,307,353
32,38,243,167,61.75,98.71875,67.84375,290,326
32,55,34,249,89.375,13.8125,101.15625,284,318
32,44,100,171,71.5,40.625,69.46875,268,300
32,26,112,114,42.25,45.5,46.3125,306,352
32,30,81,170,48.75,32.90625,69.0625,391,471
32,19,105,128,30.875,42.65625,52.0,412,502
32,58,119,227,94.25,48.34375,92.21875,251,294
32,17,204,110,27.625,82.875,44.6875,462,574
32,12,87,116,19.5,35.34375,47.125,378,450
32,43,63,221,69.875,25.59375,89.78125,438,537
32,25,138,150,40.625,56.0625,60.9375,379,451
32,50,183,168,81.25,74.34375,68.25,73,73
32,51,147,180,82.875,59.71875,73.125,72,72
32,31,131,159,50.375,53.21875,64.59375,137,141
32,51,205,177,82.875,83.28125,71.90625,455,566
32,16,104,139,26.0,42.25,56.46875,305,448
32,56,171,208,91.0,69.46875,84.5,288,324
32,25,152,131,40.625,61.75,53.21875,225,535
32,32,48,193,52.0,19.5,78.40625,319,367
32,35,44,177,56.875,17.875,71.90625,249,275
32,7,216,92,11.375,87.75,37.375,454,565
32,19,170,118,30.875,69.0625,47.9375,331,397
32,10,160,72,16.25,65.0,29.25,440,567
32,49,240,195,79.625,97.5,79.21875,400,486
32,58,234,235,94.25,95.0625,95.46875,475,593
32,9,178,97,14.625,72.3125,39.40625,444,544
32,43,138,193,69.875,56.0625,78.40625,89,89
32,11,24,104,17.875,9.75,42.25,437,536
32,29,167,146,47.125,67.84375,59.3125,171,181
32,57,80,241,92.625,32.5,97.90625,476,594
32,25,10,183,40.625,4.0625,74.34375,443,543
32,27,39,117,43.875,15.84375,47.53125,425,521
32,25,178,130,40.625,72.3125,52.8125,217,233
32,52,23,230,84.5,9.34375,93.4375,464,576
32,41,218,228,66.625,88.5625,92.625,113,595
32,7,110,107,11.375,44.6875,43.46875,441,540
32,35,98,174,56.875,39.8125,70.6875,296,334
32,12,133,114,19.5,54.03125,46.3125,349,417
32,17,233,136,27.625,94.65625,55.25,370,438
32,26,246,127,42.25,99.9375,51.59375,184,578
32,23,97,147,37.375,39.40625,59.71875,353,421
32,15,159,147,24.375,64.59375,59.71875,383,582
32,41,190,173,66.625,77.1875,70.28125,405,491
32,33,158,165,53.625,64.1875,67.03125,85,85
32,30,243,141,48.75,98.71875,57.28125,139,143
32,29,197,141,47.125,80.03125,57.28125,172,182
32,41,34,238,66.625,13.8125,96.6875,345,413
32,41,230,193,66.625,93.4375,78.40625,270,302
32,23,38,170,37.375,15.4375,69.0625,415,505
32,10,53,132,16.25,21.53125,53.625,426,522
32,44,181,188,71.5,73.53125,76.375,477,596
32,15,28,154,24.375,11.375,62.5625,478,597
32,30,9,198,48.75,3.65625,80.4375,446,546
32,45,213,200,73.125,86.53125,81.25,390,470
32,26,236,125,42.25,95.875,50.78125,184,577
32,31,74,190,50.375,30.0625,77.1875,301,341
32,12,243,94,19.5,98.71875,38.1875,457,569
32,47,65,248,76.375,26.40625,100.75,466,580
32,17,126,164,27.625,51.1875,66.625,383,583
32,19,198,131,30.875,80.4375,53.21875,479,598
32,33,196,199,53.625,79.625,80.84375,275,307
32,15,234,107,24.375,95.0625,43.46875,369,437
32,48,150,215,78.0,60.9375,87.34375,467,581
32,46,125,220,74.75,50.78125,89.375,344,474
32,11,217,78,17.875,88.15625,31.6875,480,599
32,22,65,198,35.75,26.40625,80.4375,327,387
32,7,245,64,11.375,99.53125,26.0,460,572
32,27,104,199,43.875,42.25,80.84375,458,570
32,38,166,208,61.75,67.4375,84.5,81,212
32,50,97,236,81.25,39.40625,95.875,459,571
32,31,135,209,50.375,54.84375,84.90625,141,496
32,29,42,221,47.125,17.0625,89.78125,431,527
32,5,30,158,8.125,12.1875,64.1875,481,600
32,42,206,229,68.25,83.6875,93.03125,113,601
32,5,157,122,8.125,63.78125,49.5625,482,602
32,39,151,178,63.375,61.34375,72.3125,333,399
32,21,71,151,34.125,28.84375,61.34375,417,507
32,5,68,147,8.125,27.625,59.71875,483,603
32,44,172,229,71.5,69.875,93.03125,471,587
32,36,113,232,58.5,45.90625,94.25,448,548
32,32,21,215,52.0,8.53125,87.34375,470,586
32,14,98,166,22.75,39.8125,67.4375,418,508
33,43,47,183,69.875,19.09375,74.34375,281,313
33,17,187,69,27.625,75.96875,28.03125,375,461
33,24,39,141,39.0,15.84375,57.28125,316,364
33,50,110,188,81.25,44.6875,76.375,25,25
33,38,18,185,61.75,7.3125,75.15625,335,401
33,44,16,199,71.5,6.5,80.84375,449,549
33,9,157,52,14.625,63.78125,21.125,440,553
33,13,61,91,21.125,24.78125,36.96875,422,552
33,26,166,103,42.25,67.4375,41.84375,317,550
33,12,11,99,19.5,4.46875,40.21875,437,536
33,45,66,194,73.125,26.8125,78.8125,193,205
33,46,35,210,74.75,14.21875,85.3125,152,237
33,31,197,112,50.375,80.03125,45.5,203,259
33,52,171,182,84.5,69.46875,73.9375,5,5
33,58,219,197,94.25,88.96875,80.03125,123,125
33,5,41,73,8.125,16.65625,29.65625,472,588
33,47,217,160,76.375,88.15625,65.0,7,7
33,19,50,119,30.875,20.3125,48.34375,359,427
33,14,211,59,22.75,85.71875,23.96875,409,554
33,52,10,238,84.5,4.0625,96.6875,450,555
33,18,176,82,29.25,71.5,33.3125,375,464
33,36,213,117,58.5,86.53125,47.53125,265,295
33,13,124,74,21.125,50.375,30.0625,423,516
33,7,138,65,11.375,56.0625,26.40625,461,573
33,37,72,156,60.125,29.25,63.375,4,372
33,39,142,145,63.375,57.6875,58.90625,153,159
33,13,191,53,21.125,77.59375,21.53125,409,551
33,17,107,93,27.625,43.46875,37.78125,395,604
33,58,151,210,94.25,61.34375,85.3125,13,13
33,31,108,131,50.375,43.875,53.21875,168,605
33,34,94,137,55.25,38.1875,55.65625,196,208
33,27,92,117,43.875,37.375,47.53125,246,346
33,17,38,111,27.625,15.4375,45.09375,360,428
33,43,139,157,69.875,56.46875,63.78125,474,592
33,50,82,197,81.25,33.3125,80.03125,10,270
33,33,230,107,53.625,93.4375,43.46875,182,194
33,43,250,136,69.875,101.5625,55.25,69,379
33,20,229,77,32.5,93.03125,31.28125,304,375
33,39,166,140,63.375,67.4375,56.875,144,148
33,5,229,35,8.125,93.03125,14.21875,484,606
33,41,83,169,66.625,33.71875,68.65625,4,591
33,15,230,60,24.375,93.4375,24.375,362,430
33,33,170,121,53.625,69.0625,49.15625,200,216
33,35,116,139,56.875,47.125,56.46875,168,607
33,55,122,210,89.375,49.5625,85.3125,43,43
33,6,107,61,9.75,43.46875,24.78125,473,590
33,55,54,237,89.375,21.9375,96.28125,190,517
33,9,78,80,14.625,31.6875,32.5,340,557
33,44,73,170,71.5,29.65625,69.0625,4,589
33,21,21,132,34.125,8.53125,53.625,452,562
33,52,63,206,84.5,25.59375,83.6875,152,383
33,27,228,94,43.875,92.625,38.1875,304,374
33,21,156,87,34.125,63.375,35.34375,317,561
33,11,104,77,17.875,42.25,31.28125,435,559
33,31,51,149,50.375,20.71875,60.53125,206,351
33,16,67,103,26.0,27.21875,41.84375,361,533
33,21,96,103,34.125,39.0,41.84375,340,501
33,33,137,128,53.625,55.65625,52.0,212,228
33,49,95,206,79.625,38.59375,83.6875,485,608
33,42,199,140,68.25,80.84375,56.875,61,61
33,16,87,90,26.0,35.34375,36.5625,395,609
33,15,150,81,24.375,60.9375,32.90625,410,499
33,23,132,97,37.375,53.625,39.40625,341,519
33,41,228,137,66.625,92.625,55.65625,69,382
33,25,62,119,40.625,25.1875,48.34375,436,534
33,43,232,169,69.875,94.25,68.65625,486,610
33,52,135,194,84.5,54.84375,78.8125,10,272
33,21,73,116,34.125,29.65625,47.125,361,532
33,11,89,68,17.875,36.15625,27.625,435,558
33,44,181,148,71.5,73.53125,60.125,329,394
33,33,19,166,53.625,7.71875,67.4375,396,481
33,9,43,95,14.625,17.46875,38.59375,422,564
33,23,205,83,37.375,83.28125,33.71875,261,406
33,55,36,248,89.375,14.625,100.75,284,318
33,56,94,221,91.0,38.1875,89.78125,282,315
33,52,206,210,84.5,83.6875,85.3125,453,563
33,29,145,113,47.125,58.90625,45.90625,307,353
33,58,120,227,94.25,48.75,92.21875,251,294
33,31,218,133,50.375,88.5625,54.03125,135,139
33,27,117,114,43.875,47.53125,46.3125,306,352
33,45,102,170,73.125,41.4375,69.0625,268,300
33,57,82,235,92.625,33.3125,95.46875,476,594
33,46,125,169,74.75,50.78125,68.65625,211,380
33,31,136,157,50.375,55.25,63.78125,137,141
33,38,246,169,61.75,99.9375,68.65625,290,326
33,25,143,149,40.625,58.09375,60.53125,379,451
33,16,108,136,26.0,43.875,55.25,305,448
33,43,64,217,69.875,26.0,88.15625,438,537
33,50,183,166,81.25,74.34375,67.4375,73,73
33,33,51,193,53.625,20.71875,78.40625,319,367
33,25,155,131,40.625,62.96875,53.21875,225,535
33,20,110,126,32.5,44.6875,51.1875,412,502
33,31,85,168,50.375,34.53125,68.25,391,471
33,57,174,208,92.625,70.6875,84.5,288,324
33,42,143,187,68.25,58.09375,75.96875,89,89
33,51,149,177,82.875,60.53125,71.90625,72,72
33,23,206,111,37.375,83.6875,45.09375,487,611
33,51,205,175,82.875,83.28125,71.09375,455,566
33,29,175,144,47.125,71.09375,58.5,171,181
33,12,89,111,19.5,36.15625,45.09375,378,450
33,5,55,84,8.125,22.34375,34.125,488,612
33,10,165,68,16.25,67.03125,27.625,440,567
33,19,177,115,30.875,71.90625,46.71875,331,397
33,7,222,91,11.375,90.1875,36.96875,454,565
33,28,68,131,45.5,27.625,53.21875,239,257
33,25,13,176,40.625,5.28125,71.5,443,543
33,49,244,194,79.625,99.125,78.8125,400,486
33,8,114,105,13.0,46.3125,42.65625,441,540
33,31,247,137,50.375,100.34375,55.65625,139,143
33,53,26,230,86.125,10.5625,93.4375,464,576
33,24,40,168,39.0,16.25,68.25,415,505
33,27,40,116,43.875,16.25,47.125,425,521
33,33,162,162,53.625,65.8125,65.8125,85,85
33,13,144,113,21.125,58.5,45.90625,349,417
33,35,104,172,56.875,42.25,69.875,296,334
33,42,224,231,68.25,91.0,93.84375,113,595
33,32,79,187,52.0,32.09375,75.96875,301,341
33,28,203,140,45.5,82.46875,56.875,172,182
33,42,234,191,68.25,95.0625,77.59375,270,302
33,26,180,127,42.25,73.125,51.59375,217,233
33,8,185,92,13.0,75.15625,37.375,444,544
33,23,100,146,37.375,40.625,59.3125,353,421
33,17,233,136,27.625,94.65625,55.25,370,438
33,15,33,149,24.375,13.40625,60.53125,478,597
33,27,240,123,43.875,97.5,49.96875,184,577
33,41,192,173,66.625,78.0,70.28125,405,491
33,12,211,94,19.5,85.71875,38.1875,489,613
33,23,67,195,37.375,27.21875,79.21875,327,387
33,41,31,236,66.625,12.59375,95.875,345,413
33,47,67,244,76.375,27.21875,99.125,466,580
33,12,249,91,19.5,101.15625,36.96875,457,569
33,9,34,123,14.625,13.8125,49.96875,490,614
33,44,183,187,71.5,74.34375,75.96875,477,596
33,40,83,202,65.0,33.71875,82.0625,491,615
33,16,161,145,26.0,65.40625,58.90625,383,582
33,55,131,244,89.375,53.21875,99.125,492,616
33,42,125,207,68.25,50.78125,84.09375,493,617
33,7,34,158,11.375,13.8125,64.1875,481,600
33,16,125,161,26.0,50.78125,65.40625,383,583
33,45,43,243,73.125,17.46875,98.71875,494,618
33,30,47,221,48.75,19.09375,89.78125,431,527
33,34,199,202,55.25,80.84375,82.0625,275,307
33,47,153,212,76.375,62.15625,86.125,467,581
33,37,167,203,60.125,67.84375,82.46875,81,212
33,19,202,131,30.875,82.0625,53.21875,479,598
33,47,126,226,76.375,51.1875,91.8125,344,474
33,15,237,105,24.375,96.28125,42.65625,369,437
33,49,99,233,79.625,40.21875,94.65625,459,571
33,14,173,131,22.75,70.28125,53.21875,495,619
33,46,216,196,74.75,87.75,79.625,390,470
33,17,8,193,27.625,3.25,78.40625,496,620
33,21,75,147,34.125,30.46875,59.71875,417,507
33,39,155,174,63.375,62.96875,70.6875,333,399
33,31,137,204,50.375,55.65625,82.875,141,496
33,6,158,125,9.75,64.1875,50.78125,482,602
33,26,104,193,42.25,42.25,78.40625,458,570
33,43,211,226,69.875,85.71875,91.8125,113,601
33,53,233,218,86.125,94.65625,88.5625,497,621
33,15,99,164,24.375,40.21875,66.625,418,508
33,5,73,144,8.125,29.65625,58.5,483,603
33,31,19,210,50.375,7.71875,85.3125,470,586
33,43,174,223,69.875,70.6875,90.59375,471,587
34,44,47,186,71.5,19.09375,75.5625,281,313
34,18,191,72,29.25,77.59375,29.25,375,461
34,39,17,187,63.375,6.90625,75.96875,335,401
34,51,112,192,82.875,45.5,78.0,25,25
34,32,198,113,52.0,80.4375,45.90625,203,259
34,14,62,91,22.75,25.1875,36.96875,422,552
34,48,36,214,78.0,14.625,86.9375,152,237
34,21,51,121,34.125,20.71875,49.15625,359,427
34,36,94,141,58.5,38.1875,57.28125,196,208
34,6,42,74,9.75,17.0625,30.0625,472,588
34,26,40,145,42.25,16.25,58.90625,316,364
34,47,65,198,76.375,26.40625,80.4375,193,205
34,46,16,203,74.75,6.5,82.46875,449,549
34,21,180,84,34.125,73.125,34.125,375,464
34,13,10,100,21.125,4.0625,40.625,437,536
34,32,108,135,52.0,43.875,54.84375,168,605
34,40,142,146,65.0,57.6875,59.3125,153,159
34,37,213,121,60.125,86.53125,49.15625,265,295
34,40,71,161,65.0,28.84375,65.40625,4,372
34,50,100,211,81.25,40.625,85.71875,485,608
34,37,117,141,60.125,47.53125,57.28125,168,607
34,49,218,164,79.625,88.5625,66.625,7,7
34,15,124,78,24.375,50.375,31.6875,423,516
34,28,169,104,45.5,68.65625,42.25,317,550
34,15,214,60,24.375,86.9375,24.375,409,554
34,5,70,71,8.125,28.4375,28.84375,498,622
34,29,92,121,47.125,37.375,49.15625,246,346
34,23,21,138,37.375,8.53125,56.0625,452,562
34,53,172,184,86.125,69.875,74.75,5,5
34,52,14,238,84.5,5.6875,96.6875,450,555
34,5,198,42,8.125,80.4375,17.0625,499,623
34,19,107,96,30.875,43.46875,39.0,395,604
34,6,231,35,9.75,93.84375,14.21875,484,606
34,44,141,159,71.5,57.28125,64.59375,474,592
34,9,138,68,14.625,56.0625,27.625,461,573
34,35,233,112,56.875,94.65625,45.5,182,194
34,18,36,115,29.25,14.625,46.71875,360,428
34,50,47,209,81.25,19.09375,84.90625,500,624
34,30,230,99,48.75,93.4375,40.21875,304,374
34,35,171,124,56.875,69.46875,50.375,200,216
34,41,166,145,66.625,67.4375,58.90625,144,148
34,43,85,174,69.875,34.53125,70.6875,4,591
34,57,56,241,92.625,22.75,97.90625,190,517
34,11,79,82,17.875,32.09375,33.3125,340,557
34,13,109,78,21.125,44.28125,31.6875,435,559
34,23,233,78,37.375,94.65625,31.6875,304,375
34,44,70,171,71.5,28.4375,69.46875,4,589
34,15,191,56,24.375,77.59375,22.75,409,551
34,57,121,215,92.625,49.15625,87.34375,43,43
34,17,230,63,27.625,93.4375,25.59375,362,430
34,26,61,120,42.25,24.78125,48.75,436,534
34,52,82,201,84.5,33.3125,81.65625,10,270
34,11,156,56,17.875,63.375,22.75,440,553
34,58,94,225,94.25,38.1875,91.40625,282,315
34,23,157,88,37.375,63.78125,35.75,317,561
34,32,55,151,52.0,22.34375,61.34375,206,351
34,35,136,131,56.875,55.25,53.21875,212,228
34,5,13,81,8.125,5.28125,32.90625,501,625
34,44,236,170,71.5,95.875,69.0625,486,610
34,43,229,141,69.875,93.03125,57.28125,69,382
34,17,152,81,27.625,61.75,32.90625,410,499
34,7,108,63,11.375,43.875,25.59375,473,590
34,53,64,208,86.125,26.0,84.5,152,383
34,22,96,105,35.75,39.0,42.65625,340,501
34,22,72,119,35.75,29.25,48.34375,361,532
34,43,197,141,69.875,80.03125,57.28125,61,61
34,17,65,104,27.625,26.40625,42.25,361,533
34,29,66,129,47.125,26.8125,52.40625,239,257
34,35,19,169,56.875,7.71875,68.65625,396,481
34,17,86,91,27.625,34.9375,36.96875,395,609
34,53,209,212,86.125,84.90625,86.125,453,563
34,25,135,99,40.625,54.84375,40.21875,341,519
34,32,221,134,52.0,89.78125,54.4375,135,139
34,12,92,70,19.5,37.375,28.4375,435,558
34,25,209,84,40.625,84.90625,34.125,261,406
34,26,161,130,42.25,65.40625,52.8125,225,535
34,53,138,196,86.125,56.0625,79.625,10,272
34,31,147,117,50.375,59.71875,47.53125,307,353
34,11,42,96,17.875,17.0625,39.0,422,564
34,40,249,168,65.0,101.15625,68.25,290,326
34,28,116,116,45.5,47.125,47.125,306,352
34,47,103,173,76.375,41.84375,70.28125,268,300
34,45,181,149,73.125,73.53125,60.53125,329,394
34,48,128,172,78.0,52.0,69.875,211,380
34,35,55,193,56.875,22.34375,78.40625,319,367
34,33,137,160,53.625,55.65625,65.0,137,141
34,27,143,147,43.875,58.09375,59.71875,379,451
34,51,184,170,82.875,74.75,69.0625,73,73
34,30,178,143,48.75,72.3125,58.09375,171,181
34,32,87,173,52.0,35.34375,70.28125,391,471
34,21,111,126,34.125,45.09375,51.1875,412,502
34,24,209,112,39.0,84.90625,45.5,487,611
34,13,87,112,21.125,35.34375,45.5,378,450
34,45,64,220,73.125,26.0,89.375,438,537
34,33,249,139,53.625,101.15625,56.46875,139,143
34,17,108,136,27.625,43.875,55.25,305,448
34,9,115,103,14.625,46.71875,41.84375,441,540
34,53,152,183,86.125,61.75,74.34375,72,72
34,20,182,114,32.5,73.9375,46.3125,331,397
34,35,82,192,56.875,33.3125,78.0,301,341
34,5,143,96,8.125,58.09375,39.0,502,626
34,42,25,222,68.25,10.15625,90.1875,345,413
34,8,222,92,13.0,90.1875,37.375,454,565
34,26,14,176,42.25,5.6875,71.5,443,543
34,38,185,158,61.75,75.15625,64.1875,503,627
34,51,250,196,82.875,101.5625,79.625,400,486
34,50,130,230,81.25,52.8125,93.4375,344,474
34,12,167,69,19.5,67.84375,28.03125,440,567
34,43,145,191,69.875,58.90625,77.59375,89,89
34,28,39,117,45.5,15.84375,47.53125,425,521
34,34,164,166,55.25,66.625,67.4375,85,85
34,5,235,76,8.125,95.46875,30.875,504,628
34,36,106,172,58.5,43.0625,69.875,296,334
34,25,44,168,40.625,17.875,68.25,415,505
34,14,136,111,22.75,55.25,45.09375,349,417
34,54,28,233,87.75,11.375,94.65625,464,576
34,27,182,132,43.875,73.9375,53.625,217,233
34,43,125,208,69.875,50.78125,84.5,493,617
34,30,206,139,48.75,83.6875,56.46875,172,182
34,43,237,195,69.875,96.28125,79.21875,270,302
34,20,202,128,32.5,82.0625,52.0,479,598
34,17,41,148,27.625,16.65625,60.125,478,597
34,31,10,197,50.375,4.0625,80.03125,470,629
34,42,190,174,68.25,77.1875,70.6875,405,491
34,9,32,122,14.625,13.0,49.5625,490,614
34,31,45,224,50.375,18.28125,91.0,431,527
34,18,122,156,29.25,49.5625,63.375,383,583
34,18,236,141,29.25,95.875,57.28125,370,438
34,48,156,218,78.0,63.375,88.5625,467,581
34,46,187,188,74.75,75.96875,76.375,477,596
34,49,70,247,79.625,28.4375,100.34375,466,580
34,50,182,211,81.25,73.9375,85.71875,505,630
34,46,42,243,74.75,17.0625,98.71875,494,618
34,57,135,245,92.625,54.84375,99.53125,492,616
34,23,69,196,37.375,28.03125,79.625,327,387
34,13,226,79,21.125,91.8125,32.09375,506,631
34,47,223,199,76.375,90.59375,80.84375,390,470
34,23,81,148,37.375,32.90625,60.125,417,507
34,9,190,92,14.625,77.1875,37.375,444,544
34,7,31,159,11.375,12.59375,64.59375,481,600
34,17,240,107,27.625,97.5,43.46875,369,437
34,7,159,123,11.375,64.59375,49.96875,482,602
34,39,160,207,63.375,65.0,84.09375,81,212
34,42,228,226,68.25,92.625,91.8125,113,595
34,40,155,178,65.0,62.96875,72.3125,333,399
34,17,156,142,27.625,63.375,57.6875,383,582
34,32,137,202,52.0,55.65625,82.0625,141,496
34,16,101,158,26.0,41.03125,64.1875,418,508
34,16,192,96,26.0,78.0,39.0,507,632
34,35,198,203,56.875,80.4375,82.46875,275,307
34,44,174,225,71.5,70.6875,91.40625,471,587
34,6,73,144,9.75,29.65625,58.5,483,603
34,31,24,209,50.375,9.75,84.90625,470,633
34,52,109,237,84.5,44.28125,96.28125,459,571
34,44,213,232,71.5,86.53125,94.25,113,601
34,26,105,192,42.25,42.65625,78.0,458,570
35,46,48,190,74.75,19.5,77.1875,281,313
35,19,196,75,30.875,79.625,30.46875,375,461
35,49,67,205,79.625,27.21875,83.28125,193,205
35,52,113,196,84.5,45.90625,79.625,25,25
35,39,16,191,63.375,6.5,77.59375,335,401
35,49,35,218,79.625,14.21875,88.5625,152,237
35,15,63,97,24.375,25.59375,39.40625,422,552
35,50,220,169,81.25,89.375,68.65625,7,7
35,50,97,219,81.25,39.40625,88.96875,485,608
35,47,16,205,76.375,6.5,83.28125,449,549
35,28,42,150,45.5,17.0625,60.9375,316,364
35,34,200,117,55.25,81.25,47.53125,203,259
35,15,13,106,24.375,5.28125,43.0625,437,536
35,38,115,148,61.75,46.71875,60.125,168,607
35,41,72,167,66.625,29.25,67.84375,4,372
35,22,184,86,35.75,74.75,34.9375,375,464
35,53,15,244,86.125,6.09375,99.125,450,555
35,8,44,79,13.0,17.875,32.09375,472,588
35,42,143,152,68.25,58.09375,61.75,153,159
35,20,52,125,32.5,21.125,50.78125,359,427
35,39,214,127,63.375,86.9375,51.59375,265,295
35,37,94,146,60.125,38.1875,59.3125,196,208
35,5,69,75,8.125,28.03125,30.46875,498,622
35,17,128,84,27.625,52.0,34.125,423,516
35,7,233,38,11.375,94.65625,15.4375,484,606
35,30,171,110,48.75,69.46875,44.6875,317,550
35,34,107,143,55.25,43.46875,58.09375,168,605
35,6,200,44,9.75,81.25,17.875,499,623
35,54,172,187,87.75,69.875,75.96875,5,5
35,42,98,153,68.25,39.8125,62.15625,508,634
35,16,217,62,26.0,88.15625,25.1875,409,554
35,5,178,45,8.125,72.3125,18.28125,509,635
35,24,22,135,39.0,8.9375,54.84375,452,562
35,30,93,125,48.75,37.78125,50.78125,246,346
35,51,46,214,82.875,18.6875,86.9375,500,624
35,10,140,70,16.25,56.875,28.4375,461,573
35,31,233,103,50.375,94.65625,41.84375,304,374
35,24,235,84,39.0,95.46875,34.125,304,375
35,45,86,179,73.125,34.9375,72.71875,4,591
35,46,145,166,74.75,58.90625,67.4375,474,592
35,12,81,86,19.5,32.90625,34.9375,340,557
35,14,112,79,22.75,45.5,32.09375,435,559
35,24,159,91,39.0,64.59375,36.96875,317,561
35,52,84,207,84.5,34.125,84.09375,10,270
35,37,172,130,60.125,69.875,52.8125,200,216
35,20,38,120,32.5,15.4375,48.75,360,428
35,27,6,159,43.875,2.4375,64.59375,510,636
35,8,108,65,13.0,43.875,26.40625,473,590
35,21,111,103,34.125,45.09375,41.84375,395,604
35,18,236,65,29.25,95.875,26.40625,362,430
35,46,70,177,74.75,28.4375,71.90625,4,589
35,43,168,150,69.875,68.25,60.9375,144,148
35,45,238,173,73.125,96.6875,70.28125,486,610
35,58,58,244,94.25,23.5625,99.125,190,517
35,16,197,59,26.0,80.03125,23.96875,409,551
35,58,123,218,94.25,49.96875,88.5625,43,43
35,37,234,117,60.125,95.0625,47.53125,182,194
35,6,15,87,9.75,6.09375,35.34375,501,625
35,31,67,133,50.375,27.21875,54.03125,239,257
35,26,68,123,42.25,27.625,49.96875,436,534
35,36,136,136,58.5,55.25,55.25,212,228
35,45,198,145,73.125,80.4375,58.90625,61,61
35,44,230,145,71.5,93.4375,58.90625,69,382
35,36,19,172,58.5,7.71875,69.875,396,481
35,55,211,217,89.375,85.71875,88.15625,453,563
35,34,56,157,55.25,22.75,63.78125,206,351
35,47,184,154,76.375,74.75,62.5625,329,394
35,49,132,177,79.625,53.625,71.90625,211,380
35,24,96,109,39.0,39.0,44.28125,340,501
35,18,90,96,29.25,36.5625,39.0,395,609
35,48,105,178,78.0,42.65625,72.3125,268,300
35,33,147,122,53.625,59.71875,49.5625,307,353
35,12,94,76,19.5,38.1875,30.875,435,558
35,18,68,109,29.25,27.625,44.28125,361,533
35,55,141,203,89.375,57.28125,82.46875,10,272
35,13,156,61,21.125,63.375,24.78125,440,553
35,34,139,164,55.25,56.46875,66.625,137,141
35,6,161,55,9.75,65.40625,22.34375,511,637
35,34,223,137,55.25,90.59375,55.65625,135,139
35,27,212,88,43.875,86.125,35.75,261,406
35,12,44,101,19.5,17.875,41.03125,422,564
35,31,116,120,50.375,47.125,48.75,306,352
35,27,139,106,43.875,56.46875,43.0625,341,519
35,29,161,135,47.125,65.40625,54.84375,225,535
35,13,90,113,21.125,36.5625,45.90625,378,450
35,54,210,181,87.75,85.3125,73.53125,512,638
35,37,56,198,60.125,22.75,80.4375,319,367
35,18,116,140,29.25,47.125,56.875,305,448
35,28,148,150,45.5,60.125,60.9375,379,451
35,52,136,236,84.5,55.25,95.875,344,474
35,54,154,187,87.75,62.5625,75.96875,72,72
35,46,72,220,74.75,29.25,89.375,438,537
35,6,6,119,9.75,2.4375,48.34375,513,639
35,5,214,68,8.125,86.9375,27.625,514,640
35,46,149,199,74.75,60.53125,80.84375,89,89
35,52,187,176,84.5,75.96875,71.5,73,73
35,20,6,136,32.5,2.4375,55.25,515,641
35,33,182,145,53.625,73.9375,58.90625,171,181
35,21,110,128,34.125,44.6875,52.0,412,502
35,26,213,116,42.25,86.53125,47.125,487,611
35,10,117,105,16.25,47.53125,42.65625,441,540
35,33,89,174,53.625,36.15625,70.6875,391,471
35,22,186,113,35.75,75.5625,45.90625,331,397
35,7,146,96,11.375,59.3125,39.0,502,626
35,11,226,95,17.875,91.8125,38.59375,454,565
35,34,250,142,55.25,101.5625,57.6875,139,143
35,36,164,170,58.5,66.625,69.0625,85,85
35,14,172,71,22.75,69.875,28.84375,440,567
35,21,228,145,34.125,92.625,58.90625,370,438
35,37,86,196,60.125,34.9375,79.625,301,341
35,16,138,114,26.0,56.0625,46.3125,349,417
35,27,16,179,43.875,6.5,72.71875,443,543
35,42,233,219,68.25,94.65625,88.96875,113,595
35,18,44,152,29.25,17.875,61.75,478,597
35,40,185,162,65.0,75.15625,65.8125,503,627
35,29,41,119,47.125,16.65625,48.34375,425,521
35,55,29,237,89.375,11.78125,96.28125,464,576
35,29,184,134,47.125,74.75,54.4375,217,233
35,6,124,57,9.75,50.375,23.15625,516,642
35,49,227,204,79.625,92.21875,82.875,390,470
35,44,240,200,71.5,97.5,81.25,270,302
35,26,114,149,42.25,46.3125,60.53125,517,643
35,45,127,212,73.125,51.59375,86.125,493,617
35,7,237,79,11.375,96.28125,32.09375,504,628
35,49,158,225,79.625,64.1875,91.40625,467,581
35,26,232,135,42.25,94.25,54.84375,518,644
35,37,108,176,60.125,43.875,71.5,296,334
35,6,206,85,9.75,83.6875,34.53125,519,645
35,46,208,242,74.75,84.5,98.3125,113,601
35,44,96,207,71.5,39.0,84.09375,520,646
35,44,192,178,71.5,78.0,72.3125,405,491
35,51,185,216,82.875,75.15625,87.75,505,630
35,22,204,129,35.75,82.875,52.40625,479,598
35,13,64,127,21.125,26.0,51.59375,521,647
35,32,48,228,52.0,19.5,92.625,431,527
35,40,160,212,65.0,65.0,86.125,81,212
35,47,190,195,76.375,77.1875,79.21875,477,596
35,24,75,200,39.0,30.46875,81.25,327,387
35,11,192,96,17.875,78.0,39.0,444,544
35,14,231,82,22.75,93.84375,33.3125,506,631
35,19,244,113,30.875,99.125,45.90625,369,437
35,47,45,243,76.375,18.28125,98.71875,494,618
35,37,199,208,60.125,80.84375,84.5,275,307
35,27,117,190,43.875,47.53125,77.1875,458,570
35,49,72,248,79.625,29.25,100.75,466,580
35,46,174,231,74.75,70.6875,93.84375,471,587
35,24,84,149,39.0,34.125,60.53125,417,507
35,18,6,198,29.25,2.4375,80.4375,522,648
35,33,140,206,53.625,56.875,83.6875,141,496
35,41,158,185,66.625,64.1875,75.15625,333,399
35,8,31,161,13.0,12.59375,65.40625,481,600
35,9,162,126,14.625,65.8125,51.1875,482,602
35,18,166,153,29.25,67.4375,62.15625,383,582
35,7,75,146,11.375,30.46875,59.3125,483,603
35,53,111,242,86.125,45.09375,98.3125,459,571
35,16,180,132,26.0,73.125,53.625,523,649
35,31,31,208,50.375,12.59375,84.5,470,633
35,19,132,160,30.875,53.625,65.0,383,583
35,17,106,166,27.625,43.0625,67.4375,418,508
35,20,189,143,32.5,76.78125,58.09375,524,650
36,45,44,191,73.125,17.875,77.59375,281,313
36,42,74,175,68.25,30.0625,71.09375,4,372
36,20,197,76,32.5,80.03125,30.875,375,461
36,51,223,172,82.875,90.59375,69.875,7,7
36,48,34,223,78.0,13.8125,90.59375,152,237
36,39,15,195,63.375,6.09375,79.21875,335,401
36,34,200,118,55.25,81.25,47.9375,203,259
36,47,15,210,76.375,6.09375,85.3125,449,549
36,53,114,203,86.125,46.3125,82.46875,25,25
36,49,65,208,79.625,26.40625,84.5,193,205
36,28,42,153,45.5,17.0625,62.15625,316,364
36,16,63,102,26.0,25.59375,41.4375,422,552
36,55,173,189,89.375,70.28125,76.78125,5,5
36,39,116,154,63.375,47.125,62.5625,168,607
36,39,215,128,63.375,87.34375,52.0,265,295
36,42,143,154,68.25,58.09375,62.5625,153,159
36,10,46,83,16.25,18.6875,33.71875,472,588
36,22,51,131,35.75,20.71875,53.21875,359,427
36,22,184,87,35.75,74.75,35.34375,375,464
36,55,16,249,89.375,6.5,101.15625,450,555
36,18,129,87,29.25,52.40625,35.34375,423,516
36,37,93,149,60.125,37.78125,60.53125,196,208
36,42,98,156,68.25,39.8125,63.375,508,634
36,30,171,111,48.75,69.46875,45.09375,317,550
36,25,232,87,40.625,94.25,35.34375,304,375
36,31,93,129,50.375,37.78125,52.40625,246,346
36,42,168,148,68.25,68.25,60.125,144,148
36,16,14,108,26.0,5.6875,43.875,437,536
36,7,69,76,11.375,28.03125,30.875,498,622
36,9,109,65,14.625,44.28125,26.40625,473,590
36,6,180,46,9.75,73.125,18.6875,509,635
36,34,108,147,55.25,43.875,59.71875,168,605
36,32,232,104,52.0,94.25,42.25,304,374
36,20,38,124,32.5,15.4375,50.375,360,428
36,17,221,63,27.625,89.78125,25.59375,409,554
36,7,202,45,11.375,82.0625,18.28125,499,623
36,11,142,72,17.875,57.6875,29.25,461,573
36,10,6,101,16.25,2.4375,41.03125,525,651
36,22,111,105,35.75,45.09375,42.65625,395,604
36,24,158,95,39.0,64.1875,38.59375,317,561
36,46,87,183,74.75,35.34375,74.34375,4,591
36,8,236,40,13.0,95.875,16.25,484,606
36,13,81,90,21.125,32.90625,36.5625,340,557
36,44,239,176,71.5,97.09375,71.5,486,610
36,37,174,129,60.125,70.6875,52.40625,200,216
36,53,84,210,86.125,34.125,85.3125,10,270
36,46,144,168,74.75,58.5,68.25,474,592
36,51,46,217,82.875,18.6875,88.15625,500,624
36,28,6,162,45.5,2.4375,65.8125,510,636
36,25,22,141,40.625,8.9375,57.28125,452,562
36,32,66,138,52.0,26.8125,56.0625,239,257
36,17,199,62,27.625,80.84375,25.1875,409,551
36,15,109,82,24.375,44.28125,33.3125,435,559
36,37,236,118,60.125,95.875,47.9375,182,194
36,36,136,139,58.5,55.25,56.46875,212,228
36,28,66,130,45.5,26.8125,52.8125,436,534
36,58,124,223,94.25,50.375,90.59375,43,43
36,58,59,247,94.25,23.96875,100.34375,190,517
36,19,159,86,30.875,64.59375,34.9375,526,652
36,51,92,222,82.875,37.375,90.1875,485,608
36,34,58,163,55.25,23.5625,66.21875,206,351
36,19,237,69,30.875,96.28125,28.03125,362,430
36,36,18,177,58.5,7.3125,71.90625,396,481
36,44,231,146,71.5,93.84375,59.3125,69,382
36,13,156,62,21.125,63.375,25.1875,440,553
36,56,210,221,91.0,85.3125,89.78125,453,563
36,45,197,147,73.125,80.03125,59.71875,61,61
36,49,103,185,79.625,41.84375,75.15625,268,300
36,55,142,207,89.375,57.6875,84.09375,10,272
36,7,17,91,11.375,6.90625,36.96875,501,625
36,20,91,101,32.5,36.96875,41.03125,395,609
36,33,148,124,53.625,60.125,50.375,307,353
36,13,93,79,21.125,37.78125,32.09375,435,558
36,48,184,157,78.0,74.75,63.78125,329,394
36,31,116,125,50.375,47.125,50.78125,306,352
36,50,130,182,81.25,52.8125,73.9375,211,380
36,7,162,55,11.375,65.8125,22.34375,511,637
36,25,97,114,40.625,39.40625,46.3125,340,501
36,34,226,137,55.25,91.8125,55.65625,135,139
36,19,68,115,30.875,27.625,46.71875,361,533
36,27,211,91,43.875,85.71875,36.96875,261,406
36,13,44,105,21.125,17.875,42.65625,422,564
36,29,163,135,47.125,66.21875,54.84375,225,535
36,25,213,113,40.625,86.53125,45.90625,487,611
36,34,141,165,55.25,57.28125,67.03125,137,141
36,28,135,110,45.5,54.84375,44.6875,341,519
36,17,137,116,27.625,55.65625,47.125,349,417
36,54,212,185,87.75,86.125,75.15625,512,638
36,21,109,130,34.125,44.28125,52.8125,412,502
36,46,72,223,74.75,29.25,90.59375,438,537
36,19,117,143,30.875,47.53125,58.09375,305,448
36,37,60,198,60.125,24.375,80.4375,319,367
36,14,90,118,22.75,36.5625,47.9375,378,450
36,21,5,142,34.125,2.03125,57.6875,515,641
36,22,185,112,35.75,75.15625,45.5,331,397
36,33,94,176,53.625,38.1875,71.5,391,471
36,33,184,146,53.625,74.75,59.3125,171,181
36,6,219,70,9.75,88.96875,28.4375,514,640
36,54,153,188,87.75,62.15625,76.375,72,72
36,29,151,151,47.125,61.34375,61.34375,379,451
36,45,150,201,73.125,60.9375,81.65625,89,89
36,46,237,199,74.75,96.28125,80.84375,270,302
36,41,193,166,66.625,78.40625,67.4375,503,627
36,7,6,123,11.375,2.4375,49.96875,513,639
36,53,189,180,86.125,76.78125,73.125,73,73
36,42,235,217,68.25,95.46875,88.15625,113,595
36,50,227,207,81.25,92.21875,84.09375,390,470
36,7,148,97,11.375,60.125,39.40625,502,626
36,14,29,114,22.75,11.78125,46.3125,527,653
36,11,119,108,17.875,48.34375,43.875,441,540
36,14,176,69,22.75,71.5,28.03125,440,567
36,36,166,170,58.5,67.4375,69.0625,85,85
36,10,229,97,16.25,93.03125,39.40625,454,565
36,29,41,122,47.125,16.65625,49.5625,425,521
36,55,31,239,89.375,12.59375,97.09375,464,576
36,7,239,80,11.375,97.09375,32.5,504,628
36,7,126,59,11.375,51.1875,23.96875,516,642
36,36,92,195,58.5,37.375,79.21875,301,341
36,19,45,156,30.875,18.28125,63.375,478,597
36,52,139,237,84.5,56.46875,96.28125,344,474
36,26,19,180,42.25,7.71875,73.125,443,543
36,38,113,178,61.75,45.90625,72.3125,296,334
36,28,187,134,45.5,75.96875,54.4375,217,233
36,23,207,130,37.375,84.09375,52.8125,479,598
36,22,229,150,35.75,93.03125,60.9375,370,654
36,6,206,85,9.75,83.6875,34.53125,519,645
36,14,65,128,22.75,26.40625,52.0,521,647
36,45,194,182,73.125,78.8125,73.9375,405,491
36,22,239,149,35.75,97.09375,60.53125,370,655
36,11,35,129,17.875,14.21875,52.40625,528,656
36,22,164,126,35.75,66.625,51.1875,529,657
36,10,188,96,16.25,76.375,39.0,444,544
36,53,182,222,86.125,73.9375,90.1875,505,630
36,48,191,200,78.0,77.59375,81.25,477,596
36,51,160,226,82.875,65.0,91.8125,467,581
36,37,208,207,60.125,84.5,84.09375,275,307
36,11,165,132,17.875,67.03125,53.625,482,602
36,25,78,203,40.625,31.6875,82.46875,327,387
36,45,128,214,73.125,52.0,86.9375,493,617
36,25,84,153,40.625,34.125,62.15625,417,507
36,19,244,113,30.875,99.125,45.90625,369,437
36,47,46,245,76.375,18.6875,99.53125,494,618
36,32,49,230,52.0,19.90625,93.4375,431,527
36,40,164,215,65.0,66.625,87.34375,81,212
36,45,208,247,73.125,84.5,100.34375,113,601
36,14,230,83,22.75,93.4375,33.71875,506,631
36,11,35,167,17.875,14.21875,67.84375,481,600
36,50,79,249,81.25,32.09375,101.15625,466,580
36,28,121,193,45.5,49.15625,78.40625,458,570
36,42,159,186,68.25,64.59375,75.5625,333,399
36,19,8,201,30.875,3.25,81.65625,522,648
36,7,220,109,11.375,89.375,44.28125,530,658
36,46,174,235,74.75,70.6875,95.46875,471,587
36,17,107,172,27.625,43.46875,69.875,418,508
36,31,33,207,50.375,13.40625,84.09375,470,633
36,53,114,244,86.125,46.3125,99.125,459,571
36,19,180,139,30.875,73.125,56.46875,523,649
36,17,162,160,27.625,65.8125,65.0,383,582
36,22,188,149,35.75,76.375,60.53125,524,650
36,20,132,165,32.5,53.625,67.03125,383,583
36,33,147,207,53.625,59.71875,84.09375,141,496
36,36,211,164,58.5,85.71875,66.625,531,659
37,46,49,192,74.75,19.90625,78.0,281,313
37,22,202,77,35.75,82.0625,31.28125,375,461
37,42,74,173,68.25,30.0625,70.28125,4,372
37,49,38,224,79.625,15.4375,91.0,152,237
37,55,177,191,89.375,71.90625,77.59375,5,5
37,35,206,119,56.875,83.6875,48.34375,203,259
37,50,70,208,81.25,28.4375,84.5,193,205
37,47,17,211,76.375,6.90625,85.71875,449,549
37,42,147,153,68.25,59.71875,62.15625,153,159
37,52,228,175,84.5,92.625,71.09375,7,7
37,29,47,153,47.125,19.09375,62.15625,316,364
37,24,188,88,39.0,76.375,35.75,375,464
37,17,66,104,27.625,26.8125,42.25,422,552
37,40,120,153,65.0,48.75,62.15625,168,607
37,26,238,87,42.25,96.6875,35.34375,304,375
37,40,216,129,65.0,87.75,52.40625,265,295
37,18,133,88,29.25,54.03125,35.75,423,516
37,22,52,132,35.75,21.125,53.625,359,427
37,12,49,86,19.5,19.90625,34.9375,472,588
37,5,90,65,8.125,36.5625,26.40625,532,660
37,43,100,159,69.875,40.625,64.59375,508,634
37,8,210,44,13.0,85.3125,17.875,499,623
37,12,150,71,19.5,60.9375,28.84375,461,573
37,39,17,196,63.375,6.90625,79.625,335,401
37,32,96,131,52.0,39.0,53.21875,246,346
37,15,86,92,24.375,34.9375,37.375,340,557
37,7,185,45,11.375,75.15625,18.28125,509,635
37,31,176,111,50.375,71.5,45.09375,317,550
37,53,118,204,86.125,47.9375,82.875,25,25
37,18,20,110,29.25,8.125,44.6875,437,536
37,46,148,166,74.75,60.125,67.4375,474,592
37,21,40,125,34.125,16.25,50.78125,360,428
37,8,74,77,13.0,30.0625,31.28125,498,622
37,10,245,42,16.25,99.53125,17.0625,484,606
37,38,179,133,61.75,72.71875,54.03125,200,216
37,10,114,64,16.25,46.3125,26.0,473,590
37,16,226,60,26.0,91.8125,24.375,409,554
37,58,61,246,94.25,24.78125,99.9375,190,517
37,33,238,105,53.625,96.6875,42.65625,304,374
37,36,111,147,58.5,45.09375,59.71875,168,605
37,16,114,82,26.0,46.3125,33.3125,435,559
37,25,162,93,40.625,65.8125,37.78125,317,561
37,51,48,215,82.875,19.5,87.34375,500,624
37,43,174,147,69.875,70.6875,59.71875,144,148
37,37,94,147,60.125,38.1875,59.71875,196,661
37,13,160,60,21.125,65.0,24.375,440,553
37,32,71,136,52.0,28.84375,55.25,239,257
37,54,86,213,87.75,34.9375,86.53125,10,270
37,47,91,185,76.375,36.96875,75.15625,4,591
37,24,117,105,39.0,47.53125,42.65625,395,604
37,28,10,161,45.5,4.0625,65.40625,510,636
37,35,60,161,56.875,24.375,65.40625,206,351
37,11,9,105,17.875,3.65625,42.65625,525,651
37,45,245,177,73.125,99.53125,71.90625,486,610
37,37,139,138,60.125,56.46875,56.0625,212,228
37,26,28,143,42.25,11.375,58.09375,452,562
37,20,244,69,32.5,99.125,28.03125,362,430
37,20,166,84,32.5,67.4375,34.125,526,652
37,18,205,64,29.25,83.28125,26.0,409,551
37,8,17,93,13.0,6.90625,37.78125,501,625
37,55,67,219,89.375,27.21875,88.96875,533,662
37,38,23,182,61.75,9.34375,73.9375,396,481
37,38,239,120,61.75,97.09375,48.75,182,194
37,30,168,135,48.75,68.25,54.84375,225,535
37,57,208,223,92.625,84.5,90.59375,453,563
37,14,47,106,22.75,19.09375,43.0625,422,564
37,6,170,53,9.75,69.0625,21.53125,511,637
37,49,108,184,79.625,43.875,74.75,268,300
37,32,122,126,52.0,49.5625,51.1875,306,352
37,35,152,124,56.875,61.75,50.375,307,353
37,46,203,148,74.75,82.46875,60.125,61,61
37,13,100,83,21.125,40.625,33.71875,435,558
37,45,231,148,73.125,93.84375,60.125,69,382
37,51,134,184,82.875,54.4375,74.75,211,380
37,28,217,91,45.5,88.15625,36.96875,261,406
37,29,141,110,47.125,57.28125,44.6875,341,519
37,26,101,113,42.25,41.03125,45.90625,340,501
37,22,97,103,35.75,39.40625,41.84375,395,609
37,20,71,115,32.5,28.84375,46.71875,361,533
37,52,96,220,84.5,39.0,89.375,485,608
37,35,233,138,56.875,94.65625,56.0625,135,663
37,48,186,158,78.0,75.5625,64.1875,329,394
37,25,218,112,40.625,88.5625,45.5,487,611
37,35,147,165,56.875,59.71875,67.03125,137,141
37,56,144,207,91.0,58.5,84.09375,10,272
37,37,85,163,60.125,34.53125,66.21875,196,664
37,8,220,70,13.0,89.375,28.4375,514,640
37,19,121,139,30.875,49.15625,56.46875,305,448
37,37,64,199,60.125,26.0,80.84375,319,367
37,55,213,184,89.375,86.53125,74.75,512,638
37,46,74,221,74.75,30.0625,89.78125,438,537
37,55,157,189,89.375,63.78125,76.78125,72,72
37,29,154,150,47.125,62.5625,60.9375,379,451
37,22,114,129,35.75,46.3125,52.40625,412,502
37,33,188,147,53.625,76.375,59.71875,171,181
37,16,6,128,26.0,2.4375,52.0,534,665
37,17,144,114,27.625,58.5,46.3125,349,417
37,37,42,182,60.125,17.0625,73.9375,535,666
37,45,152,200,73.125,61.75,81.25,89,89
37,23,192,112,37.375,78.0,45.5,331,397
37,11,237,100,17.875,96.28125,40.625,454,565
37,15,180,68,24.375,73.125,27.625,440,567
37,53,190,180,86.125,77.1875,73.125,73,73
37,22,8,140,35.75,3.25,56.875,515,641
37,10,75,64,16.25,30.46875,26.0,536,667
37,34,98,176,55.25,39.8125,71.5,391,471
37,7,10,122,11.375,4.0625,49.5625,513,639
37,45,125,169,73.125,50.78125,68.65625,537,668
37,8,153,94,13.0,62.15625,38.1875,502,626
37,15,94,120,24.375,38.1875,48.75,378,450
37,8,132,58,13.0,53.625,23.5625,516,642
37,11,126,106,17.875,51.1875,43.0625,441,540
37,51,228,207,82.875,92.625,84.09375,390,470
37,30,44,122,48.75,17.875,49.5625,425,521
37,41,199,165,66.625,80.84375,67.03125,503,627
37,23,233,149,37.375,94.65625,60.53125,370,654
37,56,34,239,91.0,13.8125,97.09375,464,576
37,33,218,142,53.625,88.5625,57.6875,135,669
37,46,244,201,74.75,99.125,81.65625,270,302
37,27,114,150,43.875,46.3125,60.9375,538,670
37,28,192,131,45.5,78.0,53.21875,217,233
37,8,243,82,13.0,98.71875,33.3125,504,628
37,27,242,130,43.875,98.3125,52.8125,539,671
37,18,9,164,29.25,3.65625,66.625,540,672
37,26,21,183,42.25,8.53125,74.34375,443,543
37,23,167,125,37.375,67.84375,50.78125,529,657
37,36,94,195,58.5,38.1875,79.21875,301,341
37,35,174,169,56.875,70.6875,68.65625,85,85
37,10,192,95,16.25,78.0,38.59375,444,544
37,51,159,227,82.875,64.59375,92.21875,467,581
37,41,245,222,66.625,99.53125,90.1875,113,595
37,14,65,127,22.75,26.40625,51.59375,521,647
37,7,210,85,11.375,85.3125,34.53125,519,645
37,23,212,131,37.375,86.125,53.21875,479,598
37,44,99,211,71.5,40.21875,85.71875,541,673
37,45,198,182,73.125,80.4375,73.9375,405,491
37,52,134,239,84.5,54.4375,97.09375,344,474
37,45,139,216,73.125,56.46875,87.75,493,617
37,12,39,130,19.5,15.84375,52.8125,528,656
37,32,55,230,52.0,22.34375,93.4375,431,527
37,13,170,135,21.125,69.0625,54.84375,482,602
37,48,197,197,78.0,80.03125,80.03125,477,596
37,26,89,152,42.25,36.15625,61.75,417,507
37,28,126,196,45.5,51.1875,79.625,458,570
37,48,51,245,78.0,20.71875,99.53125,494,618
37,25,86,202,40.625,34.9375,82.0625,327,387
37,21,250,116,34.125,101.5625,47.125,369,437
37,46,211,246,74.75,85.71875,99.9375,113,601
37,21,12,206,34.125,4.875,83.6875,522,648
37,13,39,172,21.125,15.84375,69.875,481,600
37,9,219,114,14.625,88.96875,46.3125,530,658
37,18,110,174,29.25,44.6875,70.6875,418,508
37,11,77,156,17.875,31.28125,63.375,542,674
37,42,164,187,68.25,66.625,75.96875,333,399
37,53,108,246,86.125,43.875,99.9375,459,571
37,56,245,226,91.0,99.53125,91.8125,543,675
37,40,173,214,65.0,70.28125,86.9375,81,212
37,47,180,234,76.375,73.125,95.0625,471,587
37,33,156,207,53.625,63.375,84.09375,141,496
37,20,186,142,32.5,75.5625,57.6875,523,649
37,37,214,207,60.125,86.9375,84.09375,275,307
37,32,37,209,52.0,15.03125,84.90625,470,633
37,21,133,173,34.125,54.03125,70.28125,383,583
37,37,214,164,60.125,86.9375,66.625,531,659
38,43,5,208,69.875,2.03125,84.5,544,676
38,46,49,195,74.75,19.90625,79.21875,281,313
38,22,199,80,35.75,80.84375,32.5,375,461
38,36,206,121,58.5,83.6875,49.15625,203,259
38,47,17,216,76.375,6.90625,87.75,449,549
38,42,73,177,68.25,29.65625,71.90625,4,372
38,40,122,155,65.0,49.5625,62.96875,168,607
38,30,46,153,48.75,18.6875,62.15625,316,364
38,42,147,157,68.25,59.71875,63.78125,153,159
38,52,228,176,84.5,92.625,71.5,7,7
38,39,16,197,63.375,6.5,80.03125,335,401
38,41,216,130,66.625,87.75,52.8125,265,295
38,55,176,189,89.375,71.5,76.78125,5,5
38,23,52,134,37.375,21.125,54.4375,359,427
38,49,69,209,79.625,28.03125,84.90625,193,205
38,50,38,226,81.25,15.4375,91.8125,152,237
38,6,90,68,9.75,36.5625,27.625,532,660
38,13,51,88,21.125,20.71875,35.75,472,588
38,34,44,164,55.25,17.875,66.625,206,677
38,7,184,44,11.375,74.75,17.875,509,635
38,43,100,159,69.875,40.625,64.59375,508,634
38,10,114,64,16.25,46.3125,26.0,473,590
38,37,176,130,60.125,71.5,52.8125,200,216
38,18,67,104,29.25,27.21875,42.25,422,552
38,24,185,91,39.0,75.15625,36.96875,375,464
38,43,174,149,69.875,70.6875,60.53125,144,148
38,13,148,72,21.125,60.125,29.25,461,573
38,19,131,90,30.875,53.21875,36.5625,423,516
38,26,237,88,42.25,96.28125,35.75,304,375
38,21,39,126,34.125,15.84375,51.1875,360,428
38,54,119,207,87.75,48.34375,84.09375,25,25
38,18,19,114,29.25,7.71875,46.3125,437,536
38,33,96,132,53.625,39.0,53.625,246,346
38,31,175,114,50.375,71.09375,46.3125,317,550
38,16,87,92,26.0,35.34375,37.375,340,557
38,16,220,59,26.0,89.375,23.96875,409,554
38,9,76,78,14.625,30.875,31.6875,498,622
38,37,141,142,60.125,57.28125,57.6875,212,228
38,37,93,148,60.125,37.78125,60.125,196,661
38,53,91,215,86.125,36.96875,87.34375,10,270
38,25,161,94,40.625,65.40625,38.1875,317,561
38,33,72,139,53.625,29.25,56.46875,239,678
38,8,206,45,13.0,83.6875,18.28125,499,623
38,11,244,44,17.875,99.125,17.875,484,606
38,47,149,169,76.375,60.53125,68.65625,474,592
38,29,72,132,47.125,29.25,53.625,239,679
38,36,112,148,58.5,45.5,60.125,168,605
38,51,48,217,82.875,19.5,88.15625,500,624
38,26,28,147,42.25,11.375,59.71875,452,562
38,16,114,81,26.0,46.3125,32.90625,435,559
38,35,60,163,56.875,24.375,66.21875,206,680
38,58,62,246,94.25,25.1875,99.9375,190,517
38,20,245,69,32.5,99.53125,28.03125,362,430
38,24,117,107,39.0,47.53125,43.46875,395,604
38,19,206,66,30.875,83.6875,26.8125,409,551
38,34,239,107,55.25,97.09375,43.46875,304,374
38,12,8,107,19.5,3.25,43.46875,525,651
38,38,22,181,61.75,8.9375,73.53125,396,481
38,13,160,60,21.125,65.0,24.375,440,553
38,28,8,164,45.5,3.25,66.625,510,636
38,9,15,96,14.625,6.09375,39.0,501,625
38,7,171,53,11.375,69.46875,21.53125,511,637
38,15,48,112,24.375,19.5,45.5,422,564
38,39,240,123,63.375,97.5,49.96875,182,194
38,48,91,188,78.0,36.96875,76.375,4,591
38,35,153,128,56.875,62.15625,52.0,307,353
38,27,100,114,43.875,40.625,46.3125,340,501
38,45,246,178,73.125,99.9375,72.3125,486,610
38,32,121,127,52.0,49.15625,51.59375,306,352
38,29,169,137,47.125,68.65625,55.65625,225,535
38,46,202,149,74.75,82.0625,60.53125,61,61
38,22,95,105,35.75,38.59375,42.65625,395,609
38,56,144,210,91.0,58.5,85.3125,10,272
38,49,109,186,79.625,44.28125,75.5625,268,300
38,35,234,140,56.875,95.0625,56.875,135,663
38,44,230,148,71.5,93.4375,60.125,69,382
38,30,141,115,48.75,57.28125,46.71875,341,519
38,55,214,187,89.375,86.9375,75.96875,512,638
38,48,187,158,78.0,75.96875,64.1875,329,394
38,51,136,187,82.875,55.25,75.96875,211,380
38,13,101,86,21.125,41.03125,34.9375,435,558
38,29,153,150,47.125,62.15625,60.9375,379,451
38,57,210,225,92.625,85.3125,91.40625,453,563
38,35,147,166,56.875,59.71875,67.4375,137,141
38,28,216,93,45.5,87.75,37.78125,261,406
38,37,40,183,60.125,16.25,74.34375,535,666
38,22,113,129,35.75,45.90625,52.40625,412,502
38,32,188,146,52.0,76.375,59.3125,171,181
38,23,10,143,37.375,4.0625,58.09375,515,641
38,45,155,198,73.125,62.96875,80.4375,89,89
38,55,157,191,89.375,63.78125,77.59375,72,72
38,22,226,110,35.75,91.8125,44.6875,487,611
38,9,223,71,14.625,90.59375,28.84375,514,640
38,11,127,109,17.875,51.59375,44.28125,441,540
38,11,75,66,17.875,30.46875,26.8125,536,667
38,37,66,201,60.125,26.8125,81.65625,319,367
38,8,131,57,13.0,53.21875,23.15625,516,642
38,45,75,225,73.125,30.46875,91.40625,438,537
38,53,193,185,86.125,78.40625,75.15625,73,73
38,15,178,70,24.375,72.3125,28.4375,440,567
38,16,88,123,26.0,35.75,49.96875,378,450
38,23,190,114,37.375,77.1875,46.3125,331,397
38,6,8,123,9.75,3.25,49.96875,513,639
38,16,143,120,26.0,58.09375,48.75,349,417
38,45,124,171,73.125,50.375,69.46875,537,668
38,33,97,177,53.625,39.40625,71.90625,391,471
38,9,163,79,14.625,66.21875,32.09375,545,681
38,8,156,98,13.0,63.375,39.8125,502,626
38,20,114,142,32.5,46.3125,57.6875,305,448
38,31,46,124,50.375,18.6875,50.375,425,521
38,51,231,207,82.875,93.84375,84.09375,390,470
38,28,193,131,45.5,78.40625,53.21875,217,233
38,8,246,79,13.0,99.9375,32.09375,504,628
38,27,245,131,43.875,99.53125,53.21875,539,671
38,35,92,195,56.875,37.375,79.21875,301,341
38,28,115,151,45.5,46.71875,61.34375,538,670
38,23,236,150,37.375,95.875,60.9375,370,654
38,51,159,227,82.875,64.59375,92.21875,467,581
38,26,18,185,42.25,7.3125,75.15625,443,543
38,46,244,200,74.75,99.125,81.25,270,302
38,55,32,240,89.375,13.0,97.5,464,576
38,33,220,143,53.625,89.375,58.09375,135,669
38,34,172,169,55.25,69.875,68.65625,85,85
38,41,197,163,66.625,80.03125,66.21875,503,627
38,12,238,99,19.5,96.6875,40.21875,454,565
38,8,213,86,13.0,86.53125,34.9375,519,645
38,14,64,130,22.75,26.0,52.8125,521,647
38,20,46,160,32.5,18.6875,65.0,546,682
38,10,195,97,16.25,79.21875,39.40625,444,544
38,26,91,203,42.25,36.96875,82.46875,327,387
38,45,140,218,73.125,56.875,88.5625,493,617
38,45,197,184,73.125,80.03125,74.75,405,491
38,12,36,133,19.5,14.625,54.03125,528,656
38,53,135,237,86.125,54.84375,96.28125,344,474
38,43,249,227,69.875,101.15625,92.21875,113,595
38,29,126,197,47.125,51.1875,80.03125,458,570
38,26,89,152,42.25,36.15625,61.75,417,507
38,54,184,228,87.75,74.75,92.625,547,683
38,49,197,201,79.625,80.03125,81.65625,477,596
38,21,10,211,34.125,4.0625,85.71875,522,648
38,19,109,173,30.875,44.28125,70.28125,418,508
38,48,55,245,78.0,22.34375,99.53125,494,618
38,46,180,236,74.75,73.125,95.875,471,587
38,13,40,173,21.125,16.25,70.28125,481,600
38,32,59,230,52.0,23.96875,93.4375,431,527
38,14,173,135,22.75,70.28125,54.84375,482,602
38,23,213,133,37.375,86.53125,54.03125,479,598
38,10,222,114,16.25,90.1875,46.3125,530,658
38,37,225,201,60.125,91.40625,81.65625,275,307
38,56,248,227,91.0,100.75,92.21875,543,675
38,33,157,211,53.625,63.78125,85.71875,141,496
38,12,78,160,19.5,31.6875,65.0,542,674
38,41,177,215,66.625,71.90625,87.34375,81,212
38,6,122,132,9.75,49.5625,53.625,548,684
38,45,215,246,73.125,87.34375,99.9375,113,601
38,31,39,208,50.375,15.84375,84.5,470,633
38,20,187,141,32.5,75.96875,57.28125,523,649
38,20,165,163,32.5,67.03125,66.21875,549,685
38,22,138,170,35.75,56.0625,69.0625,383,583
39,53,229,178,86.125,93.03125,72.3125,7,7
39,45,7,212,73.125,2.84375,86.125,544,676
39,23,200,82,37.375,81.25,33.3125,375,461
39,48,49,200,78.0,19.90625,81.25,281,313
39,36,208,123,58.5,84.5,49.96875,203,259
39,41,122,158,66.625,49.5625,64.1875,168,607
39,49,17,221,79.625,6.90625,89.78125,449,549
39,40,16,201,65.0,6.5,81.65625,335,401
39,55,177,191,89.375,71.90625,77.59375,5,5
39,32,48,158,52.0,19.5,64.1875,316,364
39,15,53,95,24.375,21.53125,38.59375,472,588
39,41,216,134,66.625,87.75,54.4375,265,295
39,14,149,75,22.75,60.53125,30.46875,461,573
39,7,91,72,11.375,36.96875,29.25,532,686
39,43,149,160,69.875,60.53125,65.0,153,159
39,25,52,139,40.625,21.125,56.46875,359,427
39,51,39,231,82.875,15.84375,93.84375,152,237
39,25,189,95,40.625,76.78125,38.59375,375,464
39,8,187,47,13.0,75.96875,19.09375,509,635
39,20,23,118,32.5,9.34375,47.9375,437,536
39,20,132,93,32.5,53.625,37.78125,423,516
39,20,69,109,32.5,28.03125,44.28125,422,552
39,50,72,215,81.25,29.25,87.34375,193,205
39,16,221,60,26.0,89.78125,24.375,409,554
39,55,119,208,89.375,48.34375,84.5,25,25
39,43,74,186,69.875,30.0625,75.5625,4,687
39,43,176,149,69.875,71.5,60.53125,144,148
39,11,116,68,17.875,47.125,27.625,473,590
39,28,238,91,45.5,96.6875,36.96875,304,375
39,43,76,178,69.875,30.875,72.3125,4,688
39,37,177,131,60.125,71.90625,53.21875,200,216
39,44,100,163,71.5,40.625,66.21875,508,634
39,35,44,169,56.875,17.875,68.65625,206,677
39,34,98,136,55.25,39.8125,55.25,246,346
39,37,113,153,60.125,45.90625,62.15625,168,605
39,23,39,133,37.375,15.84375,54.03125,360,428
39,31,177,116,50.375,71.90625,47.125,317,550
39,12,245,45,19.5,99.53125,18.28125,484,606
39,17,91,95,27.625,36.96875,38.59375,340,557
39,48,151,173,78.0,61.34375,70.28125,474,592
39,13,163,62,21.125,66.21875,25.1875,440,553
39,25,160,93,40.625,65.0,37.78125,317,561
39,34,73,140,55.25,29.65625,56.875,239,678
39,9,208,47,14.625,84.5,19.09375,499,623
39,18,114,89,29.25,46.3125,36.15625,435,559
39,48,7,235,78.0,2.84375,95.46875,550,689
39,24,119,111,39.0,48.34375,45.09375,395,604
39,52,50,223,84.5,20.3125,90.59375,500,624
39,39,91,151,63.375,36.96875,61.34375,196,661
39,30,9,167,48.75,3.65625,67.84375,510,636
39,48,92,193,78.0,37.375,78.40625,4,591
39,21,243,71,34.125,98.71875,28.84375,362,430
39,8,170,56,13.0,69.0625,22.75,511,637
39,40,240,126,65.0,97.5,51.1875,182,194
39,39,22,186,63.375,8.9375,75.5625,396,481
39,28,29,153,45.5,11.78125,62.15625,452,562
39,34,240,109,55.25,97.5,44.28125,304,374
39,36,62,169,58.5,25.1875,68.65625,206,680
39,10,79,81,16.25,32.09375,32.90625,498,622
39,10,14,100,16.25,5.6875,40.625,501,625
39,20,209,70,32.5,84.90625,28.4375,409,551
39,17,50,117,27.625,20.3125,47.53125,422,564
39,56,93,223,91.0,37.78125,90.59375,10,690
39,52,101,212,84.5,41.03125,86.125,10,691
39,38,142,144,61.75,57.6875,58.5,212,228
39,5,99,57,8.125,40.21875,23.15625,532,692
39,14,10,113,22.75,4.0625,45.90625,525,651
39,6,48,80,9.75,19.5,32.5,551,693
39,31,143,117,50.375,58.09375,47.53125,341,519
39,36,155,130,58.5,62.96875,52.8125,307,353
39,24,99,111,39.0,40.21875,45.09375,395,609
39,23,73,124,37.375,29.65625,50.375,552,694
39,51,138,191,82.875,56.0625,77.59375,211,380
39,45,244,180,73.125,99.125,73.125,486,610
39,57,214,225,92.625,86.9375,91.40625,453,563
39,5,123,46,8.125,49.96875,18.6875,553,695
39,46,204,152,74.75,82.875,61.75,61,61
39,50,113,190,81.25,45.90625,77.1875,268,300
39,45,232,150,73.125,94.25,60.9375,69,382
39,29,217,94,47.125,88.15625,38.1875,261,406
39,49,188,163,79.625,76.375,66.21875,329,394
39,36,233,142,58.5,94.65625,57.6875,135,663
39,33,122,132,53.625,49.5625,53.625,306,352
39,6,117,89,9.75,47.53125,36.15625,554,696
39,29,170,139,47.125,69.0625,56.46875,225,535
39,56,143,212,91.0,58.09375,86.125,10,272
39,55,213,188,89.375,86.53125,76.375,512,638
39,10,230,72,16.25,93.4375,29.25,514,640
39,24,117,136,39.0,47.53125,55.25,412,502
39,46,157,203,74.75,63.78125,82.46875,89,89
39,33,190,148,53.625,77.1875,60.125,171,181
39,30,154,153,48.75,62.5625,62.15625,379,451
39,21,113,145,34.125,45.90625,58.90625,305,448
39,24,12,149,39.0,4.875,60.53125,515,641
39,18,8,136,29.25,3.25,55.25,555,697
39,16,180,73,26.0,73.125,29.65625,440,567
39,38,41,187,61.75,16.65625,75.96875,535,666
39,36,149,168,58.5,60.53125,68.25,137,141
39,38,87,166,61.75,35.34375,67.4375,556,698
39,38,74,202,61.75,30.0625,82.0625,319,367
39,17,147,123,27.625,59.71875,49.96875,349,417
39,11,165,84,17.875,67.03125,34.125,545,681
39,43,33,235,69.875,13.40625,95.46875,557,699
39,9,135,59,14.625,54.84375,23.96875,516,642
39,23,192,116,37.375,78.0,47.125,331,397
39,27,222,121,43.875,90.1875,49.15625,558,700
39,53,192,185,86.125,78.0,75.15625,73,73
39,29,56,180,47.125,22.75,73.125,559,701
39,55,159,193,89.375,64.59375,78.40625,72,72
39,9,157,103,14.625,63.78125,41.84375,502,626
39,22,230,114,35.75,93.4375,46.3125,487,611
39,17,92,124,27.625,37.375,50.375,378,450
39,35,99,180,56.875,40.21875,73.125,391,471
39,29,194,136,47.125,78.8125,55.25,217,233
39,13,131,113,21.125,53.21875,45.90625,441,540
39,31,46,125,50.375,18.6875,50.78125,425,521
39,21,8,172,34.125,3.25,69.875,560,702
39,28,246,131,45.5,99.9375,53.21875,539,671
39,29,117,157,47.125,47.53125,63.78125,538,670
39,46,240,200,74.75,97.5,81.25,270,302
39,56,31,247,91.0,12.59375,100.34375,464,576
39,37,96,200,60.125,39.0,81.25,301,341
39,51,225,208,82.875,91.40625,84.5,390,470
39,40,127,183,65.0,51.59375,74.34375,561,703
39,28,23,187,45.5,9.34375,75.96875,443,543
39,24,236,152,39.0,95.875,61.75,370,654
39,16,65,137,26.0,26.40625,55.65625,521,647
39,9,248,80,14.625,100.75,32.5,504,628
39,14,5,156,22.75,2.03125,63.375,562,704
39,13,242,101,21.125,98.3125,41.03125,454,565
39,42,203,170,68.25,82.46875,69.0625,503,627
39,36,178,172,58.5,72.3125,69.875,85,85
39,12,199,99,19.5,80.84375,40.21875,444,544
39,51,159,228,82.875,64.59375,92.625,467,581
39,6,178,86,9.75,72.3125,34.9375,563,705
39,10,215,85,16.25,87.34375,34.53125,519,645
39,45,198,185,73.125,80.4375,75.15625,405,491
39,21,53,162,34.125,21.53125,65.8125,546,682
39,46,141,223,74.75,57.28125,90.59375,493,617
39,23,14,215,37.375,5.6875,87.34375,522,648
39,27,90,209,43.875,36.5625,84.90625,327,387
39,13,42,136,21.125,17.0625,55.25,528,656
39,50,194,205,81.25,78.8125,83.28125,477,596
39,24,215,138,39.0,87.34375,56.0625,479,598
39,38,228,203,61.75,92.625,82.46875,275,307
39,30,128,203,48.75,52.0,82.46875,458,570
39,33,61,235,53.625,24.78125,95.46875,431,527
39,20,110,180,32.5,44.6875,73.125,418,508
39,53,137,245,86.125,55.65625,99.53125,344,474
39,9,216,30,14.625,87.75,12.1875,564,706
39,26,87,155,42.25,35.34375,62.96875,417,507
39,46,181,236,74.75,73.53125,95.875,471,587
39,7,12,139,11.375,4.875,56.46875,513,639
39,42,165,190,68.25,67.03125,77.1875,565,707
39,32,44,209,52.0,17.875,84.90625,470,633
39,11,227,117,17.875,92.21875,47.53125,530,658
39,15,49,178,24.375,19.90625,72.3125,481,600
39,34,157,217,55.25,63.78125,88.15625,141,496
39,13,85,163,21.125,34.53125,66.21875,542,674
39,20,192,140,32.5,78.0,56.875,523,649
39,41,165,220,66.625,67.03125,89.375,81,212
39,15,174,137,24.375,70.6875,55.65625,482,602
39,7,117,135,11.375,47.53125,54.84375,548,684
39,23,139,177,37.375,56.46875,71.90625,383,583
40,45,72,188,73.125,29.25,76.375,4,687
40,46,6,221,74.75,2.4375,89.78125,544,676
40,50,15,227,81.25,6.09375,92.21875,449,549
40,42,124,163,68.25,50.375,66.21875,168,607
40,24,200,85,39.0,81.25,34.53125,375,461
40,54,226,182,87.75,91.8125,73.9375,7,7
40,55,173,190,89.375,70.28125,77.1875,5,5
40,49,50,210,79.625,20.3125,85.3125,281,313
40,42,15,209,68.25,6.09375,84.90625,335,401
40,51,70,221,82.875,28.4375,89.78125,193,205
40,33,48,167,53.625,19.5,67.84375,316,364
40,43,215,139,69.875,87.34375,56.46875,265,295
40,37,205,127,60.125,83.28125,51.59375,203,259
40,25,190,96,40.625,77.1875,39.0,375,464
40,15,147,79,24.375,59.71875,32.09375,461,573
40,6,70,76,9.75,28.4375,30.875,566,708
40,56,117,213,91.0,47.53125,86.53125,25,25
40,7,111,71,11.375,45.09375,28.84375,473,590
40,17,52,100,27.625,21.125,40.625,472,588
40,45,150,164,73.125,60.9375,66.625,153,159
40,21,22,124,34.125,8.9375,50.375,437,536
40,21,132,97,34.125,53.625,39.40625,423,516
40,38,177,134,61.75,71.90625,54.4375,200,216
40,26,50,146,42.25,20.3125,59.3125,359,427
40,9,89,80,14.625,36.15625,32.5,532,686
40,36,97,142,58.5,39.40625,57.6875,246,346
40,52,36,240,84.5,14.625,97.5,152,237
40,21,68,116,34.125,27.625,47.125,422,552
40,5,147,52,8.125,59.71875,21.125,567,709
40,9,185,49,14.625,75.15625,19.90625,509,635
40,39,112,159,63.375,45.5,64.59375,168,605
40,28,239,95,45.5,97.09375,38.59375,304,375
40,30,25,163,48.75,10.15625,66.21875,452,562
40,35,238,114,56.875,96.6875,46.3125,304,374
40,26,161,96,42.25,65.40625,39.0,317,561
40,16,221,62,26.0,89.78125,25.1875,409,554
40,25,38,139,40.625,15.4375,56.46875,360,428
40,32,179,117,52.0,72.71875,47.53125,317,550
40,40,87,156,65.0,35.34375,63.375,196,661
40,37,44,177,60.125,17.875,71.90625,206,677
40,46,98,171,74.75,39.8125,69.46875,508,634
40,8,23,90,13.0,9.34375,36.5625,501,710
40,54,49,231,87.75,19.90625,93.84375,500,624
40,26,121,115,42.25,49.15625,46.71875,395,604
40,40,237,130,65.0,96.28125,52.8125,182,194
40,39,144,150,63.375,58.5,60.9375,212,228
40,46,243,181,74.75,98.71875,73.53125,486,610
40,44,176,153,71.5,71.5,62.15625,144,148
40,53,98,216,86.125,39.8125,87.75,10,691
40,19,90,100,30.875,36.5625,40.625,340,711
40,12,242,47,19.5,98.3125,19.09375,484,606
40,19,116,91,30.875,47.125,36.96875,435,559
40,48,151,176,78.0,61.34375,71.5,474,592
40,41,21,196,66.625,8.53125,79.625,396,481
40,9,206,49,14.625,83.6875,19.90625,499,623
40,35,72,145,56.875,29.25,58.90625,239,678
40,49,89,198,79.625,36.15625,80.4375,4,591
40,14,160,67,22.75,65.0,27.21875,440,553
40,16,8,118,26.0,3.25,47.9375,525,651
40,11,13,107,17.875,5.28125,43.46875,501,712
40,32,8,175,52.0,3.25,71.09375,510,636
40,26,98,119,42.25,39.8125,48.34375,395,609
40,38,60,175,61.75,24.375,71.09375,206,680
40,22,240,75,35.75,97.5,30.46875,362,713
40,6,119,52,9.75,48.34375,21.125,553,695
40,12,75,89,19.5,30.46875,36.15625,498,622
40,19,48,124,30.875,19.5,50.375,422,564
40,47,203,157,76.375,82.46875,63.78125,61,61
40,8,47,86,13.0,19.09375,34.9375,551,693
40,21,211,74,34.125,85.71875,30.0625,409,714
40,9,168,58,14.625,68.25,23.5625,511,637
40,7,94,64,11.375,38.1875,26.0,532,692
40,57,92,228,92.625,37.375,92.625,10,690
40,16,104,96,26.0,42.25,39.0,340,715
40,37,155,135,60.125,62.96875,54.84375,307,353
40,57,213,227,92.625,86.53125,92.21875,453,563
40,6,113,93,9.75,45.90625,37.78125,554,696
40,46,232,151,74.75,94.25,61.34375,69,382
40,29,169,147,47.125,68.65625,59.71875,225,535
40,57,138,212,92.625,56.0625,86.125,10,272
40,50,109,194,81.25,44.28125,78.8125,268,300
40,30,219,100,48.75,88.96875,40.625,261,406
40,35,123,136,56.875,49.96875,55.25,306,352
40,56,211,192,91.0,85.71875,78.0,512,638
40,32,145,120,52.0,58.90625,48.75,341,519
40,52,136,194,84.5,55.25,78.8125,211,380
40,50,186,165,81.25,75.5625,67.03125,329,394
40,25,7,159,40.625,2.84375,64.59375,515,641
40,36,234,144,58.5,95.0625,58.5,135,663
40,25,236,157,40.625,95.875,63.78125,370,654
40,11,229,75,17.875,93.03125,30.46875,514,640
40,40,39,195,65.0,15.84375,79.21875,535,666
40,40,75,211,65.0,30.46875,85.71875,319,367
40,54,191,188,87.75,77.59375,76.375,73,73
40,8,12,128,13.0,4.875,52.0,513,639
40,23,231,117,37.375,93.84375,47.53125,487,611
40,34,190,151,55.25,77.1875,61.34375,171,181
40,23,114,149,37.375,46.3125,60.53125,305,448
40,44,39,241,71.5,15.84375,97.90625,557,699
40,26,121,139,42.25,49.15625,56.46875,412,502
40,11,156,108,17.875,63.375,43.875,502,626
40,17,177,77,27.625,71.90625,31.28125,440,567
40,37,151,173,60.125,61.34375,70.28125,137,141
40,37,103,185,60.125,41.84375,75.15625,391,471
40,39,84,173,63.375,34.125,70.28125,556,698
40,12,163,88,19.5,66.21875,35.75,545,681
40,31,156,157,50.375,63.375,63.78125,379,451
40,9,132,64,14.625,53.625,26.0,516,642
40,46,155,208,74.75,62.96875,84.5,89,89
40,18,145,126,29.25,58.90625,51.1875,349,417
40,56,155,196,91.0,62.96875,79.625,72,72
40,24,192,121,39.0,78.0,49.15625,331,397
40,21,248,58,34.125,100.75,23.5625,362,716
40,5,42,115,8.125,17.0625,46.71875,568,717
40,28,221,123,45.5,89.78125,49.96875,558,700
40,30,57,186,48.75,23.15625,75.5625,559,701
40,40,11,236,65.0,4.46875,95.875,569,718
40,29,194,140,47.125,78.8125,56.875,217,233
40,22,196,65,35.75,79.625,26.40625,409,719
40,30,120,161,48.75,48.75,65.40625,538,670
40,24,170,135,39.0,69.0625,54.84375,570,720
40,20,95,133,32.5,38.59375,54.03125,378,721
40,30,25,193,48.75,10.15625,78.40625,443,543
40,13,131,114,21.125,53.21875,46.3125,441,540
40,13,250,105,21.125,101.5625,42.65625,454,565
40,5,194,66,8.125,78.8125,26.8125,571,722
40,48,238,202,78.0,96.6875,82.0625,270,302
40,41,129,188,66.625,52.40625,76.375,561,703
40,9,247,83,14.625,100.34375,33.71875,504,628
40,38,94,207,61.75,38.1875,84.09375,301,341
40,42,199,172,68.25,80.84375,69.875,503,627
40,52,223,207,84.5,90.59375,84.09375,390,470
40,36,180,179,58.5,73.125,72.71875,85,85
40,13,201,101,21.125,81.65625,41.03125,444,544
40,28,245,135,45.5,99.53125,54.84375,539,671
40,45,197,190,73.125,80.03125,77.1875,405,491
40,22,52,165,35.75,21.125,67.03125,546,682
40,27,94,211,43.875,38.1875,85.71875,327,387
40,11,213,88,17.875,86.53125,35.75,519,645
40,38,230,207,61.75,93.4375,84.09375,275,307
40,17,66,141,27.625,26.8125,57.28125,521,647
40,7,178,91,11.375,72.3125,36.96875,563,705
40,14,44,140,22.75,17.875,56.875,528,656
40,34,63,237,55.25,25.59375,96.28125,431,527
40,52,158,238,84.5,64.1875,96.6875,467,723
40,27,94,157,43.875,38.1875,63.78125,417,507
40,53,156,229,86.125,63.375,93.03125,467,724
40,24,13,223,39.0,5.28125,90.59375,522,648
40,42,177,228,68.25,71.90625,92.625,81,212
40,46,142,226,74.75,57.6875,91.8125,493,617
40,50,190,208,81.25,77.1875,84.5,477,596
40,18,243,91,29.25,98.71875,36.96875,572,725
40,10,226,117,16.25,91.8125,47.53125,530,658
40,25,216,140,40.625,87.75,56.875,479,598
40,30,126,208,48.75,51.1875,84.5,458,570
40,7,121,137,11.375,49.15625,55.65625,548,684
40,47,180,243,76.375,73.125,98.71875,471,587
40,20,192,142,32.5,78.0,57.6875,523,649
40,14,100,118,22.75,40.625,47.9375,378,726
40,56,243,228,91.0,98.71875,92.625,573,727
40,33,44,214,53.625,17.875,86.9375,470,633
40,21,113,185,34.125,45.90625,75.15625,418,508
40,36,161,220,58.5,65.40625,89.375,141,496
40,17,55,184,27.625,22.34375,74.75,481,600
40,15,86,170,24.375,34.9375,69.0625,542,674
40,17,181,145,27.625,73.53125,58.90625,482,602
40,41,167,196,66.625,67.84375,79.625,565,707
40,25,139,186,40.625,56.46875,75.5625,383,583
41,56,175,193,91.0,71.09375,78.40625,5,5
41,25,200,86,40.625,81.25,34.9375,375,461
41,43,123,169,69.875,49.96875,68.65625,168,607
41,46,5,225,74.75,2.03125,91.40625,544,676
41,50,47,212,81.25,19.09375,86.125,281,313
41,51,15,232,82.875,6.09375,94.25,449,549
41,52,69,224,84.5,28.03125,91.0,193,205
41,18,53,103,29.25,21.53125,41.84375,472,588
41,16,150,81,26.0,60.9375,32.90625,461,573
41,25,189,97,40.625,76.78125,39.40625,375,464
41,55,227,187,89.375,92.21875,75.96875,7,728
41,44,215,142,71.5,87.34375,57.6875,265,295
41,22,23,129,35.75,9.34375,52.40625,437,536
41,8,73,81,13.0,29.65625,32.90625,566,708
41,9,113,76,14.625,45.90625,30.875,473,590
41,6,152,54,9.75,61.75,21.9375,567,709
41,9,189,50,14.625,76.78125,20.3125,509,635
41,11,91,82,17.875,36.96875,33.3125,532,686
41,34,48,169,55.25,19.5,68.65625,316,364
41,55,50,234,89.375,20.3125,95.0625,500,624
41,37,206,129,60.125,83.6875,52.40625,203,259
41,27,51,151,43.875,20.71875,61.34375,359,427
41,6,14,98,9.75,5.6875,39.8125,501,729
41,43,16,213,69.875,6.5,86.53125,335,401
41,23,69,120,37.375,28.03125,48.75,422,552
41,57,119,218,92.625,48.34375,88.5625,25,25
41,46,63,192,74.75,25.59375,78.0,4,730
41,31,26,171,50.375,10.5625,69.46875,452,562
41,29,244,96,47.125,99.125,39.0,304,375
41,53,37,243,86.125,15.03125,98.71875,152,237
41,17,224,64,27.625,91.0,26.0,409,554
41,37,97,147,60.125,39.40625,59.71875,246,346
41,45,150,167,73.125,60.9375,67.84375,153,159
41,22,132,101,35.75,53.625,41.03125,423,516
41,27,162,98,43.875,65.8125,39.8125,317,561
41,33,7,180,53.625,2.84375,73.125,510,636
41,26,38,144,42.25,15.4375,58.5,360,428
41,13,244,51,21.125,99.125,20.71875,484,606
41,19,121,91,30.875,49.15625,36.96875,435,559
41,10,208,53,16.25,84.5,21.53125,499,623
41,6,122,54,9.75,49.5625,21.9375,553,695
41,33,180,120,53.625,73.125,48.75,317,550
41,17,11,122,27.625,4.46875,49.5625,525,651
41,41,87,161,66.625,35.34375,65.40625,196,661
41,39,112,161,63.375,45.5,65.40625,168,605
41,49,150,180,79.625,60.9375,73.125,474,592
41,45,178,157,73.125,72.3125,63.78125,144,148
41,37,243,119,60.125,98.71875,48.34375,304,374
41,27,99,123,43.875,40.21875,49.96875,395,609
41,39,181,139,63.375,73.53125,56.46875,200,216
41,20,91,104,32.5,36.96875,42.25,340,711
41,9,29,94,14.625,11.78125,38.1875,501,731
41,47,97,176,76.375,39.40625,71.5,508,634
41,12,16,111,19.5,6.5,45.09375,501,712
41,15,163,67,24.375,66.21875,27.21875,440,553
41,40,147,153,65.0,59.71875,62.15625,212,228
41,45,83,192,73.125,33.71875,78.0,4,732
41,50,88,203,81.25,35.75,82.46875,4,591
41,42,21,201,68.25,8.53125,81.65625,396,481
41,21,215,75,34.125,87.34375,30.46875,409,714
41,41,239,133,66.625,97.09375,54.03125,182,194
41,10,49,89,16.25,19.90625,36.15625,551,693
41,37,73,151,60.125,29.65625,61.34375,239,678
41,27,123,119,43.875,49.96875,48.34375,395,604
41,22,242,77,35.75,98.3125,31.28125,362,713
41,38,43,183,61.75,17.46875,74.34375,206,677
41,9,98,65,14.625,39.8125,26.40625,532,692
41,14,77,93,22.75,31.28125,37.78125,498,622
41,57,94,232,92.625,38.1875,94.25,10,690
41,45,244,184,73.125,99.125,74.75,486,610
41,53,101,217,86.125,41.03125,88.15625,10,691
41,21,52,128,34.125,21.125,52.0,422,564
41,57,143,218,92.625,58.09375,88.5625,10,272
41,7,118,95,11.375,47.9375,38.59375,554,696
41,48,206,161,78.0,83.6875,65.40625,61,61
41,39,61,180,63.375,24.78125,73.125,206,680
41,57,215,230,92.625,87.34375,93.4375,453,563
41,53,139,198,86.125,56.46875,80.4375,211,380
41,9,171,60,14.625,69.46875,24.375,511,637
41,12,232,76,19.5,94.25,30.875,514,640
41,25,77,135,40.625,31.28125,54.84375,574,733
41,51,111,198,82.875,45.09375,80.4375,268,300
41,46,231,153,74.75,93.84375,62.15625,69,382
41,57,211,197,92.625,85.71875,80.03125,512,638
41,33,148,125,53.625,60.125,50.78125,341,519
41,50,189,167,81.25,76.78125,67.84375,329,394
41,31,222,102,50.375,90.1875,41.4375,261,406
41,30,172,147,48.75,69.875,59.71875,225,535
41,25,241,157,40.625,97.90625,63.78125,370,654
41,41,40,200,66.625,16.25,81.25,535,666
41,24,234,116,39.0,95.0625,47.125,487,611
41,38,157,138,61.75,63.78125,56.0625,307,353
41,23,126,149,37.375,51.1875,60.53125,305,448
41,18,101,98,29.25,41.03125,39.8125,340,715
41,8,17,129,13.0,6.90625,52.40625,513,639
41,40,87,177,65.0,35.34375,71.90625,556,698
41,36,124,140,58.5,50.375,56.875,306,352
41,41,76,214,66.625,30.875,86.9375,319,367
41,17,179,78,27.625,72.71875,31.6875,440,567
41,36,241,145,58.5,97.90625,58.90625,135,734
41,10,137,65,16.25,55.65625,26.40625,516,642
41,56,157,198,91.0,63.78125,80.4375,72,72
41,13,158,110,21.125,64.1875,44.6875,502,626
41,54,190,191,87.75,77.1875,77.59375,73,73
41,27,8,164,43.875,3.25,66.625,515,641
41,38,104,189,61.75,42.25,76.78125,391,471
41,21,5,151,34.125,2.03125,61.34375,575,735
41,36,194,154,58.5,78.8125,62.5625,171,181
41,29,225,124,47.125,91.40625,50.375,558,700
41,7,47,116,11.375,19.09375,47.125,568,717
41,25,197,123,40.625,80.03125,49.96875,331,397
41,34,225,151,55.25,91.40625,61.34375,135,736
41,27,151,115,43.875,61.34375,46.71875,576,737
41,31,61,188,50.375,24.78125,76.375,559,701
41,47,157,207,76.375,63.78125,84.09375,89,89
41,22,249,61,35.75,101.15625,24.78125,362,716
41,19,150,127,30.875,60.9375,51.59375,349,417
41,40,12,238,65.0,4.875,96.6875,569,718
41,47,240,204,76.375,97.5,82.875,270,302
41,30,26,194,48.75,10.5625,78.8125,443,543
41,38,154,178,61.75,62.5625,72.3125,137,141
41,42,193,175,68.25,78.40625,71.09375,503,738
41,45,40,246,73.125,16.25,99.9375,557,699
41,13,167,89,21.125,67.84375,36.15625,545,681
41,14,133,118,22.75,54.03125,47.9375,441,540
41,32,161,157,52.0,65.40625,63.78125,379,451
41,48,83,240,78.0,33.71875,97.5,577,739
41,16,6,167,26.0,2.4375,67.84375,578,740
41,22,198,65,35.75,80.4375,26.40625,409,719
41,23,9,181,37.375,3.65625,73.53125,579,741
41,52,228,210,84.5,92.625,85.3125,390,470
41,30,199,142,48.75,80.84375,57.6875,217,233
41,31,124,166,50.375,50.375,67.4375,538,670
41,20,90,137,32.5,36.5625,55.65625,378,721
41,42,130,193,68.25,52.8125,78.40625,561,703
41,22,56,169,35.75,22.75,68.65625,546,682
41,40,98,210,65.0,39.8125,85.3125,301,341
41,52,161,235,84.5,65.40625,95.46875,467,723
41,29,246,137,47.125,99.9375,55.65625,539,671
41,12,216,90,19.5,87.75,36.5625,519,645
41,28,95,213,45.5,38.59375,86.53125,327,387
41,14,247,106,22.75,100.34375,43.0625,454,565
41,14,205,101,22.75,83.28125,41.03125,444,544
41,48,110,229,78.0,44.6875,93.03125,580,742
41,8,183,92,13.0,74.34375,37.375,563,705
41,37,229,206,60.125,93.03125,83.6875,275,307
41,15,45,143,24.375,18.28125,58.09375,528,656
41,5,72,107,8.125,29.25,43.46875,581,743
41,37,183,181,60.125,74.34375,73.53125,85,85
41,28,97,160,45.5,39.40625,65.0,417,507
41,20,197,141,32.5,80.03125,57.28125,523,649
41,25,18,226,40.625,7.3125,91.8125,522,648
41,46,199,195,74.75,80.84375,79.21875,405,491
41,43,204,178,69.875,82.875,72.3125,503,744
41,47,145,228,76.375,58.90625,92.625,493,617
41,23,117,191,37.375,47.53125,77.59375,418,508
41,24,147,190,39.0,59.71875,77.1875,383,583
41,19,63,188,30.875,25.59375,76.375,481,600
41,26,215,140,42.25,87.34375,56.875,479,598
41,35,65,241,56.875,26.40625,97.90625,431,527
41,17,186,148,27.625,75.5625,60.125,482,602
41,51,193,211,82.875,78.40625,85.71875,477,596
41,11,231,120,17.875,93.84375,48.75,530,658
41,8,22,148,13.0,8.9375,60.125,582,745
41,31,129,212,50.375,52.40625,86.125,458,570
41,8,127,142,13.0,51.59375,57.6875,548,684
41,56,242,231,91.0,98.3125,93.84375,573,727
41,47,181,246,76.375,73.53125,99.9375,471,587
41,42,179,230,68.25,72.71875,93.4375,81,746
41,33,49,215,53.625,19.90625,87.34375,470,633
41,16,91,172,26.0,36.96875,69.875,542,674
41,24,169,182,39.0,68.65625,73.9375,583,747
41,55,228,166,89.375,92.625,67.4375,7,748
41,43,170,228,69.875,69.0625,92.625,81,749
41,35,168,220,56.875,68.25,89.375,141,496
42,51,52,209,82.875,21.125,84.90625,281,313
42,43,127,166,69.875,51.59375,67.4375,168,607
42,51,18,229,82.875,7.3125,93.03125,449,549
42,55,175,190,89.375,71.09375,77.1875,5,5
42,45,7,223,73.125,2.84375,90.59375,544,676
42,25,208,87,40.625,84.5,35.34375,375,461
42,18,58,100,29.25,23.5625,40.625,472,588
42,5,71,72,8.125,28.84375,29.25,566,750
42,55,231,186,89.375,93.84375,75.5625,7,728
42,22,24,124,35.75,9.75,50.375,437,536
42,43,20,210,69.875,8.125,85.3125,335,401
42,37,213,123,60.125,86.53125,49.96875,203,259
42,25,195,94,40.625,79.21875,38.1875,375,464
42,45,60,188,73.125,24.375,76.375,4,730
42,45,93,191,73.125,37.78125,77.59375,4,732
42,16,156,79,26.0,63.375,32.09375,461,573
42,44,220,143,71.5,89.375,58.09375,265,295
42,27,39,144,43.875,15.84375,58.5,360,428
42,31,28,167,50.375,11.375,67.84375,452,562
42,57,120,217,92.625,48.75,88.15625,25,25
42,12,99,80,19.5,40.21875,32.5,532,686
42,53,40,239,86.125,16.25,97.09375,152,237
42,9,79,78,14.625,32.09375,31.6875,566,751
42,6,159,51,9.75,64.59375,20.71875,567,709
42,10,197,47,16.25,80.03125,19.09375,509,635
42,35,51,164,56.875,20.71875,66.625,316,364
42,27,55,147,43.875,22.34375,59.71875,359,427
42,39,185,135,63.375,75.15625,54.84375,200,216
42,23,74,118,37.375,30.0625,47.9375,422,552
42,11,215,52,17.875,87.34375,21.125,499,623
42,52,74,219,84.5,30.0625,88.96875,193,205
42,33,11,182,53.625,4.46875,73.9375,510,636
42,49,151,177,79.625,61.34375,71.90625,474,592
42,17,15,120,27.625,6.09375,48.75,525,651
42,6,17,93,9.75,6.90625,37.78125,501,729
42,37,100,143,60.125,40.625,58.09375,246,346
42,37,249,118,60.125,101.15625,47.9375,304,374
42,55,52,229,89.375,21.125,93.03125,500,624
42,56,77,231,91.0,31.28125,93.84375,584,752
42,40,115,158,65.0,46.71875,64.1875,168,605
42,10,119,74,16.25,48.34375,30.0625,473,590
42,34,186,118,55.25,75.5625,47.9375,317,550
42,23,138,99,37.375,56.0625,40.21875,423,516
42,27,167,95,43.875,67.84375,38.59375,317,561
42,41,84,160,66.625,34.125,65.0,196,661
42,18,231,65,29.25,93.84375,26.40625,409,554
42,45,153,164,73.125,62.15625,66.625,153,159
42,11,56,85,17.875,22.75,34.53125,551,693
42,28,125,115,45.5,50.78125,46.71875,395,604
42,12,21,107,19.5,8.53125,43.46875,501,712
42,22,222,73,35.75,90.1875,29.65625,409,714
42,27,104,119,43.875,42.25,48.34375,395,609
42,21,95,101,34.125,38.59375,41.03125,340,711
42,21,125,91,34.125,50.78125,36.96875,435,559
42,33,72,145,53.625,29.25,58.90625,239,678
42,53,101,215,86.125,41.03125,87.34375,10,691
42,38,46,179,61.75,18.6875,72.71875,206,677
42,46,99,172,74.75,40.21875,69.875,508,634
42,40,152,149,65.0,61.75,60.53125,212,228
42,42,245,130,68.25,99.53125,52.8125,182,194
42,45,179,155,73.125,72.71875,62.96875,144,148
42,42,24,197,68.25,9.75,80.03125,396,481
42,14,83,92,22.75,33.71875,37.375,498,753
42,8,130,54,13.0,52.8125,21.9375,553,695
42,5,206,35,8.125,83.6875,14.21875,585,754
42,15,169,65,24.375,68.65625,26.40625,440,553
42,9,37,90,14.625,15.03125,36.5625,501,731
42,30,80,138,48.75,32.5,56.0625,586,755
42,30,179,144,48.75,72.71875,58.5,225,535
42,57,144,215,92.625,58.5,87.34375,10,272
42,10,106,62,16.25,43.0625,25.1875,532,692
42,39,64,177,63.375,26.0,71.90625,206,680
42,56,98,229,91.0,39.8125,93.03125,10,690
42,49,211,162,79.625,85.71875,65.8125,61,61
42,57,223,228,92.625,90.59375,92.625,453,563
42,51,112,195,82.875,45.5,79.21875,268,300
42,31,229,99,50.375,93.03125,40.21875,261,406
42,33,154,121,53.625,62.5625,49.15625,341,519
42,21,54,125,34.125,21.9375,50.78125,422,564
42,39,163,134,63.375,66.21875,54.4375,307,353
42,36,128,138,58.5,52.0,56.0625,306,352
42,52,142,192,84.5,57.6875,78.0,211,380
42,47,239,152,76.375,97.09375,61.75,69,382
42,19,107,98,30.875,43.46875,39.8125,340,715
42,12,240,75,19.5,97.5,30.46875,514,640
42,10,179,55,16.25,72.71875,22.34375,511,637
42,8,126,92,13.0,51.1875,37.375,554,696
42,50,191,164,81.25,77.59375,66.625,329,394
42,37,245,143,60.125,99.53125,58.09375,135,734
42,41,42,197,66.625,17.0625,80.03125,535,666
42,54,190,186,87.75,77.1875,75.5625,73,73
42,17,186,74,27.625,75.5625,30.0625,440,567
42,57,212,195,92.625,86.125,79.21875,512,638
42,24,246,150,39.0,99.9375,60.9375,370,654
42,38,108,185,61.75,43.875,75.15625,391,471
42,24,242,118,39.0,98.3125,47.9375,487,611
42,27,11,161,43.875,4.46875,65.40625,515,641
42,26,205,119,42.25,83.28125,48.34375,331,397
42,11,147,63,17.875,59.71875,25.59375,516,642
42,56,159,197,91.0,64.59375,80.03125,72,72
42,7,54,111,11.375,21.9375,45.09375,568,717
42,38,160,172,61.75,65.0,69.875,137,141
42,26,130,137,42.25,52.8125,55.65625,587,756
42,16,74,107,26.0,30.0625,43.46875,498,757
42,29,231,122,47.125,93.84375,49.5625,558,700
42,51,236,211,82.875,95.875,85.71875,390,470
42,32,167,154,52.0,67.84375,62.5625,379,451
42,47,161,201,76.375,65.40625,81.65625,89,89
42,36,204,152,58.5,82.875,61.75,171,181
42,14,164,105,22.75,66.625,42.65625,502,626
42,9,22,125,14.625,8.9375,50.78125,513,639
42,18,152,128,29.25,61.75,52.0,349,417
42,20,6,145,32.5,2.4375,58.90625,575,735
42,20,98,134,32.5,39.8125,54.4375,378,721
42,21,206,59,34.125,83.6875,23.96875,409,719
42,41,81,211,66.625,32.90625,85.71875,319,367
42,13,174,85,21.125,70.6875,34.53125,545,681
42,34,231,149,55.25,93.84375,60.53125,135,736
42,47,247,205,76.375,100.34375,83.28125,270,302
42,42,132,189,68.25,53.625,76.78125,561,703
42,14,141,115,22.75,57.28125,46.71875,441,540
42,30,208,139,48.75,84.5,56.46875,217,233
42,38,181,177,61.75,73.53125,71.90625,85,85
42,16,12,164,26.0,4.875,66.625,578,740
42,32,49,130,52.0,19.90625,52.8125,588,758
42,30,131,158,48.75,53.21875,64.1875,538,670
42,48,86,235,78.0,34.9375,95.46875,577,739
42,29,32,190,47.125,13.0,77.1875,443,543
42,22,19,177,35.75,7.71875,71.90625,579,741
42,23,137,149,37.375,55.65625,60.53125,305,448
42,23,62,163,37.375,25.1875,66.21875,546,682
42,43,199,173,69.875,80.84375,70.28125,503,744
42,40,104,204,65.0,42.25,82.875,301,341
42,12,224,86,19.5,91.0,34.9375,519,645
42,18,71,140,29.25,28.84375,56.875,589,759
42,47,149,220,76.375,60.53125,89.375,493,617
42,46,203,192,74.75,82.46875,78.0,405,491
42,15,48,139,24.375,19.5,56.46875,528,656
42,14,212,98,22.75,86.125,39.8125,444,544
42,29,99,213,47.125,40.21875,86.53125,327,387
42,13,105,111,21.125,42.65625,45.09375,590,760
42,8,188,87,13.0,76.375,35.34375,563,705
42,24,22,221,39.0,8.9375,89.78125,522,648
42,29,102,155,47.125,41.4375,62.96875,417,507
42,48,115,226,78.0,46.71875,91.8125,580,742
42,30,136,209,48.75,55.25,84.90625,458,570
42,42,187,223,68.25,75.96875,90.59375,81,746
42,51,200,208,82.875,81.25,84.5,477,596
42,5,76,103,8.125,30.875,41.84375,581,743
42,37,233,202,60.125,94.65625,82.0625,275,307
42,26,223,135,42.25,90.59375,54.84375,479,598
42,34,69,238,55.25,28.03125,96.6875,431,761
42,18,68,185,29.25,27.625,75.15625,481,600
42,33,77,234,53.625,31.28125,95.0625,431,762
42,21,204,139,34.125,82.875,56.46875,523,649
42,54,142,248,87.75,57.6875,100.75,591,763
42,18,188,146,29.25,76.375,59.3125,482,602
42,51,168,222,82.875,68.25,90.1875,467,723
42,24,124,192,39.0,50.375,78.0,418,508
42,26,151,189,42.25,61.34375,76.78125,383,583
42,8,28,141,13.0,11.375,57.28125,582,745
42,12,232,119,19.5,94.25,48.34375,530,658
42,47,180,239,76.375,73.125,97.09375,471,587
42,35,177,210,56.875,71.90625,85.3125,141,496
42,56,248,230,91.0,100.75,93.4375,573,727
42,8,135,139,13.0,54.84375,56.46875,548,684
42,32,53,210,52.0,21.53125,85.3125,470,633
43,56,178,190,91.0,72.3125,77.1875,5,5
43,52,55,211,84.5,22.34375,85.71875,281,313
43,45,59,188,73.125,23.96875,76.375,4,730
43,53,22,230,86.125,8.9375,93.4375,449,764
43,56,235,187,91.0,95.46875,75.96875,7,728
43,26,199,95,42.25,80.84375,38.59375,375,464
43,52,75,218,84.5,30.46875,88.5625,193,205
43,45,128,167,73.125,52.0,67.84375,168,607
43,7,76,74,11.375,30.875,30.0625,566,751
43,27,211,86,43.875,85.71875,34.9375,375,461
43,24,78,119,39.0,31.6875,48.34375,422,552
43,57,122,217,92.625,49.5625,88.15625,25,25
43,45,222,143,73.125,90.1875,58.09375,265,295
43,8,162,51,13.0,65.8125,20.71875,567,765
43,38,216,123,61.75,87.75,49.96875,203,259
43,19,61,102,30.875,24.78125,41.4375,472,588
43,47,11,223,76.375,4.46875,90.59375,544,676
43,18,162,80,29.25,65.8125,32.5,461,573
43,44,23,212,71.5,9.34375,86.125,335,401
43,32,32,166,52.0,13.0,67.4375,452,562
43,54,43,240,87.75,17.46875,97.5,152,237
43,23,28,127,37.375,11.375,51.59375,437,536
43,47,96,191,76.375,39.0,77.59375,4,732
43,56,57,231,91.0,23.15625,93.84375,500,624
43,25,139,103,40.625,56.46875,41.84375,423,516
43,28,43,147,45.5,17.46875,59.71875,360,428
43,36,53,166,58.5,21.53125,67.4375,316,364
43,35,16,184,56.875,6.5,74.75,510,636
43,14,103,81,22.75,41.84375,32.90625,532,686
43,38,104,144,61.75,42.25,58.5,246,346
43,16,132,76,26.0,53.625,30.875,592,766
43,11,200,47,17.875,81.25,19.09375,509,635
43,42,85,161,68.25,34.53125,65.40625,196,767
43,12,220,53,19.5,89.375,21.53125,499,623
43,40,187,137,65.0,75.96875,55.65625,200,216
43,19,19,119,30.875,7.71875,48.34375,525,651
43,34,76,145,55.25,30.875,58.90625,239,678
43,56,79,230,91.0,32.09375,93.4375,584,752
43,28,58,148,45.5,23.5625,60.125,359,427
43,23,99,101,37.375,40.21875,41.03125,340,711
43,11,124,76,17.875,50.375,30.875,473,590
43,39,49,180,63.375,19.90625,73.125,206,677
43,8,22,92,13.0,8.9375,37.375,501,729
43,28,169,96,45.5,68.65625,39.0,317,561
43,47,101,171,76.375,41.03125,69.46875,508,634
43,24,225,77,39.0,91.40625,31.28125,409,714
43,51,154,179,82.875,62.5625,72.71875,474,592
43,11,40,89,17.875,16.25,36.15625,501,731
43,53,103,214,86.125,41.84375,86.9375,10,691
43,41,118,158,66.625,47.9375,64.1875,168,605
43,46,159,166,74.75,64.59375,67.4375,153,159
43,46,181,156,74.75,73.53125,63.375,144,148
43,22,127,92,35.75,51.59375,37.375,435,559
43,13,59,85,21.125,23.96875,34.53125,551,693
43,41,154,150,66.625,62.5625,60.9375,212,228
43,57,99,229,92.625,40.21875,93.03125,10,690
43,19,233,66,30.875,94.65625,26.8125,409,554
43,13,26,109,21.125,10.5625,44.28125,501,712
43,42,23,196,68.25,9.34375,79.625,396,481
43,35,189,119,56.875,76.78125,48.34375,317,550
43,30,127,119,48.75,51.59375,48.34375,395,604
43,5,171,41,8.125,69.46875,16.65625,567,768
43,15,84,93,24.375,34.125,37.78125,498,753
43,43,247,132,69.875,100.34375,53.625,182,194
43,16,175,64,26.0,71.09375,26.0,440,553
43,28,107,121,45.5,43.46875,49.15625,395,609
43,50,215,165,81.25,87.34375,67.03125,61,61
43,10,135,57,16.25,54.84375,23.15625,553,695
43,40,67,177,65.0,27.21875,71.90625,206,680
43,6,210,37,9.75,85.3125,15.03125,585,754
43,51,67,197,82.875,27.21875,80.03125,593,769
43,11,108,66,17.875,43.875,26.8125,532,692
43,27,86,131,43.875,34.9375,53.21875,586,755
43,34,158,122,55.25,64.1875,49.5625,341,519
43,52,116,197,84.5,47.125,80.03125,268,300
43,22,59,125,35.75,23.96875,50.78125,422,564
43,12,180,54,19.5,73.125,21.9375,511,637
43,51,13,245,82.875,5.28125,99.53125,449,770
43,33,233,103,53.625,94.65625,41.84375,261,406
43,40,165,134,65.0,67.03125,54.4375,307,353
43,58,226,229,94.25,91.8125,93.03125,453,563
43,57,142,213,92.625,57.6875,86.53125,10,272
43,37,132,138,60.125,53.625,56.0625,306,352
43,53,144,192,86.125,58.5,78.0,211,380
43,51,195,164,82.875,79.21875,66.625,329,394
43,47,242,152,76.375,98.3125,61.75,69,382
43,25,247,120,40.625,100.34375,48.75,487,611
43,30,181,141,48.75,73.53125,57.28125,225,535
43,22,10,148,35.75,4.0625,60.125,575,735
43,39,112,187,63.375,45.5,75.96875,391,471
43,8,137,92,13.0,55.65625,37.375,554,696
43,56,195,188,91.0,79.21875,76.375,73,73
43,27,132,136,43.875,53.625,55.25,587,756
43,57,162,198,92.625,65.8125,80.4375,72,72
43,18,192,74,29.25,78.0,30.0625,440,567
43,33,169,152,53.625,68.65625,61.75,379,451
43,13,148,65,21.125,60.125,26.40625,516,642
43,8,59,113,13.0,23.96875,45.90625,568,717
43,26,210,117,42.25,85.3125,47.53125,331,397
43,37,249,144,60.125,101.15625,58.5,135,734
43,39,164,172,63.375,66.625,69.875,137,141
43,43,45,199,69.875,18.28125,80.84375,535,666
43,41,90,176,66.625,36.5625,71.5,196,771
43,51,244,208,82.875,99.125,84.5,390,470
43,35,236,149,56.875,95.875,60.53125,135,736
43,46,167,199,74.75,67.84375,80.84375,89,89
43,9,29,120,14.625,11.78125,48.75,513,639
43,19,157,124,30.875,63.78125,50.375,349,417
43,15,142,115,24.375,57.6875,46.71875,441,540
43,37,208,152,60.125,84.5,61.75,171,181
43,21,102,134,34.125,41.4375,54.4375,378,721
43,5,8,135,8.125,3.25,54.84375,594,772
43,17,16,160,27.625,6.5,65.0,578,740
43,13,244,72,21.125,99.125,29.25,514,640
43,32,73,181,52.0,29.65625,73.53125,595,773
43,24,136,146,39.0,55.25,59.3125,305,448
43,31,40,187,50.375,16.25,75.96875,443,543
43,22,211,59,35.75,85.71875,23.96875,409,719
43,14,170,102,22.75,69.0625,41.4375,502,626
43,31,210,140,50.375,85.3125,56.875,217,233
43,42,84,212,68.25,34.125,86.125,319,367
43,33,56,129,53.625,22.75,52.40625,588,758
43,38,183,175,61.75,74.34375,71.09375,85,85
43,24,66,163,39.0,26.8125,66.21875,546,682
43,43,137,190,69.875,55.65625,77.1875,561,703
43,42,24,234,68.25,9.75,95.0625,596,774
43,32,134,160,52.0,54.4375,65.0,538,670
43,44,192,224,71.5,78.0,91.0,81,746
43,23,23,174,37.375,9.34375,70.6875,579,741
43,47,53,246,76.375,21.53125,99.9375,597,775
43,13,230,86,21.125,93.4375,34.9375,519,645
43,42,109,206,68.25,44.28125,83.6875,301,341
43,26,230,137,42.25,93.4375,55.65625,479,598
43,47,207,191,76.375,84.09375,77.59375,405,491
43,15,219,100,24.375,88.96875,40.625,444,544
43,55,199,227,89.375,80.84375,92.21875,598,776
43,13,110,113,21.125,44.6875,45.90625,590,760
43,52,184,215,84.5,74.75,87.34375,599,777
43,48,157,220,78.0,63.78125,89.375,493,617
43,16,51,139,26.0,20.71875,56.46875,528,656
43,52,204,205,84.5,82.875,83.28125,477,596
43,18,75,139,29.25,30.46875,56.46875,589,759
43,29,107,154,47.125,43.46875,62.5625,417,507
43,19,193,145,30.875,78.40625,58.90625,482,602
43,54,146,244,87.75,59.3125,99.125,591,763
43,25,26,220,40.625,10.5625,89.375,522,648
43,9,193,88,14.625,78.40625,35.75,563,705
43,49,117,228,79.625,47.53125,92.625,580,742
43,6,85,101,9.75,34.53125,41.03125,581,743
43,37,235,201,60.125,95.46875,81.65625,275,307
43,29,101,215,47.125,41.03125,87.34375,327,387
43,35,71,238,56.875,28.84375,96.6875,431,761
43,6,93,99,9.75,37.78125,40.21875,600,778
43,27,152,191,43.875,61.75,77.59375,383,583
43,20,72,185,32.5,29.25,75.15625,481,600
43,8,35,137,13.0,14.21875,55.65625,582,745
43,26,127,191,42.25,51.59375,77.59375,418,508
43,32,140,211,52.0,56.875,85.71875,458,570
43,56,248,231,91.0,100.75,93.84375,573,727
43,12,237,118,19.5,96.28125,47.9375,530,658
43,22,208,141,35.75,84.5,57.28125,523,649
43,24,185,175,39.0,75.15625,71.09375,601,779
43,35,180,209,56.875,73.125,84.90625,141,496
43,10,131,141,16.25,53.21875,57.28125,548,684
43,41,183,193,66.625,74.34375,78.40625,602,780
43,17,100,168,27.625,40.625,68.25,603,781
43,33,59,211,53.625,23.96875,85.71875,470,633
43,32,5,221,52.0,2.03125,89.78125,604,782
44,56,176,192,91.0,71.5,78.0,5,5
44,46,125,170,74.75,50.78125,69.0625,168,607
44,53,19,231,86.125,7.71875,93.84375,449,764
44,52,55,211,84.5,22.34375,85.71875,281,313
44,45,56,189,73.125,22.75,76.78125,4,730
44,53,74,219,86.125,30.0625,88.96875,193,205
44,28,198,97,45.5,80.4375,39.40625,375,464
44,25,75,122,40.625,30.46875,49.5625,422,552
44,8,76,74,13.0,30.875,30.0625,566,751
44,29,213,92,47.125,86.53125,37.375,375,461
44,57,232,189,92.625,94.25,76.78125,7,728
44,55,41,240,89.375,16.65625,97.5,152,237
44,46,23,214,74.75,9.34375,86.9375,335,401
44,27,137,106,43.875,55.65625,43.0625,423,516
44,39,214,124,63.375,86.9375,50.375,203,259
44,9,161,52,14.625,65.40625,21.125,567,765
44,36,13,185,58.5,5.28125,75.15625,510,636
44,19,161,81,30.875,65.40625,32.90625,461,573
44,48,8,223,78.0,3.25,90.59375,544,676
44,13,84,83,21.125,34.125,33.71875,498,783
44,20,59,104,32.5,23.96875,42.25,472,588
44,16,103,82,26.0,41.84375,33.3125,532,686
44,36,50,168,58.5,20.3125,68.25,316,364
44,24,24,127,39.0,9.75,51.59375,437,784
44,47,221,146,76.375,89.78125,59.3125,265,295
44,14,217,54,22.75,88.15625,21.9375,499,623
44,35,75,144,56.875,30.46875,58.5,239,678
44,11,197,46,17.875,80.03125,18.6875,509,635
44,57,54,231,92.625,21.9375,93.84375,500,624
44,48,93,191,78.0,37.78125,77.59375,4,732
44,20,18,120,32.5,7.3125,48.75,525,651
44,30,41,148,48.75,16.65625,60.125,360,428
44,18,132,77,29.25,53.625,31.28125,592,766
44,9,21,92,14.625,8.53125,37.375,501,729
44,33,28,166,53.625,11.375,67.4375,452,562
44,12,38,92,19.5,15.4375,37.375,501,731
44,30,56,148,48.75,22.75,60.125,359,427
44,42,116,161,68.25,47.125,65.40625,168,605
44,24,98,104,39.0,39.8125,42.25,340,785
44,57,79,234,92.625,32.09375,95.0625,584,752
44,43,84,163,69.875,34.125,66.21875,196,767
44,42,185,142,68.25,75.15625,57.6875,200,216
44,13,120,78,21.125,48.75,31.6875,473,590
44,29,167,98,47.125,67.84375,39.8125,317,561
44,26,221,81,42.25,89.78125,32.90625,409,714
44,48,99,173,78.0,40.21875,70.28125,508,634
44,55,102,216,89.375,41.4375,87.75,10,691
44,5,239,31,8.125,97.09375,12.59375,605,786
44,40,44,181,65.0,17.875,73.53125,206,677
44,43,154,154,69.875,62.5625,62.5625,212,228
44,47,177,158,76.375,71.90625,64.1875,144,148
44,44,244,135,71.5,99.125,54.84375,182,194
44,24,127,95,39.0,51.59375,38.59375,435,559
44,39,101,147,63.375,41.03125,59.71875,246,346
44,16,81,95,26.0,32.90625,38.59375,498,787
44,37,187,123,60.125,75.96875,49.96875,317,550
44,52,150,183,84.5,60.9375,74.34375,474,592
44,15,22,110,24.375,8.9375,44.6875,501,712
44,17,173,67,27.625,70.28125,27.21875,440,553
44,14,55,86,22.75,22.34375,34.9375,551,693
44,29,105,124,47.125,42.65625,50.375,395,609
44,21,231,68,34.125,93.84375,27.625,409,554
44,48,156,169,78.0,63.375,68.65625,153,159
44,43,19,196,69.875,7.71875,79.625,396,481
44,13,107,66,21.125,43.46875,26.8125,532,692
44,6,167,43,9.75,67.84375,17.46875,567,768
44,32,128,126,52.0,52.0,51.1875,395,604
44,24,57,128,39.0,23.15625,52.0,422,564
44,8,208,39,13.0,84.5,15.84375,585,788
44,12,134,59,19.5,54.4375,23.96875,553,695
44,58,99,232,94.25,40.21875,94.25,10,690
44,52,10,245,84.5,4.0625,99.53125,449,770
44,58,142,217,94.25,57.6875,88.15625,10,272
44,34,231,105,55.25,93.84375,42.65625,261,406
44,6,225,34,9.75,91.40625,13.8125,585,789
44,53,115,201,86.125,46.71875,81.65625,268,300
44,52,66,198,84.5,26.8125,80.4375,593,769
44,51,214,166,82.875,86.9375,67.4375,61,61
44,24,172,88,39.0,69.875,35.75,606,790
44,28,86,133,45.5,34.9375,54.03125,586,755
44,12,180,55,19.5,73.125,22.34375,511,637
44,41,162,135,66.625,65.8125,54.84375,307,353
44,36,157,125,58.5,63.78125,50.78125,341,519
44,39,132,145,63.375,53.625,58.90625,306,352
44,21,109,103,34.125,44.28125,41.84375,340,791
44,30,9,163,48.75,3.65625,66.21875,607,792
44,48,241,155,78.0,97.90625,62.96875,69,382
44,55,137,197,89.375,55.65625,80.03125,211,380
44,52,194,165,84.5,78.8125,67.03125,329,394
44,28,132,138,45.5,53.625,56.0625,587,756
44,25,245,124,40.625,99.53125,50.375,487,611
44,30,157,114,48.75,63.78125,46.3125,608,793
44,52,244,209,84.5,99.125,84.90625,390,470
44,31,178,142,50.375,72.3125,57.6875,225,535
44,19,191,74,30.875,77.59375,30.0625,440,567
44,15,148,66,24.375,60.125,26.8125,516,642
44,8,136,94,13.0,55.25,38.1875,554,696
44,58,159,202,94.25,64.59375,82.0625,72,72
44,56,194,190,91.0,78.8125,77.1875,73,73
44,28,206,120,45.5,83.6875,48.75,331,397
44,24,12,151,39.0,4.875,61.34375,575,735
44,44,41,201,71.5,16.65625,81.65625,535,666
44,34,169,155,55.25,68.65625,62.96875,379,451
44,21,38,123,34.125,15.4375,49.96875,437,794
44,49,88,238,79.625,35.75,96.6875,609,795
44,35,236,149,56.875,95.875,60.53125,135,736
44,9,58,112,14.625,23.5625,45.5,568,717
44,22,101,135,35.75,41.03125,54.84375,378,721
44,47,166,202,76.375,67.4375,82.0625,89,89
44,41,164,176,66.625,66.625,71.5,137,141
44,16,137,116,26.0,55.65625,47.125,441,540
44,48,51,246,78.0,20.71875,99.9375,597,775
44,39,110,189,63.375,44.6875,76.78125,391,471
44,31,206,139,50.375,83.6875,56.46875,217,233
44,31,36,188,50.375,14.625,76.375,443,543
44,33,73,182,53.625,29.65625,73.9375,595,773
44,19,152,126,30.875,61.75,51.1875,349,417
44,13,239,69,21.125,97.09375,28.03125,514,640
44,37,209,151,60.125,84.90625,61.34375,171,181
44,23,209,60,37.375,84.90625,24.375,409,719
44,5,7,137,8.125,2.84375,55.65625,594,772
44,24,20,173,39.0,8.125,70.28125,579,741
44,15,169,104,24.375,68.65625,42.25,502,626
44,33,52,128,53.625,21.125,52.0,588,758
44,24,63,163,39.0,25.59375,66.21875,546,682
44,27,250,153,43.875,101.5625,62.15625,610,796
44,42,20,232,68.25,8.125,94.25,596,774
44,42,84,212,68.25,34.125,86.125,319,367
44,14,228,85,22.75,92.625,34.53125,519,645
44,5,158,85,8.125,64.1875,34.53125,611,797
44,30,234,121,48.75,95.0625,49.15625,612,798
44,43,112,208,69.875,45.5,84.5,301,341
44,39,184,176,63.375,74.75,71.5,85,85
44,52,183,212,84.5,74.34375,86.125,599,777
44,28,228,144,45.5,92.625,58.5,479,598
44,56,201,228,91.0,81.65625,92.625,598,776
44,44,136,192,71.5,55.25,78.0,561,703
44,34,133,162,55.25,54.03125,65.8125,538,670
44,36,183,102,58.5,74.34375,41.4375,613,799
44,45,192,226,73.125,78.0,91.8125,81,746
44,48,206,189,78.0,83.6875,76.78125,405,491
44,16,212,100,26.0,86.125,40.625,444,544
44,31,104,158,50.375,42.25,64.1875,417,507
44,6,84,100,9.75,34.125,40.625,581,743
44,31,101,216,50.375,41.03125,87.75,327,387
44,35,62,237,56.875,25.1875,96.28125,431,761
44,50,160,225,81.25,65.0,91.40625,493,617
44,23,67,192,37.375,27.21875,78.0,481,600
44,52,203,207,84.5,82.46875,84.09375,477,596
44,54,149,248,87.75,60.53125,100.75,591,763
44,16,52,138,26.0,21.125,56.0625,528,656
44,27,25,225,43.875,10.15625,91.40625,522,648
44,14,109,116,22.75,44.28125,47.125,590,760
44,10,189,86,16.25,76.78125,34.9375,563,705
44,50,118,230,81.25,47.9375,93.4375,580,742
44,21,246,108,34.125,99.9375,43.875,614,800
44,19,79,139,30.875,32.09375,56.46875,589,759
44,25,182,176,40.625,73.9375,71.5,601,779
44,9,38,137,14.625,15.4375,55.65625,582,745
44,34,140,208,55.25,56.875,84.5,458,570
44,21,204,139,34.125,82.875,56.46875,523,649
44,38,233,200,61.75,94.65625,81.25,275,307
44,28,153,191,45.5,62.15625,77.59375,383,583
44,20,194,148,32.5,78.8125,60.125,482,602
44,27,126,192,43.875,51.1875,78.0,418,508
44,11,126,140,17.875,51.1875,56.875,548,684
44,36,178,211,58.5,72.3125,85.71875,141,496
44,34,45,209,55.25,18.28125,84.90625,470,633
44,13,233,123,21.125,94.65625,49.96875,530,658
44,18,98,169,29.25,39.8125,68.65625,603,781
44,43,185,194,69.875,75.15625,78.8125,602,780
44,41,233,174,66.625,94.65625,70.6875,615,801
45,47,124,170,76.375,50.375,69.0625,168,607
45,54,52,213,87.75,21.125,86.53125,281,313
45,57,175,193,92.625,71.09375,78.40625,5,5
45,30,211,92,48.75,85.71875,37.375,375,461
45,54,70,220,87.75,28.4375,89.375,193,205
45,31,198,100,50.375,80.4375,40.625,375,464
45,46,55,189,74.75,22.34375,76.78125,4,730
45,55,15,232,89.375,6.09375,94.25,449,764
45,27,73,125,43.875,29.65625,50.78125,422,552
45,10,73,75,16.25,29.65625,30.46875,566,751
45,22,56,105,35.75,22.75,42.65625,472,802
45,38,45,168,61.75,18.28125,68.25,316,364
45,42,212,129,68.25,86.125,52.40625,203,259
45,10,160,52,16.25,65.0,21.125,567,765
45,21,159,82,34.125,64.59375,33.3125,461,573
45,48,20,215,78.0,8.125,87.34375,335,401
45,57,38,242,92.625,15.4375,98.3125,152,237
45,38,9,187,61.75,3.65625,75.96875,510,636
45,58,51,233,94.25,20.71875,94.65625,500,624
45,18,102,83,29.25,41.4375,33.71875,532,686
45,48,219,149,78.0,88.96875,60.53125,265,295
45,29,137,107,47.125,55.65625,43.46875,423,516
45,11,20,93,17.875,8.125,37.78125,501,729
45,14,82,84,22.75,33.3125,34.125,498,783
45,21,14,122,34.125,5.6875,49.5625,525,651
45,32,54,149,52.0,21.9375,60.53125,359,427
45,5,140,41,8.125,56.875,16.65625,616,803
45,20,131,80,32.5,53.21875,32.5,592,766
45,6,21,79,9.75,8.53125,32.09375,617,804
45,31,39,149,50.375,15.84375,60.53125,360,428
45,36,72,145,58.5,29.25,58.90625,239,678
45,26,21,129,42.25,8.53125,52.40625,437,784
45,14,37,94,22.75,15.03125,38.1875,501,731
45,13,196,48,21.125,79.625,19.5,509,635
45,50,5,223,81.25,2.03125,90.59375,544,676
45,27,218,81,43.875,88.5625,32.90625,409,714
45,15,118,79,24.375,47.9375,32.09375,473,590
45,45,81,164,73.125,32.90625,66.625,196,767
45,42,249,125,68.25,101.15625,50.78125,182,805
45,44,184,142,71.5,74.75,57.6875,200,216
45,39,185,125,63.375,75.15625,50.78125,317,550
45,26,126,97,42.25,51.1875,39.40625,435,559
45,49,97,172,79.625,39.40625,69.875,508,634
45,34,26,167,55.25,10.5625,67.84375,452,562
45,56,96,217,91.0,39.0,88.15625,10,691
45,15,216,56,24.375,87.75,22.75,499,623
45,31,164,97,50.375,66.625,39.40625,317,561
45,53,87,200,86.125,35.34375,81.25,618,806
45,19,171,68,30.875,69.46875,27.625,440,553
45,25,94,105,40.625,38.1875,42.65625,340,785
45,15,104,69,24.375,42.25,28.03125,532,692
45,18,78,95,29.25,31.6875,38.59375,498,787
45,23,228,72,37.375,92.625,29.25,409,554
45,46,243,138,74.75,98.71875,56.0625,182,807
45,49,174,160,79.625,70.6875,65.0,144,148
45,7,165,43,11.375,67.03125,17.46875,567,768
45,53,149,185,86.125,60.53125,75.15625,474,592
45,15,55,86,24.375,22.34375,34.9375,551,693
45,40,99,151,65.0,40.21875,61.34375,246,346
45,17,18,110,27.625,7.3125,44.6875,501,712
45,54,7,248,87.75,2.84375,100.75,449,770
45,50,155,174,81.25,62.96875,70.6875,153,159
45,53,212,170,86.125,86.125,69.0625,61,61
45,41,40,181,66.625,16.25,73.53125,206,677
45,44,152,155,71.5,61.75,62.96875,212,228
45,8,222,36,13.0,90.1875,14.625,585,789
45,7,239,33,11.375,97.09375,13.40625,605,786
45,26,55,128,42.25,22.34375,52.0,422,564
45,30,104,126,48.75,42.25,51.1875,395,609
45,14,133,63,22.75,54.03125,25.59375,553,808
45,14,177,56,22.75,71.90625,22.75,511,637
45,36,229,107,58.5,93.03125,43.46875,261,406
45,53,64,199,86.125,26.0,80.84375,593,769
45,25,5,152,40.625,2.03125,61.75,575,735
45,55,112,202,89.375,45.5,82.0625,268,300
45,9,205,41,14.625,83.28125,16.65625,585,788
45,50,240,158,81.25,97.5,64.1875,69,382
45,43,163,138,69.875,66.21875,56.0625,307,353
45,34,130,126,55.25,52.8125,51.1875,395,604
45,31,6,166,50.375,2.4375,67.4375,607,792
45,56,138,200,91.0,56.0625,81.25,211,380
45,54,193,168,87.75,78.40625,68.25,329,394
45,31,157,113,50.375,63.78125,45.90625,608,793
45,10,136,96,16.25,55.25,39.0,554,696
45,23,108,103,37.375,43.875,41.84375,340,791
45,30,85,135,48.75,34.53125,54.84375,586,755
45,37,156,125,60.125,63.375,50.78125,341,519
45,57,191,192,92.625,77.59375,78.0,73,73
45,27,242,126,43.875,98.3125,51.1875,487,611
45,41,130,147,66.625,52.8125,59.71875,306,352
45,32,175,145,52.0,71.09375,58.90625,225,809
45,5,107,51,8.125,43.46875,20.71875,619,810
45,8,6,138,13.0,2.4375,56.0625,594,772
45,29,207,120,47.125,84.09375,48.75,331,397
45,21,189,75,34.125,76.78125,30.46875,440,567
45,51,86,241,82.875,34.9375,97.90625,609,795
45,16,145,68,26.0,58.90625,27.625,516,642
45,41,159,175,66.625,64.59375,71.09375,137,141
45,33,34,188,53.625,13.8125,76.375,443,543
45,10,53,112,16.25,21.53125,45.5,568,717
45,9,124,55,14.625,50.375,22.34375,553,811
45,46,37,201,74.75,15.03125,81.65625,535,666
45,39,208,154,63.375,84.5,62.5625,171,181
45,17,136,114,27.625,55.25,46.3125,441,540
45,35,168,155,56.875,68.25,62.96875,379,451
45,21,73,112,34.125,29.65625,45.5,472,812
45,23,100,135,37.375,40.625,54.84375,378,721
45,24,207,59,39.0,84.09375,23.96875,409,719
45,54,243,210,87.75,98.71875,85.3125,390,470
45,48,165,202,78.0,67.03125,82.0625,89,89
45,15,171,102,24.375,69.46875,41.4375,502,626
45,36,233,147,58.5,94.65625,59.71875,135,736
45,40,109,189,65.0,44.28125,76.78125,391,471
45,32,205,139,52.0,83.28125,56.46875,217,233
45,7,250,55,11.375,101.5625,22.34375,620,813
45,26,59,163,42.25,23.96875,66.21875,546,682
45,57,201,231,92.625,81.65625,93.84375,598,776
45,35,51,128,56.875,20.71875,52.0,588,758
45,25,17,173,40.625,6.90625,70.28125,579,741
45,20,151,126,32.5,61.34375,51.1875,349,417
45,34,69,185,55.25,28.03125,75.15625,595,773
45,5,39,75,8.125,15.84375,30.46875,621,814
45,15,228,89,24.375,92.625,36.15625,519,645
45,14,239,72,22.75,97.09375,29.25,514,640
45,40,182,176,65.0,73.9375,71.5,85,85
45,5,197,68,8.125,80.03125,27.625,622,815
45,28,180,131,45.5,73.125,53.21875,225,816
45,6,158,87,9.75,64.1875,35.34375,611,797
45,26,142,150,42.25,57.6875,60.9375,623,817
45,45,84,219,73.125,34.125,88.96875,319,367
45,45,22,235,73.125,8.9375,95.46875,596,774
45,34,98,221,55.25,39.8125,89.78125,327,387
45,45,112,210,73.125,45.5,85.3125,301,341
45,5,229,72,8.125,93.03125,29.25,624,818
45,31,230,119,50.375,93.4375,48.34375,612,798
45,22,245,112,35.75,99.53125,45.5,614,800
45,29,223,143,47.125,90.59375,58.09375,479,598
45,25,242,147,40.625,98.3125,59.71875,610,819
45,38,182,104,61.75,73.9375,42.25,613,799
45,53,185,215,86.125,75.15625,87.34375,599,777
45,33,134,162,53.625,54.4375,65.8125,538,670
45,52,160,222,84.5,65.0,90.1875,493,617
45,45,134,192,73.125,54.4375,78.0,561,703
45,29,247,163,47.125,100.34375,66.21875,610,820
45,49,208,192,79.625,84.5,78.0,405,491
45,18,216,106,29.25,87.75,43.0625,444,544
45,46,188,226,74.75,76.375,91.8125,81,746
45,28,16,228,45.5,6.5,92.625,522,648
45,14,107,114,22.75,43.46875,46.3125,590,760
45,30,149,194,48.75,60.53125,78.8125,383,583
45,20,187,145,32.5,75.96875,58.90625,482,602
45,7,84,99,11.375,34.125,40.21875,581,743
45,27,178,174,43.875,72.3125,70.6875,601,779
45,10,32,136,16.25,13.0,55.25,582,745
45,12,193,86,19.5,78.40625,34.9375,563,705
45,39,231,201,63.375,93.84375,81.65625,275,307
45,24,62,194,39.0,25.1875,78.8125,481,600
45,37,64,243,60.125,26.0,98.71875,431,761
45,54,145,245,87.75,58.90625,99.53125,591,763
45,14,231,121,22.75,93.84375,49.15625,530,658
45,11,124,141,17.875,50.375,57.28125,548,684
45,36,136,213,58.5,55.25,86.53125,458,570
45,29,125,195,47.125,50.78125,79.21875,418,508
45,19,95,171,30.875,38.59375,69.46875,603,781
45,44,186,193,71.5,75.5625,78.40625,602,780
45,51,179,242,82.875,72.71875,98.3125,625,821
45,39,176,215,63.375,71.5,87.34375,141,496
45,42,233,174,68.25,94.65625,70.6875,615,801
46,58,167,200,94.25,67.84375,81.25,5,5
46,49,116,176,79.625,47.125,71.5,168,607
46,55,43,220,89.375,17.46875,89.375,281,313
46,32,206,99,52.0,83.6875,40.21875,375,461
46,55,60,226,89.375,24.375,91.8125,500,624
46,58,30,249,94.25,12.1875,101.15625,152,237
46,14,190,54,22.75,77.1875,21.9375,509,635
46,43,206,136,69.875,83.6875,55.25,203,259
46,12,154,59,19.5,62.5625,23.96875,567,765
46,47,47,193,76.375,19.09375,78.40625,4,730
46,49,14,223,79.625,5.6875,90.59375,544,676
46,20,100,90,32.5,40.625,36.5625,532,686
46,33,192,107,53.625,78.0,43.46875,375,464
46,39,35,173,63.375,14.21875,70.28125,316,364
46,23,156,89,37.375,63.375,36.15625,461,573
46,56,5,240,91.0,2.03125,97.5,449,770
46,24,51,110,39.0,20.71875,44.6875,472,802
46,20,248,60,32.5,100.75,24.375,626,822
46,12,68,82,19.5,27.625,33.3125,566,751
46,6,135,48,9.75,54.84375,19.5,616,803
46,45,176,150,73.125,71.5,60.9375,200,216
46,50,213,155,81.25,86.53125,62.96875,265,295
46,29,67,131,47.125,27.21875,53.21875,422,552
46,33,31,155,53.625,12.59375,62.96875,360,428
46,43,241,131,69.875,97.90625,53.21875,182,805
46,35,243,103,56.875,98.71875,41.84375,261,823
46,7,18,81,11.375,7.3125,32.90625,617,804
46,33,48,155,53.625,19.5,62.96875,359,427
46,28,210,89,45.5,85.3125,36.15625,409,714
46,57,83,224,92.625,33.71875,91.0,10,691
46,46,74,172,74.75,30.0625,69.875,196,767
46,22,9,126,35.75,3.65625,51.1875,525,651
46,16,79,88,26.0,32.09375,35.75,498,783
46,29,118,107,47.125,47.9375,43.46875,627,824
46,38,65,148,61.75,26.40625,60.125,239,678
46,13,17,99,21.125,6.90625,40.21875,501,729
46,41,181,133,66.625,73.53125,54.03125,317,550
46,10,220,42,16.25,89.375,17.0625,585,789
46,22,126,88,35.75,51.1875,35.75,592,766
46,42,92,156,68.25,37.375,63.375,246,346
46,16,112,83,26.0,45.5,33.71875,473,590
46,30,133,113,48.75,54.03125,45.90625,423,516
46,42,30,186,68.25,12.1875,75.5625,206,677
46,26,84,109,42.25,34.125,44.28125,340,785
46,17,31,101,27.625,12.59375,41.03125,501,731
46,24,220,76,39.0,89.375,30.875,409,554
46,26,11,136,42.25,4.46875,55.25,437,825
46,36,124,136,58.5,50.375,55.25,395,604
46,36,19,173,58.5,7.71875,70.28125,452,562
46,50,168,166,81.25,68.25,67.4375,144,148
46,55,142,193,89.375,57.6875,78.40625,474,592
46,27,246,82,43.875,99.9375,33.3125,628,826
46,5,85,62,8.125,34.53125,25.1875,629,827
46,9,159,50,14.625,64.59375,20.3125,567,768
46,16,210,60,26.0,85.3125,24.375,499,623
46,27,165,97,43.875,67.03125,39.40625,317,828
46,19,73,105,30.875,29.65625,42.65625,498,787
46,8,234,39,13.0,95.0625,15.84375,605,786
46,55,79,207,89.375,32.09375,84.09375,193,205
46,50,88,179,81.25,35.75,72.71875,508,634
46,50,81,200,81.25,32.90625,81.25,618,806
46,21,166,76,34.125,67.4375,30.875,440,553
46,32,158,103,52.0,64.1875,41.84375,317,829
46,17,49,92,27.625,19.90625,37.375,551,693
46,16,172,63,26.0,69.875,25.59375,511,637
46,18,102,75,29.25,41.4375,30.46875,532,692
46,45,144,161,73.125,58.5,65.40625,212,228
46,51,147,179,82.875,59.71875,72.71875,153,159
46,47,235,144,76.375,95.46875,58.5,182,807
46,16,127,70,26.0,51.59375,28.4375,553,808
46,28,49,135,45.5,19.90625,54.84375,422,564
46,11,202,45,17.875,82.0625,18.28125,585,788
46,32,98,133,52.0,39.8125,54.03125,395,609
46,49,245,190,79.625,99.53125,77.1875,630,830
46,57,128,205,92.625,52.0,83.28125,211,380
46,53,204,172,86.125,82.875,69.875,61,61
46,5,117,48,8.125,47.53125,19.5,619,831
46,55,187,174,89.375,75.96875,70.6875,329,394
46,50,232,161,81.25,94.25,65.40625,69,382
46,53,55,205,86.125,22.34375,83.28125,593,769
46,37,221,113,60.125,89.78125,45.90625,261,832
46,56,103,209,91.0,41.84375,84.90625,268,300
46,42,125,154,68.25,50.78125,62.5625,306,352
46,11,131,103,17.875,53.21875,41.84375,554,696
46,44,156,145,71.5,63.375,58.90625,307,353
46,38,154,132,61.75,62.5625,53.625,341,519
46,32,79,142,52.0,32.09375,57.6875,586,755
46,25,100,111,40.625,40.625,45.09375,340,791
46,23,185,82,37.375,75.15625,33.3125,440,567
46,6,100,58,9.75,40.625,23.5625,619,833
46,30,201,124,48.75,81.65625,50.375,331,397
46,19,142,72,30.875,57.6875,29.25,516,642
46,32,153,120,52.0,62.15625,48.75,608,793
46,45,75,187,73.125,30.46875,75.96875,631,834
46,58,186,198,94.25,75.5625,80.4375,73,73
46,41,153,180,66.625,62.15625,73.125,137,141
46,28,237,132,45.5,96.28125,53.625,487,611
46,33,170,151,53.625,69.0625,61.34375,225,809
46,54,238,218,87.75,96.6875,88.5625,390,470
46,28,125,157,45.5,50.78125,63.78125,632,835
46,25,29,135,40.625,11.78125,54.84375,437,836
46,52,77,248,84.5,31.28125,100.75,609,795
46,23,65,118,37.375,26.40625,47.9375,472,812
46,18,127,120,29.25,51.59375,48.75,441,540
46,46,27,206,74.75,10.96875,83.6875,535,666
46,22,143,134,35.75,58.09375,54.4375,349,417
46,17,165,110,27.625,67.03125,44.6875,502,626
46,34,27,194,55.25,10.96875,78.8125,443,543
46,57,196,236,92.625,79.625,95.875,598,776
46,49,161,210,79.625,65.40625,85.3125,89,89
46,5,35,78,8.125,14.21875,31.6875,621,814
46,7,151,94,11.375,61.34375,38.1875,611,797
46,11,48,116,17.875,19.5,47.125,568,717
46,24,96,138,39.0,39.0,56.0625,378,721
46,25,202,63,40.625,82.0625,25.59375,409,719
46,37,229,152,60.125,93.03125,61.75,135,736
46,15,232,79,24.375,94.25,32.09375,514,640
46,35,59,189,56.875,23.96875,76.78125,595,773
46,29,176,138,47.125,71.5,56.0625,225,816
46,47,16,242,76.375,6.5,98.3125,596,774
46,8,244,63,13.0,99.125,25.59375,620,813
46,47,73,228,76.375,29.65625,92.625,319,367
46,36,44,133,58.5,17.875,54.03125,588,758
46,16,225,97,26.0,91.40625,39.40625,519,645
46,33,198,144,53.625,80.4375,58.5,217,233
46,40,176,182,65.0,71.5,73.9375,85,85
46,32,229,125,52.0,93.03125,50.78125,612,798
46,37,162,160,60.125,65.8125,65.0,379,451
46,48,247,213,78.0,100.34375,86.53125,633,837
46,27,11,178,43.875,4.46875,72.3125,579,741
46,39,201,163,63.375,81.65625,66.21875,171,181
46,6,193,74,9.75,78.40625,30.0625,622,815
46,52,158,230,84.5,64.1875,93.4375,493,617
46,26,55,169,42.25,22.34375,68.65625,546,682
46,24,233,149,39.0,94.65625,60.53125,610,819
46,46,103,216,74.75,41.84375,87.75,301,341
46,22,239,118,35.75,97.09375,47.9375,614,800
46,42,102,196,68.25,41.4375,79.625,391,471
46,35,125,170,56.875,50.78125,69.0625,538,670
46,53,177,222,86.125,71.90625,90.1875,599,838
46,46,125,199,74.75,50.78125,80.84375,561,703
46,19,42,142,30.875,17.0625,57.6875,634,839
46,40,29,216,65.0,11.78125,87.75,635,840
46,34,93,230,55.25,37.78125,93.4375,327,387
46,30,217,147,48.75,88.15625,59.71875,479,598
46,40,228,211,65.0,92.625,85.71875,275,307
46,49,202,196,79.625,82.0625,79.625,405,491
46,33,97,165,53.625,39.40625,67.03125,636,841
46,19,208,113,30.875,84.5,45.90625,444,544
46,30,246,175,48.75,99.9375,71.09375,610,820
46,53,200,216,86.125,81.25,87.75,599,842
46,28,175,181,45.5,71.09375,73.53125,601,779
46,38,54,250,61.75,21.9375,101.5625,431,761
46,6,225,79,9.75,91.40625,32.09375,624,818
46,15,101,118,24.375,41.03125,47.9375,590,760
46,13,185,91,21.125,75.15625,36.96875,563,705
46,20,177,150,32.5,71.90625,60.9375,482,843
46,24,187,148,39.0,75.96875,60.125,482,844
46,14,228,126,22.75,92.625,51.1875,530,658
46,56,141,249,91.0,57.28125,101.15625,591,763
46,52,113,237,84.5,45.90625,96.28125,637,845
46,31,142,202,50.375,57.6875,82.0625,383,583
46,8,81,109,13.0,32.90625,44.28125,581,743
46,25,54,201,40.625,21.9375,81.65625,481,600
46,11,23,139,17.875,9.34375,56.46875,582,745
46,37,122,225,60.125,49.5625,91.40625,638,846
46,40,170,223,65.0,69.0625,90.59375,141,496
46,24,201,151,39.0,81.65625,61.34375,639,847
46,12,118,143,19.5,47.9375,58.09375,548,684
46,43,177,197,69.875,71.90625,80.03125,602,780
46,20,87,177,32.5,35.34375,71.90625,603,781
46,52,175,249,84.5,71.09375,101.15625,625,821
46,28,117,201,45.5,47.53125,81.65625,418,508
47,55,48,234,89.375,19.5,95.0625,500,624
47,33,197,107,53.625,80.03125,43.46875,375,461
47,56,32,230,91.0,13.0,93.4375,281,313
47,16,183,63,26.0,74.34375,25.59375,511,637
47,51,105,186,82.875,42.65625,75.5625,168,607
47,15,144,70,24.375,58.5,28.4375,516,642
47,42,25,181,68.25,10.15625,73.53125,206,677
47,25,147,99,40.625,59.71875,40.21875,461,848
47,22,92,102,35.75,37.375,41.4375,340,791
47,46,198,147,74.75,80.4375,59.71875,640,849
47,26,40,120,42.25,16.25,48.75,472,802
47,35,184,118,56.875,74.75,47.9375,375,464
47,14,60,92,22.75,24.375,37.375,566,751
47,35,20,164,56.875,8.125,66.625,452,850
47,31,110,118,50.375,44.6875,47.9375,627,824
47,31,58,141,50.375,23.5625,57.28125,422,564
47,36,234,112,58.5,95.0625,45.5,261,823
47,47,168,161,76.375,68.25,65.40625,144,148
47,22,157,84,35.75,63.78125,34.125,461,851
47,21,239,73,34.125,97.09375,29.65625,626,822
47,36,38,167,58.5,15.4375,67.84375,316,364
47,9,126,58,14.625,51.1875,23.5625,641,852
47,51,202,165,82.875,82.0625,67.03125,61,61
47,15,7,106,24.375,2.84375,43.0625,501,853
47,19,72,99,30.875,29.25,40.21875,498,787
47,24,116,98,39.0,47.125,39.8125,592,854
47,44,232,140,71.5,94.25,56.875,182,807
47,19,23,112,30.875,9.34375,45.5,501,731
47,57,133,203,92.625,54.03125,82.46875,211,380
47,29,75,121,47.125,30.46875,49.15625,422,552
47,26,211,88,42.25,85.71875,35.75,409,714
47,52,76,188,84.5,30.875,76.375,508,634
47,32,125,123,52.0,50.78125,49.96875,423,516
47,7,5,90,11.375,2.03125,36.5625,617,804
47,28,236,91,45.5,95.875,36.96875,628,826
47,52,71,210,84.5,28.84375,85.3125,618,806
47,21,62,111,34.125,25.1875,45.09375,472,812
47,47,65,182,76.375,26.40625,73.9375,631,834
47,18,201,71,29.25,81.65625,28.84375,499,623
47,38,110,146,61.75,44.6875,59.3125,642,855
47,39,53,156,63.375,21.53125,63.375,239,678
47,38,11,184,61.75,4.46875,74.75,452,856
47,52,157,176,84.5,63.78125,71.5,153,159
47,56,67,217,91.0,27.21875,88.15625,193,205
47,10,13,90,16.25,5.28125,36.5625,501,857
47,43,172,141,69.875,69.875,57.28125,200,216
47,9,225,48,14.625,91.40625,19.5,585,789
47,19,91,85,30.875,36.96875,34.53125,532,692
47,7,62,72,11.375,25.1875,29.25,643,858
47,19,40,102,30.875,16.25,41.4375,551,693
47,18,161,72,29.25,65.40625,29.25,440,553
47,8,79,72,13.0,32.09375,29.25,629,827
47,9,110,57,14.625,44.6875,23.15625,619,859
47,18,103,91,29.25,41.84375,36.96875,532,686
47,29,158,107,47.125,64.1875,43.46875,317,828
47,34,148,111,55.25,60.125,45.09375,317,829
47,44,82,167,71.5,33.3125,67.84375,196,767
47,52,135,189,84.5,54.84375,76.78125,474,592
47,50,33,204,81.25,13.40625,82.875,535,860
47,12,153,59,19.5,62.15625,23.96875,567,765
47,54,244,174,87.75,99.125,70.6875,644,861
47,12,212,54,19.5,86.125,21.9375,585,788
47,13,193,57,21.125,78.40625,23.15625,509,635
47,30,38,147,48.75,15.4375,59.71875,360,428
47,7,174,48,11.375,70.6875,19.5,567,768
47,20,116,83,32.5,47.125,33.71875,473,590
47,55,196,187,89.375,79.625,75.96875,329,394
47,48,224,154,78.0,91.0,62.5625,265,295
47,52,223,172,84.5,90.59375,69.875,69,382
47,44,18,197,71.5,7.3125,80.03125,535,862
47,56,177,187,91.0,71.90625,75.96875,73,73
47,55,45,214,89.375,18.28125,86.9375,593,769
47,50,234,198,81.25,95.0625,80.4375,630,830
47,39,88,142,63.375,35.75,57.6875,645,863
47,47,135,170,76.375,54.84375,69.0625,212,864
47,45,41,195,73.125,16.65625,79.21875,4,865
47,58,90,217,94.25,36.5625,88.15625,10,691
47,44,56,167,71.5,22.75,67.84375,646,866
47,35,159,161,56.875,64.59375,65.40625,379,451
47,28,91,122,45.5,36.96875,49.5625,340,785
47,39,211,123,63.375,85.71875,49.96875,261,832
47,24,175,91,39.0,71.09375,36.96875,440,567
47,34,71,151,55.25,28.84375,61.34375,586,755
47,41,145,143,66.625,58.90625,58.09375,307,353
47,9,92,66,14.625,37.375,26.8125,619,867
47,44,115,160,71.5,46.71875,65.0,306,352
47,34,145,129,55.25,58.90625,52.40625,608,793
47,31,191,132,50.375,77.59375,53.625,331,397
47,46,148,155,74.75,60.125,62.96875,212,868
47,13,122,110,21.125,49.5625,44.6875,554,696
47,13,110,70,21.125,44.6875,28.4375,647,869
47,48,62,198,78.0,25.1875,80.4375,4,870
47,33,112,157,53.625,45.5,63.78125,636,841
47,21,133,85,34.125,54.03125,34.53125,592,871
47,17,225,90,27.625,91.40625,36.5625,514,640
47,50,149,217,81.25,60.53125,88.15625,89,872
47,35,17,204,56.875,6.90625,82.875,443,543
47,42,141,189,68.25,57.28125,76.78125,137,873
47,13,42,122,21.125,17.0625,49.5625,568,717
47,30,116,166,48.75,47.125,67.4375,632,835
47,54,100,200,87.75,40.625,81.25,268,300
47,33,244,153,53.625,99.125,62.15625,648,874
47,48,15,215,78.0,6.09375,87.34375,544,676
47,7,26,85,11.375,10.5625,34.53125,621,814
47,55,228,225,89.375,92.625,91.40625,390,470
47,21,119,129,34.125,48.34375,52.40625,441,540
47,18,155,118,29.25,62.96875,47.9375,502,626
47,9,236,75,14.625,95.875,30.46875,620,813
47,38,220,161,61.75,89.375,65.40625,135,736
47,33,220,134,53.625,89.375,54.4375,612,798
47,57,186,245,92.625,75.5625,99.53125,598,776
47,26,195,72,42.25,79.21875,29.25,409,719
47,24,136,145,39.0,55.25,58.90625,349,417
47,32,167,147,52.0,67.84375,59.71875,225,809
47,9,141,99,14.625,57.28125,40.21875,611,797
47,26,221,158,42.25,89.78125,64.1875,610,819
47,26,17,144,42.25,6.90625,58.5,437,825
47,37,47,203,60.125,19.09375,82.46875,649,875
47,29,42,179,47.125,17.0625,72.71875,650,876
47,19,248,125,30.875,100.75,50.78125,651,877
47,29,229,142,47.125,93.03125,57.6875,487,611
47,38,151,172,61.75,61.34375,69.875,137,878
47,16,246,98,26.0,99.9375,39.8125,652,879
47,45,183,187,73.125,74.34375,75.96875,602,780
47,8,181,82,13.0,73.53125,33.3125,622,815
47,49,63,238,79.625,25.59375,96.6875,319,367
47,34,188,156,55.25,76.375,63.375,217,233
47,49,237,222,79.625,96.28125,90.1875,633,837
47,47,92,226,76.375,37.375,91.8125,301,341
47,18,215,105,29.25,87.34375,42.65625,519,645
47,53,147,239,86.125,59.71875,97.09375,591,763
47,43,92,207,69.875,37.375,84.09375,391,471
47,40,165,192,65.0,67.03125,78.0,85,85
47,41,192,174,66.625,78.0,70.6875,171,181
47,31,209,155,50.375,84.90625,62.96875,479,598
47,36,112,179,58.5,45.5,72.71875,538,670
47,23,230,130,37.375,93.4375,52.8125,614,880
47,31,239,186,50.375,97.09375,75.5625,610,820
47,47,112,206,76.375,45.5,83.6875,561,703
47,36,82,240,58.5,33.3125,97.5,327,387
47,7,216,87,11.375,87.75,35.34375,624,818
47,17,94,127,27.625,38.1875,51.59375,590,760
47,50,195,204,81.25,79.21875,82.875,405,491
47,36,88,177,58.5,35.75,71.90625,653,881
47,20,198,122,32.5,80.4375,49.5625,444,544
47,54,164,230,87.75,66.625,93.4375,493,617
47,23,245,111,37.375,99.53125,45.09375,614,882
47,54,190,221,87.75,77.1875,89.78125,599,842
47,53,98,246,86.125,39.8125,99.9375,654,883
47,26,177,157,42.25,71.90625,63.78125,482,844
47,15,176,100,24.375,71.5,40.625,563,705
47,38,116,234,61.75,47.125,95.0625,638,846
47,27,42,212,43.875,17.0625,86.125,655,884
47,41,222,219,66.625,90.1875,88.96875,275,307
47,11,75,118,17.875,30.46875,47.9375,581,743
47,40,160,232,65.0,65.0,94.25,141,496
47,5,142,118,8.125,57.6875,47.9375,656,885
47,7,98,104,11.375,39.8125,42.25,657,886
47,16,219,137,26.0,88.96875,55.65625,530,658
47,14,15,149,22.75,6.09375,60.53125,658,887
47,30,167,193,48.75,67.84375,78.40625,601,779
47,45,166,209,73.125,67.4375,84.90625,89,888
47,32,104,212,52.0,42.25,86.125,659,889
47,15,102,154,24.375,41.4375,62.5625,660,890
47,23,78,188,37.375,31.6875,76.375,661,891
47,33,133,213,53.625,54.03125,86.53125,383,583
48,56,49,228,91.0,19.90625,92.625,593,769
48,58,170,203,94.25,69.0625,82.46875,662,892
48,33,210,101,53.625,85.3125,41.03125,375,893
48,55,64,231,89.375,26.0,93.84375,500,624
48,50,121,180,81.25,49.15625,73.125,663,894
48,23,108,96,37.375,43.875,39.0,592,854
48,52,19,233,84.5,7.71875,94.65625,664,895
48,33,198,109,53.625,80.4375,44.28125,375,896
48,17,199,58,27.625,80.84375,23.5625,509,635
48,25,162,93,40.625,65.8125,37.78125,440,897
48,46,214,143,74.75,86.9375,58.09375,265,295
48,14,158,63,22.75,64.1875,25.59375,516,642
48,36,52,160,58.5,21.125,65.0,239,898
48,57,7,249,92.625,2.84375,101.15625,665,899
48,28,16,140,45.5,6.5,56.875,437,825
48,25,56,116,40.625,22.75,47.125,472,802
48,14,76,86,22.75,30.875,34.9375,566,751
48,42,41,178,68.25,16.65625,72.3125,206,677
48,25,132,94,40.625,53.625,38.1875,461,848
48,20,88,93,32.5,35.75,37.78125,532,692
48,35,36,162,56.875,14.625,65.8125,316,364
48,47,186,156,76.375,75.5625,63.375,640,849
48,51,220,162,82.875,89.375,65.8125,69,382
48,8,143,52,13.0,58.09375,21.125,666,900
48,32,73,139,52.0,29.65625,56.46875,586,901
48,31,125,116,50.375,50.78125,47.125,423,516
48,26,228,82,42.25,92.625,33.3125,628,826
48,15,26,103,24.375,10.5625,41.84375,667,902
48,35,247,105,56.875,100.34375,42.65625,261,903
48,22,172,78,35.75,69.875,31.6875,440,904
48,5,168,41,8.125,68.25,16.65625,567,768
48,42,186,135,68.25,75.5625,54.84375,200,905
48,39,69,151,63.375,28.03125,61.34375,239,906
48,33,141,119,53.625,57.28125,48.34375,608,793
48,56,147,195,91.0,59.71875,79.21875,211,907
48,51,90,181,82.875,36.5625,73.53125,168,607
48,24,13,129,39.0,5.28125,52.40625,668,908
48,17,121,84,27.625,49.15625,34.125,473,590
48,20,39,110,32.5,15.84375,44.6875,551,693
48,44,250,137,71.5,101.5625,55.65625,669,909
48,21,243,67,34.125,98.71875,27.21875,626,822
48,19,107,82,30.875,43.46875,33.3125,532,686
48,18,216,63,29.25,87.75,25.59375,499,623
48,29,89,115,47.125,36.15625,46.71875,340,785
48,52,174,171,84.5,70.6875,69.46875,670,910
48,58,84,227,94.25,34.125,92.21875,10,691
48,38,26,184,61.75,10.5625,74.75,452,856
48,13,211,50,21.125,85.71875,20.3125,585,788
48,11,32,85,17.875,13.0,34.53125,621,814
48,20,131,81,32.5,53.21875,32.90625,592,871
48,7,21,85,11.375,8.53125,34.53125,501,857
48,12,168,53,19.5,68.25,21.53125,567,765
48,8,78,68,13.0,31.6875,27.625,629,827
48,19,57,96,30.875,23.15625,39.0,498,787
48,55,213,183,89.375,86.53125,74.34375,671,911
48,8,94,67,13.0,38.1875,27.21875,619,867
48,44,36,195,71.5,14.625,79.21875,4,865
48,18,178,63,29.25,72.3125,25.59375,511,637
48,33,163,103,53.625,66.21875,41.84375,672,912
48,43,98,161,69.875,39.8125,65.40625,673,913
48,9,240,41,14.625,97.5,16.65625,585,914
48,8,124,52,13.0,50.375,21.125,641,852
48,56,83,215,91.0,33.71875,87.34375,193,205
48,38,129,140,61.75,52.40625,56.875,674,915
48,52,151,181,84.5,61.34375,73.53125,153,159
48,54,62,210,87.75,25.1875,85.3125,618,806
48,21,78,105,34.125,31.6875,42.65625,340,791
48,38,106,137,61.75,43.0625,55.65625,642,855
48,51,238,165,82.875,96.6875,67.03125,644,861
48,47,8,212,76.375,3.25,86.125,544,676
48,7,191,40,11.375,77.59375,16.25,675,916
48,47,237,147,76.375,96.28125,59.71875,182,807
48,12,230,48,19.5,93.4375,19.5,585,917
48,56,195,183,91.0,79.21875,74.34375,329,394
48,47,151,165,76.375,61.34375,67.03125,212,868
48,37,75,162,60.125,30.46875,65.8125,586,918
48,52,87,204,84.5,35.34375,82.875,268,919
48,30,53,143,48.75,21.53125,58.09375,422,564
48,11,5,107,17.875,2.03125,43.46875,501,853
48,29,175,103,47.125,71.09375,41.84375,676,920
48,58,133,207,94.25,54.03125,84.09375,211,921
48,10,107,60,16.25,43.46875,24.375,619,859
48,45,57,193,73.125,23.15625,78.40625,631,834
48,28,107,117,45.5,43.46875,47.53125,627,824
48,58,107,214,94.25,43.46875,86.9375,677,922
48,35,88,149,56.875,35.75,60.53125,678,923
48,38,227,116,61.75,92.21875,47.125,261,924
48,41,165,138,66.625,67.03125,56.0625,200,925
48,36,65,198,58.5,26.40625,80.4375,679,926
48,43,131,155,69.875,53.21875,62.96875,680,927
48,45,69,167,73.125,28.03125,67.84375,196,767
48,35,7,175,56.875,2.84375,71.09375,452,850
48,46,165,150,74.75,67.03125,60.9375,144,148
48,29,11,162,47.125,4.46875,65.8125,681,928
48,23,192,82,37.375,78.0,33.3125,409,719
48,31,130,149,50.375,52.8125,60.53125,682,929
48,13,139,102,21.125,56.46875,41.4375,611,797
48,48,76,196,78.0,30.875,79.625,4,870
48,21,150,78,34.125,60.9375,31.6875,461,851
48,33,160,122,53.625,65.0,49.5625,317,829
48,30,206,129,48.75,83.6875,52.40625,331,397
48,35,32,201,56.875,13.0,81.65625,443,543
48,49,166,208,79.625,67.4375,84.5,89,888
48,47,19,245,76.375,7.71875,99.53125,683,930
48,20,137,120,32.5,55.65625,48.75,684,931
48,40,247,151,65.0,100.34375,61.34375,685,932
48,13,60,115,21.125,24.375,46.71875,686,933
48,31,181,140,50.375,73.53125,56.875,225,809
48,26,238,149,42.25,96.6875,60.53125,487,611
48,34,177,155,55.25,71.90625,62.96875,217,233
48,17,243,83,27.625,98.71875,33.71875,652,879
48,17,175,114,27.625,71.09375,46.3125,563,705
48,48,31,212,78.0,12.59375,86.125,535,860
48,26,73,126,42.25,29.65625,51.1875,422,552
48,36,168,165,58.5,68.25,67.03125,379,451
48,13,28,124,21.125,11.375,50.375,568,717
48,42,158,181,68.25,64.1875,73.53125,85,85
48,9,157,91,14.625,63.78125,36.96875,687,934
48,54,115,197,87.75,46.71875,80.03125,268,935
48,37,48,135,60.125,19.5,54.84375,688,936
48,27,33,142,43.875,13.40625,57.6875,360,428
48,21,7,165,34.125,2.84375,67.03125,689,937
48,26,211,64,42.25,85.71875,26.0,690,938
48,6,22,114,9.75,8.9375,46.3125,691,939
48,33,237,126,53.625,96.28125,51.1875,692,940
48,57,203,237,92.625,82.46875,96.28125,693,941
48,23,154,136,37.375,62.5625,55.25,694,942
48,38,234,155,61.75,95.0625,62.96875,135,943
48,48,80,233,78.0,32.5,94.65625,301,341
48,34,204,150,55.25,82.875,60.9375,479,598
48,26,101,143,42.25,41.03125,58.09375,695,944
48,54,242,220,87.75,98.3125,89.375,390,470
48,7,197,72,11.375,80.03125,29.25,696,945
48,29,20,187,47.125,8.125,75.96875,697,946
48,45,206,184,73.125,83.6875,74.75,698,947
48,46,107,220,74.75,43.46875,89.375,561,948
48,39,180,109,63.375,73.125,44.28125,699,949
48,36,100,234,58.5,40.625,95.0625,700,950
48,40,182,183,65.0,73.9375,74.34375,171,181
48,28,245,135,45.5,99.53125,54.84375,701,951
48,31,226,147,50.375,91.8125,59.71875,612,798
48,40,207,166,65.0,84.09375,67.4375,135,952
48,22,52,147,35.75,21.125,59.71875,702,953
48,28,55,175,45.5,22.34375,71.09375,650,876
48,18,230,98,29.25,93.4375,39.8125,514,640
48,26,192,152,42.25,78.0,61.75,482,844
48,23,79,145,37.375,32.09375,58.90625,703,954
48,42,108,202,68.25,43.875,82.0625,704,955
48,53,163,230,86.125,66.21875,93.4375,493,617
48,23,245,123,37.375,99.53125,49.96875,614,882
48,52,114,241,84.5,46.3125,97.90625,705,956
48,17,110,117,27.625,44.6875,47.53125,706,957
48,19,212,114,30.875,86.125,46.3125,519,645
48,55,186,220,89.375,75.5625,89.375,599,842
48,58,168,247,94.25,68.25,100.34375,707,958
48,35,128,173,56.875,52.0,70.28125,708,959
48,54,211,214,87.75,85.71875,86.9375,709,960
48,50,209,197,81.25,84.90625,80.03125,405,491
48,56,147,247,91.0,59.71875,100.34375,591,763
48,35,102,174,56.875,41.4375,70.6875,538,670
48,15,197,90,24.375,80.03125,36.5625,710,961
48,44,122,201,71.5,49.5625,81.65625,561,962
48,28,62,210,45.5,25.1875,85.3125,711,963
48,46,131,200,74.75,53.21875,81.25,712,964
48,11,95,111,17.875,38.59375,45.09375,713,965
48,31,13,240,50.375,5.28125,97.5,714,966
48,31,182,191,50.375,73.9375,77.59375,601,779
48,7,115,100,11.375,46.71875,40.625,715,967
48,40,175,227,65.0,71.09375,92.21875,141,496
48,7,232,79,11.375,94.25,32.09375,620,813
48,37,135,228,60.125,54.84375,92.625,716,968
48,14,32,145,22.75,13.0,58.90625,717,969
48,6,157,116,9.75,63.78125,47.125,656,885
48,16,235,128,26.0,95.46875,52.0,718,970
48,32,122,209,52.0,49.5625,84.90625,383,583
48,40,238,210,65.0,96.6875,85.3125,719,971
48,44,182,200,71.5,73.9375,81.25,602,780
48,23,93,185,37.375,37.78125,75.15625,661,891
48,14,225,32,22.75,91.40625,13.0,720,972
48,15,116,152,24.375,47.125,61.75,660,890
48,47,180,231,76.375,73.125,93.84375,721,973
49,51,123,181,82.875,49.96875,73.53125,663,974
49,25,110,99,40.625,44.6875,40.21875,592,854
49,26,163,95,42.25,66.21875,38.59375,440,897
49,57,49,230,92.625,19.90625,93.4375,593,769
49,34,213,106,55.25,86.53125,43.0625,375,893
49,22,240,68,35.75,97.5,27.625,626,822
49,44,41,178,71.5,16.65625,72.3125,206,677
49,48,215,145,78.0,87.34375,58.90625,265,295
49,56,62,232,91.0,25.1875,94.25,500,624
49,16,75,88,26.0,30.46875,35.75,566,751
49,27,58,117,43.875,23.5625,47.53125,472,802
49,53,17,235,86.125,6.90625,95.46875,664,895
49,37,51,162,60.125,20.71875,65.8125,239,898
49,18,198,60,29.25,80.4375,24.375,509,635
49,33,71,141,53.625,28.84375,57.28125,586,901
49,36,199,116,58.5,80.84375,47.125,375,896
49,30,17,139,48.75,6.90625,56.46875,437,825
49,16,159,67,26.0,64.59375,27.21875,516,642
49,52,220,163,84.5,89.375,66.21875,69,382
49,36,248,106,58.5,100.75,43.0625,261,903
49,48,185,157,78.0,75.15625,63.78125,640,849
49,37,35,164,60.125,14.21875,66.625,316,364
49,39,132,141,63.375,53.625,57.28125,674,915
49,26,133,97,42.25,54.03125,39.40625,461,848
49,27,230,84,43.875,93.4375,34.125,628,826
49,7,169,44,11.375,68.65625,17.875,567,768
49,10,147,53,16.25,59.71875,21.53125,666,975
49,22,90,96,35.75,36.5625,39.0,532,692
49,48,114,175,78.0,46.3125,71.09375,663,976
49,44,187,137,71.5,75.96875,55.65625,200,905
49,52,91,184,84.5,36.96875,74.75,168,607
49,5,140,41,8.125,56.875,16.65625,666,977
49,16,27,104,26.0,10.96875,42.25,667,902
49,23,172,79,37.375,69.875,32.09375,440,904
49,54,176,173,87.75,71.5,70.28125,670,910
49,21,41,110,34.125,16.65625,44.6875,551,693
49,5,209,35,8.125,84.90625,14.21875,722,978
49,57,148,194,92.625,60.125,78.8125,211,907
49,34,142,120,55.25,57.6875,48.75,608,793
49,14,171,57,22.75,69.46875,23.15625,567,765
49,21,59,97,34.125,23.96875,39.40625,498,787
49,19,120,86,30.875,48.75,34.9375,473,590
49,40,69,154,65.0,28.03125,62.5625,239,906
49,39,27,184,63.375,10.96875,74.75,452,856
49,12,33,87,19.5,13.40625,35.34375,621,814
49,32,126,118,52.0,51.1875,47.9375,423,516
49,19,216,67,30.875,87.75,27.21875,499,623
49,9,79,68,14.625,32.09375,27.625,629,827
49,53,157,181,86.125,63.78125,73.53125,153,159
49,30,89,117,48.75,36.15625,47.53125,340,785
49,19,176,64,30.875,71.5,26.0,511,637
49,9,24,87,14.625,9.75,35.34375,501,857
49,10,127,53,16.25,51.59375,21.53125,641,852
49,38,107,138,61.75,43.46875,56.0625,642,855
49,25,14,130,40.625,5.6875,52.8125,668,908
49,21,108,84,34.125,43.875,34.125,532,686
49,14,212,53,22.75,86.125,21.53125,585,788
49,45,98,162,73.125,39.8125,65.8125,673,913
49,9,192,40,14.625,78.0,16.25,675,916
49,48,240,150,78.0,97.5,60.9375,182,807
49,48,8,214,78.0,3.25,86.9375,544,676
49,23,79,107,37.375,32.09375,43.46875,340,791
49,47,152,164,76.375,61.75,66.625,212,868
49,34,166,104,55.25,67.4375,42.25,672,912
49,9,96,67,14.625,39.0,27.21875,619,867
49,11,107,60,17.875,43.46875,24.375,619,859
49,55,212,178,89.375,86.125,72.3125,671,911
49,46,37,199,74.75,15.03125,80.84375,4,865
49,21,25,124,34.125,10.15625,50.375,723,979
49,21,132,83,34.125,53.625,33.71875,592,871
49,46,55,193,74.75,22.34375,78.40625,631,834
49,56,81,218,91.0,32.90625,88.5625,193,205
49,42,164,140,68.25,66.625,56.875,200,925
49,53,87,204,86.125,35.34375,82.875,268,919
49,55,63,210,89.375,25.59375,85.3125,618,806
49,13,232,49,21.125,94.25,19.90625,585,917
49,40,230,119,65.0,93.4375,48.34375,261,924
49,11,243,43,17.875,98.71875,17.46875,585,914
49,57,197,184,92.625,80.03125,74.75,329,394
49,58,106,216,94.25,43.0625,87.75,677,922
49,30,108,119,48.75,43.875,48.34375,627,824
49,45,131,155,73.125,53.21875,62.96875,680,927
49,36,89,150,58.5,36.15625,60.9375,678,923
49,24,193,83,39.0,78.40625,33.71875,409,719
49,50,234,163,81.25,95.0625,66.21875,644,861
49,31,52,142,50.375,21.125,57.6875,422,564
49,36,30,202,58.5,12.1875,82.0625,443,543
49,5,35,70,8.125,14.21875,28.4375,724,980
49,46,69,168,74.75,28.03125,68.25,196,767
49,37,65,199,60.125,26.40625,80.84375,679,926
49,31,133,143,50.375,54.03125,58.09375,682,981
49,30,11,164,48.75,4.46875,66.625,681,928
49,37,7,178,60.125,2.84375,72.3125,452,850
49,34,162,123,55.25,65.8125,49.96875,317,829
49,22,150,80,35.75,60.9375,32.5,461,851
49,13,140,102,21.125,56.875,41.4375,611,797
49,49,75,198,79.625,30.46875,80.4375,4,870
49,30,134,155,48.75,54.4375,62.96875,682,982
49,27,242,154,43.875,98.3125,62.5625,487,611
49,48,19,248,78.0,7.71875,100.75,683,930
49,31,208,134,50.375,84.5,54.4375,331,397
49,35,177,155,56.875,71.90625,62.96875,217,233
49,20,138,121,32.5,56.0625,49.15625,684,931
49,49,30,215,79.625,12.1875,87.34375,535,860
49,49,165,209,79.625,67.03125,84.90625,89,888
49,55,113,196,89.375,45.90625,79.625,268,935
49,14,5,150,22.75,2.03125,60.9375,725,983
49,42,156,183,68.25,63.375,74.34375,85,85
49,27,105,143,43.875,42.65625,58.09375,695,944
49,10,163,90,16.25,66.21875,36.5625,687,934
49,39,238,155,63.375,96.6875,62.96875,135,943
49,17,246,86,27.625,99.9375,34.9375,652,879
49,13,61,117,21.125,24.78125,47.53125,686,933
49,27,73,129,43.875,29.65625,52.40625,422,552
49,36,169,167,58.5,68.65625,67.84375,379,451
49,30,19,186,48.75,7.71875,75.5625,697,946
49,48,81,231,78.0,32.90625,93.84375,301,341
49,33,238,128,53.625,96.6875,52.0,692,940
49,6,25,117,9.75,10.15625,47.53125,691,939
49,27,215,65,43.875,87.34375,26.40625,690,938
49,29,33,145,47.125,13.40625,58.90625,360,428
49,7,201,74,11.375,81.65625,30.0625,696,945
49,32,184,143,52.0,74.75,58.09375,225,809
49,46,204,182,74.75,82.875,73.9375,698,947
49,54,240,220,87.75,97.5,89.375,390,470
49,40,208,166,65.0,84.5,67.4375,135,952
49,20,83,74,32.5,33.71875,30.0625,726,984
49,57,205,235,92.625,83.28125,95.46875,693,941
49,26,191,153,42.25,77.59375,62.15625,482,844
49,29,55,176,47.125,22.34375,71.5,650,876
49,19,233,99,30.875,94.65625,40.21875,514,640
49,23,51,149,37.375,20.71875,60.53125,702,953
49,33,204,155,53.625,82.875,62.96875,479,598
49,23,157,139,37.375,63.78125,56.46875,694,942
49,47,105,222,76.375,42.65625,90.1875,561,948
49,40,181,110,65.0,73.53125,44.6875,699,949
49,24,249,124,39.0,101.15625,50.375,614,882
49,43,110,203,69.875,44.6875,82.46875,704,955
49,52,161,230,84.5,65.40625,93.4375,493,617
49,37,136,173,60.125,55.25,70.28125,708,959
49,47,124,202,76.375,50.375,82.0625,561,962
49,31,231,151,50.375,93.84375,61.34375,612,798
49,34,149,213,55.25,60.53125,86.53125,727,985
49,41,182,185,66.625,73.9375,75.15625,171,181
49,54,209,214,87.75,84.90625,86.9375,709,960
49,20,213,112,32.5,86.53125,45.5,519,645
49,47,133,201,76.375,54.03125,81.65625,712,964
49,55,182,217,89.375,73.9375,88.15625,599,842
49,13,98,111,21.125,39.8125,45.09375,713,965
49,18,111,119,29.25,45.09375,48.34375,706,957
49,41,239,212,66.625,97.09375,86.125,719,971
49,56,148,248,91.0,60.125,100.75,591,763
49,23,82,146,37.375,33.3125,59.3125,703,954
49,58,170,245,94.25,69.0625,99.53125,707,958
49,36,100,240,58.5,40.625,97.5,700,950
49,8,117,99,13.0,47.53125,40.21875,715,967
49,48,176,233,78.0,71.5,94.65625,721,973
49,36,101,174,58.5,41.03125,70.6875,538,670
49,31,7,243,50.375,2.84375,98.71875,714,966
49,7,229,82,11.375,93.03125,33.3125,620,813
49,29,62,215,47.125,25.1875,87.34375,711,963
49,18,237,133,29.25,96.28125,54.03125,718,970
49,53,115,242,86.125,46.71875,98.3125,705,956
49,30,183,196,48.75,74.34375,79.625,601,779
49,45,182,201,73.125,73.9375,81.65625,602,780
49,16,32,147,26.0,13.0,59.71875,717,969
49,7,158,117,11.375,64.1875,47.53125,656,885
49,40,174,230,65.0,70.6875,93.4375,141,496
49,38,133,235,61.75,54.03125,95.46875,716,968
49,31,125,213,50.375,50.78125,86.53125,383,583
49,53,182,249,86.125,73.9375,101.15625,728,986
49,14,226,34,22.75,91.8125,13.8125,720,972
49,23,97,185,37.375,39.40625,75.15625,661,891
49,17,120,158,27.625,48.75,64.1875,660,890
50,22,242,72,35.75,98.3125,29.25,626,822
50,44,44,192,71.5,17.875,78.0,206,677
50,51,127,190,82.875,51.59375,77.1875,663,974
50,55,67,241,89.375,27.21875,97.90625,500,624
50,24,111,108,39.0,45.09375,43.875,592,854
50,37,54,173,60.125,21.9375,70.28125,239,898
50,33,74,152,53.625,30.0625,61.75,586,901
50,34,217,114,55.25,88.15625,46.3125,375,987
50,57,54,243,92.625,21.9375,98.71875,593,769
50,48,216,152,78.0,87.75,61.75,265,295
50,16,81,97,26.0,32.90625,39.40625,566,751
50,27,61,129,43.875,24.78125,52.40625,472,802
50,26,166,103,42.25,67.4375,41.84375,440,897
50,22,91,103,35.75,36.96875,41.84375,532,692
50,27,137,107,43.875,55.65625,43.46875,461,848
50,10,151,62,16.25,61.34375,25.1875,666,975
50,30,23,149,48.75,9.34375,60.53125,437,825
50,52,97,195,84.5,39.40625,79.21875,168,607
50,37,39,176,60.125,15.84375,71.5,316,364
50,28,232,92,45.5,94.25,37.375,628,826
50,36,204,125,58.5,82.875,50.78125,375,896
50,7,174,52,11.375,70.6875,21.125,567,768
50,16,164,75,26.0,66.625,30.46875,516,642
50,6,215,43,9.75,87.34375,17.46875,722,978
50,54,23,249,87.75,9.34375,101.15625,664,895
50,53,158,191,86.125,64.1875,77.59375,153,159
50,53,179,183,86.125,72.71875,74.34375,670,910
50,21,40,118,34.125,16.25,47.9375,551,693
50,53,225,173,86.125,91.40625,70.28125,69,382
50,48,188,166,78.0,76.375,67.4375,640,849
50,41,8,216,66.625,3.25,87.75,729,988
50,43,190,146,69.875,77.1875,59.3125,200,905
50,18,201,69,29.25,81.65625,28.03125,509,635
50,57,150,206,92.625,60.9375,83.6875,211,907
50,31,216,102,50.375,87.75,41.4375,375,989
50,19,180,72,30.875,73.125,29.25,511,637
50,6,148,49,9.75,60.125,19.90625,666,977
50,48,118,184,78.0,47.9375,74.75,663,976
50,53,90,214,86.125,36.5625,86.9375,268,919
50,9,83,77,14.625,33.71875,31.28125,629,827
50,23,82,117,37.375,33.3125,47.53125,340,791
50,20,123,98,32.5,49.96875,39.8125,473,590
50,21,62,109,34.125,25.1875,44.28125,498,787
50,24,176,89,39.0,71.5,36.15625,440,904
50,34,145,131,55.25,58.90625,53.21875,608,793
50,14,176,65,22.75,71.5,26.40625,567,765
50,10,130,63,16.25,52.8125,25.59375,641,852
50,38,110,149,61.75,44.6875,60.53125,642,855
50,40,29,196,65.0,11.78125,79.625,452,856
50,39,134,149,63.375,54.4375,60.53125,674,915
50,30,92,128,48.75,37.375,52.0,340,785
50,34,173,113,55.25,70.28125,45.90625,672,912
50,12,38,96,19.5,15.4375,39.0,621,814
50,20,221,73,32.5,89.78125,29.65625,499,623
50,51,46,215,82.875,18.6875,87.34375,730,990
50,21,30,136,34.125,12.1875,55.25,723,979
50,48,243,155,78.0,98.71875,62.96875,182,807
50,48,157,176,78.0,63.78125,71.5,212,991
50,54,70,219,87.75,28.4375,88.96875,618,806
50,9,99,76,14.625,40.21875,30.875,619,867
50,14,215,59,22.75,87.34375,23.96875,585,788
50,21,136,94,34.125,55.25,38.1875,592,871
50,44,101,171,71.5,41.03125,69.46875,673,913
50,40,72,165,65.0,29.25,67.03125,239,906
50,54,213,186,87.75,86.53125,75.5625,671,911
50,56,88,229,91.0,35.75,93.03125,193,205
50,45,41,214,73.125,16.65625,86.9375,4,865
50,46,59,205,74.75,23.96875,83.28125,631,834
50,48,17,230,78.0,6.90625,93.4375,731,992
50,9,198,49,14.625,80.4375,19.90625,675,916
50,21,110,92,34.125,44.6875,37.375,532,686
50,33,129,128,53.625,52.40625,52.0,423,516
50,58,110,228,94.25,44.6875,92.625,677,922
50,38,78,175,61.75,31.6875,71.09375,732,993
50,31,56,155,50.375,22.75,62.96875,422,564
50,11,247,49,17.875,100.34375,19.90625,585,914
50,56,198,190,91.0,80.4375,77.1875,329,394
50,14,238,58,22.75,96.6875,23.5625,585,917
50,12,112,68,19.5,45.5,27.625,619,859
50,11,10,118,17.875,4.0625,47.9375,733,994
50,44,134,164,71.5,54.4375,66.625,680,927
50,40,236,125,65.0,95.875,50.78125,261,924
50,29,111,128,47.125,45.09375,52.0,627,824
50,31,20,176,50.375,8.125,71.5,681,928
50,37,14,189,60.125,5.6875,76.78125,452,850
50,35,182,161,56.875,73.9375,65.40625,217,233
50,36,92,162,58.5,37.375,65.8125,678,923
50,24,196,92,39.0,79.625,37.375,409,719
50,41,168,146,66.625,68.25,59.3125,200,925
50,15,125,76,24.375,50.78125,30.875,734,995
50,18,7,134,29.25,2.84375,54.4375,735,996
50,47,166,159,76.375,67.4375,64.59375,212,997
50,13,144,109,21.125,58.5,44.28125,611,797
50,22,152,88,35.75,61.75,35.75,461,851
50,45,70,184,73.125,28.4375,74.75,196,767
50,49,170,218,79.625,69.0625,88.5625,89,888
50,34,168,130,55.25,68.25,52.8125,317,829
50,31,137,152,50.375,55.65625,61.75,682,982
50,37,73,210,60.125,29.65625,85.3125,679,926
50,49,36,227,79.625,14.625,92.21875,535,860
50,29,39,158,47.125,15.84375,64.1875,360,428
50,14,13,161,22.75,5.28125,65.40625,725,983
50,27,75,141,43.875,30.46875,57.28125,422,552
50,54,116,203,87.75,47.125,82.46875,268,935
50,21,145,128,34.125,58.90625,52.0,684,931
50,13,218,85,21.125,88.5625,34.53125,736,998
50,10,170,96,16.25,69.0625,39.0,687,934
50,6,34,123,9.75,13.8125,49.96875,691,939
50,42,162,192,68.25,65.8125,78.0,85,85
50,35,175,176,56.875,71.09375,71.5,379,451
50,30,216,143,48.75,87.75,58.09375,331,397
50,27,111,152,43.875,45.09375,61.75,695,944
50,33,243,137,53.625,98.71875,55.65625,692,940
50,40,212,174,65.0,86.125,70.6875,135,952
50,37,54,143,60.125,21.9375,58.09375,737,999
50,47,89,240,76.375,36.15625,97.5,301,341
50,27,246,166,43.875,99.9375,67.4375,487,611
50,7,208,83,11.375,84.5,33.71875,696,945
50,22,18,175,35.75,7.3125,71.09375,738,1000
50,30,26,197,48.75,10.5625,80.03125,697,946
50,29,61,188,47.125,24.78125,76.375,650,876
50,13,65,125,21.125,26.40625,50.78125,686,933
50,17,185,122,27.625,75.15625,49.5625,739,1001
50,20,84,84,32.5,34.125,34.125,726,984
50,44,127,213,71.5,51.59375,86.53125,561,962
50,47,109,232,76.375,44.28125,94.25,561,948
50,45,208,192,73.125,84.5,78.0,698,947
50,23,161,144,37.375,65.40625,58.5,694,942
50,51,165,240,82.875,67.03125,97.5,493,617
50,36,143,180,58.5,58.09375,73.125,708,959
50,33,209,165,53.625,84.90625,67.03125,479,598
50,19,240,107,30.875,97.5,43.46875,514,640
50,34,152,225,55.25,61.75,91.40625,727,985
50,57,208,245,92.625,84.5,99.53125,693,941
50,40,189,116,65.0,76.78125,47.125,699,949
50,50,212,207,81.25,86.125,84.09375,740,1002
50,16,199,95,26.0,80.84375,38.59375,741,1003
50,22,56,161,35.75,22.75,65.40625,702,953
50,41,188,192,66.625,76.375,78.0,171,181
50,46,138,209,74.75,56.0625,84.90625,712,964
50,55,213,224,89.375,86.53125,91.0,709,960
50,54,186,224,87.75,75.5625,91.0,599,842
50,25,197,172,40.625,80.03125,69.875,742,1004
50,7,236,92,11.375,95.875,37.375,620,813
50,36,114,181,58.5,46.3125,73.53125,538,670
50,54,243,227,87.75,98.71875,92.21875,390,470
50,42,115,213,68.25,46.71875,86.53125,704,955
50,20,219,121,32.5,88.96875,49.15625,519,645
50,23,86,155,37.375,34.9375,62.96875,703,954
50,12,101,121,19.5,41.03125,49.15625,713,965
50,18,118,126,29.25,47.9375,51.1875,706,957
50,38,137,243,61.75,55.65625,98.71875,716,968
50,41,243,219,66.625,98.71875,88.96875,719,971
50,8,123,102,13.0,49.96875,41.4375,715,967
50,25,227,126,40.625,92.21875,51.1875,743,1005
50,15,41,155,24.375,16.65625,62.96875,717,969
50,19,246,141,30.875,99.9375,57.28125,718,970
50,29,69,222,47.125,28.03125,90.1875,711,963
50,14,6,197,22.75,2.4375,80.03125,744,1006
50,23,100,195,37.375,40.625,79.21875,661,891
50,40,178,239,65.0,72.3125,97.09375,141,496
50,8,169,129,13.0,68.65625,52.40625,656,885
50,47,179,244,76.375,72.71875,99.125,721,973
50,45,187,212,73.125,75.96875,86.125,602,780
50,32,188,207,52.0,76.375,84.09375,601,779
50,14,231,40,22.75,93.84375,16.25,720,972
50,16,136,167,26.0,55.25,67.84375,745,1007
51,40,55,155,65.0,22.34375,62.96875,737,999
51,36,76,137,58.5,30.875,55.65625,746,1008
51,57,68,225,92.625,27.625,91.40625,618,806
51,46,45,176,74.75,18.28125,71.5,747,1009
51,54,128,177,87.75,52.0,71.90625,748,1010
51,10,5,89,16.25,2.03125,36.15625,749,1011
51,50,215,134,81.25,87.34375,54.4375,750,1012
51,27,112,93,43.875,45.5,37.78125,751,1013
51,24,40,104,39.0,16.25,42.25,752,1014
51,13,151,44,21.125,61.34375,17.875,753,1015
51,31,231,73,50.375,93.84375,29.65625,754,1016
51,54,6,238,87.75,2.4375,96.6875,755,1017
51,25,91,86,40.625,36.96875,34.9375,756,1018
51,10,176,35,16.25,71.5,14.21875,757,1019
51,36,215,94,58.5,87.34375,38.1875,758,1020
51,55,98,181,89.375,39.8125,73.53125,759,1021
51,38,250,92,61.75,101.5625,37.375,760,1022
51,30,169,83,48.75,68.65625,33.71875,761,1023
51,30,62,115,48.75,25.1875,46.71875,762,1024
51,18,162,56,29.25,65.8125,22.75,763,1025
51,9,218,24,14.625,88.5625,9.75,764,1026
51,32,23,133,52.0,9.34375,54.03125,765,1027
51,19,80,82,30.875,32.5,33.3125,726,984
51,25,242,54,40.625,98.3125,21.9375,766,1028
51,55,225,155,89.375,91.40625,62.96875,767,1029
51,40,206,109,65.0,83.6875,44.28125,768,1030
51,6,175,23,9.75,71.09375,9.34375,769,1031
51,45,189,128,73.125,76.78125,52.0,770,1032
51,56,25,233,91.0,10.15625,94.65625,771,1033
51,30,138,91,48.75,56.0625,36.96875,772,1034
51,42,29,178,68.25,11.78125,72.3125,773,1035
51,22,220,55,35.75,89.375,22.34375,774,1036
51,55,159,175,89.375,64.59375,71.09375,775,1037
51,22,178,55,35.75,72.3125,22.34375,776,1038
51,53,48,199,86.125,19.5,80.84375,777,1039
51,50,119,170,81.25,48.34375,69.0625,663,976
51,17,178,47,27.625,72.3125,19.09375,778,1040
51,56,91,198,91.0,36.96875,80.4375,779,1041
51,43,7,200,69.875,2.84375,81.25,780,1042
51,23,121,82,37.375,49.15625,33.3125,532,686
51,56,179,164,91.0,72.71875,66.625,781,1043
51,17,215,40,27.625,87.34375,16.25,782,1044
51,32,91,110,52.0,36.96875,44.6875,783,1045
51,5,79,48,8.125,32.09375,19.5,784,1046
51,36,145,112,58.5,58.90625,45.5,785,1047
51,24,60,93,39.0,24.375,37.78125,786,1048
51,21,201,52,34.125,81.65625,21.125,787,1049
51,25,81,102,40.625,32.90625,41.4375,532,692
51,50,189,147,81.25,76.78125,59.71875,788,1050
51,26,174,70,42.25,70.6875,28.4375,789,1051
51,23,29,121,37.375,11.78125,49.15625,551,693
51,49,239,133,79.625,97.09375,54.03125,790,1052
51,9,149,30,14.625,60.53125,12.1875,791,1053
51,34,217,81,55.25,88.15625,32.90625,792,1054
51,47,103,156,76.375,41.84375,63.375,793,1055
51,40,143,125,65.0,58.09375,50.78125,794,1056
51,40,41,164,65.0,16.65625,66.625,316,364
51,37,173,96,60.125,70.28125,39.0,795,1057
51,38,108,135,61.75,43.875,54.84375,642,1058
51,33,184,94,53.625,74.75,38.1875,796,1059
51,57,72,204,92.625,29.25,82.875,797,1060
51,33,56,140,53.625,22.75,56.875,422,564
51,13,87,64,21.125,35.34375,26.0,798,1061
51,49,62,193,79.625,25.1875,78.40625,799,1062
51,24,110,76,39.0,44.6875,30.875,800,1063
51,57,215,170,92.625,87.34375,69.0625,801,1064
51,12,99,60,19.5,40.21875,24.375,619,859
51,42,122,138,68.25,49.5625,56.0625,802,1065
51,50,17,214,81.25,6.90625,86.9375,803,1066
51,15,40,81,24.375,16.25,32.90625,804,1067
51,43,74,150,69.875,30.0625,60.9375,805,1068
51,35,127,111,56.875,51.59375,45.09375,806,1069
51,13,131,47,21.125,53.21875,19.09375,807,1070
51,42,234,107,68.25,95.0625,43.46875,808,1071
51,12,200,31,19.5,81.25,12.59375,809,1072
51,50,157,158,81.25,63.78125,64.1875,212,1073
51,58,201,170,94.25,81.65625,69.0625,810,1074
51,14,112,51,22.75,45.5,20.71875,811,1075
51,14,247,30,22.75,100.34375,12.1875,812,1076
51,17,239,39,27.625,97.09375,15.84375,720,972
51,14,10,103,22.75,4.0625,41.84375,813,1077
51,33,22,163,53.625,8.9375,66.21875,681,928
51,39,11,174,63.375,4.46875,70.6875,814,1078
51,41,80,162,66.625,32.5,65.8125,239,906
51,7,240,16,11.375,97.5,6.5,815,1079
51,47,134,148,76.375,54.4375,60.125,816,1080
51,8,116,42,13.0,47.125,17.0625,817,1081
51,31,112,112,50.375,45.5,45.5,818,1082
51,24,153,71,39.0,62.15625,28.84375,819,1083
51,27,196,74,43.875,79.625,30.0625,820,1084
51,49,168,144,79.625,68.25,58.5,212,1085
51,20,8,120,32.5,3.25,48.75,735,996
51,18,127,60,29.25,51.59375,24.375,821,1086
51,44,167,129,71.5,67.84375,52.40625,822,1087
51,37,177,160,60.125,71.90625,65.0,217,233
51,16,15,147,26.0,6.09375,59.71875,725,983
51,39,92,148,63.375,37.375,60.125,823,1088
51,57,118,188,92.625,47.9375,76.375,824,1089
51,47,71,171,76.375,28.84375,69.46875,196,767
51,51,35,210,82.875,14.21875,85.3125,730,990
51,10,5,128,16.25,2.03125,52.0,733,994
51,35,167,110,56.875,67.84375,44.6875,672,912
51,39,76,192,63.375,30.875,78.0,825,1090
51,13,169,76,21.125,68.65625,30.875,516,642
51,29,112,134,47.125,45.5,54.4375,627,824
51,31,38,142,50.375,15.4375,57.6875,437,825
51,51,171,198,82.875,69.46875,80.4375,153,159
51,32,217,122,52.0,88.15625,49.5625,375,987
51,38,36,193,61.75,14.625,78.40625,452,856
51,16,147,93,26.0,59.71875,37.78125,826,1091
51,35,243,113,56.875,98.71875,45.90625,827,1092
51,31,143,147,50.375,58.09375,59.71875,682,982
51,38,184,143,61.75,74.75,58.09375,828,1093
51,33,138,136,53.625,56.0625,55.25,608,793
51,8,34,107,13.0,13.8125,43.46875,829,1094
51,25,26,161,40.625,10.5625,65.40625,830,1095
51,39,53,127,63.375,21.53125,51.59375,831,1096
51,49,92,220,79.625,37.375,89.375,268,919
51,47,208,171,76.375,84.5,69.46875,832,1097
51,16,67,108,26.0,27.21875,43.875,833,1098
51,43,214,153,69.875,86.9375,62.15625,834,1099
51,44,164,173,71.5,66.625,70.28125,835,1100
51,41,239,139,66.625,97.09375,56.46875,261,924
51,9,210,63,14.625,85.3125,25.59375,836,1101
51,32,27,182,52.0,10.96875,73.9375,697,946
51,23,146,113,37.375,59.3125,45.90625,684,931
51,41,196,173,66.625,79.625,70.28125,135,952
51,48,137,192,78.0,55.65625,78.0,663,974
51,49,112,212,79.625,45.5,86.125,837,1102
51,31,64,172,50.375,26.0,69.875,838,1103
51,20,186,100,32.5,75.5625,40.625,839,1104
51,45,126,197,73.125,51.1875,80.03125,561,962
51,35,210,144,56.875,85.3125,58.5,840,1105
51,21,238,86,34.125,96.6875,34.9375,626,822
51,25,172,127,40.625,69.875,51.59375,841,1106
51,39,144,163,63.375,58.5,66.21875,674,915
51,55,100,246,89.375,40.625,99.9375,842,1107
51,28,250,150,45.5,101.5625,60.9375,487,611
51,17,201,74,27.625,81.65625,30.0625,509,635
51,57,156,243,92.625,63.375,98.71875,843,1108
51,53,166,217,86.125,67.4375,88.15625,89,1109
51,55,123,231,89.375,49.96875,93.84375,844,1110
51,17,12,184,27.625,4.875,74.75,845,1111
51,33,238,140,53.625,96.6875,56.875,692,940
51,28,200,155,45.5,81.25,62.96875,846,1112
51,52,215,190,84.5,87.34375,77.1875,671,911
51,39,106,234,63.375,43.0625,95.0625,847,1113
51,23,218,100,37.375,88.5625,40.625,848,1114
51,10,238,69,16.25,96.6875,28.03125,849,1115
51,28,227,100,45.5,92.21875,40.625,628,826
51,56,191,203,91.0,77.59375,82.46875,329,394
51,58,216,210,94.25,87.75,85.3125,850,1116
51,25,89,139,40.625,36.15625,56.46875,422,552
51,5,99,76,8.125,40.21875,30.875,619,867
51,21,124,108,34.125,50.375,43.875,473,590
51,15,103,103,24.375,41.84375,41.84375,851,1117
51,45,49,219,73.125,19.90625,88.96875,4,865
51,38,116,163,61.75,47.125,66.21875,642,1118
51,31,70,205,50.375,28.4375,83.28125,852,1119
51,21,246,121,34.125,99.9375,49.15625,514,640
51,56,191,240,91.0,77.59375,97.5,853,1120
51,35,191,188,56.875,77.59375,76.375,854,1121
51,33,17,240,53.625,6.90625,97.5,855,1122
51,10,125,84,16.25,50.78125,34.125,856,1123
51,40,66,243,65.0,26.8125,98.71875,857,1124
51,49,180,228,79.625,73.125,92.625,89,1125
51,46,189,192,74.75,76.78125,78.0,858,1126
51,10,175,110,16.25,71.09375,44.6875,687,934
51,43,246,199,69.875,99.9375,80.84375,859,1127
51,38,154,208,61.75,62.5625,84.5,860,1128
51,19,137,149,30.875,55.65625,60.53125,861,1129
52,41,52,162,66.625,21.125,65.8125,737,999
52,37,73,144,60.125,29.65625,58.5,746,1130
52,54,127,180,87.75,51.59375,73.125,748,1010
52,25,38,111,40.625,15.4375,45.09375,752,1014
52,38,214,96,61.75,86.9375,39.0,758,1020
52,11,173,37,17.875,70.28125,15.03125,757,1019
52,47,42,182,76.375,17.0625,73.9375,747,1009
52,51,216,137,82.875,87.75,55.65625,750,1012
52,15,152,48,24.375,61.75,19.5,753,1015
52,26,89,90,42.25,36.15625,36.5625,756,1018
52,20,76,87,32.5,30.875,35.34375,726,984
52,58,64,226,94.25,26.0,91.8125,618,806
52,10,217,25,16.25,88.15625,10.15625,764,1026
52,54,43,203,87.75,17.46875,82.46875,777,1039
52,28,109,97,45.5,44.28125,39.40625,751,1013
52,23,217,58,37.375,88.15625,23.5625,774,1036
52,32,229,74,52.0,93.03125,30.0625,754,1016
52,34,22,141,55.25,8.9375,57.28125,765,1131
52,39,248,96,63.375,100.75,39.0,760,1022
52,11,149,35,17.875,60.53125,14.21875,791,1053
52,41,207,114,66.625,84.09375,46.3125,768,1030
52,32,61,122,52.0,24.78125,49.5625,762,1024
52,27,241,57,43.875,97.90625,23.15625,766,1028
52,28,17,131,45.5,6.90625,53.21875,765,1132
52,8,175,26,13.0,71.09375,10.5625,769,1031
52,19,177,52,30.875,71.90625,21.125,778,1040
52,20,162,63,32.5,65.8125,25.59375,763,1025
52,28,173,75,45.5,70.28125,30.46875,789,1051
52,56,157,178,91.0,63.78125,72.3125,775,1037
52,56,98,185,91.0,39.8125,75.15625,759,1021
52,24,180,62,39.0,73.125,25.1875,776,1038
52,19,214,43,30.875,86.9375,17.46875,782,1044
52,56,226,158,91.0,91.8125,64.1875,767,1029
52,43,26,182,69.875,10.5625,73.9375,773,1035
52,31,171,88,50.375,69.46875,35.75,761,1023
52,23,199,57,37.375,80.84375,23.15625,787,1049
52,24,25,125,39.0,10.15625,50.78125,551,693
52,42,147,126,68.25,59.71875,51.1875,794,1056
52,41,180,97,66.625,73.125,39.40625,862,1133
52,6,79,53,9.75,32.09375,21.53125,784,1046
52,56,22,237,91.0,8.9375,96.28125,771,1033
52,46,190,130,74.75,77.1875,52.8125,770,1032
52,27,80,106,43.875,32.5,43.0625,532,692
52,43,119,142,69.875,48.34375,57.6875,802,1065
52,52,116,172,84.5,47.125,69.875,663,976
52,50,240,136,81.25,97.5,55.25,790,1052
52,20,33,102,32.5,13.40625,41.4375,863,1134
52,25,60,98,40.625,24.375,39.8125,786,1048
52,40,38,167,65.0,15.4375,67.84375,316,364
52,32,137,95,52.0,55.65625,38.59375,772,1034
52,24,122,86,39.0,49.5625,34.9375,532,686
52,51,189,149,82.875,76.78125,60.53125,788,1050
52,48,100,157,78.0,40.625,63.78125,793,1055
52,34,53,144,55.25,21.53125,58.5,422,564
52,15,85,70,24.375,34.53125,28.4375,798,1061
52,56,179,167,91.0,72.71875,67.84375,781,1043
52,57,87,200,92.625,35.34375,81.25,779,1041
52,16,248,33,26.0,100.75,13.40625,812,1076
52,51,156,162,82.875,63.375,65.8125,212,1073
52,51,11,216,82.875,4.46875,87.75,803,1066
52,6,123,36,9.75,49.96875,14.625,817,1135
52,16,133,49,26.0,54.03125,19.90625,807,1070
52,36,146,115,58.5,59.3125,46.71875,785,1047
52,13,199,33,21.125,80.84375,13.40625,809,1072
52,33,90,115,53.625,36.5625,46.71875,783,1045
52,16,114,56,26.0,46.3125,22.75,811,1075
52,17,41,85,27.625,16.65625,34.53125,804,1067
52,25,109,79,40.625,44.28125,32.09375,800,1063
52,50,59,199,81.25,23.96875,80.84375,799,1062
52,5,60,55,8.125,24.375,22.34375,864,1136
52,14,100,65,22.75,40.625,26.40625,619,859
52,14,27,92,22.75,10.96875,37.375,865,1137
52,7,97,44,11.375,39.40625,17.875,866,1138
52,19,238,42,30.875,96.6875,17.0625,720,972
52,58,216,173,94.25,87.75,70.28125,801,1064
52,43,105,133,69.875,42.65625,54.03125,867,1139
52,43,79,169,69.875,32.09375,68.65625,239,906
52,29,197,77,47.125,80.03125,31.28125,820,1084
52,37,125,118,60.125,50.78125,47.9375,806,1069
52,9,241,18,14.625,97.90625,7.3125,815,1079
52,43,234,108,69.875,95.0625,43.875,808,1071
52,15,8,108,24.375,3.25,43.875,813,1077
52,45,167,134,73.125,67.84375,54.4375,822,1087
52,58,69,207,94.25,28.03125,84.09375,797,1060
52,48,133,151,78.0,54.03125,61.34375,816,1080
52,8,38,66,13.0,15.4375,26.8125,868,1140
52,32,111,114,52.0,45.09375,46.3125,818,1082
52,10,116,46,16.25,47.125,18.6875,817,1141
52,40,10,179,65.0,4.0625,72.71875,814,1078
52,26,150,76,42.25,60.9375,30.875,819,1083
52,37,168,114,60.125,68.25,46.3125,672,912
52,34,19,166,55.25,7.71875,67.4375,681,928
52,11,9,131,17.875,3.65625,53.21875,733,994
52,41,91,153,66.625,36.96875,62.15625,823,1088
52,5,7,76,8.125,2.84375,30.875,869,1142
52,50,166,147,81.25,67.4375,59.71875,212,1085
52,20,129,64,32.5,52.40625,26.0,821,1086
52,40,72,196,65.0,29.25,79.625,825,1090
52,51,31,213,82.875,12.59375,86.53125,730,990
52,18,146,95,29.25,59.3125,38.59375,826,1091
52,39,185,148,63.375,75.15625,60.125,828,1093
52,58,116,193,94.25,47.125,78.40625,824,1089
52,17,11,151,27.625,4.46875,61.34375,725,983
52,49,67,178,79.625,27.21875,72.3125,196,767
52,32,37,146,52.0,15.03125,59.3125,437,825
52,45,164,176,73.125,66.625,71.5,835,1100
52,14,166,79,22.75,67.4375,32.09375,516,642
52,32,77,132,52.0,31.28125,53.625,746,1143
52,39,177,166,63.375,71.90625,67.4375,217,233
52,33,215,124,53.625,87.34375,50.375,375,987
52,8,23,80,13.0,9.34375,32.5,870,1144
52,31,111,138,50.375,45.09375,56.0625,627,824
52,10,206,62,16.25,83.6875,25.1875,836,1101
52,10,28,113,16.25,11.375,45.90625,829,1094
52,52,171,200,84.5,69.46875,81.25,153,159
52,48,208,174,78.0,84.5,70.6875,832,1097
52,18,66,114,29.25,26.8125,46.3125,833,1098
52,49,91,223,79.625,36.96875,90.59375,268,919
52,25,144,117,40.625,58.5,47.53125,684,931
52,37,243,116,60.125,98.71875,47.125,827,1092
52,25,16,165,40.625,6.5,67.03125,830,1095
52,44,214,156,71.5,86.9375,63.375,834,1099
52,33,26,187,53.625,10.5625,75.96875,697,946
52,50,137,197,81.25,55.65625,80.03125,663,974
52,45,123,199,73.125,49.96875,80.84375,561,962
52,34,137,137,55.25,55.65625,55.65625,608,793
52,33,62,174,53.625,25.1875,70.6875,838,1103
52,40,145,165,65.0,58.90625,67.03125,674,915
52,32,141,150,52.0,57.28125,60.9375,682,982
52,50,114,211,81.25,46.3125,85.71875,837,1102
52,37,207,147,60.125,84.09375,59.71875,840,1105
52,19,13,189,30.875,5.28125,76.78125,845,1111
52,18,197,76,29.25,80.03125,30.875,509,635
52,23,239,89,37.375,97.09375,36.15625,626,822
52,26,173,131,42.25,70.28125,53.21875,841,1106
52,56,100,246,91.0,40.625,99.9375,842,1107
52,27,250,109,43.875,101.5625,44.28125,871,1145
52,53,213,192,86.125,86.53125,78.0,671,911
52,56,123,231,91.0,49.96875,93.84375,844,1110
52,23,214,102,37.375,86.9375,41.4375,848,1114
52,30,226,106,48.75,91.8125,43.0625,628,826
52,42,196,176,68.25,79.625,71.5,135,952
52,30,205,159,48.75,83.28125,64.59375,846,1112
52,34,236,142,55.25,95.875,57.6875,692,940
52,56,190,207,91.0,77.1875,84.09375,329,394
52,57,157,246,92.625,63.78125,99.9375,843,1108
52,22,185,114,35.75,75.15625,46.3125,839,1104
52,5,104,77,8.125,42.25,31.28125,619,867
52,46,51,221,74.75,20.71875,89.78125,4,865
52,41,107,237,66.625,43.46875,96.28125,847,1113
52,16,103,104,26.0,41.84375,42.25,851,1117
52,53,165,221,86.125,67.03125,89.78125,89,1109
52,10,233,68,16.25,94.65625,27.625,849,1115
52,22,123,111,35.75,49.96875,45.09375,473,590
52,27,89,143,43.875,36.15625,58.09375,422,552
52,39,119,164,63.375,48.34375,66.625,642,1118
52,22,245,122,35.75,99.53125,49.5625,514,640
52,37,190,193,60.125,77.1875,78.40625,854,1121
52,11,126,84,17.875,51.1875,34.125,856,1123
52,18,41,141,29.25,16.65625,57.28125,872,1146
52,12,176,114,19.5,71.5,46.3125,687,934
52,5,229,45,8.125,93.03125,18.28125,873,1147
52,56,190,240,91.0,77.1875,97.5,853,1120
52,41,64,249,66.625,26.0,101.15625,857,1124
52,44,243,201,71.5,98.71875,81.65625,859,1127
52,34,20,244,55.25,8.125,99.125,855,1122
52,32,66,208,52.0,26.8125,84.5,852,1119
52,47,187,194,76.375,75.96875,78.8125,858,1126
52,52,172,231,84.5,69.875,93.84375,89,1125
52,42,136,230,68.25,55.25,93.4375,874,1148
52,41,153,210,66.625,62.15625,85.3125,860,1128
52,7,24,147,11.375,9.75,59.71875,875,1149
52,19,137,150,30.875,55.65625,60.9375,861,1129
52,41,35,228,66.625,14.21875,92.625,876,1150
52,45,246,169,73.125,99.9375,68.65625,877,1151
53,22,74,91,35.75,30.0625,36.96875,726,984
53,49,41,186,79.625,16.65625,75.5625,747,1009
53,38,73,148,61.75,29.65625,60.125,746,1130
53,52,214,141,84.5,86.9375,57.28125,750,1012
53,28,84,95,45.5,34.125,38.59375,756,1018
53,28,37,117,45.5,15.03125,47.53125,752,1014
53,41,51,165,66.625,20.71875,67.03125,737,999
53,58,63,229,94.25,25.59375,93.03125,618,806
53,13,172,44,21.125,69.875,17.875,757,1019
53,56,126,183,91.0,51.1875,74.34375,748,1010
53,36,22,146,58.5,8.9375,59.3125,765,1131
53,43,145,128,69.875,58.90625,52.0,794,1056
53,43,209,118,69.875,84.90625,47.9375,768,1030
53,39,213,100,63.375,86.53125,40.625,758,1020
53,58,99,192,94.25,40.21875,78.0,759,1021
53,41,173,102,66.625,70.28125,41.4375,862,1133
53,12,216,29,19.5,87.75,11.78125,764,1026
53,24,215,62,39.0,87.34375,25.1875,774,1036
53,58,226,163,94.25,91.8125,66.21875,801,1064
53,41,246,100,66.625,99.9375,40.625,760,1022
53,33,63,126,53.625,25.59375,51.1875,762,1024
53,17,152,53,27.625,61.75,21.53125,753,1015
53,44,117,149,71.5,47.53125,60.53125,802,1065
53,54,41,205,87.75,16.65625,83.28125,777,1039
53,44,25,188,71.5,10.15625,76.375,773,1035
53,29,107,101,47.125,43.46875,41.03125,751,1013
53,58,84,202,94.25,34.125,82.0625,779,1041
53,24,196,59,39.0,79.625,23.96875,787,1049
53,41,36,171,66.625,14.625,69.46875,316,364
53,13,150,39,21.125,60.9375,15.84375,791,1053
53,33,228,78,53.625,92.625,31.6875,754,1016
53,30,16,136,48.75,6.5,55.25,765,1132
53,48,190,133,78.0,77.1875,54.03125,770,1032
53,57,19,238,92.625,7.71875,96.6875,771,1033
53,58,157,181,94.25,63.78125,73.53125,775,1037
53,10,171,31,16.25,69.46875,12.59375,769,1031
53,53,114,176,86.125,46.3125,71.5,663,976
53,17,88,75,27.625,35.75,30.46875,798,1061
53,20,213,47,32.5,86.53125,19.09375,782,1044
53,21,177,52,34.125,71.90625,21.125,778,1040
53,29,173,79,47.125,70.28125,32.09375,789,1051
53,8,78,60,13.0,31.6875,24.375,784,1046
53,35,52,150,56.875,21.125,60.9375,422,564
53,26,23,129,42.25,9.34375,52.40625,551,693
53,52,190,152,84.5,77.1875,61.75,788,1050
53,33,169,91,53.625,68.65625,36.96875,761,1023
53,26,118,90,42.25,47.9375,36.5625,532,686
53,35,90,121,56.875,36.5625,49.15625,783,1045
53,57,175,169,92.625,71.09375,68.65625,781,1043
53,21,31,109,34.125,12.59375,44.28125,863,1134
53,33,136,97,53.625,55.25,39.40625,772,1034
53,49,98,162,79.625,39.8125,65.8125,793,1055
53,8,124,40,13.0,50.375,16.25,817,1135
53,21,162,66,34.125,65.8125,26.8125,763,1025
53,26,59,104,42.25,23.96875,42.25,786,1048
53,38,144,119,61.75,58.5,48.34375,785,1047
53,25,179,67,40.625,72.71875,27.21875,776,1038
53,20,42,90,32.5,17.0625,36.5625,804,1067
53,28,79,112,45.5,32.09375,45.5,532,692
53,8,97,51,13.0,39.40625,20.71875,866,1138
53,52,13,222,84.5,5.28125,90.1875,803,1066
53,18,110,60,29.25,44.6875,24.375,811,1075
53,52,241,140,84.5,97.90625,56.875,790,1052
53,36,187,106,58.5,75.96875,43.0625,878,1152
53,54,233,153,87.75,94.65625,62.15625,767,1029
53,27,106,82,43.875,43.0625,33.3125,800,1063
53,44,234,109,71.5,95.0625,44.28125,808,1071
53,16,99,68,26.0,40.21875,27.625,619,859
53,38,124,121,61.75,50.375,49.15625,806,1069
53,51,58,200,82.875,23.5625,81.25,799,1062
53,45,79,177,73.125,32.09375,71.90625,239,906
53,52,157,166,84.5,63.78125,67.4375,212,1073
53,17,248,36,27.625,100.75,14.625,812,1076
53,18,133,54,29.25,54.03125,21.9375,807,1070
53,16,26,96,26.0,10.5625,39.0,865,1137
53,28,239,61,45.5,97.09375,24.78125,766,1028
53,10,237,21,16.25,96.28125,8.53125,815,1079
53,20,238,45,32.5,96.6875,18.28125,720,972
53,30,195,80,48.75,79.21875,32.5,820,1084
53,17,6,112,27.625,2.4375,45.5,813,1077
53,14,198,36,22.75,80.4375,14.625,809,1072
53,49,132,156,79.625,53.625,63.375,816,1080
53,7,58,58,11.375,23.5625,23.5625,864,1136
53,58,67,210,94.25,27.21875,85.3125,797,1060
53,35,19,170,56.875,7.71875,69.0625,681,928
53,33,111,117,53.625,45.09375,47.53125,818,1082
53,42,9,185,68.25,3.65625,75.15625,814,1078
53,46,167,137,74.75,67.84375,55.65625,822,1087
53,44,105,135,71.5,42.65625,54.84375,867,1139
53,19,142,101,30.875,57.6875,41.03125,826,1091
53,38,167,116,61.75,67.84375,47.125,672,912
53,27,150,80,43.875,60.9375,32.5,819,1083
53,51,167,151,82.875,67.84375,61.34375,212,1085
53,42,87,158,68.25,35.34375,64.1875,823,1153
53,52,27,214,84.5,10.96875,86.9375,730,990
53,41,175,167,66.625,71.09375,67.84375,217,233
53,22,126,68,35.75,51.1875,27.625,821,1086
53,40,191,151,65.0,77.59375,61.34375,828,1093
53,19,9,154,30.875,3.65625,62.5625,725,983
53,40,102,147,65.0,41.4375,59.71875,823,1154
53,21,247,72,34.125,100.34375,29.25,879,1155
53,49,66,182,79.625,26.8125,73.9375,196,767
53,11,22,85,17.875,8.9375,34.53125,870,1144
53,46,166,177,74.75,67.4375,71.90625,835,1100
53,14,5,135,22.75,2.03125,54.84375,733,994
53,34,37,153,55.25,15.03125,62.15625,437,825
53,26,143,121,42.25,58.09375,49.15625,684,931
53,6,192,20,9.75,78.0,8.125,880,1156
53,12,28,117,19.5,11.375,47.53125,829,1094
53,33,210,127,53.625,85.3125,51.59375,375,987
53,57,247,210,92.625,100.34375,85.3125,881,1157
53,15,160,84,24.375,65.0,34.125,516,642
53,19,66,119,30.875,26.8125,48.34375,833,1098
53,45,214,156,73.125,86.9375,63.375,834,1099
53,11,205,67,17.875,83.28125,27.21875,836,1101
53,53,171,201,86.125,69.46875,81.65625,153,159
53,34,23,192,55.25,9.34375,78.0,697,946
53,33,110,143,53.625,44.6875,58.09375,627,824
53,35,64,179,56.875,26.0,72.71875,838,1103
53,43,234,142,69.875,95.0625,57.6875,882,1158
53,51,25,250,82.875,10.15625,101.5625,883,1159
53,33,142,153,53.625,57.6875,62.15625,682,982
53,51,138,201,82.875,56.0625,81.65625,663,974
53,51,90,225,82.875,36.5625,91.40625,268,919
53,50,211,180,81.25,85.71875,73.125,832,1097
53,34,132,137,55.25,53.625,55.65625,608,793
53,26,22,169,42.25,8.9375,68.65625,830,1095
53,5,177,63,8.125,71.90625,25.59375,884,1160
53,40,85,196,65.0,34.53125,79.625,825,1090
53,46,122,203,74.75,49.5625,82.46875,561,962
53,23,235,91,37.375,95.46875,36.96875,626,822
53,56,98,249,91.0,39.8125,101.15625,842,1107
53,41,146,168,66.625,59.3125,68.25,674,915
53,21,17,196,34.125,6.90625,79.625,845,1111
53,25,212,104,40.625,86.125,42.25,848,1114
53,28,174,133,45.5,70.6875,54.03125,841,1106
53,57,122,234,92.625,49.5625,95.0625,844,1110
53,28,249,110,45.5,101.15625,44.6875,871,1145
53,51,115,211,82.875,46.71875,85.71875,837,1102
53,25,185,122,40.625,75.15625,49.5625,839,1104
53,37,206,151,60.125,83.6875,61.34375,840,1105
53,35,192,134,56.875,78.0,54.4375,885,1161
53,18,102,107,29.25,41.4375,43.46875,851,1117
53,20,196,81,32.5,79.625,32.90625,509,635
53,35,235,145,56.875,95.46875,58.90625,692,940
53,44,197,179,71.5,80.03125,72.71875,135,952
53,54,212,193,87.75,86.125,78.40625,671,911
53,43,68,210,69.875,27.625,85.3125,886,1162
53,12,229,70,19.5,93.03125,28.4375,849,1115
53,55,163,222,89.375,66.21875,90.1875,89,1109
53,47,51,225,76.375,20.71875,91.40625,4,865
53,28,92,145,45.5,37.375,58.90625,422,552
53,57,190,210,92.625,77.1875,85.3125,329,394
53,36,18,249,58.5,7.3125,101.15625,855,1122
53,38,187,197,61.75,75.96875,80.03125,854,1121
53,40,119,166,65.0,48.34375,67.4375,642,1118
53,31,204,163,50.375,82.875,66.21875,846,1112
53,24,122,115,39.0,49.5625,46.71875,473,590
53,57,191,245,92.625,77.59375,99.53125,853,1120
53,46,182,228,74.75,73.9375,92.625,887,1163
53,34,66,216,55.25,26.8125,87.75,852,1119
53,11,124,89,17.875,50.375,36.15625,856,1123
53,23,242,125,37.375,98.3125,50.78125,514,640
53,13,176,117,21.125,71.5,47.53125,687,934
53,6,226,48,9.75,91.8125,19.5,873,1147
53,42,111,243,68.25,45.09375,98.71875,847,1113
53,21,138,154,34.125,56.0625,62.5625,861,1129
53,8,25,152,13.0,10.15625,61.75,875,1149
53,57,156,249,92.625,63.375,101.15625,843,1108
53,46,244,173,74.75,99.125,70.28125,877,1151
53,45,243,205,73.125,98.71875,83.28125,859,1127
53,48,189,198,78.0,76.78125,80.4375,858,1126
54,23,72,99,37.375,29.25,40.21875,726,984
54,29,83,102,47.125,33.71875,41.4375,756,1018
54,42,48,170,68.25,19.5,69.0625,737,999
54,49,39,193,79.625,15.84375,78.40625,747,1009
54,40,69,155,65.0,28.03125,62.96875,746,1130
54,40,210,105,65.0,85.3125,42.65625,758,1164
54,53,214,147,86.125,86.9375,59.71875,750,1012
54,36,17,151,58.5,6.90625,61.34375,765,1131
54,56,126,187,91.0,51.1875,75.96875,748,1010
54,5,111,34,8.125,45.09375,13.8125,888,1165
54,29,35,123,47.125,14.21875,49.96875,752,1014
54,11,92,56,17.875,37.375,22.75,866,1138
54,15,171,50,24.375,69.46875,20.3125,757,1019
54,12,216,33,19.5,87.75,13.40625,764,1026
54,44,209,123,71.5,84.90625,49.96875,768,1030
54,35,63,134,56.875,25.59375,54.4375,762,1024
54,44,23,191,71.5,9.34375,77.59375,773,1035
54,12,172,38,19.5,69.875,15.4375,769,1031
54,29,74,117,47.125,30.0625,47.53125,532,692
54,17,96,74,27.625,39.0,30.0625,619,859
54,14,149,44,22.75,60.53125,17.875,791,1053
54,25,215,64,40.625,87.34375,26.0,774,1036
54,21,40,98,34.125,16.25,39.8125,804,1067
54,22,30,117,35.75,12.1875,47.53125,863,1134
54,21,212,51,34.125,86.125,20.71875,782,1044
54,19,86,83,30.875,34.9375,33.71875,798,1061
54,58,98,200,94.25,39.8125,81.25,759,1021
54,33,227,80,53.625,92.21875,32.5,754,1016
54,41,246,104,66.625,99.9375,42.25,760,1022
54,44,145,135,71.5,58.90625,54.84375,794,1056
54,55,39,213,89.375,15.84375,86.53125,777,1039
54,42,172,107,68.25,69.875,43.46875,862,1133
54,31,106,108,50.375,43.0625,43.875,751,1013
54,57,14,243,92.625,5.6875,98.71875,771,1033
54,42,36,179,68.25,14.625,72.71875,316,364
54,25,197,66,40.625,80.03125,26.8125,787,1049
54,18,152,60,29.25,61.75,24.375,753,1015
54,48,191,141,78.0,77.59375,57.28125,770,1032
54,33,167,97,53.625,67.84375,39.40625,761,1023
54,58,152,186,94.25,61.75,75.5625,775,1037
54,22,179,56,35.75,72.71875,22.75,778,1040
54,26,177,72,42.25,71.90625,29.25,776,1038
54,23,164,72,37.375,66.625,29.25,763,1025
54,53,111,182,86.125,45.09375,73.9375,663,976
54,58,81,208,94.25,32.90625,84.5,779,1041
54,10,122,47,16.25,49.5625,19.09375,817,1135
54,5,157,35,8.125,63.78125,14.21875,889,1166
54,39,141,126,63.375,57.28125,51.1875,785,1047
54,50,96,170,81.25,39.0,69.0625,793,1055
54,36,89,130,58.5,36.15625,52.8125,783,1045
54,33,135,103,53.625,54.84375,41.84375,772,1034
54,45,116,155,73.125,47.125,62.96875,802,1065
54,19,111,67,30.875,45.09375,27.21875,811,1075
54,37,217,95,60.125,88.15625,38.59375,758,1167
54,37,186,111,60.125,75.5625,45.09375,878,1152
54,28,56,111,45.5,22.75,45.09375,786,1048
54,10,236,25,16.25,95.875,10.15625,815,1079
54,30,172,85,48.75,69.875,34.53125,789,1051
54,27,117,97,43.875,47.53125,39.40625,532,686
54,36,23,177,58.5,9.34375,71.90625,681,928
54,28,105,92,45.5,42.65625,37.375,800,1063
54,5,38,68,8.125,15.4375,27.625,890,1168
54,36,51,156,58.5,20.71875,63.375,422,564
54,53,189,157,86.125,76.78125,63.78125,788,1050
54,52,239,144,84.5,97.09375,58.5,790,1052
54,58,175,174,94.25,71.09375,70.6875,781,1043
54,9,75,66,14.625,30.46875,26.8125,784,1046
54,18,248,39,29.25,100.75,15.84375,812,1076
54,45,233,113,73.125,94.65625,45.90625,808,1071
54,52,57,208,84.5,23.15625,84.5,799,1062
54,53,156,173,86.125,63.375,70.28125,212,1073
54,19,134,61,30.875,54.4375,24.78125,807,1070
54,27,21,135,43.875,8.53125,54.84375,551,693
54,15,200,41,24.375,81.25,16.65625,809,1072
54,46,78,183,74.75,31.6875,74.34375,239,906
54,8,59,64,13.0,23.96875,26.0,864,1136
54,28,241,65,45.5,97.90625,26.40625,766,1028
54,17,27,105,27.625,10.96875,42.65625,865,1137
54,54,231,157,87.75,93.84375,63.78125,767,1029
54,50,131,163,81.25,53.21875,66.21875,816,1080
54,5,222,14,8.125,90.1875,5.6875,891,1169
54,58,63,216,94.25,25.59375,87.75,797,1060
54,21,238,49,34.125,96.6875,19.90625,720,972
54,32,196,86,52.0,79.625,34.9375,820,1084
54,14,117,57,22.75,47.53125,23.15625,892,1170
54,42,6,191,68.25,2.4375,77.59375,814,1078
54,33,107,121,53.625,43.46875,49.15625,818,1082
54,40,100,151,65.0,40.625,61.34375,823,1154
54,44,103,140,71.5,41.84375,56.875,867,1139
54,40,122,132,65.0,49.5625,53.625,806,1069
54,11,34,78,17.875,13.8125,31.6875,870,1171
54,39,164,121,63.375,66.625,49.15625,672,912
54,41,188,155,66.625,76.375,62.96875,828,1093
54,48,166,144,78.0,67.4375,58.5,822,1087
54,15,159,88,24.375,64.59375,35.75,516,642
54,51,165,152,82.875,67.03125,61.75,212,1085
54,28,148,87,45.5,60.125,35.34375,819,1083
54,43,87,167,69.875,35.34375,67.84375,823,1153
54,25,185,127,40.625,75.15625,51.59375,839,1104
54,50,62,188,81.25,25.1875,76.375,196,767
54,52,22,218,84.5,8.9375,88.5625,730,990
54,35,34,158,56.875,13.8125,64.1875,437,825
54,12,20,93,19.5,8.125,37.78125,870,1172
54,20,142,112,32.5,57.6875,45.5,826,1091
54,34,212,130,55.25,86.125,52.8125,375,987
54,20,172,100,32.5,69.875,40.625,893,1173
54,22,248,77,35.75,100.75,31.28125,879,1155
54,5,91,40,8.125,36.96875,16.25,894,1174
54,41,173,171,66.625,70.28125,69.46875,217,233
54,8,191,26,13.0,77.59375,10.5625,880,1156
54,20,10,162,32.5,4.0625,65.8125,725,983
54,38,39,204,61.75,15.84375,82.875,895,1175
54,13,26,125,21.125,10.5625,50.78125,829,1094
54,27,139,126,43.875,56.46875,51.1875,684,931
54,54,171,205,87.75,69.46875,83.28125,153,159
54,51,208,182,82.875,84.5,73.9375,832,1097
54,47,162,182,76.375,65.8125,73.9375,835,1100
54,56,249,216,91.0,101.15625,87.75,881,1157
54,27,17,177,43.875,6.90625,71.90625,830,1095
54,46,214,160,74.75,86.9375,65.0,834,1099
54,11,204,71,17.875,82.875,28.84375,836,1101
54,35,21,199,56.875,8.53125,80.84375,697,946
54,39,241,125,63.375,97.90625,50.78125,896,1176
54,44,234,144,71.5,95.0625,58.5,882,1158
54,51,135,207,82.875,54.84375,84.09375,663,974
54,33,105,149,53.625,42.65625,60.53125,627,824
54,33,141,158,53.625,57.28125,64.1875,682,982
54,20,64,127,32.5,26.0,51.59375,833,1098
54,34,132,143,55.25,53.625,58.09375,608,793
54,24,234,95,39.0,95.0625,38.59375,626,822
54,6,173,64,9.75,70.28125,26.0,884,1160
54,38,205,157,61.75,83.28125,63.78125,840,1105
54,52,88,232,84.5,35.75,94.25,268,919
54,52,112,219,84.5,45.5,88.96875,837,1102
54,26,211,107,42.25,85.71875,43.46875,848,1114
54,36,232,149,58.5,94.25,60.53125,692,940
54,35,191,141,56.875,77.59375,57.28125,885,1161
54,36,64,187,58.5,26.0,75.96875,838,1103
54,45,188,178,73.125,76.375,72.3125,135,952
54,42,144,174,68.25,58.5,70.6875,674,915
54,22,16,201,35.75,6.5,81.65625,845,1111
54,44,64,217,71.5,26.0,88.15625,886,1162
54,29,250,115,47.125,101.5625,46.71875,871,1145
54,47,121,207,76.375,49.15625,84.09375,561,962
54,29,166,137,47.125,67.4375,55.65625,841,1106
54,57,121,239,92.625,49.15625,97.09375,844,1110
54,55,215,200,89.375,87.34375,81.25,671,911
54,31,224,109,50.375,91.0,44.28125,897,1177
54,20,198,85,32.5,80.4375,34.53125,509,635
54,28,63,160,45.5,25.59375,65.0,898,1178
54,40,91,200,65.0,36.96875,81.25,825,1090
54,55,162,228,89.375,65.8125,92.625,89,1109
54,13,227,73,21.125,92.21875,29.65625,849,1115
54,5,41,100,8.125,16.65625,40.625,899,1179
54,18,95,114,29.25,38.59375,46.3125,851,1117
54,23,116,121,37.375,47.125,49.15625,473,590
54,33,210,169,53.625,85.3125,68.65625,846,1112
54,29,90,150,47.125,36.5625,60.9375,422,552
54,5,100,92,8.125,40.625,37.375,900,1180
54,47,183,238,76.375,74.34375,96.6875,887,1163
54,21,44,153,34.125,17.875,62.15625,901,1181
54,35,66,223,56.875,26.8125,90.59375,852,1119
54,58,190,217,94.25,77.1875,88.15625,329,394
54,54,170,246,87.75,69.0625,99.9375,902,1182
54,42,95,248,68.25,38.59375,100.75,847,1113
54,58,238,241,94.25,96.6875,97.90625,903,1183
54,7,224,53,11.375,91.0,21.53125,873,1147
54,9,22,159,14.625,8.9375,64.59375,875,1149
54,11,123,93,17.875,49.96875,37.78125,856,1123
54,40,117,171,65.0,47.53125,69.46875,642,1118
54,38,189,205,61.75,76.78125,83.28125,854,1121
54,24,242,131,39.0,98.3125,53.21875,514,640
54,22,137,161,35.75,55.65625,65.40625,861,1129
54,31,185,159,50.375,75.15625,64.59375,904,1184
54,44,138,244,71.5,56.0625,99.125,905,1185
54,48,187,202,78.0,75.96875,82.0625,858,1126
54,57,191,250,92.625,77.59375,101.5625,853,1120
54,42,35,232,68.25,14.21875,94.25,906,1186
54,38,129,215,61.75,52.40625,87.34375,907,1187
54,47,243,175,76.375,98.71875,71.09375,877,1151
55,37,15,152,60.125,6.09375,61.75,765,1131
55,50,37,194,81.25,15.03125,78.8125,747,1009
55,30,81,104,48.75,32.90625,42.25,756,1018
55,53,213,149,86.125,86.53125,60.53125,750,1012
55,25,70,100,40.625,28.4375,40.625,726,984
55,41,68,157,66.625,27.625,63.78125,746,1130
55,57,121,191,92.625,49.15625,77.59375,748,1010
55,16,173,51,26.0,70.28125,20.71875,757,1019
55,43,44,171,69.875,17.875,69.46875,737,999
55,45,208,125,73.125,84.5,50.78125,768,1030
55,13,218,34,21.125,88.5625,13.8125,764,1026
55,40,209,107,65.0,84.90625,43.46875,758,1164
55,7,112,37,11.375,45.5,15.03125,888,1188
55,6,125,33,9.75,50.78125,13.40625,888,1189
55,36,58,139,58.5,23.5625,56.46875,762,1024
55,43,35,181,69.875,14.21875,73.53125,316,364
55,26,214,66,42.25,86.9375,26.8125,774,1036
55,45,22,192,73.125,8.9375,78.0,773,1035
55,20,85,85,32.5,34.53125,34.53125,798,1061
55,22,38,100,35.75,15.4375,40.625,804,1067
55,24,29,121,39.0,11.78125,49.15625,863,1134
55,20,154,60,32.5,62.5625,24.375,753,1015
55,16,151,46,26.0,61.34375,18.6875,791,1053
55,49,188,141,79.625,76.375,57.28125,770,1032
55,31,102,111,50.375,41.4375,45.09375,751,1013
55,43,174,104,69.875,70.6875,42.25,862,1133
55,41,245,104,66.625,99.53125,42.25,760,1022
55,34,224,80,55.25,91.0,32.5,754,1016
55,30,74,120,48.75,30.0625,48.75,532,692
55,19,97,77,30.875,39.40625,31.28125,619,859
55,13,174,40,21.125,70.6875,16.25,769,1031
55,26,196,66,42.25,79.625,26.8125,787,1049
55,34,164,98,55.25,66.625,39.8125,761,1023
55,57,8,244,92.625,3.25,99.125,771,1033
55,23,163,72,37.375,66.21875,29.25,763,1025
55,54,109,183,87.75,44.28125,74.34375,663,976
55,30,34,126,48.75,13.8125,51.1875,752,1014
55,56,33,217,91.0,13.40625,88.15625,777,1039
55,37,88,131,60.125,35.75,53.21875,783,1045
55,50,93,171,81.25,37.78125,69.46875,793,1055
55,53,238,144,86.125,96.6875,58.5,790,1052
55,30,104,94,48.75,42.25,38.1875,800,1063
55,21,213,52,34.125,86.53125,21.125,782,1044
55,23,180,58,37.375,73.125,23.5625,778,1040
55,21,111,69,34.125,45.09375,28.03125,811,1075
55,38,217,96,61.75,88.15625,39.0,758,1167
55,27,177,74,43.875,71.90625,30.0625,776,1038
55,44,143,136,71.5,58.09375,55.25,794,1056
55,11,122,48,17.875,49.5625,19.5,817,1135
55,40,139,124,65.0,56.46875,50.375,785,1047
55,35,132,106,56.875,53.625,43.0625,772,1034
55,31,171,85,50.375,69.46875,34.53125,789,1051
55,37,50,157,60.125,20.3125,63.78125,422,564
55,19,250,39,30.875,101.5625,15.84375,812,1076
55,6,159,36,9.75,64.59375,14.625,889,1166
55,13,94,59,21.125,38.1875,23.96875,866,1138
55,11,74,65,17.875,30.0625,26.40625,784,1046
55,54,189,160,87.75,76.78125,65.0,788,1050
55,6,38,71,9.75,15.4375,28.84375,890,1168
55,54,87,200,87.75,35.34375,81.25,908,1190
55,33,194,85,53.625,78.8125,34.53125,820,1084
55,22,240,50,35.75,97.5,20.3125,720,972
55,29,243,65,47.125,98.71875,26.40625,766,1028
55,36,17,177,58.5,6.90625,71.90625,681,928
55,16,198,39,26.0,80.4375,15.84375,809,1072
55,53,55,213,86.125,22.34375,86.53125,799,1062
55,29,55,114,47.125,22.34375,46.3125,786,1048
55,46,73,184,74.75,29.65625,74.75,239,906
55,19,23,108,30.875,9.34375,43.875,865,1137
55,45,231,112,73.125,93.84375,45.5,808,1071
55,54,154,174,87.75,62.5625,70.6875,212,1073
55,11,236,25,17.875,95.875,10.15625,815,1079
55,58,172,175,94.25,69.875,71.09375,781,1043
55,20,135,61,32.5,54.84375,24.78125,807,1070
55,10,148,35,16.25,60.125,14.21875,909,1191
55,46,101,143,74.75,41.03125,58.09375,867,1139
55,46,115,155,74.75,46.71875,62.96875,802,1065
55,15,60,74,24.375,24.375,30.0625,910,1192
55,28,117,101,45.5,47.53125,41.03125,532,686
55,51,128,164,82.875,52.0,66.625,816,1080
55,41,120,132,66.625,48.75,53.625,806,1069
55,6,223,16,9.75,90.59375,6.5,891,1169
55,41,188,153,66.625,76.375,62.15625,828,1093
55,9,59,66,14.625,23.96875,26.8125,864,1136
55,13,32,79,21.125,13.0,32.09375,870,1171
55,35,107,124,56.875,43.46875,50.375,818,1082
55,40,162,121,65.0,65.8125,49.15625,672,912
55,49,164,147,79.625,66.625,59.71875,822,1087
55,53,165,159,86.125,67.03125,64.59375,212,1085
55,52,16,216,84.5,6.5,87.75,730,990
55,7,89,43,11.375,36.15625,17.46875,894,1174
55,29,147,89,47.125,59.71875,36.15625,819,1083
55,24,125,76,39.0,50.78125,30.875,911,1193
55,25,184,126,40.625,74.75,51.1875,839,1104
55,36,33,163,58.5,13.40625,66.21875,437,825
55,51,60,191,82.875,24.375,77.59375,196,767
55,14,19,95,22.75,7.71875,38.59375,870,1172
55,20,8,160,32.5,3.25,65.0,725,983
55,47,163,180,76.375,66.21875,73.125,835,1100
55,41,172,168,66.625,69.875,68.25,217,233
55,34,207,129,55.25,84.09375,52.40625,375,987
55,18,69,87,29.25,28.03125,35.34375,912,1194
55,9,192,29,14.625,78.0,11.78125,880,1156
55,15,157,88,24.375,63.78125,35.75,516,642
55,22,248,75,35.75,100.75,30.46875,879,1155
55,14,25,124,22.75,10.15625,50.375,829,1094
55,34,106,149,55.25,43.0625,60.53125,627,824
55,39,241,123,63.375,97.90625,49.96875,896,1176
55,24,238,95,39.0,96.6875,38.59375,626,822
55,45,198,176,73.125,80.4375,71.5,135,952
55,21,61,128,34.125,24.78125,52.0,833,1098
55,6,19,77,9.75,7.71875,31.28125,913,1195
55,51,205,182,82.875,83.28125,73.9375,832,1097
55,35,190,135,56.875,77.1875,54.84375,885,1161
55,27,17,176,43.875,6.90625,71.5,830,1095
55,7,169,63,11.375,68.65625,25.59375,884,1160
55,28,142,126,45.5,57.6875,51.1875,684,931
55,53,86,234,86.125,34.9375,95.0625,268,919
55,41,90,199,66.625,36.5625,80.84375,825,1090
55,25,172,102,40.625,69.875,41.4375,914,1196
55,11,200,69,17.875,81.25,28.03125,836,1101
55,53,167,205,86.125,67.84375,83.28125,153,159
55,52,132,210,84.5,53.625,85.3125,663,974
55,21,139,104,34.125,56.46875,42.25,826,1091
55,57,247,216,92.625,100.34375,87.75,881,1157
55,19,173,101,30.875,70.28125,41.03125,893,1173
55,37,231,148,60.125,93.84375,60.125,692,940
55,26,213,106,42.25,86.53125,43.0625,848,1114
55,34,141,160,55.25,57.28125,65.0,682,982
55,40,43,205,65.0,17.46875,83.28125,895,1175
55,51,109,220,82.875,44.28125,89.375,837,1102
55,36,63,186,58.5,25.59375,75.5625,838,1103
55,38,206,153,61.75,83.6875,62.15625,840,1105
55,29,175,138,47.125,71.09375,56.0625,841,1106
55,45,59,219,73.125,23.96875,88.96875,886,1162
55,5,39,101,8.125,15.84375,41.03125,899,1179
55,33,144,77,53.625,58.5,31.28125,915,1197
55,42,142,172,68.25,57.6875,69.875,674,915
55,33,128,141,53.625,52.0,57.28125,608,793
55,55,213,200,89.375,86.53125,81.25,671,911
55,29,250,115,47.125,101.5625,46.71875,871,1145
55,12,226,72,19.5,91.8125,29.25,849,1115
55,47,121,204,76.375,49.15625,82.875,561,962
55,34,205,172,55.25,83.28125,69.875,846,1112
55,57,118,240,92.625,47.9375,97.5,844,1110
55,29,62,162,47.125,25.1875,65.8125,898,1178
55,21,195,87,34.125,79.21875,35.34375,509,635
55,19,95,115,30.875,38.59375,46.71875,851,1117
55,55,157,227,89.375,63.78125,92.21875,89,1109
55,29,86,149,47.125,34.9375,60.53125,422,552
55,7,100,93,11.375,40.625,37.78125,900,1180
55,24,116,122,39.0,47.125,49.5625,473,590
55,21,17,198,34.125,6.90625,80.4375,845,1111
55,41,115,171,66.625,46.71875,69.46875,642,1118
55,21,44,153,34.125,17.875,62.15625,901,1181
55,55,169,247,89.375,68.65625,100.34375,902,1182
55,39,187,204,63.375,75.96875,82.875,854,1121
55,58,187,216,94.25,75.96875,87.75,329,394
55,11,21,162,17.875,8.53125,65.8125,875,1149
55,57,237,239,92.625,96.28125,97.09375,903,1183
55,41,33,231,66.625,13.40625,93.84375,906,1186
55,7,223,52,11.375,90.59375,21.125,873,1147
55,35,65,222,56.875,26.40625,90.1875,852,1119
55,57,189,249,92.625,76.78125,101.15625,853,1120
55,43,94,247,69.875,38.1875,100.34375,847,1113
55,11,119,93,17.875,48.34375,37.78125,856,1123
55,48,182,237,78.0,73.9375,96.28125,887,1163
55,24,242,129,39.0,98.3125,52.40625,514,640
55,23,135,161,37.375,54.84375,65.40625,861,1129
55,43,159,224,69.875,64.59375,91.0,916,1198
55,46,241,208,74.75,97.90625,84.5,917,1199
55,49,189,201,79.625,76.78125,81.65625,858,1126
56,54,209,152,87.75,84.90625,61.75,750,1012
56,51,34,199,82.875,13.8125,80.84375,747,1009
56,32,82,110,52.0,33.3125,44.6875,756,1018
56,42,67,161,68.25,27.21875,65.40625,746,1130
56,5,247,10,8.125,100.34375,4.0625,918,1200
56,57,120,194,92.625,48.75,78.8125,748,1010
56,9,117,40,14.625,47.53125,16.25,888,1188
56,41,207,112,66.625,84.09375,45.5,758,1164
56,17,175,56,27.625,71.09375,22.75,757,1019
56,39,14,158,63.375,5.6875,64.1875,765,1131
56,14,218,37,22.75,88.5625,15.03125,764,1026
56,25,72,103,40.625,29.25,41.84375,726,984
56,46,207,129,74.75,84.09375,52.40625,768,1030
56,23,39,105,37.375,15.84375,42.65625,804,1067
56,31,35,129,50.375,14.21875,52.40625,752,1014
56,37,56,143,60.125,22.75,58.09375,762,1024
56,44,41,173,71.5,16.65625,70.28125,737,1201
56,43,32,184,69.875,13.0,74.75,316,364
56,50,186,144,81.25,75.5625,58.5,770,1032
56,20,98,80,32.5,39.8125,32.5,619,859
56,25,29,124,40.625,11.78125,50.375,863,1134
56,31,72,124,50.375,29.25,50.375,532,692
56,27,213,70,43.875,86.53125,28.4375,774,1036
56,25,164,76,40.625,66.625,30.875,763,1025
56,17,154,52,27.625,62.5625,21.125,791,1053
56,21,154,66,34.125,62.5625,26.8125,753,1015
56,28,197,71,45.5,80.03125,28.84375,787,1049
56,58,6,247,94.25,2.4375,100.34375,771,1033
56,35,166,104,56.875,67.4375,42.25,761,1023
56,32,103,113,52.0,41.84375,45.90625,751,1013
56,12,124,53,19.5,50.375,21.53125,817,1135
56,14,177,45,22.75,71.90625,18.28125,769,1031
56,51,91,173,82.875,36.96875,70.28125,793,1055
56,55,106,188,89.375,43.0625,76.375,663,976
56,38,48,162,61.75,19.5,65.8125,422,564
56,43,247,107,69.875,100.34375,43.46875,760,1022
56,15,95,61,24.375,38.59375,24.78125,866,1138
56,7,161,39,11.375,65.40625,15.84375,889,1166
56,28,177,75,45.5,71.90625,30.46875,776,1038
56,22,112,72,35.75,45.5,29.25,811,1075
56,43,171,105,69.875,69.46875,42.65625,862,1133
56,23,213,56,37.375,86.53125,22.75,782,1044
56,38,88,137,61.75,35.75,55.65625,783,1045
56,21,86,88,34.125,34.9375,35.75,798,1061
56,46,20,197,74.75,8.125,80.03125,773,1035
56,9,129,35,14.625,52.40625,14.21875,888,1189
56,35,227,84,56.875,92.21875,34.125,754,1016
56,53,236,146,86.125,95.875,59.3125,790,1052
56,47,72,185,76.375,29.25,75.15625,239,906
56,31,102,96,50.375,41.4375,39.0,800,1063
56,32,171,89,52.0,69.46875,36.15625,789,1051
56,57,32,223,92.625,13.0,90.59375,777,1039
56,55,187,163,89.375,75.96875,66.21875,788,1050
56,45,56,167,73.125,22.75,67.84375,737,1202
56,41,135,131,66.625,54.84375,53.21875,785,1047
56,19,23,112,30.875,9.34375,45.5,865,1137
56,29,242,68,47.125,98.3125,27.625,766,1028
56,12,75,66,19.5,30.46875,26.8125,784,1046
56,24,181,60,39.0,73.53125,24.375,778,1040
56,11,150,41,17.875,60.9375,16.65625,909,1191
56,31,55,119,50.375,22.34375,48.34375,786,1048
56,36,16,180,58.5,6.5,73.125,681,928
56,55,153,179,89.375,62.15625,72.71875,212,1073
56,23,242,53,37.375,98.3125,21.53125,720,972
56,39,220,102,63.375,89.375,41.4375,758,1167
56,35,131,109,56.875,53.21875,44.28125,772,1034
56,8,39,73,13.0,15.84375,29.65625,890,1168
56,43,177,122,69.875,71.90625,49.5625,919,1203
56,34,196,92,55.25,79.625,37.375,820,1084
56,21,136,64,34.125,55.25,26.0,807,1070
56,54,83,203,87.75,33.71875,82.46875,908,1190
56,45,231,117,73.125,93.84375,47.53125,808,1071
56,17,201,43,27.625,81.65625,17.46875,809,1072
56,39,185,119,63.375,75.15625,48.34375,920,1204
56,13,238,29,21.125,96.6875,11.78125,815,1079
56,42,118,136,68.25,47.9375,55.25,806,1069
56,42,95,155,68.25,38.59375,62.96875,921,1205
56,11,59,69,17.875,23.96875,28.03125,864,1136
56,45,143,143,73.125,58.09375,58.09375,794,1056
56,56,228,163,91.0,92.625,66.21875,922,1206
56,8,224,20,13.0,91.0,8.125,891,1169
56,47,102,146,76.375,41.4375,59.3125,867,1139
56,47,114,158,76.375,46.3125,64.1875,802,1065
56,52,125,169,84.5,50.78125,68.65625,816,1080
56,15,57,79,24.375,23.15625,32.09375,910,1192
56,13,33,83,21.125,13.40625,33.71875,870,1171
56,36,107,126,58.5,43.46875,51.1875,818,1082
56,41,159,124,66.625,64.59375,50.375,672,912
56,50,163,151,81.25,66.21875,61.34375,822,1087
56,54,164,165,87.75,66.625,67.03125,212,1085
56,10,191,33,16.25,77.59375,13.40625,880,1156
56,22,6,164,35.75,2.4375,66.625,725,983
56,42,190,155,68.25,77.1875,62.96875,828,1093
56,51,56,195,82.875,22.75,79.21875,196,767
56,37,31,167,60.125,12.59375,67.84375,437,825
56,21,141,108,34.125,57.28125,43.875,826,1091
56,35,209,130,56.875,84.90625,52.8125,375,987
56,52,12,219,84.5,4.875,88.96875,730,990
56,10,94,45,16.25,38.1875,18.28125,894,1174
56,30,144,95,48.75,58.5,38.59375,819,1083
56,5,60,56,8.125,24.375,22.75,923,1207
56,15,19,98,24.375,7.71875,39.8125,870,1172
56,21,60,130,34.125,24.375,52.8125,833,1098
56,25,123,80,40.625,49.96875,32.5,911,1193
56,34,101,152,55.25,41.03125,61.75,627,824
56,19,70,89,30.875,28.4375,36.15625,912,1194
56,15,160,89,24.375,65.0,36.15625,516,642
56,45,62,225,73.125,25.1875,91.40625,886,1162
56,47,160,183,76.375,65.0,74.34375,835,1100
56,41,172,170,66.625,69.875,69.0625,217,233
56,51,202,185,82.875,82.0625,75.15625,832,1097
56,20,173,102,32.5,70.28125,41.4375,893,1173
56,13,27,124,21.125,10.96875,50.375,829,1094
56,57,248,218,92.625,100.75,88.5625,881,1157
56,7,18,83,11.375,7.3125,33.71875,913,1195
56,25,238,98,40.625,96.6875,39.8125,626,822
56,38,231,153,61.75,93.84375,62.15625,692,940
56,28,142,129,45.5,57.6875,52.40625,684,931
56,38,67,192,61.75,27.21875,78.0,838,1103
56,8,169,67,13.0,68.65625,27.21875,884,1160
56,28,17,180,45.5,6.90625,73.125,830,1095
56,45,235,146,73.125,95.46875,59.3125,924,1208
56,53,89,235,86.125,36.15625,95.46875,268,919
56,51,109,223,82.875,44.28125,90.59375,837,1102
56,13,202,72,21.125,82.0625,29.25,836,1101
56,38,207,153,61.75,84.09375,62.15625,840,1105
56,46,221,163,74.75,89.78125,66.21875,925,1209
56,34,126,145,55.25,51.1875,58.90625,608,793
56,41,44,205,66.625,17.875,83.28125,895,1175
56,40,243,126,65.0,98.71875,51.1875,896,1176
56,7,205,5,11.375,83.28125,2.03125,926,1210
56,52,132,214,84.5,53.625,86.9375,663,974
56,26,181,128,42.25,73.53125,52.0,839,1104
56,35,143,161,56.875,58.09375,65.40625,682,982
56,36,187,134,58.5,75.96875,54.4375,885,1161
56,33,142,79,53.625,57.6875,32.09375,915,1197
56,30,61,166,48.75,24.78125,67.4375,898,1178
56,5,10,113,8.125,4.0625,45.90625,927,1211
56,44,94,204,71.5,38.1875,82.875,825,1090
56,29,172,140,47.125,69.875,56.875,841,1106
56,52,165,211,84.5,67.03125,85.71875,153,159
56,28,209,107,45.5,84.90625,43.46875,848,1114
56,46,121,206,74.75,49.15625,83.6875,561,962
56,42,143,176,68.25,58.09375,71.5,674,915
56,13,224,76,21.125,91.0,30.875,849,1115
56,20,95,120,32.5,38.59375,48.75,851,1117
56,44,101,247,71.5,41.03125,100.34375,847,1113
56,55,212,202,89.375,86.125,82.0625,671,911
56,31,230,112,50.375,93.4375,45.5,928,1212
56,35,210,174,56.875,85.3125,70.6875,846,1112
56,22,194,89,35.75,78.8125,36.15625,509,635
56,56,123,245,91.0,49.96875,99.53125,844,1110
56,42,113,177,68.25,45.90625,71.90625,642,1118
56,21,42,155,34.125,17.0625,62.96875,901,1181
56,29,84,155,47.125,34.125,62.96875,422,552
56,24,115,127,39.0,46.71875,51.59375,473,590
56,55,157,227,89.375,63.78125,92.21875,89,1109
56,8,98,94,13.0,39.8125,38.1875,900,1180
56,57,186,219,92.625,75.5625,88.96875,329,394
56,38,136,214,61.75,55.25,86.9375,929,1213
56,23,17,203,37.375,6.90625,82.46875,845,1111
56,40,186,205,65.0,75.5625,83.28125,854,1121
56,42,33,231,68.25,13.40625,93.84375,906,1186
56,12,20,165,19.5,8.125,67.03125,875,1149
56,13,118,98,21.125,47.9375,39.8125,856,1123
56,36,64,228,58.5,26.0,92.625,852,1119
56,33,187,163,53.625,75.96875,66.21875,930,1214
56,58,189,250,94.25,76.78125,101.5625,853,1120
56,8,224,55,13.0,91.0,22.34375,873,1147
56,23,134,164,37.375,54.4375,66.625,861,1129
56,17,181,129,27.625,73.53125,52.40625,931,1215
56,31,94,197,50.375,38.1875,80.03125,932,1216
56,54,169,246,87.75,68.65625,99.9375,902,1182
56,23,244,129,37.375,99.125,52.40625,514,640
57,11,121,39,17.875,49.15625,15.84375,888,1188
57,32,85,110,52.0,34.53125,44.6875,756,1018
57,43,210,113,69.875,85.3125,45.90625,758,1164
57,58,121,195,94.25,49.15625,79.21875,748,1010
57,55,210,152,89.375,85.3125,61.75,750,1012
57,43,70,161,69.875,28.4375,65.40625,746,1130
57,25,73,106,40.625,29.65625,43.0625,726,984
57,40,18,159,65.0,7.3125,64.59375,765,1131
57,54,244,147,87.75,99.125,59.71875,790,1052
57,18,177,59,29.25,71.90625,23.96875,757,1019
57,45,42,173,73.125,17.0625,70.28125,737,1201
57,52,37,202,84.5,15.03125,82.0625,747,1009
57,47,207,129,76.375,84.09375,52.40625,768,1030
57,38,60,144,61.75,24.375,58.5,762,1024
57,26,31,128,42.25,12.59375,52.0,863,1134
57,35,110,113,56.875,44.6875,45.90625,751,1013
57,44,34,186,71.5,13.8125,75.5625,316,364
57,51,188,145,82.875,76.375,58.90625,770,1032
57,35,165,103,56.875,67.03125,41.84375,761,1023
57,16,223,39,26.0,90.59375,15.84375,764,1026
57,31,75,125,50.375,30.46875,50.78125,532,692
57,22,154,68,35.75,62.5625,27.625,753,1015
57,29,199,71,47.125,80.84375,28.84375,787,1049
57,30,180,77,48.75,73.125,31.28125,776,1038
57,14,128,54,22.75,52.0,21.9375,817,1135
57,9,135,33,14.625,54.84375,13.40625,888,1189
57,43,247,107,69.875,100.34375,43.46875,760,1022
57,19,158,52,30.875,64.1875,21.125,791,1053
57,28,216,71,45.5,87.75,28.84375,774,1036
57,24,39,107,39.0,15.84375,43.46875,804,1067
57,26,183,62,42.25,74.34375,25.1875,778,1040
57,44,173,106,71.5,70.28125,43.0625,862,1133
57,33,175,91,53.625,71.09375,36.96875,789,1051
57,34,12,150,55.25,4.875,60.9375,933,1217
57,56,108,190,91.0,43.875,77.1875,663,976
57,46,23,197,74.75,9.34375,80.03125,773,1218
57,21,22,114,34.125,8.9375,46.3125,865,1137
57,21,101,82,34.125,41.03125,33.3125,619,859
57,39,89,138,63.375,36.15625,56.0625,783,1045
57,52,92,175,84.5,37.375,71.09375,793,1055
57,16,184,44,26.0,74.75,17.875,769,1031
57,25,167,77,40.625,67.84375,31.28125,763,1025
57,9,165,39,14.625,67.03125,15.84375,889,1166
57,56,189,164,91.0,76.78125,66.625,788,1050
57,35,229,82,56.875,93.03125,33.3125,754,1016
57,47,73,182,76.375,29.65625,73.9375,239,906
57,22,137,65,35.75,55.65625,26.40625,807,1070
57,30,246,69,48.75,99.9375,28.03125,766,1028
57,42,137,131,68.25,55.65625,53.21875,785,1047
57,44,53,165,71.5,21.53125,67.03125,737,1202
57,36,134,111,58.5,54.4375,45.09375,772,1034
57,24,246,54,39.0,99.9375,21.9375,720,972
57,53,32,219,86.125,13.0,88.96875,777,1039
57,23,114,74,37.375,46.3125,30.0625,811,1075
57,22,88,91,35.75,35.75,36.96875,798,1061
57,43,120,136,69.875,48.75,55.25,806,1069
57,13,78,69,21.125,31.6875,28.03125,784,1046
57,32,104,97,52.0,42.25,39.40625,800,1063
57,9,40,75,14.625,16.25,30.46875,890,1168
57,56,56,222,91.0,22.75,90.1875,934,1219
57,19,206,46,30.875,83.6875,18.6875,809,1072
57,32,57,121,52.0,23.15625,49.15625,786,1048
57,24,219,58,39.0,88.96875,23.5625,782,1044
57,46,232,118,74.75,94.25,47.9375,808,1071
57,40,223,102,65.0,90.59375,41.4375,758,1167
57,5,160,18,8.125,65.0,7.3125,935,1220
57,56,155,182,91.0,62.96875,73.9375,212,1073
57,34,199,94,55.25,80.84375,38.1875,820,1084
57,43,179,122,69.875,72.71875,49.5625,919,1203
57,46,144,141,74.75,58.5,57.28125,794,1056
57,11,61,72,17.875,24.78125,29.25,864,1136
57,40,187,117,65.0,75.96875,47.53125,920,1204
57,9,228,22,14.625,92.625,8.9375,891,1169
57,43,97,154,69.875,39.40625,62.5625,921,1205
57,16,96,63,26.0,39.0,25.59375,866,1138
57,56,227,163,91.0,92.21875,66.21875,922,1206
57,13,155,42,21.125,62.96875,17.0625,909,1191
57,48,115,158,78.0,46.71875,64.1875,802,1065
57,47,101,146,76.375,41.03125,59.3125,867,1139
57,37,14,181,60.125,5.6875,73.53125,681,928
57,37,109,131,60.125,44.28125,53.21875,818,1082
57,16,60,80,26.0,24.375,32.5,910,1192
57,32,45,134,52.0,18.28125,54.4375,752,1014
57,37,212,126,60.125,86.125,51.1875,375,987
57,5,129,66,8.125,52.40625,26.8125,936,1221
57,52,131,169,84.5,53.21875,68.65625,816,1080
57,42,162,124,68.25,65.8125,50.375,672,912
57,44,14,205,71.5,5.6875,83.28125,773,1222
57,38,32,167,61.75,13.0,67.84375,437,825
57,14,34,86,22.75,13.8125,34.9375,870,1171
57,14,242,32,22.75,98.3125,13.0,815,1079
57,50,162,151,81.25,65.8125,61.34375,822,1087
57,55,166,166,89.375,67.4375,67.4375,212,1085
57,23,250,79,37.375,101.5625,32.09375,937,1223
57,52,60,197,84.5,24.375,80.03125,196,767
57,12,97,46,19.5,39.40625,18.6875,894,1174
57,52,12,220,84.5,4.875,89.375,730,990
57,23,9,163,37.375,3.65625,66.21875,725,983
57,6,62,58,9.75,25.1875,23.5625,923,1207
57,22,62,131,35.75,25.1875,53.21875,833,1098
57,43,191,155,69.875,77.59375,62.96875,828,1093
57,30,146,94,48.75,59.3125,38.1875,819,1083
57,51,207,186,82.875,84.09375,75.5625,832,1097
57,17,161,90,27.625,65.40625,36.5625,516,642
57,46,63,224,74.75,25.59375,91.0,886,1162
57,48,164,180,78.0,66.625,73.125,835,1100
57,17,21,100,27.625,8.53125,40.625,870,1172
57,38,192,140,61.75,78.0,56.875,885,1161
57,34,108,152,55.25,43.875,61.75,627,824
57,19,73,89,30.875,29.65625,36.15625,912,1194
57,8,19,84,13.0,7.71875,34.125,913,1195
57,57,250,213,92.625,101.5625,86.53125,881,1157
57,6,195,59,9.75,79.21875,23.96875,938,1224
57,15,27,128,24.375,10.96875,52.0,829,1094
57,42,175,170,68.25,71.09375,69.0625,217,233
57,51,111,221,82.875,45.09375,89.78125,837,1102
57,40,250,122,65.0,101.5625,49.5625,896,1176
57,29,142,128,47.125,57.6875,52.0,684,931
57,39,210,154,63.375,85.3125,62.5625,840,1105
57,26,239,99,42.25,97.09375,40.21875,626,822
57,38,234,148,61.75,95.0625,60.125,692,940
57,24,73,79,39.0,29.65625,32.09375,939,1225
57,28,19,180,45.5,7.71875,73.125,830,1095
57,45,240,143,73.125,97.5,58.09375,924,1208
57,53,91,238,86.125,36.96875,96.6875,268,919
57,27,174,105,43.875,70.6875,42.65625,940,1226
57,47,228,166,76.375,92.625,67.4375,925,1209
57,7,11,117,11.375,4.46875,47.53125,927,1211
57,53,133,214,86.125,54.03125,86.9375,663,974
57,35,132,145,56.875,53.625,58.90625,608,793
57,23,149,115,37.375,60.53125,46.71875,826,1227
57,14,202,73,22.75,82.0625,29.65625,836,1101
57,21,96,118,34.125,39.0,47.9375,851,1117
57,41,45,208,66.625,18.28125,84.5,895,1175
57,34,144,79,55.25,58.5,32.09375,915,1197
57,38,62,194,61.75,25.1875,78.8125,838,1103
57,9,167,69,14.625,67.84375,28.03125,884,1160
57,53,167,209,86.125,67.84375,84.90625,153,159
57,28,210,106,45.5,85.3125,43.0625,848,1114
57,22,136,110,35.75,55.25,44.6875,826,1228
57,27,183,128,43.875,74.34375,52.0,839,1104
57,31,172,138,50.375,69.875,56.0625,841,1106
57,31,64,169,50.375,26.0,68.65625,898,1178
57,45,93,206,73.125,37.78125,83.6875,825,1090
57,35,158,160,56.875,64.1875,65.0,682,982
57,47,120,207,76.375,48.75,84.09375,561,962
57,14,228,77,22.75,92.625,31.28125,849,1115
57,43,145,176,69.875,58.90625,71.5,674,915
57,55,212,201,89.375,86.125,81.65625,671,911
57,57,126,249,92.625,51.1875,101.15625,844,1110
57,31,230,109,50.375,93.4375,44.28125,928,1212
57,23,195,88,37.375,79.21875,35.75,509,635
57,34,209,173,55.25,84.90625,70.28125,846,1112
57,58,186,217,94.25,75.5625,88.15625,329,394
57,49,46,233,79.625,18.6875,94.65625,941,1229
57,56,158,225,91.0,64.1875,91.40625,89,1109
57,40,190,206,65.0,77.1875,83.6875,854,1121
57,25,118,127,40.625,47.9375,51.59375,473,590
57,8,98,90,13.0,39.8125,36.5625,900,1180
57,23,46,156,37.375,18.6875,63.375,901,1181
57,30,87,156,48.75,35.34375,63.375,422,552
57,19,186,131,30.875,75.5625,53.21875,931,1215
57,55,170,245,89.375,69.0625,99.53125,902,1182
57,42,118,177,68.25,47.9375,71.90625,642,1118
57,15,118,97,24.375,47.9375,39.40625,856,1123
57,24,134,165,39.0,54.4375,67.03125,861,1129
57,58,191,250,94.25,77.59375,101.5625,853,1120
57,14,21,168,22.75,8.53125,68.25,875,1149
57,43,32,232,69.875,13.0,94.25,906,1186
57,36,67,233,58.5,27.21875,94.65625,852,1119
57,10,223,59,16.25,90.59375,23.96875,873,1147
57,38,140,211,61.75,56.875,85.71875,929,1213
57,56,237,240,91.0,96.28125,97.5,942,1230
57,10,131,158,16.25,53.21875,64.1875,943,1231
57,32,96,200,52.0,39.0,81.25,932,1216
57,49,187,203,79.625,75.96875,82.46875,944,1232
57,24,28,204,39.0,11.375,82.875,845,1111
57,49,244,175,79.625,99.125,71.09375,945,1233
57,5,152,96,8.125,61.75,39.0,946,1234
58,54,242,145,87.75,98.3125,58.90625,790,1052
58,43,211,113,69.875,85.71875,45.90625,758,1164
58,12,124,39,19.5,50.375,15.84375,888,1188
58,43,69,163,69.875,28.03125,66.21875,746,1130
58,33,86,112,53.625,34.9375,45.5,756,1018
58,45,44,175,73.125,17.875,71.09375,737,1201
58,6,119,37,9.75,48.34375,15.03125,947,1235
58,55,211,153,89.375,85.71875,62.15625,750,1012
58,20,161,53,32.5,65.40625,21.53125,791,1053
58,41,19,161,66.625,7.71875,65.40625,765,1131
58,34,23,135,55.25,9.34375,54.84375,948,1236
58,19,180,58,30.875,73.125,23.5625,757,1019
58,39,61,145,63.375,24.78125,58.90625,762,1024
58,27,77,108,43.875,31.28125,43.875,726,984
58,45,250,111,73.125,101.5625,45.09375,760,1022
58,48,211,130,78.0,85.71875,52.8125,768,1030
58,36,111,116,58.5,45.09375,47.125,751,1013
58,53,37,203,86.125,15.03125,82.46875,747,1009
58,22,25,114,35.75,10.15625,46.3125,865,1137
58,11,168,41,17.875,68.25,16.65625,889,1166
58,27,34,129,43.875,13.8125,52.40625,863,1134
58,17,227,40,27.625,92.21875,16.25,764,1026
58,37,166,104,60.125,67.4375,42.25,761,1023
58,31,205,73,50.375,83.28125,29.65625,787,1049
58,10,139,32,16.25,56.46875,13.0,888,1189
58,23,160,67,37.375,65.0,27.21875,753,1015
58,47,23,197,76.375,9.34375,80.03125,773,1218
58,32,52,136,52.0,21.125,55.25,752,1014
58,53,91,177,86.125,36.96875,71.90625,793,1055
58,45,35,189,73.125,14.21875,76.78125,316,364
58,44,52,161,71.5,21.125,65.40625,737,1202
58,52,189,146,84.5,76.78125,59.3125,770,1032
58,48,72,183,78.0,29.25,74.34375,239,906
58,25,40,109,40.625,16.25,44.28125,804,1067
58,31,183,77,50.375,74.34375,31.28125,776,1038
58,57,108,191,92.625,43.875,77.59375,663,976
58,32,78,128,52.0,31.6875,52.0,532,692
58,29,222,71,47.125,90.1875,28.84375,774,1036
58,17,186,45,27.625,75.5625,18.28125,769,1031
58,27,188,63,43.875,76.375,25.59375,778,1040
58,34,176,92,55.25,71.5,37.375,789,1051
58,15,132,53,24.375,53.625,21.53125,817,1135
58,37,136,111,60.125,55.25,45.09375,772,1034
58,44,121,138,71.5,49.15625,56.0625,806,1069
58,25,116,76,40.625,47.125,30.875,811,1075
58,25,250,53,40.625,101.5625,21.53125,720,972
58,26,171,77,42.25,69.46875,31.28125,763,1025
58,53,33,222,86.125,13.40625,90.1875,777,1039
58,41,93,142,66.625,37.78125,57.6875,783,1045
58,37,235,84,60.125,95.46875,34.125,754,1016
58,33,60,122,53.625,24.375,49.5625,786,1048
58,10,43,73,16.25,17.46875,29.65625,890,1168
58,57,189,164,92.625,76.78125,66.625,788,1050
58,23,105,85,37.375,42.65625,34.53125,619,1237
58,20,213,46,32.5,86.53125,18.6875,809,1072
58,57,56,224,92.625,22.75,91.0,934,1219
58,58,156,186,94.25,63.375,75.5625,212,1073
58,25,221,57,40.625,89.78125,23.15625,782,1044
58,14,83,68,22.75,33.71875,27.625,784,1046
58,43,138,133,69.875,56.0625,54.03125,785,1047
58,23,140,68,37.375,56.875,27.625,807,1238
58,33,106,98,53.625,43.0625,39.8125,800,1063
58,24,90,92,39.0,36.5625,37.375,798,1061
58,7,167,21,11.375,67.84375,8.53125,935,1220
58,38,15,182,61.75,6.09375,73.9375,681,928
58,47,234,120,76.375,95.0625,48.75,808,1071
58,41,228,104,66.625,92.625,42.25,758,1167
58,7,86,51,11.375,34.9375,20.71875,949,1239
58,13,63,72,21.125,25.59375,29.25,864,1136
58,45,179,125,73.125,72.71875,50.78125,919,1203
58,41,186,118,66.625,75.5625,47.9375,920,1204
58,5,32,71,8.125,13.0,28.84375,950,1240
58,47,143,143,76.375,58.09375,58.09375,794,1056
58,35,202,95,56.875,82.0625,38.59375,820,1084
58,49,102,151,79.625,41.4375,61.34375,867,1139
58,18,62,81,29.25,25.1875,32.90625,910,1192
58,19,126,65,30.875,51.1875,26.40625,807,1241
58,37,215,128,60.125,87.34375,52.0,375,987
58,43,164,127,69.875,66.625,51.59375,672,912
58,44,188,101,71.5,76.375,41.03125,862,1133
58,38,110,135,61.75,44.6875,54.84375,818,1082
58,7,135,66,11.375,54.84375,26.8125,936,1221
58,10,230,21,16.25,93.4375,8.53125,891,1169
58,15,39,87,24.375,15.84375,35.34375,870,1171
58,53,61,199,86.125,24.78125,80.84375,196,767
58,50,118,162,81.25,47.9375,65.8125,802,1065
58,56,166,168,91.0,67.4375,68.25,212,1085
58,13,102,46,21.125,41.4375,18.6875,894,1174
58,53,133,168,86.125,54.03125,68.25,816,1080
58,52,164,153,84.5,66.625,62.15625,822,1087
58,5,208,17,8.125,84.5,6.90625,951,1242
58,15,244,31,24.375,99.125,12.59375,815,1079
58,17,7,147,27.625,2.84375,59.71875,952,1243
58,23,64,133,37.375,26.0,54.03125,833,1098
58,44,195,158,71.5,79.21875,64.1875,828,1093
58,24,10,164,39.0,4.0625,66.625,725,983
58,18,162,92,29.25,65.8125,37.375,516,642
58,7,66,59,11.375,26.8125,23.96875,923,1207
58,53,16,224,86.125,6.5,91.0,730,990
58,7,7,88,11.375,2.84375,35.75,913,1244
58,53,211,184,86.125,85.71875,74.75,832,1097
58,22,132,109,35.75,53.625,44.28125,826,1228
58,19,98,71,30.875,39.8125,28.84375,619,1245
58,31,149,95,50.375,60.53125,38.59375,819,1083
58,47,201,181,76.375,81.65625,73.53125,953,1246
58,35,114,151,56.875,46.3125,61.34375,627,824
58,39,190,139,63.375,77.1875,56.46875,885,1161
58,16,31,128,26.0,12.59375,52.0,829,1094
58,49,167,184,79.625,67.84375,74.75,835,1100
58,18,27,100,29.25,10.96875,40.625,870,1172
58,5,84,90,8.125,34.125,36.5625,954,1247
58,36,161,160,58.5,65.40625,65.0,682,982
58,54,93,237,87.75,37.78125,96.28125,268,919
58,9,23,84,14.625,9.34375,34.125,913,1248
58,20,75,91,32.5,30.46875,36.96875,912,1194
58,48,62,224,78.0,25.1875,91.0,886,1162
58,29,21,180,47.125,8.53125,73.125,830,1095
58,11,169,72,17.875,68.65625,29.25,884,1160
58,29,149,131,47.125,60.53125,53.21875,684,931
58,17,102,58,27.625,41.4375,23.5625,866,1138
58,28,179,106,45.5,72.71875,43.0625,940,1226
58,8,195,58,13.0,79.21875,23.5625,938,1224
58,26,242,101,42.25,98.3125,41.03125,626,822
58,43,180,172,69.875,73.125,69.875,217,233
58,39,237,150,63.375,96.28125,60.9375,692,940
58,25,81,76,40.625,32.90625,30.875,939,1225
58,51,110,220,82.875,44.6875,89.375,837,1102
58,42,45,208,68.25,18.28125,84.5,895,1175
58,25,162,115,40.625,65.8125,46.71875,826,1227
58,35,138,146,56.875,56.0625,59.3125,608,793
58,9,13,118,14.625,5.28125,47.9375,927,1211
58,40,212,155,65.0,86.125,62.96875,840,1105
58,39,62,190,63.375,25.1875,77.1875,838,1103
58,47,227,165,76.375,92.21875,67.03125,925,1209
58,32,177,139,52.0,71.90625,56.46875,841,1106
58,54,170,207,87.75,69.0625,84.09375,153,159
58,16,205,76,26.0,83.28125,30.875,836,1101
58,48,122,205,78.0,49.5625,83.28125,561,962
58,54,134,214,87.75,54.4375,86.9375,663,974
58,35,146,80,56.875,59.3125,32.5,915,1197
58,21,178,104,34.125,72.3125,42.25,955,1249
58,29,213,106,47.125,86.53125,43.0625,848,1114
58,22,98,119,35.75,39.8125,48.34375,851,1117
58,29,188,129,47.125,76.375,52.40625,839,1104
58,56,216,201,91.0,87.75,81.65625,671,911
58,31,66,166,50.375,26.8125,67.4375,898,1178
58,44,145,179,71.5,58.90625,72.71875,674,915
58,10,99,87,16.25,40.21875,35.34375,900,1180
58,57,126,247,92.625,51.1875,100.34375,844,1110
58,14,230,78,22.75,93.4375,31.6875,849,1115
58,9,51,103,14.625,20.71875,41.84375,956,1250
58,32,234,111,52.0,95.0625,45.09375,928,1212
58,24,200,92,39.0,81.25,37.375,509,635
58,46,86,202,74.75,34.9375,82.0625,825,1090
58,50,46,236,81.25,18.6875,95.875,941,1229
58,25,120,125,40.625,48.75,50.78125,473,590
58,36,213,176,58.5,86.53125,71.5,846,1112
58,41,194,206,66.625,78.8125,83.6875,854,1121
58,39,143,213,63.375,58.09375,86.53125,929,1213
58,43,118,176,69.875,47.9375,71.5,642,1118
58,16,122,95,26.0,49.5625,38.59375,856,1123
58,57,157,226,92.625,63.78125,91.8125,89,1109
58,25,134,165,40.625,54.4375,67.03125,861,1129
58,24,46,156,39.0,18.6875,63.375,901,1181
58,25,32,205,40.625,13.0,83.28125,845,1111
58,14,24,170,22.75,9.75,69.0625,875,1149
58,44,168,228,71.5,68.25,92.625,957,1251
58,55,174,242,89.375,70.6875,98.3125,902,1182
58,11,225,58,17.875,91.40625,23.5625,873,1147
58,31,91,155,50.375,36.96875,62.96875,422,552
58,44,35,233,71.5,14.21875,94.65625,906,1186
58,57,233,241,92.625,94.65625,97.90625,942,1230
58,20,189,129,32.5,76.78125,52.40625,931,1215
58,33,100,202,53.625,40.625,82.0625,932,1216
58,6,157,97,9.75,63.78125,39.40625,946,1234
58,50,193,203,81.25,78.40625,82.46875,944,1232
58,11,133,157,17.875,54.03125,63.78125,943,1231
59,34,55,135,55.25,22.34375,54.84375,752,1014
59,6,122,37,9.75,49.5625,15.03125,947,1235
59,21,181,62,34.125,73.53125,25.1875,757,1019
59,14,128,41,22.75,52.0,16.65625,888,1188
59,45,212,117,73.125,86.125,47.53125,758,1164
59,44,71,166,71.5,28.84375,67.4375,746,1130
59,56,210,154,91.0,85.3125,62.5625,750,1012
59,29,78,110,47.125,31.6875,44.6875,726,984
59,35,21,140,56.875,8.53125,56.875,948,1236
59,18,191,45,29.25,77.59375,18.28125,769,1031
59,22,164,55,35.75,66.625,22.34375,791,1053
59,54,35,204,87.75,14.21875,82.875,747,1009
59,13,169,45,21.125,68.65625,18.28125,889,1166
59,46,46,180,74.75,18.6875,73.125,737,1201
59,28,172,82,45.5,69.875,33.3125,763,1025
59,42,21,167,68.25,8.53125,67.84375,765,1131
59,24,162,71,39.0,65.8125,28.84375,753,1015
59,35,90,115,56.875,36.5625,46.71875,756,1018
59,39,165,106,63.375,67.03125,43.0625,761,1023
59,38,111,121,61.75,45.09375,49.15625,751,1252
59,33,206,77,53.625,83.6875,31.28125,787,1049
59,46,249,113,74.75,101.15625,45.90625,760,1022
59,50,213,133,81.25,86.53125,54.03125,768,1030
59,40,64,146,65.0,26.0,59.3125,762,1024
59,8,143,33,13.0,58.09375,13.40625,888,1189
59,34,119,115,55.25,48.34375,46.71875,751,1253
59,29,35,132,47.125,14.21875,53.625,863,1134
59,53,189,148,86.125,76.78125,60.125,770,1032
59,19,228,41,30.875,92.625,16.65625,764,1026
59,50,74,187,81.25,30.0625,75.96875,239,906
59,55,91,183,89.375,36.96875,74.34375,793,1055
59,23,25,118,37.375,10.15625,47.9375,865,1137
59,28,191,65,45.5,77.59375,26.40625,778,1040
59,56,240,145,91.0,97.5,58.90625,790,1052
59,47,34,191,76.375,13.8125,77.59375,316,364
59,25,110,86,40.625,44.6875,34.9375,619,1237
59,58,107,195,94.25,43.46875,79.21875,663,976
59,39,137,114,63.375,55.65625,46.3125,772,1034
59,33,184,79,53.625,74.75,32.09375,776,1038
59,45,52,162,73.125,21.125,65.8125,737,1202
59,37,10,154,60.125,4.0625,62.5625,958,1254
59,48,23,198,78.0,9.34375,80.4375,773,1255
59,27,41,111,43.875,16.65625,45.09375,804,1067
59,26,93,96,42.25,37.78125,39.0,798,1061
59,54,33,224,87.75,13.40625,91.0,777,1039
59,31,222,74,50.375,90.1875,30.0625,774,1036
59,33,79,129,53.625,32.09375,52.40625,532,692
59,21,215,47,34.125,87.34375,19.09375,809,1072
59,17,134,55,27.625,54.4375,22.34375,817,1135
59,15,86,70,24.375,34.9375,28.4375,784,1046
59,38,236,89,61.75,95.875,36.15625,754,1016
59,42,93,144,68.25,37.78125,58.5,783,1045
59,27,223,58,43.875,90.59375,23.5625,782,1044
59,35,64,124,56.875,26.0,50.375,786,1048
59,26,121,76,42.25,49.15625,30.875,811,1075
59,11,38,75,17.875,15.4375,30.46875,890,1168
59,45,139,137,73.125,56.46875,55.65625,785,1047
59,22,97,78,35.75,39.40625,31.6875,619,1245
59,6,54,59,9.75,21.9375,23.96875,923,1256
59,5,194,15,8.125,78.8125,6.09375,951,1257
59,36,177,94,58.5,71.90625,38.1875,789,1051
59,24,142,71,39.0,57.6875,28.84375,807,1238
59,43,228,107,69.875,92.625,43.46875,758,1167
59,47,180,128,76.375,73.125,52.0,919,1203
59,46,120,140,74.75,48.75,56.875,806,1069
59,9,172,23,14.625,69.875,9.34375,935,1258
59,37,203,98,60.125,82.46875,39.8125,820,1084
59,49,237,123,79.625,96.28125,49.96875,808,1071
59,58,188,166,94.25,76.375,67.4375,788,1050
59,35,112,103,56.875,45.5,41.84375,800,1063
59,45,151,112,73.125,61.34375,45.5,959,1259
59,9,140,68,14.625,56.875,27.625,936,1221
59,20,65,84,32.5,26.40625,34.125,910,1192
59,20,126,66,32.5,51.1875,26.8125,807,1241
59,8,90,53,13.0,36.5625,21.53125,949,1239
59,15,64,76,24.375,26.0,30.875,864,1136
59,50,100,156,81.25,40.625,63.375,867,1139
59,5,179,14,8.125,72.71875,5.6875,935,1260
59,46,164,132,74.75,66.625,53.625,672,912
59,11,233,21,17.875,94.65625,8.53125,891,1169
59,51,121,167,82.875,49.15625,67.84375,802,1065
59,40,15,187,65.0,6.09375,75.96875,681,928
59,44,200,98,71.5,81.25,39.8125,862,1133
59,44,196,163,71.5,79.625,66.21875,828,1093
59,46,15,209,74.75,6.09375,84.90625,773,1261
59,40,112,138,65.0,45.5,56.0625,818,1082
59,25,10,169,40.625,4.0625,68.65625,725,983
59,17,107,58,27.625,43.46875,23.5625,866,1138
59,17,40,88,27.625,16.25,35.75,870,1171
59,58,167,174,94.25,67.84375,70.6875,212,1085
59,24,68,132,39.0,27.625,53.625,833,1098
59,54,62,202,87.75,25.1875,82.0625,196,767
59,33,150,96,53.625,60.9375,39.0,819,1083
59,53,163,154,86.125,66.21875,62.5625,822,1087
59,17,247,33,27.625,100.34375,13.40625,815,1079
59,53,210,186,86.125,85.3125,75.5625,832,1097
59,5,228,32,8.125,92.625,13.0,960,1262
59,21,162,95,34.125,65.8125,38.59375,516,642
59,31,23,182,50.375,9.34375,73.9375,830,1095
59,7,214,19,11.375,86.9375,7.71875,951,1263
59,54,17,227,87.75,6.90625,92.21875,730,990
59,9,72,59,14.625,29.25,23.96875,923,1264
59,55,132,172,89.375,53.625,69.875,816,1080
59,29,129,88,47.125,52.40625,35.75,961,1265
59,19,28,102,30.875,11.375,41.4375,870,1172
59,41,192,144,66.625,78.0,58.5,885,1161
59,38,215,129,61.75,87.34375,52.40625,375,987
59,13,171,73,21.125,69.46875,29.65625,884,1160
59,9,6,91,14.625,2.4375,36.96875,913,1244
59,22,75,94,35.75,30.46875,38.1875,912,1194
59,11,20,89,17.875,8.125,36.15625,913,1248
59,47,242,145,76.375,98.3125,58.90625,962,1266
59,44,180,173,71.5,73.125,70.28125,217,233
59,22,220,72,35.75,89.375,29.25,963,1267
59,56,95,236,91.0,38.59375,95.875,268,919
59,36,117,155,58.5,47.53125,62.96875,627,824
59,24,132,112,39.0,53.625,45.5,826,1228
59,48,201,183,78.0,81.65625,74.34375,953,1246
59,17,32,129,27.625,13.0,52.40625,829,1094
59,36,166,164,58.5,67.4375,66.625,682,982
59,30,152,135,48.75,61.75,54.84375,684,931
59,25,77,77,40.625,31.28125,31.28125,939,1225
59,9,199,60,14.625,80.84375,24.375,938,1224
59,27,244,101,43.875,99.125,41.03125,626,822
59,7,87,92,11.375,35.34375,37.375,954,1247
59,5,107,65,8.125,43.46875,26.40625,964,1268
59,41,215,154,66.625,87.34375,62.5625,840,1105
59,49,167,186,79.625,67.84375,75.5625,835,1100
59,34,179,142,55.25,72.71875,57.6875,841,1106
59,51,107,222,82.875,43.46875,90.1875,837,1102
59,54,171,210,87.75,69.46875,85.3125,153,159
59,27,164,123,43.875,66.625,49.96875,826,1227
59,49,232,169,79.625,94.25,68.65625,925,1209
59,11,13,123,17.875,5.28125,49.96875,927,1211
59,5,152,55,8.125,61.75,22.34375,965,1269
59,30,177,112,48.75,71.90625,45.5,940,1226
59,40,62,188,65.0,25.1875,76.375,838,1103
59,43,46,211,69.875,18.6875,85.71875,895,1175
59,17,204,76,27.625,82.875,30.875,836,1101
59,35,147,79,56.875,59.71875,32.09375,915,1197
59,23,182,111,37.375,73.9375,45.09375,955,1249
59,31,216,110,50.375,87.75,44.6875,848,1114
59,49,120,207,79.625,48.75,84.09375,561,962
59,57,218,205,92.625,88.5625,83.28125,671,911
59,36,142,150,58.5,57.6875,60.9375,608,793
59,31,191,134,50.375,77.59375,54.4375,839,1104
59,33,67,166,53.625,27.21875,67.4375,898,1178
59,24,102,123,39.0,41.4375,49.96875,851,1117
59,25,203,94,40.625,82.46875,38.1875,509,635
59,57,127,246,92.625,51.59375,99.9375,844,1110
59,44,147,179,71.5,59.71875,72.71875,674,915
59,12,104,89,19.5,42.25,36.15625,900,1180
59,25,25,207,40.625,10.15625,84.09375,845,1111
59,58,161,223,94.25,65.40625,90.59375,89,1109
59,47,84,201,76.375,34.125,81.65625,825,1090
59,37,214,178,60.125,86.9375,72.3125,846,1112
59,17,125,95,27.625,50.78125,38.59375,856,1123
59,33,236,112,53.625,95.875,45.5,928,1212
59,40,144,213,65.0,58.5,86.53125,929,1213
59,43,118,178,69.875,47.9375,72.3125,642,1118
59,51,45,242,82.875,18.28125,98.3125,941,1229
59,24,43,156,39.0,17.46875,63.375,901,1181
59,26,136,168,42.25,55.25,68.25,861,1129
59,56,175,242,91.0,71.09375,98.3125,902,1182
59,58,237,240,94.25,96.28125,97.5,942,1230
59,12,224,57,19.5,91.0,23.15625,873,1147
59,35,105,204,56.875,42.65625,82.875,932,1216
59,38,69,239,61.75,28.03125,97.09375,966,1270
59,7,153,100,11.375,62.15625,40.625,946,1234
59,16,24,176,26.0,9.75,71.5,875,1149
59,41,187,207,66.625,75.96875,84.09375,854,1121
59,20,192,128,32.5,78.0,52.0,931,1215
59,49,190,238,79.625,77.1875,96.6875,967,1271
60,7,126,37,11.375,51.1875,15.03125,947,1235
60,47,212,120,76.375,86.125,48.75,758,1164
60,23,183,62,37.375,74.34375,25.1875,757,1019
60,56,209,157,91.0,84.90625,63.78125,750,1012
60,55,34,210,89.375,13.8125,85.3125,747,1009
60,45,71,171,73.125,28.84375,69.46875,746,1130
60,35,56,139,56.875,22.75,56.46875,752,1014
60,51,211,135,82.875,85.71875,54.84375,768,1030
60,15,129,42,24.375,52.40625,17.0625,888,1188
60,20,193,48,32.5,78.40625,19.5,769,1031
60,47,45,184,76.375,18.28125,74.75,737,1201
60,42,65,150,68.25,26.40625,60.9375,762,1024
60,36,21,141,58.5,8.53125,57.28125,948,1272
60,24,165,57,39.0,67.03125,23.15625,791,1053
60,40,167,108,65.0,67.84375,43.875,761,1023
60,36,91,117,58.5,36.96875,47.53125,756,1018
60,43,21,170,69.875,8.53125,69.0625,765,1131
60,47,249,114,76.375,101.15625,46.3125,760,1022
60,31,78,114,50.375,31.6875,46.3125,726,984
60,29,172,85,47.125,69.875,34.53125,763,1025
60,34,204,79,55.25,82.875,32.09375,787,1049
60,40,112,125,65.0,45.5,50.78125,751,1252
60,55,34,228,89.375,13.8125,92.625,777,1039
60,9,148,35,14.625,60.125,14.21875,888,1189
60,26,161,74,42.25,65.40625,30.0625,753,1015
60,31,35,135,50.375,14.21875,54.84375,863,1134
60,46,52,165,74.75,21.125,67.03125,737,1202
60,52,75,191,84.5,30.46875,77.59375,239,906
60,25,26,121,40.625,10.5625,49.15625,865,1137
60,48,33,194,78.0,13.40625,78.8125,316,364
60,5,236,5,8.125,95.875,2.03125,968,1273
60,49,23,201,79.625,9.34375,81.65625,773,1255
60,53,188,150,86.125,76.375,60.9375,770,1032
60,56,92,186,91.0,37.375,75.5625,793,1055
60,46,139,138,74.75,56.46875,56.0625,785,1047
60,38,10,158,61.75,4.0625,64.1875,958,1254
60,13,173,44,21.125,70.28125,17.875,889,1166
60,41,138,119,66.625,56.0625,48.34375,772,1034
60,34,184,81,55.25,74.75,32.90625,776,1038
60,27,108,88,43.875,43.875,35.75,619,1237
60,28,225,60,45.5,91.40625,24.375,782,1044
60,20,229,44,32.5,93.03125,17.875,764,1026
60,57,240,146,92.625,97.5,59.3125,790,1052
60,35,80,133,56.875,32.5,54.03125,532,692
60,23,95,81,37.375,38.59375,32.90625,619,1245
60,18,138,56,29.25,56.0625,22.75,817,1135
60,29,194,67,47.125,78.8125,27.21875,778,1040
60,32,225,76,52.0,91.40625,30.875,774,1036
60,7,196,16,11.375,79.625,6.5,951,1257
60,44,94,147,71.5,38.1875,59.71875,783,1045
60,17,88,73,27.625,35.75,29.65625,784,1046
60,23,217,48,37.375,88.15625,19.5,809,1072
60,47,179,128,76.375,72.71875,52.0,919,1203
60,7,54,60,11.375,21.9375,24.375,923,1256
60,37,179,100,60.125,72.71875,40.625,789,1051
60,29,42,115,47.125,17.0625,46.71875,804,1067
60,39,235,90,63.375,95.46875,36.5625,754,1016
60,27,92,98,43.875,37.375,39.8125,798,1061
60,55,5,244,89.375,2.03125,99.125,969,1274
60,45,201,97,73.125,81.65625,39.40625,862,1133
60,28,122,79,45.5,49.5625,32.09375,811,1075
60,37,114,107,60.125,46.3125,43.46875,800,1063
60,48,122,146,78.0,49.5625,59.3125,806,1069
60,46,149,115,74.75,60.53125,46.71875,959,1259
60,58,185,165,94.25,75.15625,67.03125,788,1050
60,37,63,129,60.125,25.59375,52.40625,786,1048
60,44,226,110,71.5,91.8125,44.6875,758,1167
60,14,42,78,22.75,17.0625,31.6875,890,1168
60,50,236,126,81.25,95.875,51.1875,808,1071
60,10,174,25,16.25,70.6875,10.15625,935,1258
60,10,141,69,16.25,57.28125,28.03125,936,1221
60,26,142,72,42.25,57.6875,29.25,807,1238
60,16,66,78,26.0,26.8125,31.6875,864,1136
60,6,179,16,9.75,72.71875,6.5,935,1260
60,51,146,150,82.875,59.3125,60.9375,970,1275
60,21,65,87,34.125,26.40625,35.34375,910,1192
60,10,91,55,16.25,36.96875,22.34375,949,1239
60,51,103,159,82.875,41.84375,64.59375,867,1139
60,45,199,164,73.125,80.84375,66.625,828,1093
60,22,125,69,35.75,50.78125,28.03125,807,1241
60,13,236,23,21.125,95.875,9.34375,891,1169
60,52,122,171,84.5,49.5625,69.46875,802,1065
60,18,107,59,29.25,43.46875,23.96875,866,1138
60,33,24,154,53.625,9.75,62.5625,948,1276
60,56,133,176,91.0,54.03125,71.5,816,1080
60,41,113,141,66.625,45.90625,57.28125,818,1082
60,48,16,212,78.0,6.5,86.125,773,1261
60,19,41,93,30.875,16.65625,37.78125,870,1171
60,47,164,135,76.375,66.625,54.84375,672,912
60,25,130,112,40.625,52.8125,45.5,826,1228
60,55,15,228,89.375,6.09375,92.625,730,990
60,55,61,203,89.375,24.78125,82.46875,196,767
60,27,11,175,43.875,4.46875,71.09375,725,983
60,41,16,190,66.625,6.5,77.1875,681,928
60,54,162,158,87.75,65.8125,64.1875,822,1087
60,8,214,21,13.0,86.9375,8.53125,951,1263
60,25,65,136,40.625,26.40625,55.25,833,1098
60,22,162,97,35.75,65.8125,39.40625,516,642
60,54,210,186,87.75,85.3125,75.5625,832,1097
60,10,72,62,16.25,29.25,25.1875,923,1264
60,5,228,31,8.125,92.625,12.59375,960,1262
60,34,151,99,55.25,61.34375,40.21875,819,1083
60,20,29,104,32.5,11.78125,42.25,870,1172
60,30,130,92,48.75,52.8125,37.375,961,1265
60,25,75,99,40.625,30.46875,40.21875,912,1194
60,33,24,185,53.625,9.75,75.15625,830,1095
60,15,173,74,24.375,70.28125,30.0625,884,1160
60,18,246,34,29.25,99.9375,13.8125,815,1079
60,47,243,145,76.375,98.71875,58.90625,962,1266
60,10,7,92,16.25,2.84375,37.375,913,1244
60,48,202,186,78.0,82.0625,75.5625,953,1246
60,18,31,132,29.25,12.59375,53.625,829,1094
60,56,94,236,91.0,38.1875,95.875,268,919
60,37,120,157,60.125,48.75,63.78125,627,824
60,50,166,191,81.25,67.4375,77.59375,835,1100
60,13,19,92,21.125,7.71875,37.375,913,1248
60,6,108,66,9.75,43.875,26.8125,964,1268
60,27,167,124,43.875,67.84375,50.375,826,1227
60,35,178,142,56.875,72.3125,57.6875,841,1106
60,41,216,158,66.625,87.75,64.1875,840,1105
60,31,153,136,50.375,62.15625,55.25,684,931
60,8,87,94,13.0,35.34375,38.1875,954,1247
60,26,77,79,42.25,31.28125,32.09375,939,1225
60,10,201,62,16.25,81.65625,25.1875,938,1224
60,22,221,75,35.75,89.78125,30.46875,963,1267
60,41,194,145,66.625,78.8125,58.90625,885,1161
60,44,182,176,71.5,73.9375,71.5,217,233
60,30,181,111,48.75,73.53125,45.09375,940,1226
60,37,169,166,60.125,68.65625,67.4375,682,982
60,41,64,190,66.625,26.0,77.1875,838,1103
60,49,231,168,79.625,93.84375,68.25,925,1209
60,12,10,124,19.5,4.0625,50.375,927,1211
60,54,129,217,87.75,52.40625,88.15625,971,1277
60,28,245,102,45.5,99.53125,41.4375,626,822
60,54,172,214,87.75,69.875,86.9375,153,159
60,58,164,222,94.25,66.625,90.1875,89,1109
60,58,212,204,94.25,86.125,82.875,671,911
60,6,6,77,9.75,2.4375,31.28125,972,1278
60,36,146,81,58.5,59.3125,32.90625,915,1197
60,18,206,77,29.25,83.6875,31.28125,836,1101
60,7,157,57,11.375,63.78125,23.15625,965,1269
60,45,49,214,73.125,19.90625,86.9375,895,1175
60,51,65,235,82.875,26.40625,95.46875,973,1279
60,47,89,206,76.375,36.15625,83.6875,825,1090
60,45,147,179,73.125,59.71875,72.71875,674,915
60,51,106,221,82.875,43.0625,89.78125,837,1102
60,37,144,152,60.125,58.5,61.75,608,793
60,31,218,112,50.375,88.5625,45.5,848,1114
60,33,67,167,53.625,27.21875,67.84375,898,1178
60,26,202,93,42.25,82.0625,37.78125,509,635
60,12,53,105,19.5,21.53125,42.65625,974,1280
60,13,103,89,21.125,41.84375,36.15625,900,1180
60,24,102,123,39.0,41.4375,49.96875,851,1117
60,57,122,245,92.625,49.5625,99.53125,844,1110
60,37,212,180,60.125,86.125,73.125,846,1112
60,52,47,247,84.5,19.09375,100.34375,941,1229
60,12,44,110,19.5,17.875,44.6875,975,1281
60,15,228,83,24.375,92.625,33.71875,976,1282
60,39,69,239,63.375,28.03125,97.09375,966,1270
60,33,241,114,53.625,97.90625,46.3125,928,1212
60,26,24,210,42.25,9.75,85.3125,845,1283
60,19,125,95,30.875,50.78125,38.59375,856,1123
60,42,191,208,68.25,77.59375,84.5,854,1121
60,27,33,208,43.875,13.40625,84.5,845,1284
60,26,246,132,42.25,99.9375,53.625,977,1285
60,26,43,161,42.25,17.46875,65.40625,901,1181
60,26,135,170,42.25,54.84375,69.0625,861,1129
60,33,93,159,53.625,37.78125,64.59375,978,1286
60,40,143,214,65.0,58.09375,86.9375,929,1213
60,46,167,229,74.75,67.84375,93.03125,979,1287
60,45,39,240,73.125,15.84375,97.5,980,1288
60,13,223,60,21.125,90.59375,24.375,873,1147
60,56,172,241,91.0,69.875,97.90625,902,1182
60,51,199,205,82.875,80.84375,83.28125,981,1289
60,52,247,183,84.5,100.34375,74.34375,982,1290
60,20,183,132,32.5,74.34375,53.625,931,1215
61,8,129,39,13.0,52.40625,15.84375,947,1235
61,48,214,124,78.0,86.9375,50.375,758,1164
61,47,72,173,76.375,29.25,70.28125,746,1130
61,56,33,212,91.0,13.40625,86.125,747,1009
61,57,208,158,92.625,84.5,64.1875,750,1012
61,16,131,43,26.0,53.21875,17.46875,888,1188
61,44,68,151,71.5,27.625,61.34375,762,1024
61,48,45,186,78.0,18.28125,75.5625,737,1201
61,21,192,51,34.125,78.0,20.71875,769,1031
61,24,183,65,39.0,74.34375,26.40625,757,1019
61,35,203,83,56.875,82.46875,33.71875,787,1049
61,36,56,142,58.5,22.75,57.6875,752,1014
61,6,240,7,9.75,97.5,2.84375,968,1273
61,52,212,135,84.5,86.125,54.84375,768,1030
61,47,250,116,76.375,101.5625,47.125,760,1022
61,45,24,173,73.125,9.75,70.28125,765,1131
61,25,165,61,40.625,67.03125,24.78125,791,1053
61,46,52,164,74.75,21.125,66.625,737,1202
61,41,166,111,66.625,67.4375,45.09375,761,1023
61,18,90,75,29.25,36.5625,30.46875,784,1046
61,37,91,118,60.125,36.96875,47.9375,756,1018
61,29,109,89,47.125,44.28125,36.15625,619,1237
61,32,78,117,52.0,31.6875,47.53125,726,984
61,32,37,139,52.0,15.03125,56.46875,863,1134
61,31,172,89,50.375,69.875,36.15625,763,1025
61,49,34,199,79.625,13.8125,80.84375,316,364
61,14,174,45,22.75,70.6875,18.28125,889,1166
61,8,201,16,13.0,81.65625,6.5,951,1257
61,56,33,230,91.0,13.40625,93.4375,777,1039
61,48,179,131,78.0,72.71875,53.21875,919,1203
61,47,137,141,76.375,55.65625,57.28125,785,1047
61,37,120,119,60.125,48.75,48.34375,800,1063
61,26,26,123,42.25,10.5625,49.96875,865,1137
61,56,91,184,91.0,36.96875,74.75,793,1055
61,37,24,141,60.125,9.75,57.28125,948,1272
61,41,111,127,66.625,45.09375,51.59375,751,1252
61,33,225,78,53.625,91.40625,31.6875,774,1036
61,52,72,193,84.5,29.25,78.40625,239,906
61,39,12,163,63.375,4.875,66.21875,958,1254
61,54,189,151,87.75,76.78125,61.34375,770,1032
61,25,97,83,40.625,39.40625,33.71875,619,1245
61,46,94,149,74.75,38.1875,60.53125,783,1045
61,28,162,77,45.5,65.8125,31.28125,753,1015
61,31,197,70,50.375,80.03125,28.4375,778,1040
61,49,21,200,79.625,8.53125,81.25,773,1255
61,30,43,117,48.75,17.46875,47.53125,804,1067
61,35,184,84,56.875,74.75,34.125,776,1038
61,29,225,62,47.125,91.40625,25.1875,782,1044
61,22,231,47,35.75,93.84375,19.09375,764,1026
61,41,234,93,66.625,95.0625,37.78125,754,1016
61,9,57,63,14.625,23.15625,25.59375,923,1256
61,42,138,122,68.25,56.0625,49.5625,772,1034
61,19,138,58,30.875,56.0625,23.5625,817,1135
61,11,151,38,17.875,61.34375,15.4375,888,1189
61,58,83,214,94.25,33.71875,86.9375,983,1291
61,24,218,52,39.0,88.5625,21.125,809,1072
61,29,95,102,47.125,38.59375,41.4375,798,1061
61,58,238,151,94.25,96.6875,61.34375,790,1052
61,11,176,27,17.875,71.5,10.96875,935,1258
61,37,82,136,60.125,33.3125,55.25,532,692
61,18,69,80,29.25,28.03125,32.5,864,1136
61,39,180,106,63.375,73.125,43.0625,789,1051
61,46,148,115,74.75,60.125,46.71875,959,1259
61,37,63,129,60.125,25.59375,52.40625,786,1048
61,45,225,112,73.125,91.40625,45.5,758,1167
61,49,120,149,79.625,48.75,60.53125,806,1069
61,46,202,98,74.75,82.0625,39.8125,862,1133
61,28,124,80,45.5,50.375,32.5,811,1075
61,58,53,226,94.25,21.53125,91.8125,984,1292
61,52,103,163,84.5,41.84375,66.21875,867,1139
61,23,68,90,37.375,27.625,36.5625,910,1192
61,40,204,105,65.0,82.875,42.65625,985,1293
61,11,141,73,17.875,57.28125,29.65625,936,1221
61,11,93,57,17.875,37.78125,23.15625,949,1239
61,23,125,71,37.375,50.78125,28.84375,807,1241
61,50,235,128,81.25,95.46875,52.0,808,1071
61,8,182,18,13.0,73.9375,7.3125,935,1260
61,14,238,24,22.75,96.6875,9.75,891,1169
61,16,47,79,26.0,19.09375,32.09375,890,1294
61,42,16,193,68.25,6.5,78.40625,681,928
61,20,41,95,32.5,16.65625,38.59375,870,1171
61,19,106,60,30.875,43.0625,24.375,866,1295
61,26,143,75,42.25,58.09375,30.46875,807,1238
61,11,37,81,17.875,15.03125,32.90625,890,1296
61,51,148,155,82.875,60.125,62.96875,970,1275
61,56,62,204,91.0,25.1875,82.875,196,767
61,33,27,154,53.625,10.96875,62.5625,948,1276
61,52,121,173,84.5,49.15625,70.28125,802,1065
61,29,18,178,47.125,7.3125,72.3125,725,983
61,6,52,99,9.75,21.125,40.21875,986,1297
61,54,164,156,87.75,66.625,63.375,822,1087
61,42,114,145,68.25,46.3125,58.90625,818,1082
61,9,214,25,14.625,86.9375,10.15625,951,1263
61,5,229,31,8.125,93.03125,12.59375,960,1262
61,57,133,177,92.625,54.03125,71.90625,816,1080
61,47,162,135,76.375,65.8125,54.84375,672,912
61,49,15,216,79.625,6.09375,87.75,773,1261
61,45,197,167,73.125,80.03125,67.84375,828,1093
61,22,29,107,35.75,11.78125,43.46875,870,1172
61,16,112,51,26.0,45.5,20.71875,866,1298
61,23,163,99,37.375,66.21875,40.21875,516,642
61,19,31,135,30.875,12.59375,54.84375,829,1094
61,26,64,139,42.25,26.0,56.46875,833,1098
61,11,9,94,17.875,3.65625,38.1875,913,1244
61,11,76,63,17.875,30.875,25.59375,923,1264
61,27,77,104,43.875,31.28125,42.25,912,1194
61,31,131,96,50.375,53.21875,39.0,961,1265
61,5,34,70,8.125,13.8125,28.4375,987,1299
61,48,203,187,78.0,82.46875,75.96875,953,1246
61,54,212,191,87.75,86.125,77.59375,832,1097
61,34,150,103,55.25,60.9375,41.84375,819,1083
61,56,93,238,91.0,37.78125,96.6875,268,919
61,32,153,140,52.0,62.15625,56.875,684,931
61,10,90,94,16.25,36.5625,38.1875,954,1247
61,14,21,95,22.75,8.53125,38.59375,913,1248
61,47,247,146,76.375,100.34375,59.3125,962,1266
61,16,176,78,26.0,71.5,31.6875,884,1160
61,26,79,78,42.25,32.09375,31.6875,939,1225
61,37,119,158,60.125,48.34375,64.1875,627,824
61,49,167,191,79.625,67.84375,77.59375,835,1100
61,31,182,114,50.375,73.9375,46.3125,940,1226
61,50,232,167,81.25,94.25,67.84375,925,1209
61,25,128,114,40.625,52.0,46.3125,826,1228
61,23,222,77,37.375,90.1875,31.28125,963,1267
61,36,179,144,58.5,72.71875,58.5,841,1300
61,38,169,168,61.75,68.65625,68.25,682,982
61,7,109,70,11.375,44.28125,28.4375,964,1268
61,50,130,207,81.25,52.8125,84.09375,988,1301
61,41,193,146,66.625,78.40625,59.3125,885,1161
61,33,25,188,53.625,10.15625,76.375,830,1095
61,7,7,81,11.375,2.84375,32.90625,972,1278
61,42,215,156,68.25,87.34375,63.375,840,1105
61,42,65,192,68.25,26.40625,78.0,838,1103
61,10,201,66,16.25,81.65625,26.8125,938,1224
61,31,219,116,50.375,88.96875,47.125,848,1114
61,44,182,178,71.5,73.9375,72.3125,217,233
61,14,10,128,22.75,4.0625,52.0,927,1211
61,9,163,59,14.625,66.21875,23.96875,965,1269
61,38,219,123,61.75,88.96875,49.96875,989,1302
61,37,149,84,60.125,60.53125,34.125,915,1197
61,48,91,207,78.0,36.96875,84.09375,825,1090
61,18,209,80,29.25,84.90625,32.5,836,1101
61,46,55,216,74.75,22.34375,87.75,895,1175
61,37,142,153,60.125,57.6875,62.15625,608,793
61,52,108,222,84.5,43.875,90.1875,837,1102
61,34,69,172,55.25,28.03125,69.875,898,1178
61,28,246,104,45.5,99.9375,42.25,626,822
61,55,174,214,89.375,70.6875,86.9375,153,159
61,13,46,109,21.125,18.6875,44.28125,975,1281
61,14,109,95,22.75,44.28125,38.59375,900,1180
61,51,65,235,82.875,26.40625,95.46875,973,1279
61,33,191,138,53.625,77.59375,56.0625,841,1303
61,40,238,153,65.0,96.6875,62.15625,990,1304
61,44,148,177,71.5,60.125,71.90625,674,915
61,27,202,96,43.875,82.0625,39.0,509,635
61,25,99,125,40.625,40.21875,50.78125,851,1117
61,28,31,213,45.5,12.59375,86.53125,845,1284
61,57,124,248,92.625,50.375,100.75,844,1110
61,28,166,125,45.5,67.4375,50.78125,826,1227
61,27,120,131,43.875,48.75,53.21875,991,1305
61,38,216,183,61.75,87.75,74.34375,846,1112
61,34,242,116,55.25,98.3125,47.125,928,1212
61,20,124,99,32.5,50.375,40.21875,856,1123
61,48,111,250,78.0,45.09375,101.5625,992,1306
61,16,229,84,26.0,93.03125,34.125,976,1282
61,40,70,244,65.0,28.4375,99.125,966,1270
61,26,246,133,42.25,99.9375,54.03125,977,1285
61,32,91,159,52.0,36.96875,64.59375,978,1286
61,57,173,243,92.625,70.28125,98.71875,902,1182
61,27,134,174,43.875,54.4375,70.6875,861,1129
61,12,225,59,19.5,91.40625,23.96875,873,1147
61,32,227,142,52.0,92.21875,57.6875,993,1307
61,9,155,105,14.625,62.96875,42.65625,994,1308
61,46,38,243,74.75,15.4375,98.71875,980,1288
61,49,190,240,79.625,77.1875,97.5,995,1309
61,31,192,161,50.375,78.0,65.40625,996,1310
62,48,213,124,78.0,86.53125,50.375,758,1164
62,48,72,175,78.0,29.25,71.09375,746,1130
62,10,131,41,16.25,53.21875,16.65625,947,1235
62,57,32,212,92.625,13.0,86.125,747,1009
62,48,46,189,78.0,18.6875,76.78125,737,1201
62,58,210,160,94.25,85.3125,65.0,750,1012
62,17,133,43,27.625,54.03125,17.46875,888,1188
62,36,207,84,58.5,84.09375,34.125,787,1049
62,33,34,139,53.625,13.8125,56.46875,863,1134
62,33,77,118,53.625,31.28125,47.9375,726,984
62,20,139,61,32.5,56.46875,24.78125,817,1135
62,53,214,139,86.125,86.9375,56.46875,768,1030
62,44,68,153,71.5,27.625,62.15625,762,1024
62,46,25,177,74.75,10.15625,71.90625,765,1131
62,7,241,8,11.375,97.90625,3.25,968,1273
62,50,33,201,81.25,13.40625,81.65625,316,364
62,10,204,19,16.25,82.875,7.71875,951,1257
62,31,107,92,50.375,43.46875,37.375,619,1237
62,32,173,90,52.0,70.28125,36.5625,763,1025
62,41,165,112,66.625,67.03125,45.5,761,1023
62,38,91,123,61.75,36.96875,49.96875,756,1018
62,46,52,165,74.75,21.125,67.03125,737,1202
62,48,137,141,78.0,55.65625,57.28125,785,1047
62,23,200,53,37.375,81.25,21.53125,769,1031
62,30,227,64,48.75,92.21875,26.0,782,1044
62,26,169,62,42.25,68.65625,25.1875,791,1053
62,36,54,145,58.5,21.9375,58.90625,752,1014
62,36,187,84,58.5,75.96875,34.125,776,1038
62,31,38,119,50.375,15.4375,48.34375,804,1067
62,42,111,127,68.25,45.09375,51.59375,751,1252
62,48,178,130,78.0,72.3125,52.8125,919,1203
62,25,185,67,40.625,75.15625,27.21875,757,1019
62,38,24,144,61.75,9.75,58.5,948,1272
62,55,189,156,89.375,76.78125,63.375,770,1032
62,28,165,79,45.5,67.03125,32.09375,753,1015
62,37,119,121,60.125,48.34375,49.15625,800,1063
62,53,71,195,86.125,28.84375,79.21875,239,906
62,41,14,165,66.625,5.6875,67.03125,958,1254
62,19,88,76,30.875,35.75,30.875,784,1046
62,5,156,24,8.125,63.375,9.75,997,1311
62,57,92,189,92.625,37.375,76.78125,793,1055
62,57,32,232,92.625,13.0,94.25,777,1039
62,23,237,47,37.375,96.28125,19.09375,764,1026
62,32,200,72,52.0,81.25,29.25,778,1040
62,31,95,105,50.375,38.59375,42.65625,798,1061
62,27,27,123,43.875,10.96875,49.96875,865,1137
62,46,95,151,74.75,38.59375,61.34375,783,1045
62,49,17,198,79.625,6.90625,80.4375,773,1255
62,5,85,47,8.125,34.53125,19.09375,998,1312
62,35,229,81,56.875,93.03125,32.90625,774,1036
62,10,58,65,16.25,23.5625,26.40625,923,1256
62,37,80,138,60.125,32.5,56.0625,532,692
62,42,237,99,68.25,96.28125,40.21875,754,1016
62,39,64,134,63.375,26.0,54.4375,786,1048
62,47,226,113,76.375,91.8125,45.90625,758,1167
62,40,183,108,65.0,74.34375,43.875,789,1051
62,16,178,48,26.0,72.3125,19.5,889,1166
62,13,182,30,21.125,73.9375,12.1875,935,1258
62,17,48,84,27.625,19.5,34.125,890,1294
62,39,137,119,63.375,55.65625,48.34375,772,1034
62,20,68,83,32.5,27.625,33.71875,864,1136
62,25,95,83,40.625,38.59375,33.71875,619,1245
62,13,155,40,21.125,62.96875,16.25,888,1189
62,53,103,164,86.125,41.84375,66.625,867,1139
62,29,124,81,47.125,50.375,32.90625,811,1075
62,50,123,153,81.25,49.96875,62.15625,806,1069
62,58,249,157,94.25,101.15625,63.78125,790,1313
62,41,206,107,66.625,83.6875,43.46875,985,1293
62,13,92,59,21.125,37.375,23.96875,949,1239
62,25,66,93,40.625,26.8125,37.78125,910,1192
62,10,187,21,16.25,75.96875,8.53125,935,1260
62,27,143,78,43.875,58.09375,31.6875,807,1238
62,20,167,53,32.5,67.84375,21.53125,999,1314
62,15,240,27,24.375,97.5,10.96875,891,1169
62,12,141,76,19.5,57.28125,30.875,936,1221
62,24,122,72,39.0,49.5625,29.25,807,1241
62,51,238,131,82.875,96.6875,53.21875,808,1071
62,57,135,180,92.625,54.84375,73.125,816,1080
62,21,41,98,34.125,16.65625,39.8125,870,1171
62,12,37,83,19.5,15.03125,33.71875,890,1296
62,47,161,134,76.375,65.40625,54.4375,672,912
62,57,234,153,92.625,95.0625,62.15625,790,1315
62,46,146,113,74.75,59.3125,45.90625,959,1259
62,50,15,219,81.25,6.09375,88.96875,773,1261
62,56,12,230,91.0,4.875,93.4375,1000,1316
62,56,60,205,91.0,24.375,83.28125,196,767
62,47,205,98,76.375,83.28125,39.8125,862,1133
62,47,199,166,76.375,80.84375,67.4375,828,1093
62,11,218,28,17.875,88.5625,11.375,951,1263
62,29,19,182,47.125,7.71875,73.9375,725,983
62,35,25,157,56.875,10.15625,63.78125,948,1276
62,21,103,63,34.125,41.84375,25.59375,866,1295
62,53,121,177,86.125,49.15625,71.90625,802,1065
62,7,109,42,11.375,44.28125,17.0625,1001,1317
62,43,113,146,69.875,45.90625,59.3125,818,1082
62,55,164,159,89.375,66.625,64.59375,822,1087
62,19,249,39,30.875,101.15625,15.84375,1002,1318
62,6,230,32,9.75,93.4375,13.0,960,1262
62,6,53,101,9.75,21.53125,41.03125,986,1297
62,35,149,105,56.875,60.53125,42.65625,819,1083
62,12,8,96,19.5,3.25,39.0,913,1244
62,12,76,67,19.5,30.875,27.21875,923,1264
62,6,35,70,9.75,14.21875,28.4375,987,1299
62,54,212,195,87.75,86.125,79.21875,832,1097
62,52,147,158,84.5,59.71875,64.1875,970,1275
62,23,28,109,37.375,11.375,44.28125,870,1172
62,36,219,123,58.5,88.96875,49.96875,989,1302
62,46,113,247,74.75,45.90625,100.34375,992,1306
62,16,111,53,26.0,45.09375,21.53125,866,1298
62,20,30,138,32.5,12.1875,56.0625,829,1094
62,56,93,239,91.0,37.78125,97.09375,268,919
62,49,198,189,79.625,80.4375,76.78125,953,1246
62,24,168,100,39.0,68.25,40.625,516,642
62,10,198,65,16.25,80.4375,26.40625,938,1224
62,39,171,169,63.375,69.46875,68.65625,682,982
62,55,130,217,89.375,52.8125,88.15625,1003,1319
62,36,177,142,58.5,71.90625,57.6875,841,1300
62,32,130,97,52.0,52.8125,39.40625,961,1265
62,14,23,96,22.75,9.34375,39.0,913,1248
62,54,174,213,87.75,70.6875,86.53125,153,159
62,42,61,196,68.25,24.78125,79.625,838,1103
62,11,89,97,17.875,36.15625,39.40625,954,1247
62,41,193,147,66.625,78.40625,59.71875,885,1161
62,32,149,139,52.0,60.53125,56.46875,684,931
62,26,66,139,42.25,26.8125,56.46875,833,1098
62,9,9,82,14.625,3.65625,33.3125,972,1278
62,47,248,152,76.375,100.75,61.75,962,1266
62,27,77,81,43.875,31.28125,32.90625,939,1225
62,37,113,159,60.125,45.90625,64.59375,627,824
62,26,131,115,42.25,53.21875,46.71875,826,1228
62,8,110,71,13.0,44.6875,28.84375,964,1268
62,16,178,79,26.0,72.3125,32.09375,884,1160
62,24,224,79,39.0,91.0,32.09375,963,1267
62,44,183,180,71.5,74.34375,73.125,217,233
62,42,216,159,68.25,87.75,64.59375,840,1105
62,10,164,60,16.25,66.625,24.375,965,1269
62,38,149,85,61.75,60.53125,34.53125,915,1197
62,50,235,171,81.25,95.46875,69.46875,925,1209
62,14,10,129,22.75,4.0625,52.40625,927,1211
62,35,69,173,56.875,28.03125,70.28125,898,1178
62,49,166,191,79.625,67.4375,77.59375,835,1100
62,28,32,214,45.5,13.0,86.9375,845,1284
62,38,136,152,61.75,55.25,61.75,608,793
62,46,58,218,74.75,23.5625,88.5625,895,1175
62,52,104,222,84.5,42.25,90.1875,837,1102
62,48,90,206,78.0,36.5625,83.6875,825,1090
62,18,209,83,29.25,84.90625,33.71875,836,1101
62,45,146,177,73.125,59.3125,71.90625,674,915
62,29,246,105,47.125,99.9375,42.65625,626,822
62,40,236,153,65.0,95.875,62.15625,990,1304
62,14,46,114,22.75,18.6875,46.3125,975,1281
62,16,232,84,26.0,94.25,34.125,976,1282
62,30,161,125,48.75,65.40625,50.78125,826,1227
62,57,125,248,92.625,50.78125,100.75,844,1110
62,39,218,186,63.375,88.5625,75.5625,846,1112
62,51,67,240,82.875,27.21875,97.5,973,1279
62,28,118,131,45.5,47.9375,53.21875,991,1305
62,44,121,178,71.5,49.15625,72.3125,1004,1320
62,5,194,45,8.125,78.8125,18.28125,1005,1321
62,27,202,98,43.875,82.0625,39.8125,509,635
62,15,115,101,24.375,46.71875,41.03125,900,1180
62,25,100,126,40.625,40.625,51.1875,851,1117
62,35,238,118,56.875,96.6875,47.9375,928,1212
62,26,247,131,42.25,100.34375,53.21875,977,1285
62,41,69,247,66.625,28.03125,100.34375,966,1270
62,32,90,158,52.0,36.5625,64.1875,978,1286
62,13,227,62,21.125,92.21875,25.1875,873,1147
62,41,143,225,66.625,58.09375,91.40625,1006,1322
62,28,45,168,45.5,18.28125,68.25,1007,1323
62,28,136,178,45.5,55.25,72.3125,861,1129
62,37,106,214,60.125,43.0625,86.9375,1008,1324
62,50,191,207,81.25,77.59375,84.09375,1009,1325
63,21,136,56,34.125,55.25,22.75,817,1135
63,17,135,42,27.625,54.84375,17.0625,888,1188
63,49,215,125,79.625,87.34375,50.78125,758,1164
63,11,134,41,17.875,54.4375,16.65625,947,1235
63,47,71,177,76.375,28.84375,71.90625,746,1130
63,37,209,88,60.125,84.90625,35.75,787,1049
63,58,212,164,94.25,86.125,66.625,750,1012
63,54,214,142,87.75,86.9375,57.6875,768,1030
63,34,79,121,55.25,32.09375,49.15625,726,984
63,49,46,193,79.625,18.6875,78.40625,737,1201
63,57,32,218,92.625,13.0,88.5625,747,1009
63,47,26,180,76.375,10.5625,73.125,765,1131
63,50,33,203,81.25,13.40625,82.46875,316,364
63,8,242,9,13.0,98.3125,3.65625,968,1273
63,43,113,130,69.875,45.90625,52.8125,751,1252
63,50,16,200,81.25,6.5,81.25,773,1255
63,24,201,55,39.0,81.65625,22.34375,769,1031
63,46,51,168,74.75,20.71875,68.25,737,1202
63,11,206,22,17.875,83.6875,8.9375,951,1257
63,45,68,154,73.125,27.625,62.5625,762,1024
63,38,122,123,61.75,49.5625,49.96875,800,1063
63,27,173,63,43.875,70.28125,25.59375,791,1053
63,33,35,143,53.625,14.21875,58.09375,863,1134
63,31,111,93,50.375,45.09375,37.78125,619,1237
63,56,231,154,91.0,93.84375,62.5625,790,1315
63,24,238,48,39.0,96.6875,19.5,764,1026
63,32,177,90,52.0,71.90625,36.5625,763,1025
63,26,186,69,42.25,75.5625,28.03125,757,1019
63,49,140,146,79.625,56.875,59.3125,785,1047
63,47,97,156,76.375,39.40625,63.375,783,1045
63,39,94,126,63.375,38.1875,51.1875,756,1018
63,20,89,77,32.5,36.15625,31.28125,784,1046
63,7,159,25,11.375,64.59375,10.15625,997,1311
63,42,168,115,68.25,68.25,46.71875,761,1023
63,36,188,87,58.5,76.375,35.34375,776,1038
63,54,73,198,87.75,29.65625,80.4375,239,906
63,57,92,191,92.625,37.375,77.59375,793,1055
63,17,181,48,27.625,73.53125,19.5,889,1166
63,57,32,234,92.625,13.0,95.0625,777,1039
63,36,231,83,58.5,93.84375,33.71875,774,1036
63,38,20,148,61.75,8.125,60.125,948,1272
63,26,223,55,42.25,90.59375,22.34375,1010,1326
63,40,184,108,65.0,74.75,43.875,789,1051
63,42,14,168,68.25,5.6875,68.25,958,1254
63,49,180,133,79.625,73.125,54.03125,919,1203
63,31,38,121,50.375,15.4375,49.15625,804,1067
63,31,229,68,50.375,93.03125,27.625,782,1044
63,5,89,46,8.125,36.15625,18.6875,998,1312
63,28,23,129,45.5,9.34375,52.40625,865,1137
63,11,61,64,17.875,24.78125,26.0,923,1256
63,36,54,148,58.5,21.9375,60.125,752,1014
63,29,167,78,47.125,67.84375,31.6875,753,1015
63,32,203,74,52.0,82.46875,30.0625,778,1040
63,31,96,109,50.375,39.0,44.28125,798,1061
63,56,189,161,91.0,76.78125,65.40625,770,1032
63,47,226,115,76.375,91.8125,46.71875,758,1167
63,5,216,7,8.125,87.75,2.84375,1011,1327
63,39,62,136,63.375,25.1875,55.25,786,1048
63,37,80,140,60.125,32.5,56.875,532,692
63,17,47,84,27.625,19.09375,34.125,890,1294
63,14,186,33,22.75,75.5625,13.40625,935,1258
63,53,104,167,86.125,42.25,67.84375,867,1139
63,43,140,125,69.875,56.875,50.78125,1012,1328
63,42,241,98,68.25,97.90625,39.8125,754,1016
63,20,70,84,32.5,28.4375,34.125,864,1136
63,42,205,109,68.25,83.28125,44.28125,985,1293
63,12,192,23,19.5,78.0,9.34375,935,1260
63,12,38,83,19.5,15.4375,33.71875,890,1296
63,13,95,60,21.125,38.59375,24.375,949,1239
63,49,163,138,79.625,66.21875,56.0625,672,912
63,50,123,155,81.25,49.96875,62.96875,806,1069
63,17,154,45,27.625,62.5625,18.28125,888,1329
63,14,160,39,22.75,65.0,15.84375,888,1330
63,52,242,135,84.5,98.3125,54.84375,808,1071
63,26,69,96,42.25,28.03125,39.0,910,1192
63,21,103,65,34.125,41.84375,26.40625,866,1295
63,30,127,83,48.75,51.59375,33.71875,811,1075
63,16,243,26,26.0,98.71875,10.5625,891,1169
63,47,199,167,76.375,80.84375,67.84375,828,1093
63,51,15,221,82.875,6.09375,89.78125,773,1261
63,12,142,77,19.5,57.6875,31.28125,936,1221
63,53,147,160,86.125,59.71875,65.0,970,1275
63,28,146,77,45.5,59.3125,31.28125,807,1238
63,13,222,31,21.125,90.1875,12.59375,951,1263
63,25,122,73,40.625,49.5625,29.65625,807,1241
63,21,40,99,34.125,16.25,40.21875,870,1171
63,31,19,184,50.375,7.71875,74.75,725,983
63,58,135,182,94.25,54.84375,73.9375,816,1080
63,57,58,206,92.625,23.5625,83.6875,196,767
63,43,115,148,69.875,46.71875,60.125,818,1082
63,56,164,163,91.0,66.625,66.21875,822,1087
63,55,15,233,89.375,6.09375,94.65625,1000,1316
63,7,53,103,11.375,21.53125,41.84375,986,1297
63,6,230,34,9.75,93.4375,13.8125,960,1262
63,6,33,70,9.75,13.40625,28.4375,987,1299
63,47,208,96,76.375,84.5,39.0,862,1133
63,39,175,169,63.375,71.09375,68.65625,682,982
63,37,222,125,60.125,90.1875,50.78125,989,1302
63,54,122,179,87.75,49.5625,72.71875,802,1065
63,55,215,195,89.375,87.34375,79.21875,832,1097
63,7,112,43,11.375,45.5,17.46875,1001,1317
63,42,193,147,68.25,78.40625,59.71875,885,1161
63,12,79,65,19.5,32.09375,26.40625,923,1264
63,37,29,192,60.125,11.78125,78.0,1013,1331
63,24,163,100,39.0,66.21875,40.625,516,642
63,15,24,99,24.375,9.75,40.21875,913,1248
63,10,199,66,16.25,80.84375,26.8125,938,1224
63,45,210,140,73.125,85.3125,56.875,1014,1332
63,49,200,188,79.625,81.25,76.375,953,1246
63,33,146,138,53.625,59.3125,56.0625,684,931
63,17,111,55,27.625,45.09375,22.34375,866,1298
63,50,240,169,81.25,97.5,68.65625,925,1209
63,27,65,142,43.875,26.40625,57.6875,833,1098
63,36,151,107,58.5,61.34375,43.46875,819,1083
63,21,31,142,34.125,12.59375,57.6875,829,1094
63,56,94,238,91.0,38.1875,96.6875,268,919
63,13,8,98,21.125,3.25,39.8125,913,1244
63,55,132,220,89.375,53.625,89.375,1003,1319
63,44,249,133,71.5,101.15625,54.03125,1015,1333
63,42,64,199,68.25,26.0,80.84375,838,1103
63,37,114,158,60.125,46.3125,64.1875,627,824
63,11,94,98,17.875,38.1875,39.8125,954,1247
63,9,6,85,14.625,2.4375,34.53125,972,1278
63,32,134,98,52.0,54.4375,39.8125,961,1265
63,15,11,133,24.375,4.46875,54.03125,927,1211
63,26,132,115,42.25,53.625,46.71875,826,1228
63,46,118,250,74.75,47.9375,101.5625,992,1306
63,28,80,83,45.5,32.5,33.71875,939,1225
63,36,174,144,58.5,70.6875,58.5,841,1300
63,31,186,112,50.375,75.5625,45.5,1016,1334
63,25,228,82,40.625,92.625,33.3125,963,1267
63,17,178,83,27.625,72.3125,33.71875,884,1160
63,8,112,70,13.0,45.5,28.4375,964,1268
63,42,219,158,68.25,88.96875,64.1875,840,1105
63,46,57,219,74.75,23.15625,88.96875,895,1175
63,54,177,216,87.75,71.90625,87.75,153,159
63,41,240,156,66.625,97.5,63.375,990,1304
63,6,31,99,9.75,12.59375,40.21875,1017,1335
63,50,130,207,81.25,52.8125,84.09375,1018,1336
63,19,211,85,30.875,85.71875,34.53125,836,1101
63,38,149,86,61.75,60.53125,34.9375,915,1197
63,44,185,178,71.5,75.15625,72.3125,217,233
63,50,169,190,81.25,68.65625,77.1875,835,1100
63,44,148,177,71.5,60.125,71.90625,674,915
63,30,248,108,48.75,100.75,43.875,626,822
63,9,165,61,14.625,67.03125,24.78125,965,1269
63,43,18,227,69.875,7.3125,92.21875,1019,1337
63,52,106,222,84.5,43.0625,90.1875,837,1102
63,15,47,115,24.375,19.09375,46.71875,975,1281
63,38,137,155,61.75,55.65625,62.96875,608,793
63,39,218,185,63.375,88.5625,75.15625,846,1112
63,18,235,86,29.25,95.46875,34.9375,976,1282
63,51,65,241,82.875,26.40625,97.90625,973,1279
63,34,199,137,55.25,80.84375,55.65625,1020,1338
63,35,70,175,56.875,28.4375,71.09375,898,1178
63,48,92,206,78.0,37.375,83.6875,825,1090
63,6,195,46,9.75,79.21875,18.6875,1005,1321
63,30,162,126,48.75,65.8125,51.1875,826,1227
63,36,245,118,58.5,99.53125,47.9375,928,1212
63,27,205,99,43.875,83.28125,40.21875,509,635
63,44,121,178,71.5,49.15625,72.3125,1004,1320
63,25,101,125,40.625,41.03125,50.78125,851,1117
63,29,32,219,47.125,13.0,88.96875,845,1284
63,17,123,104,27.625,49.96875,42.25,900,1180
63,33,96,159,53.625,39.0,64.59375,978,1286
63,28,48,168,45.5,19.5,68.25,1007,1323
63,50,203,240,81.25,82.46875,97.5,1021,1339
63,42,142,227,68.25,57.6875,92.21875,1006,1322
63,14,230,63,22.75,93.4375,25.59375,873,1147
63,12,148,112,19.5,60.125,45.5,1022,1340
63,25,197,140,40.625,80.03125,56.875,1023,1341
63,19,18,186,30.875,7.3125,75.5625,1024,1342
63,42,202,212,68.25,82.0625,86.125,1025,1343
64,48,71,181,78.0,28.84375,73.53125,746,1130
64,22,136,60,35.75,55.25,24.375,817,1135
64,13,136,43,21.125,55.25,17.46875,947,1235
64,49,216,126,79.625,87.75,51.1875,758,1164
64,49,47,197,79.625,19.09375,80.03125,737,1201
64,58,31,222,94.25,12.59375,90.1875,747,1009
64,38,211,89,61.75,85.71875,36.15625,787,1049
64,34,34,146,55.25,13.8125,59.3125,863,1134
64,58,226,155,94.25,91.8125,62.96875,790,1315
64,54,215,143,87.75,87.34375,58.09375,768,1030
64,27,174,64,43.875,70.6875,26.0,791,1053
64,50,16,203,81.25,6.5,82.46875,773,1255
64,9,242,12,14.625,98.3125,4.875,968,1273
64,33,176,93,53.625,71.5,37.78125,763,1025
64,37,233,87,60.125,94.65625,35.34375,774,1036
64,12,207,25,19.5,84.09375,10.15625,951,1257
64,47,27,186,76.375,10.96875,75.5625,765,1131
64,51,34,207,82.875,13.8125,84.09375,316,364
64,46,69,158,74.75,28.03125,64.1875,762,1024
64,43,113,133,69.875,45.90625,54.03125,751,1252
64,5,122,35,8.125,49.5625,14.21875,1001,1344
64,25,240,51,40.625,97.5,20.71875,764,1026
64,24,201,58,39.0,81.65625,23.5625,769,1031
64,9,161,28,14.625,65.40625,11.375,997,1345
64,28,21,134,45.5,8.53125,54.4375,865,1137
64,21,87,80,34.125,35.34375,32.5,784,1046
64,31,37,126,50.375,15.03125,51.1875,804,1067
64,46,49,169,74.75,19.90625,68.65625,737,1202
64,40,96,132,65.0,39.0,53.625,756,1018
64,34,77,123,55.25,31.28125,49.96875,726,984
64,55,73,201,89.375,29.65625,81.65625,239,906
64,36,187,87,58.5,75.96875,35.34375,776,1038
64,32,110,97,52.0,44.6875,39.40625,619,1237
64,57,30,235,92.625,12.1875,95.46875,777,1039
64,39,121,127,63.375,49.15625,51.59375,800,1063
64,37,52,151,60.125,21.125,61.34375,752,1014
64,43,168,119,69.875,68.25,48.34375,761,1023
64,42,14,173,68.25,5.6875,70.28125,958,1254
64,48,97,159,78.0,39.40625,64.59375,783,1045
64,56,190,162,91.0,77.1875,65.8125,770,1032
64,30,166,82,48.75,67.4375,33.3125,753,1015
64,48,183,136,78.0,74.34375,55.25,919,1203
64,27,185,72,43.875,75.15625,29.25,757,1019
64,6,47,63,9.75,19.09375,25.59375,987,1346
64,27,226,58,43.875,91.8125,23.5625,1010,1326
64,50,140,150,81.25,56.875,60.9375,785,1047
64,32,93,110,52.0,37.78125,44.6875,798,1061
64,17,180,51,27.625,73.125,20.71875,889,1166
64,44,242,102,71.5,98.3125,41.4375,754,1016
64,19,49,91,30.875,19.90625,36.96875,890,1294
64,39,18,151,63.375,7.3125,61.34375,948,1347
64,37,78,141,60.125,31.6875,57.28125,532,692
64,12,62,68,19.5,25.1875,27.625,923,1256
64,33,231,72,53.625,93.84375,29.25,782,1044
64,7,217,11,11.375,88.15625,4.46875,1011,1327
64,33,207,76,53.625,84.09375,30.875,778,1040
64,48,227,116,78.0,92.21875,47.125,758,1167
64,42,185,111,68.25,75.15625,45.09375,789,1051
64,40,59,141,65.0,23.96875,57.28125,786,1048
64,41,139,126,66.625,56.46875,51.1875,1012,1328
64,51,123,159,82.875,49.96875,64.59375,806,1069
64,7,93,51,11.375,37.78125,20.71875,998,1312
64,20,68,87,32.5,27.625,35.34375,864,1136
64,53,106,170,86.125,43.0625,69.0625,867,1139
64,31,127,88,50.375,51.59375,35.75,811,1075
64,26,69,99,42.25,28.03125,40.21875,910,1192
64,15,162,41,24.375,65.8125,16.65625,888,1330
64,19,157,51,30.875,63.78125,20.71875,888,1329
64,14,94,61,22.75,38.1875,24.78125,949,1239
64,15,189,36,24.375,76.78125,14.625,935,1258
64,13,39,86,21.125,15.84375,34.9375,890,1296
64,12,142,77,19.5,57.6875,31.28125,936,1221
64,53,240,138,86.125,97.5,56.0625,808,1071
64,42,206,110,68.25,83.6875,44.6875,985,1293
64,5,65,56,8.125,26.40625,22.75,1026,1348
64,5,66,87,8.125,26.8125,35.34375,1027,1349
64,48,197,171,78.0,80.03125,69.46875,828,1093
64,36,26,162,58.5,10.5625,65.8125,948,1350
64,29,145,81,47.125,58.90625,32.90625,807,1238
64,51,15,225,82.875,6.09375,91.40625,773,1261
64,21,105,67,34.125,42.65625,27.21875,866,1295
64,17,245,29,27.625,99.53125,11.78125,891,1169
64,5,163,17,8.125,66.21875,6.90625,997,1351
64,26,121,76,42.25,49.15625,30.875,807,1241
64,23,41,105,37.375,16.65625,42.65625,870,1171
64,56,15,238,91.0,6.09375,96.6875,1000,1316
64,20,7,112,32.5,2.84375,45.5,1028,1352
64,13,222,34,21.125,90.1875,13.8125,951,1263
64,54,148,166,87.75,60.125,67.4375,970,1275
64,50,163,142,81.25,66.21875,57.6875,672,912
64,44,117,151,71.5,47.53125,61.34375,818,1082
64,57,166,165,92.625,67.4375,67.03125,822,1087
64,58,60,210,94.25,24.375,85.3125,196,767
64,21,215,53,34.125,87.34375,21.53125,1029,1353
64,31,19,186,50.375,7.71875,75.5625,725,983
64,7,33,74,11.375,13.40625,30.0625,987,1354
64,7,234,37,11.375,95.0625,15.03125,960,1262
64,10,117,47,16.25,47.53125,19.09375,1001,1355
64,42,192,147,68.25,78.0,59.71875,885,1161
64,50,204,190,81.25,82.875,77.1875,953,1246
64,47,210,96,76.375,85.3125,39.0,862,1133
64,54,124,183,87.75,50.375,74.34375,802,1065
64,37,27,196,60.125,10.96875,79.625,1013,1331
64,13,78,69,21.125,31.6875,28.03125,923,1264
64,5,14,79,8.125,5.6875,32.09375,1030,1356
64,27,67,144,43.875,27.21875,58.5,833,1098
64,7,53,106,11.375,21.53125,43.0625,986,1297
64,12,8,91,19.5,3.25,36.96875,972,1278
64,12,200,67,19.5,81.25,27.21875,938,1224
64,17,24,102,27.625,9.75,41.4375,913,1248
64,33,144,143,53.625,58.5,58.09375,684,931
64,38,114,160,61.75,46.3125,65.0,627,824
64,52,241,172,84.5,97.90625,69.875,925,1209
64,14,10,102,22.75,4.0625,41.4375,913,1244
64,38,223,131,61.75,90.59375,53.21875,989,1302
64,45,186,180,73.125,75.5625,73.125,217,233
64,55,216,200,89.375,87.75,81.25,832,1097
64,25,163,107,40.625,66.21875,43.46875,516,642
64,47,145,114,76.375,58.90625,46.3125,1031,1357
64,37,153,109,60.125,62.15625,44.28125,819,1083
64,27,226,86,43.875,91.8125,34.9375,963,1267
64,55,134,221,89.375,54.4375,89.78125,1003,1319
64,42,64,202,68.25,26.0,82.0625,838,1103
64,40,170,171,65.0,69.0625,69.46875,682,982
64,34,132,104,55.25,53.625,42.25,961,1265
64,19,209,87,30.875,84.90625,35.34375,836,1101
64,9,111,75,14.625,45.09375,30.46875,964,1268
64,33,182,117,53.625,73.9375,47.53125,1016,1334
64,55,177,216,89.375,71.90625,87.75,153,159
64,10,166,62,16.25,67.4375,25.1875,965,1269
64,11,94,101,17.875,38.1875,41.03125,954,1247
64,51,109,222,82.875,44.28125,90.1875,837,1102
64,42,218,160,68.25,88.5625,65.0,840,1105
64,50,169,192,81.25,68.65625,78.0,835,1100
64,6,31,102,9.75,12.59375,41.4375,1017,1335
64,31,247,111,50.375,100.34375,45.09375,626,822
64,18,177,85,29.25,71.90625,34.53125,884,1160
64,35,171,149,56.875,69.46875,60.53125,841,1300
64,38,147,86,61.75,59.71875,34.9375,915,1197
64,45,43,221,73.125,17.46875,89.78125,895,1175
64,51,63,243,82.875,25.59375,98.71875,973,1279
64,15,50,116,24.375,20.3125,47.125,975,1281
64,51,129,209,82.875,52.40625,84.90625,1018,1336
64,42,240,158,68.25,97.5,64.1875,990,1304
64,14,12,132,22.75,4.875,53.625,927,1211
64,26,130,120,42.25,52.8125,48.75,826,1228
64,45,149,182,73.125,60.53125,73.9375,674,915
64,56,92,241,91.0,37.375,97.90625,268,919
64,31,161,130,50.375,65.40625,52.8125,826,1227
64,43,17,229,69.875,6.90625,93.03125,1019,1337
64,38,136,156,61.75,55.25,63.375,608,793
64,29,31,217,47.125,12.59375,88.15625,845,1284
64,40,219,187,65.0,88.96875,75.96875,846,1112
64,6,200,48,9.75,81.25,19.5,1005,1321
64,48,89,206,78.0,36.15625,83.6875,825,1090
64,44,120,182,71.5,48.75,73.9375,1004,1320
64,28,205,103,45.5,83.28125,41.84375,509,635
64,26,99,129,42.25,40.21875,52.40625,851,1117
64,36,242,123,58.5,98.3125,49.96875,928,1212
64,22,139,110,35.75,56.46875,44.6875,1032,1358
64,58,169,247,94.25,68.65625,100.34375,1033,1359
64,51,192,208,82.875,78.0,84.5,1034,1360
64,34,100,161,55.25,40.625,65.40625,978,1286
64,17,127,107,27.625,51.59375,43.46875,900,1361
64,25,198,141,40.625,80.4375,57.28125,1023,1341
64,15,233,67,24.375,94.65625,27.21875,873,1147
64,28,44,170,45.5,17.875,69.0625,1007,1323
64,20,24,189,32.5,9.75,76.78125,1024,1342
64,17,117,106,27.625,47.53125,43.0625,900,1362
64,43,198,215,69.875,80.4375,87.34375,1025,1343
64,42,142,230,68.25,57.6875,93.4375,1006,1322
64,13,147,115,21.125,59.71875,46.71875,1022,1340
64,45,39,243,73.125,15.84375,98.71875,1035,1363
65,15,138,45,24.375,56.0625,18.28125,947,1235
65,49,71,182,79.625,28.84375,73.9375,746,1130
65,50,49,203,81.25,19.90625,82.46875,737,1201
65,51,218,128,82.875,88.5625,52.0,758,1164
65,47,70,161,76.375,28.4375,65.40625,762,1024
65,23,138,58,37.375,56.0625,23.5625,817,1135
65,39,212,91,63.375,86.125,36.96875,787,1049
65,52,34,208,84.5,13.8125,84.5,316,364
65,10,163,29,16.25,66.21875,11.78125,997,1345
65,35,36,147,56.875,14.625,59.71875,863,1134
65,10,244,11,16.25,99.125,4.46875,968,1273
65,50,16,203,81.25,6.5,82.46875,773,1255
65,26,242,49,42.25,98.3125,19.90625,764,1026
65,55,213,143,89.375,86.53125,58.09375,768,1030
65,19,180,51,30.875,73.125,20.71875,889,1166
65,29,25,136,47.125,10.15625,55.25,865,1137
65,36,80,126,58.5,32.5,51.1875,726,1364
65,13,209,24,21.125,84.90625,9.75,951,1257
65,29,178,65,47.125,72.3125,26.40625,791,1053
65,8,130,37,13.0,52.8125,15.03125,1001,1344
65,26,205,59,42.25,83.28125,23.96875,769,1031
65,45,113,136,73.125,45.90625,55.25,751,1252
65,48,30,188,78.0,12.1875,76.375,765,1131
65,47,49,172,76.375,19.90625,69.875,737,1202
65,34,177,95,55.25,71.90625,38.59375,763,1025
65,22,89,80,35.75,36.15625,32.5,784,1046
65,29,192,73,47.125,78.0,29.65625,757,1019
65,32,40,129,52.0,16.25,52.40625,804,1067
65,56,74,206,91.0,30.0625,83.6875,239,906
65,58,29,240,94.25,11.78125,97.5,777,1039
65,50,184,140,81.25,74.75,56.875,919,1203
65,39,235,91,63.375,95.46875,36.96875,774,1036
65,38,54,153,61.75,21.9375,62.15625,752,1014
65,30,229,60,48.75,93.03125,24.375,1010,1326
65,32,168,82,52.0,68.25,33.3125,753,1015
65,43,17,176,69.875,6.90625,71.5,958,1254
65,50,103,165,81.25,41.84375,67.03125,783,1045
65,35,209,77,56.875,84.90625,31.28125,778,1040
65,13,63,67,21.125,25.59375,27.21875,923,1256
65,38,189,89,61.75,76.78125,36.15625,776,1038
65,46,245,107,74.75,99.53125,43.46875,754,1016
65,33,114,97,53.625,46.3125,39.40625,619,1237
65,42,95,134,68.25,38.59375,54.4375,756,1018
65,8,49,63,13.0,19.90625,25.59375,987,1346
65,39,79,143,63.375,32.09375,58.09375,532,692
65,44,171,121,71.5,69.46875,49.15625,761,1023
65,41,124,128,66.625,50.375,52.0,800,1063
65,34,233,75,55.25,94.65625,30.46875,782,1044
65,40,21,155,65.0,8.53125,62.96875,948,1347
65,41,62,142,66.625,25.1875,57.6875,786,1048
65,20,50,91,32.5,20.3125,36.96875,890,1294
65,22,70,89,35.75,28.4375,36.15625,864,1136
65,6,197,10,9.75,80.03125,4.0625,1036,1365
65,51,141,151,82.875,57.28125,61.34375,785,1047
65,8,219,11,13.0,88.96875,4.46875,1011,1327
65,31,6,155,50.375,2.4375,62.96875,1037,1366
65,57,187,158,92.625,75.96875,64.1875,770,1032
65,28,71,99,45.5,28.84375,40.21875,910,1192
65,16,42,89,26.0,17.0625,36.15625,890,1296
65,43,142,128,69.875,57.6875,52.0,1012,1328
65,15,97,60,24.375,39.40625,24.375,949,1239
65,21,160,52,34.125,65.0,21.125,888,1329
65,43,186,111,69.875,75.5625,45.09375,789,1051
65,33,98,113,53.625,39.8125,45.90625,798,1061
65,5,105,40,8.125,42.65625,16.25,1038,1367
65,8,96,51,13.0,39.0,20.71875,998,1312
65,50,230,118,81.25,93.4375,47.9375,758,1167
65,17,163,41,27.625,66.21875,16.65625,888,1330
65,32,130,88,52.0,52.8125,35.75,811,1075
65,54,242,138,87.75,98.3125,56.0625,808,1071
65,53,126,164,86.125,51.1875,66.625,806,1069
65,18,246,29,29.25,99.9375,11.78125,891,1169
65,17,192,39,27.625,78.0,15.84375,935,1258
65,49,197,168,79.625,80.03125,68.25,828,1093
65,44,208,112,71.5,84.5,45.5,985,1293
65,24,43,105,39.0,17.46875,42.65625,870,1171
65,11,137,73,17.875,55.65625,29.65625,936,1221
65,52,17,229,84.5,6.90625,93.03125,773,1261
65,31,147,84,50.375,59.71875,34.125,807,1238
65,21,9,113,34.125,3.65625,45.90625,1028,1352
65,5,67,85,8.125,27.21875,34.53125,1027,1349
65,11,120,48,17.875,48.75,19.5,1001,1355
65,29,97,91,47.125,39.40625,36.96875,1039,1368
65,45,120,152,73.125,48.75,61.75,818,1082
65,7,67,56,11.375,27.21875,22.75,1026,1348
65,58,170,167,94.25,69.0625,67.84375,822,1087
65,14,223,33,22.75,90.59375,13.40625,951,1263
65,27,122,75,43.875,49.5625,30.46875,807,1241
65,56,149,171,91.0,60.53125,69.46875,970,1275
65,24,109,67,39.0,44.28125,27.21875,866,1295
65,9,239,37,14.625,97.09375,15.03125,960,1262
65,6,168,17,9.75,68.25,6.90625,997,1351
65,50,200,191,81.25,81.25,77.59375,953,1246
65,26,28,116,42.25,11.375,47.125,1040,1369
65,56,14,240,91.0,5.6875,97.5,1000,1316
65,56,124,189,91.0,50.375,76.78125,802,1065
65,31,15,186,50.375,6.09375,75.5625,725,983
65,6,145,29,9.75,58.90625,11.78125,1041,1370
65,51,164,144,82.875,66.625,58.5,672,912
65,31,76,114,50.375,30.875,46.3125,726,1371
65,55,211,198,89.375,85.71875,80.4375,832,1097
65,28,225,90,45.5,91.40625,36.5625,963,1267
65,18,25,103,29.25,10.15625,41.84375,913,1248
65,13,11,91,21.125,4.46875,36.96875,972,1278
65,10,35,76,16.25,14.21875,30.875,987,1354
65,12,201,66,19.5,81.65625,26.8125,938,1224
65,14,79,71,22.75,32.09375,28.84375,923,1264
65,15,9,103,24.375,3.65625,41.84375,913,1244
65,41,172,172,66.625,69.875,69.875,682,982
65,28,69,143,45.5,28.03125,58.09375,833,1098
65,6,20,79,9.75,8.125,32.09375,1030,1356
65,38,156,108,61.75,63.375,43.875,819,1083
65,52,240,173,84.5,97.5,70.28125,925,1209
65,42,193,148,68.25,78.40625,60.125,885,1161
65,36,134,105,58.5,54.4375,42.65625,961,1265
65,38,27,203,61.75,10.96875,82.46875,1013,1331
65,24,165,104,39.0,67.03125,42.25,516,642
65,56,175,213,91.0,71.09375,86.53125,153,159
65,46,208,147,74.75,84.5,59.71875,1042,1372
65,8,53,105,13.0,21.53125,42.65625,986,1297
65,40,222,130,65.0,90.1875,52.8125,989,1302
65,33,145,145,53.625,58.90625,58.90625,684,931
65,42,65,202,68.25,26.40625,82.0625,838,1103
65,20,211,86,32.5,85.71875,34.9375,836,1101
65,56,93,240,91.0,37.78125,97.5,268,919
65,22,33,150,35.75,13.40625,60.9375,1043,1373
65,47,144,114,76.375,58.5,46.3125,1031,1357
65,14,11,132,22.75,4.46875,53.625,927,1211
65,9,113,76,14.625,45.90625,30.875,964,1268
65,55,134,221,89.375,54.4375,89.78125,1003,1319
65,10,166,59,16.25,67.4375,23.96875,965,1269
65,17,178,83,27.625,72.3125,33.71875,884,1160
65,33,185,116,53.625,75.15625,47.125,1016,1334
65,32,249,111,52.0,101.15625,45.09375,626,822
65,51,132,212,82.875,53.625,86.125,1018,1336
65,7,29,102,11.375,11.78125,41.4375,1017,1335
65,44,218,165,71.5,88.5625,67.03125,840,1105
65,52,110,226,84.5,44.6875,91.8125,837,1102
65,46,46,223,74.75,18.6875,90.59375,895,1175
65,36,199,139,58.5,80.84375,56.46875,1044,1374
65,36,175,150,58.5,71.09375,60.9375,841,1300
65,38,133,161,61.75,54.03125,65.40625,608,793
65,46,150,182,74.75,60.9375,73.9375,674,915
65,52,63,245,84.5,25.59375,99.53125,973,1279
65,11,93,101,17.875,37.78125,41.03125,954,1247
65,45,188,183,73.125,76.375,74.34375,217,233
65,51,170,193,82.875,69.0625,78.40625,835,1100
65,27,130,122,43.875,52.8125,49.5625,826,1228
65,43,18,232,69.875,7.3125,94.25,1019,1337
65,29,32,213,47.125,13.0,86.53125,845,1284
65,43,241,160,69.875,97.90625,65.0,990,1304
65,29,208,104,47.125,84.5,42.25,509,635
65,15,42,120,24.375,17.0625,48.75,975,1281
65,26,99,130,42.25,40.21875,52.8125,851,1117
65,7,200,47,11.375,81.25,19.09375,1005,1321
65,42,218,190,68.25,88.5625,77.1875,846,1112
65,37,248,123,60.125,100.75,49.96875,928,1212
65,29,119,134,47.125,48.34375,54.4375,1045,1375
65,28,43,169,45.5,17.46875,68.65625,1007,1323
65,46,120,187,74.75,48.75,75.96875,1004,1320
65,32,160,130,52.0,65.0,52.8125,826,1227
65,46,41,245,74.75,16.65625,99.53125,1035,1363
65,51,198,209,82.875,80.4375,84.90625,1034,1360
65,17,127,104,27.625,51.59375,42.25,900,1361
65,10,197,89,16.25,80.03125,36.15625,1046,1376
65,44,199,217,71.5,80.84375,88.15625,1025,1343
65,22,140,110,35.75,56.875,44.6875,1032,1358
65,26,197,142,42.25,80.03125,57.6875,1023,1341
65,16,235,66,26.0,95.46875,26.8125,873,1147
65,21,24,189,34.125,9.75,76.78125,1024,1342
65,14,147,117,22.75,59.71875,47.53125,1022,1340
66,51,70,186,82.875,28.4375,75.5625,746,1130
66,17,139,46,27.625,56.46875,18.6875,947,1235
66,42,216,94,68.25,87.75,38.1875,787,1049
66,53,218,135,86.125,88.5625,54.84375,758,1164
66,9,132,38,14.625,53.625,15.4375,1001,1344
66,52,48,210,84.5,19.5,85.3125,737,1201
66,48,71,166,78.0,28.84375,67.4375,762,1024
66,27,242,50,43.875,98.3125,20.3125,764,1026
66,52,16,206,84.5,6.5,83.6875,773,1255
66,37,178,97,60.125,72.3125,39.40625,763,1025
66,47,113,140,76.375,45.90625,56.875,751,1252
66,38,81,128,61.75,32.90625,52.0,726,1364
66,37,39,152,60.125,15.84375,61.75,863,1134
66,35,170,83,56.875,69.0625,33.71875,753,1015
66,12,167,33,19.5,67.84375,13.40625,997,1345
66,26,140,62,42.25,56.875,25.1875,817,1135
66,15,212,25,24.375,86.125,10.15625,951,1257
66,21,181,55,34.125,73.53125,22.34375,889,1166
66,48,49,175,78.0,19.90625,71.09375,737,1202
66,53,34,212,86.125,13.8125,86.125,316,364
66,31,26,139,50.375,10.5625,56.46875,865,1137
66,50,30,191,81.25,12.1875,77.59375,765,1131
66,51,105,171,82.875,42.65625,69.46875,783,1045
66,56,210,145,91.0,85.3125,58.90625,768,1030
66,29,205,62,47.125,83.28125,25.1875,769,1031
66,57,72,210,92.625,29.25,85.3125,239,906
66,43,125,132,69.875,50.78125,53.625,800,1063
66,24,91,83,39.0,36.96875,33.71875,784,1046
66,11,244,14,17.875,99.125,5.6875,968,1273
66,15,65,70,24.375,26.40625,28.4375,923,1256
66,41,237,96,66.625,96.28125,39.0,774,1036
66,40,81,146,65.0,32.90625,59.3125,532,692
66,33,41,130,53.625,16.65625,52.8125,804,1067
66,40,190,94,65.0,77.1875,38.1875,776,1038
66,52,182,143,84.5,73.9375,58.09375,919,1203
66,32,180,66,52.0,73.125,26.8125,791,1053
66,47,172,124,76.375,69.875,50.375,761,1023
66,10,51,67,16.25,20.71875,27.21875,987,1346
66,36,235,78,58.5,95.46875,31.6875,782,1044
66,44,97,138,71.5,39.40625,56.0625,756,1018
66,17,99,62,27.625,40.21875,25.1875,949,1239
66,45,16,179,73.125,6.5,72.71875,958,1254
66,10,219,14,16.25,88.96875,5.6875,1011,1327
66,42,22,159,68.25,8.9375,64.59375,948,1377
66,8,198,13,13.0,80.4375,5.28125,1036,1365
66,36,210,82,58.5,85.3125,33.3125,778,1040
66,31,185,77,50.375,75.15625,31.28125,757,1019
66,47,142,136,76.375,57.6875,55.25,1047,1378
66,35,113,101,56.875,45.90625,41.03125,619,1237
66,48,246,112,78.0,99.9375,45.5,754,1016
66,42,62,143,68.25,25.1875,58.09375,786,1048
66,11,100,55,17.875,40.625,22.34375,998,1312
66,22,53,95,35.75,21.53125,38.59375,890,1294
66,24,73,91,39.0,29.65625,36.96875,864,1136
66,23,162,55,37.375,65.8125,22.34375,888,1329
66,32,231,65,52.0,93.84375,26.40625,1010,1326
66,29,71,101,47.125,28.84375,41.03125,910,1192
66,54,127,170,87.75,51.59375,69.0625,806,1069
66,39,14,170,63.375,5.6875,69.0625,948,1379
66,41,51,155,66.625,20.71875,62.96875,752,1014
66,19,165,44,30.875,67.03125,17.875,888,1330
66,36,96,115,58.5,39.0,46.71875,798,1061
66,54,140,158,87.75,56.875,64.1875,785,1047
66,56,240,141,91.0,97.5,57.28125,808,1071
66,33,7,159,53.625,2.84375,64.59375,1037,1366
66,34,130,92,55.25,52.8125,37.375,811,1075
66,17,44,91,27.625,17.875,36.96875,890,1296
66,8,109,42,13.0,44.28125,17.0625,1038,1367
66,46,210,116,74.75,85.3125,47.125,985,1293
66,45,189,116,73.125,76.78125,47.125,789,1051
66,12,141,74,19.5,57.28125,30.0625,936,1221
66,13,123,49,21.125,49.96875,19.90625,1001,1355
66,51,197,168,82.875,80.03125,68.25,828,1093
66,33,148,87,53.625,60.125,35.34375,807,1238
66,53,15,230,86.125,6.09375,93.4375,773,1261
66,20,247,30,32.5,100.34375,12.1875,891,1169
66,26,44,108,42.25,17.875,43.875,870,1171
66,52,231,122,84.5,93.84375,49.5625,758,1167
66,19,191,41,30.875,77.59375,16.65625,935,1258
66,8,69,57,13.0,28.03125,23.15625,1026,1348
66,23,10,115,37.375,4.0625,46.71875,1028,1352
66,31,100,94,50.375,40.625,38.1875,1039,1368
66,58,150,178,94.25,60.9375,72.3125,970,1275
66,47,122,154,76.375,49.5625,62.5625,818,1082
66,29,123,79,47.125,49.96875,32.09375,807,1241
66,8,172,20,13.0,69.875,8.125,997,1351
66,16,223,36,26.0,90.59375,14.625,951,1263
66,51,198,193,82.875,80.4375,78.40625,953,1246
66,30,226,92,48.75,91.8125,37.375,963,1267
66,27,30,117,43.875,12.1875,47.53125,1040,1369
66,6,69,85,9.75,28.03125,34.53125,1027,1349
66,8,150,31,13.0,60.9375,12.59375,1041,1370
66,58,125,194,94.25,50.78125,78.8125,802,1065
66,26,112,71,42.25,45.5,28.84375,866,1295
66,32,15,188,52.0,6.09375,76.375,725,983
66,58,16,246,94.25,6.5,99.9375,1000,1316
66,20,26,104,32.5,10.5625,42.25,913,1248
66,17,7,105,27.625,2.84375,42.65625,913,1244
66,29,69,146,47.125,28.03125,59.3125,833,1098
66,11,239,41,17.875,97.09375,16.65625,960,1262
66,16,82,72,26.0,33.3125,29.25,923,1264
66,9,21,82,14.625,8.53125,33.3125,1030,1356
66,11,37,77,17.875,15.03125,31.28125,987,1354
66,14,11,95,22.75,4.46875,38.59375,972,1278
66,54,164,149,87.75,66.625,60.53125,672,912
66,15,202,70,24.375,82.0625,28.4375,938,1224
66,42,222,132,68.25,90.1875,53.625,989,1302
66,42,174,174,68.25,70.6875,70.6875,682,982
66,38,133,110,61.75,54.03125,44.6875,961,1265
66,39,28,207,63.375,11.375,84.09375,1013,1331
66,40,157,113,65.0,63.78125,45.90625,819,1083
66,26,167,101,42.25,67.84375,41.03125,516,642
66,35,147,146,56.875,59.71875,59.3125,684,931
66,39,118,157,63.375,47.9375,63.78125,608,1380
66,44,191,151,71.5,77.59375,61.34375,885,1161
66,57,93,243,92.625,37.78125,98.71875,268,919
66,9,52,104,14.625,21.125,42.25,986,1297
66,57,135,224,92.625,54.84375,91.0,1003,1319
66,53,242,177,86.125,98.3125,71.90625,925,1209
66,53,134,213,86.125,54.4375,86.53125,1018,1336
66,23,32,151,37.375,13.0,61.34375,1043,1373
66,22,209,89,35.75,84.90625,36.15625,836,1101
66,58,173,219,94.25,70.28125,88.96875,153,159
66,19,178,86,30.875,72.3125,34.9375,884,1160
66,11,117,76,17.875,47.53125,30.875,964,1268
66,15,13,132,24.375,5.28125,53.625,927,1211
66,15,95,101,24.375,38.59375,41.03125,954,1247
66,8,28,102,13.0,11.375,41.4375,1017,1335
66,35,189,114,56.875,76.78125,46.3125,1016,1334
66,16,44,123,26.0,17.875,49.96875,975,1281
66,43,66,204,69.875,26.8125,82.875,838,1103
66,49,144,116,79.625,58.5,47.125,1031,1357
66,38,200,141,61.75,81.25,57.28125,1044,1374
66,53,170,197,86.125,69.0625,80.03125,835,1100
66,33,250,113,53.625,101.5625,45.90625,626,822
66,47,185,184,76.375,75.15625,74.75,217,233
66,30,136,120,48.75,55.25,48.75,826,1228
66,37,177,154,60.125,71.90625,62.5625,841,1300
66,54,108,228,87.75,43.875,92.625,837,1102
66,11,170,61,17.875,69.0625,24.78125,965,1269
66,44,240,158,71.5,97.5,64.1875,990,1304
66,35,164,127,56.875,66.625,51.59375,826,1227
66,40,136,160,65.0,55.25,65.0,608,1381
66,5,150,60,8.125,60.9375,24.375,1048,1382
66,46,219,168,74.75,88.96875,68.25,840,1105
66,44,13,239,71.5,5.28125,97.09375,1019,1337
66,8,222,55,13.0,90.1875,22.34375,1049,1383
66,10,197,53,16.25,80.03125,21.53125,1005,1321
66,31,34,218,50.375,13.8125,88.5625,845,1284
66,31,210,107,50.375,85.3125,43.46875,509,635
66,48,149,184,78.0,60.53125,74.75,674,915
66,43,218,192,69.875,88.5625,78.0,846,1112
66,54,66,249,87.75,26.8125,101.15625,973,1279
66,37,69,172,60.125,28.03125,69.875,1050,1384
66,47,116,189,76.375,47.125,76.78125,1004,1320
66,28,101,130,45.5,41.03125,52.8125,851,1117
66,32,125,136,52.0,50.78125,55.25,1045,1375
66,29,41,173,47.125,16.65625,70.28125,1007,1323
66,19,130,104,30.875,52.8125,42.25,900,1361
66,47,42,250,76.375,17.0625,101.5625,1035,1363
66,53,195,212,86.125,79.21875,86.125,1034,1360
66,24,141,105,39.0,57.28125,42.65625,1032,1358
66,5,51,125,8.125,20.71875,50.78125,1051,1385
66,46,200,218,74.75,81.25,88.5625,1025,1343
66,23,32,190,37.375,13.0,77.1875,1024,1342
66,12,206,93,19.5,83.6875,37.78125,1046,1376
66,17,237,68,27.625,96.28125,27.625,873,1147
66,16,149,119,26.0,60.53125,48.34375,1022,1340
67,19,142,49,30.875,57.6875,19.90625,947,1235
67,11,134,39,17.875,54.4375,15.84375,1001,1344
67,29,240,53,47.125,97.5,21.53125,764,1026
67,52,69,186,84.5,28.03125,75.5625,746,1130
67,43,215,97,69.875,87.34375,39.40625,787,1049
67,53,15,209,86.125,6.09375,84.90625,773,1255
67,54,218,137,87.75,88.5625,55.65625,758,1164
67,38,178,100,61.75,72.3125,40.625,763,1025
67,40,83,131,65.0,33.71875,53.21875,726,1364
67,48,112,144,78.0,45.5,58.5,751,1252
67,30,205,66,48.75,83.28125,26.8125,769,1031
67,13,101,57,21.125,41.03125,23.15625,998,1312
67,18,100,64,29.25,40.625,26.0,949,1239
67,17,67,70,27.625,27.21875,28.4375,923,1256
67,38,38,152,61.75,15.4375,61.75,863,1134
67,26,93,86,42.25,37.78125,34.9375,784,1046
67,36,170,85,58.5,69.0625,34.53125,753,1015
67,54,33,214,87.75,13.40625,86.9375,316,364
67,41,14,168,66.625,5.6875,68.25,948,1379
67,56,206,147,91.0,83.6875,59.71875,768,1030
67,46,18,184,74.75,7.3125,74.75,958,1254
67,49,49,176,79.625,19.90625,71.5,737,1202
67,58,73,212,94.25,29.65625,86.125,239,906
67,37,114,105,60.125,46.3125,42.65625,619,1237
67,34,180,71,55.25,73.125,28.84375,791,1053
67,47,173,128,76.375,70.28125,52.0,761,1023
67,53,48,212,86.125,19.5,86.125,737,1201
67,23,184,58,37.375,74.75,23.5625,889,1166
67,35,44,133,56.875,17.875,54.03125,804,1067
67,51,30,194,82.875,12.1875,78.8125,765,1131
67,14,169,33,22.75,68.65625,13.40625,997,1345
67,17,214,27,27.625,86.9375,10.96875,951,1257
67,12,52,69,19.5,21.125,28.03125,987,1346
67,38,236,82,61.75,95.875,33.3125,782,1044
67,38,211,85,61.75,85.71875,34.53125,778,1040
67,32,27,141,52.0,10.96875,57.28125,865,1137
67,53,104,173,86.125,42.25,70.28125,783,1045
67,45,97,141,73.125,39.40625,57.28125,756,1018
67,13,246,17,21.125,99.9375,6.90625,968,1273
67,25,75,91,40.625,30.46875,36.96875,864,1136
67,43,61,144,69.875,24.78125,58.5,786,1048
67,41,191,96,66.625,77.59375,39.0,776,1038
67,48,73,166,78.0,29.65625,67.4375,762,1024
67,49,144,140,79.625,58.5,56.875,1047,1386
67,9,200,12,14.625,81.25,4.875,1036,1365
67,54,179,144,87.75,72.71875,58.5,919,1203
67,43,124,133,69.875,50.375,54.03125,800,1063
67,50,246,117,81.25,99.9375,47.53125,754,1016
67,40,31,167,65.0,12.59375,67.84375,948,1377
67,41,82,148,66.625,33.3125,60.125,532,692
67,42,235,98,68.25,95.46875,39.8125,774,1036
67,31,72,103,50.375,29.25,41.84375,910,1192
67,33,187,80,53.625,75.96875,32.5,757,1019
67,37,96,118,60.125,39.0,47.9375,798,1061
67,12,221,17,19.5,89.78125,6.90625,1011,1327
67,33,230,69,53.625,93.4375,28.03125,1010,1326
67,28,134,65,45.5,54.4375,26.40625,817,1135
67,19,46,92,30.875,18.6875,37.375,890,1296
67,42,49,156,68.25,19.90625,63.375,752,1014
67,49,130,136,79.625,52.8125,55.25,1047,1387
67,36,132,98,58.5,53.625,39.8125,811,1075
67,57,241,143,92.625,97.90625,58.09375,808,1071
67,56,129,173,91.0,52.40625,70.28125,806,1069
67,14,140,77,22.75,56.875,31.28125,936,1221
67,9,109,44,14.625,44.28125,17.875,1038,1367
67,35,7,162,56.875,2.84375,65.8125,1037,1366
67,36,149,93,58.5,60.53125,37.78125,807,1238
67,46,191,120,74.75,77.59375,48.75,789,1051
67,15,124,51,24.375,50.375,20.71875,1001,1355
67,53,230,126,86.125,93.4375,51.1875,758,1167
67,25,163,59,40.625,66.21875,23.96875,888,1329
67,28,48,109,45.5,19.5,44.28125,870,1171
67,55,141,160,89.375,57.28125,65.0,785,1047
67,55,14,231,89.375,5.6875,93.84375,773,1261
67,21,165,47,34.125,67.03125,19.09375,888,1330
67,47,211,121,76.375,85.71875,49.15625,985,1293
67,21,193,44,34.125,78.40625,17.875,935,1258
67,24,56,98,39.0,22.75,39.8125,890,1294
67,6,157,20,9.75,63.78125,8.125,1041,1388
67,21,248,31,34.125,100.75,12.59375,891,1169
67,48,121,157,78.0,49.15625,63.78125,818,1082
67,10,152,31,16.25,61.75,12.59375,1041,1389
67,51,196,171,82.875,79.625,69.46875,828,1093
67,32,100,99,52.0,40.625,40.21875,1039,1368
67,31,124,83,50.375,50.375,33.71875,807,1241
67,52,200,196,84.5,81.25,79.625,953,1246
67,24,12,117,39.0,4.875,47.53125,1028,1352
67,12,236,42,19.5,95.875,17.0625,960,1262
67,27,111,74,43.875,45.09375,30.0625,866,1295
67,8,68,84,13.0,27.625,34.125,1027,1349
67,31,71,146,50.375,28.84375,59.3125,833,1098
67,17,225,37,27.625,91.40625,15.03125,951,1263
67,18,83,75,29.25,33.71875,30.46875,923,1264
67,9,177,20,14.625,71.90625,8.125,997,1351
67,6,8,111,9.75,3.25,45.09375,1052,1390
67,29,28,118,47.125,11.375,47.9375,1040,1369
67,13,39,78,21.125,15.84375,31.6875,987,1354
67,31,224,95,50.375,91.0,38.59375,963,1267
67,41,29,212,66.625,11.78125,86.125,1013,1331
67,16,14,96,26.0,5.6875,39.0,972,1278
67,33,14,192,53.625,5.6875,78.0,725,983
67,37,220,62,60.125,89.375,25.1875,1053,1391
67,31,55,123,50.375,22.34375,49.96875,1054,1392
67,12,24,86,19.5,9.75,34.9375,1030,1356
67,17,92,101,27.625,37.375,41.03125,954,1247
67,41,117,163,66.625,47.53125,66.21875,608,1380
67,19,9,107,30.875,3.65625,43.46875,913,1244
67,36,147,148,58.5,59.71875,60.125,684,931
67,17,198,71,27.625,80.4375,28.84375,938,1224
67,22,26,105,35.75,10.5625,42.65625,913,1248
67,55,162,152,89.375,65.8125,61.75,672,912
67,19,177,88,30.875,71.90625,35.75,884,1160
67,28,166,105,45.5,67.4375,42.65625,516,642
67,10,55,103,16.25,22.34375,41.84375,986,1297
67,44,64,205,71.5,26.0,83.28125,838,1103
67,40,135,114,65.0,54.84375,46.3125,961,1265
67,12,114,78,19.5,46.3125,31.6875,964,1268
67,48,213,152,78.0,86.53125,61.75,1055,1393
67,45,193,153,73.125,78.40625,62.15625,885,1161
67,41,156,115,66.625,63.375,46.71875,819,1083
67,36,191,116,58.5,77.59375,47.125,1016,1334
67,42,225,139,68.25,91.40625,56.46875,989,1302
67,54,134,215,87.75,54.4375,87.34375,1018,1336
67,37,220,128,60.125,89.375,52.0,1056,1394
67,44,175,178,71.5,71.09375,72.3125,682,982
67,54,241,177,87.75,97.90625,71.90625,925,1209
67,18,44,123,29.25,17.875,49.96875,975,1281
67,10,29,104,16.25,11.78125,42.25,1017,1335
67,12,160,59,19.5,65.0,23.96875,965,1269
67,16,12,135,26.0,4.875,54.84375,927,1211
67,54,169,199,87.75,68.65625,80.84375,835,1100
67,58,135,228,94.25,54.84375,92.625,1003,1319
67,50,144,117,81.25,58.5,47.53125,1031,1357
67,38,175,156,61.75,71.09375,63.375,841,1300
67,57,94,242,92.625,38.1875,98.3125,268,919
67,8,215,55,13.0,87.34375,22.34375,1049,1383
67,41,136,161,66.625,55.25,65.40625,608,1381
67,31,137,122,50.375,55.65625,49.5625,826,1228
67,25,206,90,40.625,83.6875,36.5625,836,1101
67,34,250,116,55.25,101.5625,47.125,626,822
67,47,220,171,76.375,89.375,69.46875,840,1105
67,49,150,189,79.625,60.9375,76.78125,674,915
67,45,242,165,73.125,98.3125,67.03125,990,1304
67,45,16,238,73.125,6.5,96.6875,1019,1337
67,54,107,230,87.75,43.46875,93.4375,837,1102
67,47,186,188,76.375,75.5625,76.375,217,233
67,35,162,132,56.875,65.8125,53.625,826,1227
67,33,209,108,53.625,84.90625,43.875,509,635
67,38,70,174,61.75,28.4375,70.6875,1050,1384
67,31,31,221,50.375,12.59375,89.78125,845,1284
67,29,103,128,47.125,41.84375,52.0,851,1117
67,12,197,54,19.5,80.03125,21.9375,1005,1321
67,38,148,176,61.75,60.125,71.5,1057,1395
67,44,221,196,71.5,89.78125,79.625,846,1112
67,21,130,105,34.125,52.8125,42.65625,900,1361
67,30,39,174,48.75,15.84375,70.6875,1007,1323
67,48,120,192,78.0,48.75,78.0,1004,1320
67,48,42,250,78.0,17.0625,101.5625,1035,1363
67,37,93,165,60.125,37.78125,67.03125,1058,1396
67,6,53,122,9.75,21.53125,49.5625,1051,1385
67,38,147,192,61.75,59.71875,78.0,1059,1397
67,25,139,107,40.625,56.46875,43.46875,1032,1358
67,33,123,136,53.625,49.96875,55.25,1045,1375
67,47,201,220,76.375,81.65625,89.375,1025,1343
67,19,231,67,30.875,93.84375,27.21875,873,1147
67,46,141,241,74.75,57.28125,97.90625,1060,1398
67,55,187,214,89.375,75.96875,86.9375,1034,1360
67,5,148,88,8.125,60.125,35.75,1061,1399
67,24,26,195,39.0,10.5625,79.21875,1024,1342
68,5,10,74,8.125,4.0625,30.0625,1062,1400
68,21,146,53,34.125,59.3125,21.53125,947,1235
68,14,136,45,22.75,55.25,18.28125,1001,1344
68,55,69,189,89.375,28.03125,76.78125,746,1130
68,29,238,54,47.125,96.6875,21.9375,764,1026
68,55,217,140,89.375,88.15625,56.875,758,1164
68,42,84,136,68.25,34.125,55.25,726,1364
68,54,13,212,87.75,5.28125,86.125,773,1255
68,32,206,69,52.0,83.6875,28.03125,769,1401
68,28,93,92,45.5,37.78125,37.375,784,1046
68,40,178,107,65.0,72.3125,43.46875,763,1025
68,45,216,100,73.125,87.75,40.625,787,1049
68,7,89,44,11.375,36.15625,17.875,1063,1402
68,50,113,149,81.25,45.90625,60.53125,751,1252
68,51,49,182,82.875,19.90625,73.9375,737,1202
68,16,171,37,26.0,69.46875,15.03125,997,1345
68,40,37,156,65.0,15.03125,63.375,863,1134
68,36,181,77,58.5,73.53125,31.28125,791,1053
68,57,206,149,92.625,83.6875,60.53125,768,1030
68,38,115,109,61.75,46.71875,44.28125,619,1237
68,18,69,72,29.25,28.03125,29.25,923,1256
68,55,33,218,89.375,13.40625,88.5625,316,364
68,38,170,91,61.75,69.0625,36.96875,753,1015
68,49,175,129,79.625,71.09375,52.40625,761,1023
68,18,212,33,29.25,86.125,13.40625,951,1257
68,53,31,198,86.125,12.59375,80.4375,765,1131
68,25,185,64,40.625,75.15625,26.0,889,1166
68,34,27,146,55.25,10.96875,59.3125,865,1137
68,41,12,169,66.625,4.875,68.65625,948,1379
68,27,75,96,43.875,30.46875,39.0,864,1136
68,10,203,16,16.25,82.46875,6.5,1036,1365
68,6,137,27,9.75,55.65625,10.96875,1064,1403
68,34,186,87,55.25,75.5625,35.34375,757,1019
68,36,43,134,58.5,17.46875,54.4375,804,1067
68,14,53,73,22.75,21.53125,29.65625,987,1346
68,56,48,219,91.0,19.5,88.96875,737,1201
68,54,103,176,87.75,41.84375,71.5,783,1045
68,39,236,86,63.375,95.875,34.9375,782,1044
68,20,100,69,32.5,40.625,28.03125,949,1239
68,39,98,124,63.375,39.8125,50.375,798,1061
68,48,17,188,78.0,6.90625,76.375,958,1254
68,56,179,143,91.0,72.71875,58.09375,919,1203
68,30,153,71,48.75,62.15625,28.84375,1065,1404
68,15,103,59,24.375,41.84375,23.96875,998,1312
68,43,83,154,69.875,33.71875,62.5625,532,692
68,45,126,138,73.125,51.1875,56.0625,800,1063
68,39,208,89,63.375,84.5,36.15625,778,1040
68,44,62,149,71.5,25.1875,60.53125,786,1048
68,51,246,122,82.875,99.9375,49.5625,754,1016
68,47,97,144,76.375,39.40625,58.5,756,1018
68,42,192,99,68.25,78.0,40.21875,776,1038
68,33,73,107,53.625,29.65625,43.46875,910,1192
68,28,125,73,45.5,50.78125,29.65625,817,1135
68,13,223,19,21.125,90.59375,7.71875,1011,1327
68,15,246,20,24.375,99.9375,8.125,968,1273
68,48,192,122,78.0,78.0,49.5625,789,1051
68,51,130,142,82.875,52.8125,57.6875,1047,1387
68,44,234,105,71.5,95.0625,42.65625,774,1036
68,42,31,173,68.25,12.59375,70.28125,948,1377
68,16,141,83,26.0,57.28125,33.71875,936,1221
68,57,128,179,92.625,52.0,72.71875,806,1069
68,35,230,73,56.875,93.4375,29.65625,1010,1326
68,50,146,142,81.25,59.3125,57.6875,1047,1386
68,8,161,24,13.0,65.40625,9.75,1041,1388
68,12,112,47,19.5,45.5,19.09375,1038,1367
68,50,70,171,81.25,28.4375,69.46875,762,1024
68,21,47,95,34.125,19.09375,38.59375,890,1296
68,58,241,147,94.25,97.90625,59.71875,808,1071
68,56,140,164,91.0,56.875,66.625,785,1047
68,37,131,102,60.125,53.21875,41.4375,811,1075
68,52,196,175,84.5,79.625,71.09375,828,1093
68,26,57,102,42.25,23.15625,41.4375,890,1294
68,24,169,50,39.0,68.65625,20.3125,888,1330
68,49,212,123,79.625,86.125,49.96875,985,1293
68,30,48,114,48.75,19.5,46.3125,870,1171
68,54,230,131,87.75,93.4375,53.21875,758,1167
68,37,148,98,60.125,60.125,39.8125,807,1238
68,56,14,236,91.0,5.6875,95.875,773,1261
68,27,163,66,43.875,66.21875,26.8125,888,1329
68,18,125,59,29.25,50.78125,23.96875,1001,1355
68,12,154,34,19.5,62.5625,13.8125,1041,1389
68,49,123,161,79.625,49.96875,65.40625,818,1082
68,26,14,119,42.25,5.6875,48.34375,1028,1352
68,33,123,85,53.625,49.96875,34.53125,807,1241
68,29,113,82,47.125,45.90625,33.3125,866,1295
68,29,219,62,47.125,88.96875,25.1875,769,1405
68,11,181,23,17.875,73.53125,9.34375,997,1351
68,19,226,42,30.875,91.8125,17.0625,951,1263
68,5,55,50,8.125,22.34375,20.3125,1066,1406
68,22,191,48,35.75,77.59375,19.5,935,1258
68,13,235,45,21.125,95.46875,18.28125,960,1262
68,11,73,58,17.875,29.65625,23.5625,1067,1407
68,55,206,200,89.375,83.6875,81.25,953,1246
68,42,119,168,68.25,48.34375,68.25,608,1380
68,56,160,157,91.0,65.0,63.78125,672,912
68,20,82,79,32.5,33.3125,32.09375,923,1264
68,35,99,105,56.875,40.21875,42.65625,1039,1368
68,31,29,121,50.375,11.78125,49.15625,1040,1369
68,15,41,83,24.375,16.65625,33.71875,987,1354
68,18,196,74,29.25,79.625,30.0625,938,1224
68,32,70,147,52.0,28.4375,59.71875,833,1098
68,21,7,110,34.125,2.84375,44.6875,913,1244
68,8,10,116,13.0,4.0625,47.125,1052,1390
68,19,93,104,30.875,37.78125,42.25,954,1247
68,9,68,86,14.625,27.625,34.9375,1027,1349
68,35,11,196,56.875,4.46875,79.625,725,983
68,18,14,97,29.25,5.6875,39.40625,972,1278
68,14,25,91,22.75,10.15625,36.96875,1030,1356
68,13,114,81,21.125,46.3125,32.90625,964,1268
68,42,136,118,68.25,55.25,47.9375,961,1265
68,31,219,97,50.375,88.96875,39.40625,963,1267
68,23,29,108,37.375,11.78125,43.875,913,1248
68,37,146,151,60.125,59.3125,61.34375,684,931
68,42,26,216,68.25,10.5625,87.75,1013,1331
68,38,190,122,61.75,77.1875,49.5625,1016,1334
68,11,52,108,17.875,21.125,43.875,986,1297
68,29,166,109,47.125,67.4375,44.28125,516,642
68,50,59,229,81.25,23.96875,93.03125,1068,1408
68,5,123,69,8.125,49.96875,28.03125,1069,1409
68,43,158,122,69.875,64.1875,49.5625,819,1083
68,48,186,190,78.0,75.5625,77.1875,217,233
68,46,192,155,74.75,78.0,62.96875,885,1161
68,33,60,126,53.625,24.375,51.1875,1054,1392
68,55,171,201,89.375,69.46875,81.65625,835,1100
68,39,177,157,63.375,71.90625,63.78125,841,1300
68,49,83,182,79.625,33.71875,73.9375,1070,1410
68,9,215,56,14.625,87.34375,22.75,1049,1383
68,19,41,127,30.875,16.65625,51.59375,975,1281
68,54,245,179,87.75,99.53125,72.71875,925,1209
68,26,229,91,42.25,93.03125,36.96875,1071,1411
68,46,66,209,74.75,26.8125,84.90625,838,1103
68,14,162,64,22.75,65.8125,26.0,965,1269
68,20,172,91,32.5,69.875,36.96875,884,1160
68,26,31,152,42.25,12.59375,61.75,1072,1412
68,56,108,233,91.0,43.875,94.65625,837,1102
68,10,29,103,16.25,11.78125,41.84375,1017,1335
68,55,135,222,89.375,54.84375,90.1875,1018,1336
68,7,152,64,11.375,61.75,26.0,1073,1413
68,39,221,133,63.375,89.78125,54.03125,1056,1394
68,51,141,119,82.875,57.28125,48.34375,1031,1357
68,17,11,135,27.625,4.46875,54.84375,927,1211
68,57,93,241,92.625,37.78125,97.90625,268,919
68,26,204,92,42.25,82.875,37.375,836,1101
68,48,219,173,78.0,88.96875,70.28125,840,1105
68,43,226,144,69.875,91.8125,58.5,989,1302
68,46,15,241,74.75,6.09375,97.90625,1019,1337
68,35,211,116,56.875,85.71875,47.125,509,635
68,31,136,124,50.375,55.25,50.375,826,1228
68,42,136,166,68.25,55.25,67.4375,608,1381
68,50,151,193,81.25,61.34375,78.40625,674,915
68,46,242,166,74.75,98.3125,67.4375,990,1304
68,13,192,58,21.125,78.0,23.5625,1005,1321
68,30,104,136,48.75,42.25,55.25,851,1117
68,37,162,135,60.125,65.8125,54.84375,826,1227
68,30,39,174,48.75,15.84375,70.6875,1007,1323
68,39,72,178,63.375,29.25,72.3125,1050,1384
68,49,120,196,79.625,48.75,79.625,1004,1320
68,46,221,203,74.75,89.78125,82.46875,846,1112
68,38,148,197,61.75,60.125,80.03125,1059,1397
68,32,20,228,52.0,8.125,92.625,845,1284
68,38,93,167,61.75,37.78125,67.84375,1058,1396
68,26,138,112,42.25,56.0625,45.5,1032,1358
68,20,227,67,32.5,92.21875,27.21875,873,1147
68,48,204,224,78.0,82.875,91.0,1025,1343
68,25,25,199,40.625,10.15625,80.84375,1024,1342
68,21,126,109,34.125,51.1875,44.28125,900,1361
68,34,124,141,55.25,50.375,57.28125,1045,1375
68,6,149,88,9.75,60.53125,35.75,1061,1399
68,56,188,218,91.0,76.375,88.5625,1034,1360
68,31,191,157,50.375,77.59375,63.78125,1074,1414
68,17,141,123,27.625,57.28125,49.96875,1075,1415
69,16,137,48,26.0,55.65625,19.5,1001,1344
69,7,15,78,11.375,6.09375,31.6875,1062,1400
69,55,71,194,89.375,28.84375,78.8125,746,1130
69,56,216,146,91.0,87.75,59.3125,758,1164
69,32,5,142,52.0,2.03125,57.6875,1076,1416
69,22,144,58,35.75,58.5,23.5625,947,1235
69,31,238,56,50.375,96.6875,22.75,764,1026
69,55,14,216,89.375,5.6875,87.75,773,1255
69,30,122,73,48.75,49.5625,29.65625,817,1135
69,44,85,140,71.5,34.53125,56.875,726,1364
69,50,115,151,81.25,46.71875,61.34375,751,1252
69,18,175,40,29.25,71.09375,16.25,997,1345
69,41,178,111,66.625,72.3125,45.09375,763,1025
69,29,92,96,47.125,37.375,39.0,784,1046
69,56,33,223,91.0,13.40625,90.59375,316,364
69,58,205,152,94.25,83.28125,61.75,768,1030
69,46,218,104,74.75,88.5625,42.25,787,1049
69,39,115,112,63.375,46.71875,45.5,619,1237
69,45,237,106,73.125,96.28125,43.0625,774,1036
69,9,94,46,14.625,38.1875,18.6875,1063,1402
69,42,40,160,68.25,16.25,65.0,863,1134
69,39,170,94,63.375,69.0625,38.1875,753,1015
69,19,213,35,30.875,86.53125,14.21875,951,1257
69,27,182,69,43.875,73.9375,28.03125,889,1166
69,20,71,74,32.5,28.84375,30.0625,923,1256
69,38,184,79,61.75,74.75,32.09375,791,1053
69,50,176,132,81.25,71.5,53.625,761,1023
69,56,180,148,91.0,73.125,60.125,919,1203
69,53,148,146,86.125,60.125,59.3125,1047,1386
69,14,115,51,22.75,46.71875,20.71875,1038,1417
69,54,33,203,87.75,13.40625,82.46875,765,1131
69,35,185,90,56.875,75.15625,36.5625,757,1019
69,38,44,139,61.75,17.875,56.46875,804,1067
69,51,48,184,82.875,19.5,74.75,737,1202
69,35,29,148,56.875,11.78125,60.125,865,1137
69,48,16,194,78.0,6.5,78.8125,958,1418
69,29,75,99,47.125,30.46875,40.21875,864,1136
69,56,48,222,91.0,19.5,90.1875,737,1201
69,32,154,77,52.0,62.5625,31.28125,1065,1404
69,45,60,153,73.125,24.375,62.15625,786,1048
69,33,204,69,53.625,82.875,28.03125,769,1401
69,12,205,17,19.5,83.28125,6.90625,1036,1365
69,45,126,137,73.125,51.1875,55.65625,800,1063
69,56,103,179,91.0,41.84375,72.71875,783,1045
69,8,141,30,13.0,57.28125,12.1875,1064,1403
69,15,54,75,24.375,21.9375,30.46875,987,1346
69,47,12,174,76.375,4.875,70.6875,958,1419
69,48,191,122,78.0,77.59375,49.5625,789,1051
69,36,231,77,58.5,93.84375,31.28125,1010,1326
69,44,83,157,71.5,33.71875,63.78125,532,692
69,43,32,174,69.875,13.0,70.6875,948,1377
69,17,105,60,27.625,42.65625,24.375,998,1312
69,8,236,5,13.0,95.875,2.03125,1077,1420
69,41,237,88,66.625,96.28125,35.75,782,1044
69,58,129,181,94.25,52.40625,73.53125,806,1069
69,40,97,127,65.0,39.40625,51.59375,798,1061
69,16,245,22,26.0,99.53125,8.9375,968,1273
69,53,131,147,86.125,53.21875,59.71875,1047,1387
69,43,194,101,69.875,78.8125,41.03125,776,1038
69,49,100,152,79.625,40.625,61.75,756,1018
69,51,246,124,82.875,99.9375,50.375,754,1016
69,22,47,98,35.75,19.09375,39.8125,890,1296
69,28,57,106,45.5,23.15625,43.0625,890,1294
69,41,210,92,66.625,85.3125,37.375,778,1040
69,14,224,20,22.75,91.0,8.125,1011,1327
69,50,212,128,81.25,86.125,52.0,985,1293
69,5,114,31,8.125,46.3125,12.59375,1078,1421
69,10,166,27,16.25,67.4375,10.96875,1041,1388
69,57,141,169,92.625,57.28125,68.65625,785,1047
69,22,101,72,35.75,41.03125,29.25,949,1239
69,17,141,86,27.625,57.28125,34.9375,936,1221
69,39,132,105,63.375,53.625,42.65625,811,1075
69,45,49,165,73.125,19.90625,67.03125,1079,1422
69,51,67,170,82.875,27.21875,69.0625,762,1024
69,31,47,118,50.375,19.09375,47.9375,870,1171
69,37,9,168,60.125,3.65625,68.25,948,1379
69,25,169,54,40.625,68.65625,21.9375,888,1330
69,34,71,111,55.25,28.84375,45.09375,910,1192
69,38,149,102,61.75,60.53125,41.4375,807,1238
69,53,197,179,86.125,80.03125,72.71875,828,1093
69,55,228,134,89.375,92.625,54.4375,758,1167
69,57,13,239,92.625,5.28125,97.09375,773,1261
69,30,217,65,48.75,88.15625,26.40625,769,1405
69,30,112,88,48.75,45.5,35.75,866,1295
69,29,164,69,47.125,66.625,28.03125,888,1329
69,19,126,61,30.875,51.1875,24.78125,1001,1355
69,50,127,162,81.25,51.59375,65.8125,818,1082
69,13,74,62,21.125,30.0625,25.1875,1067,1407
69,20,227,44,32.5,92.21875,17.875,951,1263
69,13,188,25,21.125,76.375,10.15625,997,1351
69,56,207,204,91.0,84.09375,82.875,953,1246
69,34,124,91,55.25,50.375,36.96875,807,1241
69,14,156,38,22.75,63.375,15.4375,1041,1389
69,10,71,86,16.25,28.84375,34.9375,1027,1349
69,27,15,121,43.875,6.09375,49.15625,1028,1352
69,5,189,7,8.125,76.78125,2.84375,1080,1423
69,24,193,53,39.0,78.40625,21.53125,935,1258
69,57,160,159,92.625,65.0,64.59375,672,912
69,16,42,85,26.0,17.0625,34.53125,987,1354
69,36,101,108,58.5,41.03125,43.875,1039,1368
69,5,111,54,8.125,45.09375,21.9375,1081,1424
69,31,28,125,50.375,11.375,50.78125,1040,1369
69,44,119,174,71.5,48.34375,70.6875,608,1380
69,19,200,77,30.875,81.25,31.28125,938,1224
69,15,237,50,24.375,96.28125,20.3125,960,1262
69,9,7,120,14.625,2.84375,48.75,1052,1390
69,19,100,101,30.875,40.625,41.03125,954,1247
69,21,83,81,34.125,33.71875,32.90625,923,1264
69,20,15,99,32.5,6.09375,40.21875,972,1278
69,14,115,80,22.75,46.71875,32.5,964,1268
69,15,24,92,24.375,9.75,37.375,1030,1356
69,22,8,111,35.75,3.25,45.09375,913,1244
69,36,11,197,58.5,4.46875,80.03125,725,983
69,15,117,37,24.375,47.53125,15.03125,1038,1425
69,45,158,124,73.125,64.1875,50.375,819,1083
69,43,136,120,69.875,55.25,48.75,961,1265
69,24,29,109,39.0,11.78125,44.28125,913,1248
69,30,165,111,48.75,67.03125,45.09375,516,642
69,40,178,156,65.0,72.3125,63.375,841,1300
69,58,94,246,94.25,38.1875,99.9375,268,919
69,9,216,54,14.625,87.75,21.9375,1049,1383
69,35,61,132,56.875,24.78125,53.625,1054,1392
69,39,191,124,63.375,77.59375,50.375,1016,1334
69,42,25,217,68.25,10.15625,88.15625,1013,1331
69,45,177,183,73.125,71.90625,74.34375,217,1426
69,50,59,233,81.25,23.96875,94.65625,1068,1408
69,32,219,99,52.0,88.96875,40.21875,963,1267
69,55,174,202,89.375,70.6875,82.0625,835,1100
69,47,45,145,76.375,18.28125,58.90625,1082,1427
69,49,191,197,79.625,77.59375,80.03125,217,1428
69,33,72,148,53.625,29.25,60.125,833,1098
69,20,172,92,32.5,69.875,37.375,884,1160
69,12,51,110,19.5,20.71875,44.6875,986,1297
69,33,42,161,53.625,17.0625,65.40625,1083,1429
69,26,205,93,42.25,83.28125,37.78125,836,1101
69,55,134,223,89.375,54.4375,90.59375,1018,1336
69,57,110,238,92.625,44.6875,96.6875,837,1102
69,6,123,71,9.75,49.96875,28.84375,1069,1409
69,54,245,180,87.75,99.53125,73.125,925,1209
69,37,147,151,60.125,59.71875,61.34375,684,931
69,28,231,93,45.5,93.84375,37.78125,1071,1411
69,39,218,130,63.375,88.5625,52.8125,1056,1394
69,8,152,65,13.0,61.75,26.40625,1073,1413
69,20,43,129,32.5,17.46875,52.40625,975,1281
69,51,138,119,82.875,56.0625,48.34375,1031,1357
69,15,165,65,24.375,67.03125,26.40625,965,1269
69,26,30,153,42.25,12.1875,62.15625,1072,1412
69,12,29,107,19.5,11.78125,43.46875,1017,1335
69,49,221,176,79.625,89.78125,71.5,840,1105
69,47,18,244,76.375,7.3125,99.125,1019,1337
69,46,67,209,74.75,27.21875,84.90625,838,1103
69,18,10,140,29.25,4.0625,56.875,927,1211
69,51,151,198,82.875,61.34375,80.4375,674,915
69,42,134,170,68.25,54.4375,69.0625,608,1381
69,35,210,119,56.875,85.3125,48.34375,509,635
69,43,223,146,69.875,90.59375,59.3125,989,1302
69,40,73,182,65.0,29.65625,73.9375,1050,1384
69,46,243,166,74.75,98.71875,67.4375,990,1304
69,33,20,233,53.625,8.125,94.65625,845,1284
69,14,196,60,22.75,79.625,24.375,1005,1321
69,31,105,139,50.375,42.65625,56.46875,851,1117
69,41,152,202,66.625,61.75,82.0625,1059,1397
69,31,40,176,50.375,16.25,71.5,1007,1323
69,49,120,198,79.625,48.75,80.4375,1004,1320
69,45,139,201,73.125,56.46875,81.65625,1084,1430
69,27,140,112,43.875,56.875,45.5,1032,1358
69,20,230,70,32.5,93.4375,28.4375,873,1147
69,23,125,112,37.375,50.78125,45.5,900,1361
69,26,25,201,42.25,10.15625,81.65625,1024,1342
69,35,126,142,56.875,51.1875,57.6875,1045,1375
69,8,152,90,13.0,61.75,36.5625,1061,1399
69,32,140,128,52.0,56.875,52.0,826,1228
69,36,165,133,58.5,67.03125,54.03125,826,1227
69,56,190,222,91.0,77.1875,90.1875,1034,1360
69,46,220,206,74.75,89.375,83.6875,846,1112
69,18,141,124,29.25,57.28125,50.375,1075,1415
69,50,203,231,81.25,82.46875,93.84375,1025,1343
69,31,192,157,50.375,78.0,63.78125,1074,1414
69,18,136,169,29.25,55.25,68.65625,1085,1431
70,8,13,82,13.0,5.28125,33.3125,1062,1400
70,17,134,50,27.625,54.4375,20.3125,1001,1344
70,56,68,200,91.0,27.625,81.25,746,1130
70,12,6,97,19.5,2.4375,39.40625,1086,1432
70,31,234,58,50.375,95.0625,23.5625,764,1026
70,25,142,62,40.625,57.6875,25.1875,947,1235
70,34,5,147,55.25,2.03125,59.71875,1076,1416
70,29,177,74,47.125,71.90625,30.0625,889,1166
70,20,208,39,32.5,84.5,15.84375,951,1257
70,57,215,150,92.625,87.34375,60.9375,758,1164
70,56,14,222,91.0,5.6875,90.1875,773,1255
70,45,83,145,73.125,33.71875,58.90625,726,1364
70,19,173,44,30.875,70.28125,17.875,997,1345
70,31,91,100,50.375,36.96875,40.625,784,1046
70,30,144,70,48.75,58.5,28.4375,1065,1433
70,51,114,156,82.875,46.3125,63.375,751,1252
70,52,68,180,84.5,27.625,73.125,762,1024
70,36,184,93,58.5,74.75,37.78125,757,1019
70,12,205,19,19.5,83.28125,7.71875,1036,1365
70,41,170,97,66.625,69.0625,39.40625,753,1015
70,46,238,110,74.75,96.6875,44.6875,774,1036
70,41,115,117,66.625,46.71875,47.53125,619,1237
70,15,113,55,24.375,45.90625,22.34375,1038,1417
70,53,148,148,86.125,60.125,60.125,1047,1386
70,47,220,109,76.375,89.375,44.28125,787,1049
70,43,38,164,69.875,15.4375,66.625,863,1134
70,31,124,74,50.375,50.375,30.0625,817,1135
70,37,28,154,60.125,11.375,62.5625,865,1137
70,39,184,82,63.375,74.75,33.3125,791,1053
70,10,92,50,16.25,37.375,20.3125,1063,1402
70,39,42,144,63.375,17.0625,58.5,804,1067
70,30,73,106,48.75,29.65625,43.0625,864,1434
70,42,178,115,68.25,72.3125,46.71875,763,1025
70,57,47,227,92.625,19.09375,92.21875,737,1201
70,45,81,161,73.125,32.90625,65.40625,532,692
70,48,13,201,78.0,5.28125,81.65625,958,1418
70,53,46,188,86.125,18.6875,76.375,737,1202
70,18,104,63,29.25,42.25,25.59375,998,1312
70,37,230,79,60.125,93.4375,32.09375,1010,1326
70,55,33,207,89.375,13.40625,84.09375,765,1131
70,22,69,80,35.75,28.03125,32.5,923,1256
70,50,98,158,81.25,39.8125,64.1875,756,1018
70,57,32,228,92.625,13.0,92.625,316,364
70,49,191,126,79.625,77.59375,51.1875,789,1051
70,51,180,135,82.875,73.125,54.84375,761,1023
70,57,103,185,92.625,41.84375,75.15625,783,1045
70,9,237,5,14.625,96.28125,2.03125,1077,1420
70,17,54,79,27.625,21.9375,32.09375,987,1346
70,17,245,25,27.625,99.53125,10.15625,968,1273
70,57,179,150,92.625,72.71875,60.9375,919,1203
70,46,62,159,74.75,25.1875,64.59375,786,1048
70,29,56,113,47.125,22.75,45.90625,890,1294
70,42,97,132,68.25,39.40625,53.625,798,1061
70,35,153,82,56.875,62.15625,33.3125,1065,1435
70,48,9,181,78.0,3.65625,73.53125,958,1419
70,10,142,36,16.25,57.6875,14.625,1064,1403
70,27,168,57,43.875,68.25,23.15625,888,1330
70,42,236,91,68.25,95.875,36.96875,782,1044
70,6,114,34,9.75,46.3125,13.8125,1078,1421
70,34,207,69,55.25,84.09375,28.03125,769,1401
70,12,166,31,19.5,67.4375,12.59375,1041,1388
70,38,250,77,61.75,101.5625,31.28125,1087,1436
70,46,128,143,74.75,52.0,58.09375,800,1063
70,40,130,108,65.0,52.8125,43.875,811,1075
70,52,245,126,84.5,99.53125,51.1875,754,1016
70,54,132,151,87.75,53.625,61.34375,1047,1387
70,36,70,116,58.5,28.4375,47.125,910,1192
70,19,139,90,30.875,56.46875,36.5625,936,1221
70,15,224,23,24.375,91.0,9.34375,1011,1327
70,45,32,180,73.125,13.0,73.125,948,1377
70,41,210,96,66.625,85.3125,39.0,778,1040
70,24,100,77,39.0,40.625,31.28125,949,1239
70,46,50,170,74.75,20.3125,69.0625,1079,1422
70,58,140,174,94.25,56.875,70.6875,785,1047
70,44,197,105,71.5,80.03125,42.65625,776,1038
70,24,248,36,39.0,100.75,14.625,1088,1437
70,39,149,104,63.375,60.53125,42.25,807,1238
70,30,161,75,48.75,65.40625,30.46875,888,1329
70,5,233,30,8.125,94.65625,12.1875,1089,1438
70,14,187,28,22.75,75.96875,11.375,997,1351
70,32,47,123,52.0,19.09375,49.96875,870,1171
70,38,9,172,61.75,3.65625,69.875,948,1379
70,57,230,139,92.625,93.4375,56.46875,758,1167
70,51,126,166,82.875,51.1875,67.4375,818,1082
70,52,209,131,84.5,84.90625,53.21875,985,1293
70,15,72,66,24.375,29.25,26.8125,1067,1407
70,5,82,41,8.125,33.3125,16.65625,1090,1439
70,28,15,124,45.5,6.09375,50.375,1028,1352
70,55,201,182,89.375,81.65625,73.9375,828,1093
70,24,43,103,39.0,17.46875,41.84375,890,1296
70,17,154,44,27.625,62.5625,17.875,1041,1389
70,32,111,92,52.0,45.09375,37.375,866,1295
70,35,124,95,56.875,50.375,38.59375,807,1241
70,21,123,66,34.125,49.96875,26.8125,1001,1355
70,6,189,8,9.75,76.78125,3.25,1080,1423
70,20,202,81,32.5,82.0625,32.90625,938,1224
70,21,224,46,34.125,91.0,18.6875,951,1263
70,18,42,88,29.25,17.0625,35.75,987,1354
70,44,118,176,71.5,47.9375,71.5,608,1380
70,21,13,104,34.125,5.28125,42.25,972,1278
70,17,25,95,27.625,10.15625,38.59375,1030,1356
70,10,6,121,16.25,2.4375,49.15625,1052,1390
70,58,210,206,94.25,85.3125,83.6875,953,1246
70,11,71,91,17.875,28.84375,36.96875,1027,1349
70,20,100,106,32.5,40.625,43.0625,954,1247
70,15,236,52,24.375,95.875,21.125,960,1262
70,6,111,57,9.75,45.09375,23.15625,1081,1424
70,23,82,88,37.375,33.3125,35.75,923,1264
70,23,9,116,37.375,3.65625,47.125,913,1244
70,37,101,114,60.125,41.03125,46.3125,1039,1368
70,50,198,201,81.25,80.4375,81.65625,217,1428
70,58,157,162,94.25,63.78125,65.8125,672,912
70,25,187,58,40.625,75.96875,23.5625,935,1258
70,15,113,83,24.375,45.90625,33.71875,964,1268
70,47,177,186,76.375,71.90625,75.5625,217,1426
70,58,92,250,94.25,37.375,101.5625,268,919
70,32,25,129,52.0,10.15625,52.40625,1040,1369
70,43,25,222,69.875,10.15625,90.1875,1013,1331
70,44,136,125,71.5,55.25,50.78125,961,1265
70,26,27,114,42.25,10.96875,46.3125,913,1248
70,33,216,104,53.625,87.75,42.25,963,1267
70,31,162,113,50.375,65.8125,45.90625,516,642
70,9,214,57,14.625,86.9375,23.15625,1049,1383
70,36,60,135,58.5,24.375,54.84375,1054,1392
70,31,73,89,50.375,29.65625,36.15625,864,1440
70,36,10,203,58.5,4.0625,82.46875,725,983
70,27,206,98,43.875,83.6875,39.8125,836,1101
70,15,114,38,24.375,46.3125,15.4375,1038,1425
70,39,190,127,63.375,77.1875,51.59375,1016,1334
70,35,45,166,56.875,18.28125,67.4375,1083,1429
70,46,159,127,74.75,64.59375,51.59375,819,1083
70,38,146,152,61.75,59.3125,61.75,684,931
70,41,176,157,66.625,71.5,63.78125,841,1300
70,12,53,112,19.5,21.53125,45.5,986,1297
70,21,170,95,34.125,69.0625,38.59375,884,1160
70,57,110,243,92.625,44.6875,98.71875,837,1102
70,29,230,98,47.125,93.4375,39.8125,1071,1411
70,8,119,75,13.0,48.34375,30.46875,1069,1409
70,56,174,204,91.0,70.6875,82.875,835,1100
70,16,164,69,26.0,66.625,28.03125,965,1269
70,34,69,156,55.25,28.03125,63.375,833,1098
70,50,60,237,81.25,24.375,96.28125,1068,1408
70,12,31,110,19.5,12.59375,44.6875,1017,1335
70,40,217,130,65.0,88.15625,52.8125,1056,1394
70,9,150,67,14.625,60.9375,27.21875,1073,1413
70,47,13,248,76.375,5.28125,100.75,1019,1337
70,52,137,122,84.5,55.65625,49.5625,1031,1357
70,5,46,90,8.125,18.6875,36.5625,1091,1441
70,46,61,214,74.75,24.78125,86.9375,838,1103
70,21,39,135,34.125,15.84375,54.84375,975,1281
70,54,244,182,87.75,99.125,73.9375,925,1209
70,55,134,226,89.375,54.4375,91.8125,1018,1336
70,18,11,143,29.25,4.46875,58.09375,927,1211
70,49,218,178,79.625,88.5625,72.3125,840,1105
70,41,197,156,66.625,80.03125,63.375,1092,1442
70,52,151,204,84.5,61.34375,82.875,674,915
70,43,222,146,69.875,90.1875,59.3125,989,1302
70,41,70,186,66.625,28.4375,75.5625,1050,1384
70,27,32,162,43.875,13.0,65.8125,1072,1412
70,44,136,173,71.5,55.25,70.28125,608,1381
70,43,151,204,69.875,61.34375,82.875,1059,1397
70,37,165,138,60.125,67.03125,56.0625,826,1227
70,33,134,130,53.625,54.4375,52.8125,826,1228
70,51,93,225,82.875,37.78125,91.40625,1093,1443
70,14,197,64,22.75,80.03125,26.0,1005,1321
70,29,138,114,47.125,56.0625,46.3125,1032,1358
70,32,104,143,52.0,42.25,58.09375,851,1117
70,50,120,203,81.25,48.75,82.46875,1004,1320
70,47,243,168,76.375,98.71875,68.25,990,1304
70,24,126,115,39.0,51.1875,46.71875,900,1361
70,32,38,182,52.0,15.4375,73.9375,1007,1323
70,28,25,209,45.5,10.15625,84.90625,1024,1342
70,36,123,146,58.5,49.96875,59.3125,1045,1375
70,46,136,206,74.75,55.25,83.6875,1084,1430
70,21,231,75,34.125,93.84375,30.46875,873,1147
70,8,48,128,13.0,19.5,52.0,1094,1444
70,9,151,93,14.625,61.34375,37.78125,1061,1399
70,57,196,224,92.625,79.625,91.0,1034,1360
70,19,139,129,30.875,56.46875,52.40625,1075,1415
70,34,17,237,55.25,6.90625,96.28125,845,1284
70,32,187,161,52.0,75.96875,65.40625,1074,1414
70,50,200,236,81.25,81.25,95.875,1025,1343
71,13,5,100,21.125,2.03125,40.625,1086,1432
71,10,14,87,16.25,5.6875,35.34375,1062,1400
71,58,70,201,94.25,28.4375,81.65625,746,1130
71,32,236,60,52.0,95.875,24.375,764,1026
71,19,136,55,30.875,55.25,22.34375,1001,1344
71,21,208,42,34.125,84.5,17.0625,951,1257
71,35,7,152,56.875,2.84375,61.75,1076,1416
71,30,178,78,48.75,72.3125,31.6875,889,1166
71,26,143,65,42.25,58.09375,26.40625,947,1235
71,31,147,74,50.375,59.71875,30.0625,1065,1433
71,52,115,159,84.5,46.71875,64.59375,751,1252
71,42,173,102,68.25,70.28125,41.4375,753,1015
71,24,71,84,39.0,28.84375,34.125,923,1256
71,58,217,151,94.25,88.15625,61.34375,758,1164
71,13,207,20,21.125,84.09375,8.125,1036,1365
71,53,147,149,86.125,59.71875,60.53125,1047,1386
71,57,13,227,92.625,5.28125,92.21875,773,1255
71,33,94,105,53.625,38.1875,42.65625,784,1046
71,48,221,113,78.0,89.78125,45.90625,787,1049
71,41,118,120,66.625,47.9375,48.75,619,1237
71,12,92,54,19.5,37.375,21.9375,1063,1402
71,46,238,112,74.75,96.6875,45.5,774,1036
71,46,86,150,74.75,34.9375,60.9375,726,1364
71,20,174,47,32.5,70.6875,19.09375,997,1345
71,44,39,169,71.5,15.84375,68.65625,863,1134
71,52,181,138,84.5,73.53125,56.0625,761,1023
71,6,65,52,9.75,26.40625,21.125,1095,1445
71,37,182,97,60.125,73.9375,39.40625,757,1019
71,44,179,121,71.5,72.71875,49.15625,763,1025
71,41,186,87,66.625,75.5625,35.34375,791,1053
71,38,30,158,61.75,12.1875,64.1875,865,1137
71,38,232,81,61.75,94.25,32.90625,1010,1326
71,51,99,162,82.875,40.21875,65.8125,756,1018
71,46,79,164,74.75,32.09375,66.625,532,692
71,34,201,80,55.25,81.65625,32.5,769,1446
71,32,76,109,52.0,30.875,44.28125,864,1434
71,58,104,189,94.25,42.25,76.78125,783,1045
71,8,114,38,13.0,46.3125,15.4375,1078,1421
71,18,58,82,29.25,23.5625,33.3125,987,1346
71,16,114,57,26.0,46.3125,23.15625,1038,1417
71,40,43,150,65.0,17.46875,60.9375,804,1067
71,43,99,135,69.875,40.21875,54.84375,798,1061
71,50,193,128,81.25,78.40625,52.0,789,1051
71,8,218,6,13.0,88.5625,2.4375,1096,1447
71,10,239,8,16.25,97.09375,3.25,1077,1420
71,17,244,26,27.625,99.125,10.5625,968,1273
71,57,36,211,92.625,14.625,85.71875,765,1131
71,43,205,102,69.875,83.28125,41.4375,776,1038
71,42,235,93,68.25,95.46875,37.78125,782,1044
71,58,34,232,94.25,13.8125,94.25,316,364
71,28,169,59,45.5,68.65625,23.96875,888,1330
71,20,106,68,32.5,43.0625,27.625,998,1312
71,54,246,131,87.75,99.9375,53.21875,754,1016
71,49,14,207,79.625,5.6875,84.09375,958,1418
71,31,56,118,50.375,22.75,47.9375,890,1294
71,48,63,163,78.0,25.59375,66.21875,786,1048
71,49,11,187,79.625,4.46875,75.96875,958,1419
71,47,128,146,76.375,52.0,59.3125,800,1063
71,15,223,25,24.375,90.59375,10.15625,1011,1327
71,46,31,185,74.75,12.59375,75.15625,948,1377
71,54,46,192,87.75,18.6875,78.0,737,1202
71,58,179,154,94.25,72.71875,62.5625,919,1203
71,55,131,154,89.375,53.21875,62.5625,1047,1387
71,11,142,37,17.875,57.6875,15.03125,1064,1403
71,42,134,114,68.25,54.4375,46.3125,811,1075
71,15,188,31,24.375,76.375,12.59375,997,1351
71,53,60,187,86.125,24.375,75.96875,762,1448
71,14,167,35,22.75,67.84375,14.21875,1041,1388
71,32,126,77,52.0,51.1875,31.28125,817,1135
71,37,72,120,60.125,29.25,48.75,910,1192
71,15,73,67,24.375,29.65625,27.21875,1067,1407
71,58,140,176,94.25,56.875,71.5,785,1047
71,40,9,178,65.0,3.65625,72.3125,948,1379
71,25,102,80,40.625,41.4375,32.5,949,1239
71,25,249,39,40.625,101.15625,15.84375,1088,1437
71,7,83,44,11.375,33.71875,17.875,1090,1439
71,52,211,134,84.5,85.71875,54.4375,985,1293
71,58,231,143,94.25,93.84375,58.09375,758,1167
71,32,112,96,52.0,45.5,39.0,866,1295
71,53,76,177,86.125,30.875,71.90625,762,1449
71,6,234,32,9.75,95.0625,13.0,1089,1438
71,22,227,47,35.75,92.21875,19.09375,951,1263
71,31,164,78,50.375,66.625,31.6875,888,1329
71,34,48,131,55.25,19.5,53.21875,870,1171
71,30,15,128,48.75,6.09375,52.0,1028,1352
71,36,153,86,58.5,62.15625,34.9375,1065,1435
71,41,154,107,66.625,62.5625,43.46875,807,1238
71,12,71,95,19.5,28.84375,38.59375,1027,1349
71,21,203,85,34.125,82.46875,34.53125,938,1224
71,18,153,46,29.25,62.15625,18.6875,1041,1389
71,20,139,93,32.5,56.46875,37.78125,936,1221
71,26,44,106,42.25,17.875,43.0625,890,1296
71,56,207,183,91.0,84.09375,74.34375,828,1093
71,10,54,62,16.25,21.9375,25.1875,1097,1450
71,37,125,101,60.125,50.78125,41.03125,807,1241
71,7,114,58,11.375,46.3125,23.5625,1081,1424
71,7,189,11,11.375,76.78125,4.46875,1080,1423
71,22,124,66,35.75,50.375,26.8125,1001,1355
71,52,131,167,84.5,53.21875,67.84375,818,1082
71,31,215,67,50.375,87.34375,27.21875,769,1451
71,47,179,188,76.375,72.71875,76.375,217,1426
71,58,161,165,94.25,65.40625,67.03125,672,912
71,16,237,54,26.0,96.28125,21.9375,960,1262
71,20,44,91,32.5,17.875,36.96875,987,1354
71,45,118,181,73.125,47.9375,73.53125,608,1380
71,11,5,124,17.875,2.03125,50.375,1052,1390
71,39,101,119,63.375,41.03125,48.34375,1039,1368
71,24,84,92,39.0,34.125,37.375,923,1264
71,19,26,98,30.875,10.5625,39.8125,1030,1356
71,28,27,117,45.5,10.96875,47.53125,913,1248
71,23,16,107,37.375,6.5,43.46875,972,1278
71,21,101,108,34.125,41.03125,43.875,954,1247
71,33,29,132,53.625,11.78125,53.625,1040,1369
71,27,190,60,43.875,77.1875,24.375,935,1258
71,56,177,206,91.0,71.90625,83.6875,835,1100
71,34,215,108,55.25,87.34375,43.875,963,1267
71,14,53,116,22.75,21.53125,47.125,986,1297
71,44,25,226,71.5,10.15625,91.8125,1013,1331
71,16,113,86,26.0,45.90625,34.9375,964,1268
71,51,197,201,82.875,80.03125,81.65625,217,1428
71,42,179,161,68.25,72.71875,65.40625,841,1300
71,38,62,141,61.75,25.1875,57.28125,1054,1392
71,27,208,100,43.875,84.5,40.625,836,1101
71,40,217,134,65.0,88.15625,54.4375,1056,1394
71,47,160,129,76.375,65.0,52.40625,819,1083
71,30,164,115,48.75,66.625,46.71875,516,642
71,22,171,96,35.75,69.46875,39.0,884,1160
71,36,45,171,58.5,18.28125,69.46875,1083,1429
71,9,117,77,14.625,47.53125,31.28125,1069,1409
71,37,13,209,60.125,5.28125,84.90625,725,983
71,39,149,157,63.375,60.53125,63.78125,684,931
71,51,61,240,82.875,24.78125,97.5,1068,1408
71,16,161,69,26.0,65.40625,28.03125,965,1269
71,34,71,160,55.25,28.84375,65.0,833,1098
71,55,139,227,89.375,56.46875,92.21875,1018,1336
71,10,215,57,16.25,87.34375,23.15625,1049,1452
71,30,233,101,48.75,94.65625,41.03125,1071,1411
71,14,32,116,22.75,13.0,47.125,1017,1335
71,42,198,159,68.25,80.4375,64.59375,1092,1442
71,10,147,66,16.25,59.71875,26.8125,1073,1413
71,58,111,246,94.25,45.09375,99.9375,837,1102
71,55,244,184,89.375,99.125,74.75,925,1209
71,5,46,92,8.125,18.6875,37.375,1091,1441
71,44,142,94,71.5,57.6875,38.1875,1098,1453
71,19,11,147,30.875,4.46875,59.71875,927,1211
71,22,43,138,35.75,17.46875,56.0625,975,1281
71,36,167,140,58.5,67.84375,56.875,826,1227
71,15,199,69,24.375,80.84375,28.03125,1005,1321
71,41,72,189,66.625,29.25,76.78125,1050,1384
71,27,33,166,43.875,13.40625,67.4375,1072,1412
71,45,140,177,73.125,56.875,71.90625,608,1381
71,25,123,120,40.625,49.96875,48.75,900,1361
71,47,62,217,76.375,25.1875,88.15625,838,1103
71,33,134,135,53.625,54.4375,54.84375,826,1228
71,33,106,146,53.625,43.0625,59.3125,851,1117
71,36,19,243,58.5,7.71875,98.71875,845,1284
71,44,219,150,71.5,88.96875,60.9375,989,1302
71,52,154,204,84.5,62.5625,82.875,674,915
71,50,120,205,81.25,48.75,83.28125,1004,1320
71,57,198,225,92.625,80.4375,91.40625,1034,1360
71,52,94,227,84.5,38.1875,92.21875,1093,1443
71,47,244,169,76.375,99.125,68.65625,990,1304
71,29,25,215,47.125,10.15625,87.34375,1024,1342
71,37,122,150,60.125,49.5625,60.9375,1045,1375
71,44,151,212,71.5,61.34375,86.125,1059,1454
71,9,47,129,14.625,19.09375,52.40625,1094,1444
71,34,186,164,55.25,75.5625,66.625,1074,1414
71,8,207,72,13.0,84.09375,29.25,1049,1455
71,22,233,79,35.75,94.65625,32.09375,873,1147
71,41,143,204,66.625,58.09375,82.875,1059,1456
71,20,139,129,32.5,56.46875,52.40625,1075,1415
71,10,145,97,16.25,58.90625,39.40625,1061,1399
71,21,201,116,34.125,81.65625,47.125,1099,1457
72,5,19,68,8.125,7.71875,27.625,1100,1458
72,16,6,105,26.0,2.4375,42.65625,1086,1432
72,12,15,90,19.5,6.09375,36.5625,1062,1459
72,21,138,59,34.125,56.0625,23.96875,1001,1344
72,33,237,62,53.625,96.28125,25.1875,764,1026
72,38,12,156,61.75,4.875,63.375,1076,1416
72,22,210,42,35.75,85.3125,17.0625,951,1257
72,47,87,153,76.375,35.34375,62.15625,726,1364
72,58,216,153,94.25,87.75,62.15625,758,1164
72,53,183,141,86.125,74.34375,57.28125,761,1023
72,22,176,48,35.75,71.5,19.5,997,1345
72,53,116,163,86.125,47.125,66.21875,751,1252
72,36,207,77,58.5,84.09375,31.28125,769,1446
72,34,148,78,55.25,60.125,31.6875,1065,1433
72,43,176,104,69.875,71.5,42.25,753,1015
72,54,147,151,87.75,59.71875,61.34375,1047,1386
72,44,119,125,71.5,48.34375,50.78125,619,1237
72,13,93,57,21.125,37.78125,23.15625,1063,1402
72,34,96,108,55.25,39.0,43.875,784,1046
72,28,146,69,45.5,59.3125,28.03125,947,1235
72,38,187,98,61.75,75.96875,39.8125,757,1019
72,46,39,173,74.75,15.84375,70.28125,863,1134
72,45,182,123,73.125,73.9375,49.96875,763,1025
72,7,65,56,11.375,26.40625,22.75,1095,1445
72,47,238,113,76.375,96.6875,45.90625,774,1036
72,25,70,90,40.625,28.4375,36.5625,923,1256
72,39,234,84,63.375,95.0625,34.125,1010,1326
72,13,209,19,21.125,84.90625,7.71875,1036,1365
72,8,219,5,13.0,88.96875,2.03125,1096,1447
72,42,45,156,68.25,18.28125,63.375,804,1067
72,44,100,139,71.5,40.625,56.46875,798,1061
72,31,181,81,50.375,73.53125,32.90625,889,1166
72,56,85,179,91.0,34.53125,72.71875,762,1449
72,33,78,114,53.625,31.6875,46.3125,864,1434
72,39,33,162,63.375,13.40625,65.8125,865,1137
72,58,104,194,94.25,42.25,78.8125,783,1045
72,9,116,40,14.625,47.125,16.25,1078,1421
72,52,101,166,84.5,41.03125,67.4375,756,1018
72,43,235,95,69.875,95.46875,38.59375,782,1044
72,16,226,26,26.0,91.8125,10.5625,1011,1327
72,18,247,28,29.25,100.34375,11.375,968,1273
72,49,225,116,79.625,91.40625,47.125,787,1049
72,46,203,110,74.75,82.46875,44.6875,776,1038
72,17,115,58,27.625,46.71875,23.5625,1038,1417
72,16,193,31,26.0,78.40625,12.59375,997,1351
72,54,57,197,87.75,23.15625,80.03125,762,1448
72,47,83,168,76.375,33.71875,68.25,532,692
72,21,105,69,34.125,42.65625,28.03125,998,1312
72,13,146,40,21.125,59.3125,16.25,1064,1403
72,11,242,8,17.875,98.3125,3.25,1077,1420
72,51,194,128,82.875,78.8125,52.0,789,1051
72,33,127,83,53.625,51.59375,33.71875,817,1135
72,19,60,82,30.875,24.375,33.3125,987,1346
72,48,130,148,78.0,52.8125,60.125,800,1063
72,56,184,157,91.0,74.75,63.78125,919,1203
72,16,75,69,26.0,30.46875,28.03125,1067,1407
72,55,247,135,89.375,100.34375,54.84375,754,1016
72,16,171,37,26.0,69.46875,15.03125,1041,1388
72,50,12,191,81.25,4.875,77.59375,958,1419
72,50,15,211,81.25,6.09375,85.71875,958,1418
72,48,35,192,78.0,14.21875,78.0,948,1377
72,38,75,125,61.75,30.46875,50.78125,910,1192
72,49,64,169,79.625,26.0,68.65625,786,1048
72,56,133,158,91.0,54.03125,64.1875,1047,1387
72,33,59,122,53.625,23.96875,49.5625,890,1294
72,56,45,199,91.0,18.28125,80.84375,737,1202
72,29,169,64,47.125,68.65625,26.0,888,1330
72,43,135,116,69.875,54.84375,47.125,811,1075
72,41,10,181,66.625,4.0625,73.53125,948,1379
72,27,103,83,43.875,41.84375,33.71875,949,1239
72,53,212,138,86.125,86.125,56.0625,985,1293
72,48,53,180,78.0,21.53125,73.125,1101,1460
72,28,46,111,45.5,18.6875,45.09375,890,1296
72,8,83,48,13.0,33.71875,19.5,1090,1439
72,36,52,137,58.5,21.125,55.65625,870,1171
72,32,164,81,52.0,66.625,32.90625,888,1329
72,42,156,111,68.25,63.375,45.09375,807,1238
72,8,242,33,13.0,98.3125,13.40625,1089,1438
72,23,228,48,37.375,92.625,19.5,951,1263
72,34,114,98,55.25,46.3125,39.8125,866,1295
72,19,156,49,30.875,63.375,19.90625,1041,1389
72,31,17,131,50.375,6.90625,53.21875,1028,1352
72,38,130,103,61.75,52.8125,41.84375,807,1241
72,5,98,35,8.125,39.8125,14.21875,1102,1461
72,32,218,69,52.0,88.5625,28.03125,769,1451
72,53,130,171,86.125,52.8125,69.46875,818,1082
72,37,157,92,60.125,63.78125,37.375,1065,1435
72,13,73,100,21.125,29.65625,40.625,1027,1349
72,11,26,81,17.875,10.5625,32.90625,1062,1462
72,23,126,68,37.375,51.1875,27.625,1001,1355
72,22,204,85,35.75,82.875,34.53125,938,1224
72,25,86,93,40.625,34.9375,37.78125,923,1264
72,36,32,136,58.5,13.0,55.25,1040,1369
72,40,103,122,65.0,41.84375,49.5625,1039,1368
72,29,31,119,47.125,12.59375,48.34375,913,1248
72,8,115,60,13.0,46.71875,24.375,1081,1424
72,56,211,185,91.0,85.71875,75.15625,828,1093
72,7,191,12,11.375,77.59375,4.875,1080,1423
72,26,10,123,42.25,4.0625,49.96875,1103,1463
72,47,136,130,76.375,55.25,52.8125,1104,1464
72,12,5,128,19.5,2.03125,52.0,1052,1390
72,21,141,95,34.125,57.28125,38.59375,936,1221
72,23,101,113,37.375,41.03125,45.90625,954,1247
72,25,18,110,40.625,7.3125,44.6875,972,1278
72,17,238,53,27.625,96.6875,21.53125,960,1262
72,28,192,62,45.5,78.0,25.1875,935,1258
72,22,48,93,35.75,19.5,37.78125,987,1354
72,14,47,79,22.75,19.09375,32.09375,1105,1465
72,47,178,190,76.375,72.3125,77.1875,217,1426
72,39,146,159,63.375,59.3125,64.59375,684,931
72,46,120,184,74.75,48.75,74.75,608,1380
72,5,181,48,8.125,73.53125,19.5,1106,1466
72,41,218,135,66.625,88.5625,54.84375,1056,1394
72,17,115,87,27.625,46.71875,35.34375,964,1268
72,50,188,169,81.25,76.375,68.65625,1107,1467
72,56,175,207,91.0,71.09375,84.09375,835,1100
72,10,118,79,16.25,47.9375,32.09375,1069,1409
72,21,27,101,34.125,10.96875,41.03125,1030,1356
72,15,55,119,24.375,22.34375,48.34375,986,1297
72,6,87,78,9.75,35.34375,31.6875,1108,1468
72,11,216,56,17.875,87.75,22.75,1049,1452
72,31,165,118,50.375,67.03125,47.9375,516,642
72,35,215,112,56.875,87.34375,45.5,963,1267
72,42,179,162,68.25,72.71875,65.8125,841,1300
72,28,210,102,45.5,85.3125,41.4375,836,1101
72,40,64,147,65.0,26.0,59.71875,1054,1392
72,24,172,100,39.0,69.875,40.625,884,1160
72,55,140,228,89.375,56.875,92.625,1018,1336
72,32,233,103,52.0,94.65625,41.84375,1071,1411
72,11,148,66,17.875,60.125,26.8125,1073,1413
72,48,163,133,78.0,66.21875,54.03125,819,1083
72,16,163,70,26.0,66.21875,28.4375,965,1269
72,37,45,177,60.125,18.28125,71.90625,1083,1429
72,54,91,197,87.75,36.96875,80.03125,1109,1469
72,58,94,250,94.25,38.1875,101.5625,1110,1470
72,27,26,166,43.875,10.5625,67.4375,1072,1412
72,38,8,217,61.75,3.25,88.15625,725,983
72,51,61,242,82.875,24.78125,98.3125,1068,1408
72,51,199,202,82.875,80.84375,82.0625,217,1428
72,23,42,142,37.375,17.0625,57.6875,975,1281
72,44,27,229,71.5,10.96875,93.03125,1013,1331
72,47,69,215,76.375,28.03125,87.34375,838,1103
72,6,47,93,9.75,19.09375,37.78125,1091,1441
72,15,30,118,24.375,12.1875,47.9375,1017,1335
72,43,200,162,69.875,81.25,65.8125,1092,1442
72,55,243,186,89.375,98.71875,75.5625,925,1209
72,35,72,166,56.875,29.25,67.4375,833,1098
72,5,158,59,8.125,64.1875,23.96875,1111,1471
72,45,222,151,73.125,90.1875,61.34375,989,1302
72,16,199,71,26.0,80.84375,28.84375,1005,1321
72,42,73,195,68.25,29.65625,79.21875,1050,1384
72,45,139,179,73.125,56.46875,72.71875,608,1381
72,26,126,122,42.25,51.1875,49.5625,900,1361
72,20,10,149,32.5,4.0625,60.53125,927,1211
72,57,202,227,92.625,82.0625,92.21875,1034,1360
72,34,108,150,55.25,43.875,60.9375,851,1117
72,34,134,138,55.25,54.4375,56.0625,826,1228
72,36,166,140,58.5,67.4375,56.875,826,1227
72,37,24,247,60.125,9.75,100.34375,845,1284
72,51,121,207,82.875,49.15625,84.09375,1004,1320
72,48,247,174,78.0,100.34375,70.6875,990,1304
72,30,137,116,48.75,55.65625,47.125,1112,1472
72,10,46,130,16.25,18.6875,52.8125,1094,1444
72,53,153,206,86.125,62.15625,83.6875,674,915
72,52,95,230,84.5,38.59375,93.4375,1093,1443
72,38,123,154,61.75,49.96875,62.5625,1045,1375
72,29,25,217,47.125,10.15625,88.15625,1024,1342
72,24,233,81,39.0,94.65625,32.90625,873,1147
72,11,147,99,17.875,59.71875,40.21875,1061,1399
72,54,205,248,87.75,83.28125,100.75,1113,1473
72,21,139,132,34.125,56.46875,53.625,1075,1415
72,40,138,205,65.0,56.0625,83.28125,1059,1456
73,6,22,69,9.75,8.9375,28.03125,1100,1458
73,14,17,92,22.75,6.90625,37.375,1062,1459
73,55,187,143,89.375,75.96875,58.09375,761,1023
73,34,240,63,55.25,97.5,25.59375,764,1026
73,17,6,107,27.625,2.4375,43.46875,1086,1432
73,57,90,184,92.625,36.5625,74.75,762,1449
73,24,211,45,39.0,85.71875,18.28125,951,1257
73,23,141,60,37.375,57.28125,24.375,1001,1344
73,55,149,154,89.375,60.53125,62.5625,1047,1386
73,33,183,82,53.625,74.34375,33.3125,889,1166
73,36,98,110,58.5,39.8125,44.6875,784,1046
73,39,16,160,63.375,6.5,65.0,1076,1416
73,15,93,60,24.375,37.78125,24.375,1063,1402
73,49,241,115,79.625,97.90625,46.71875,774,1036
73,40,190,99,65.0,77.1875,40.21875,757,1019
73,51,228,119,82.875,92.625,48.34375,787,1049
73,49,89,155,79.625,36.15625,62.96875,726,1364
73,10,223,5,16.25,90.59375,2.03125,1096,1447
73,30,150,70,48.75,60.9375,28.4375,947,1235
73,40,236,86,65.0,95.875,34.9375,1010,1326
73,46,186,125,74.75,75.5625,50.78125,763,1025
73,55,116,166,89.375,47.125,67.4375,751,1252
73,37,152,81,60.125,61.75,32.90625,1065,1433
73,15,210,20,24.375,85.3125,8.125,1036,1365
73,44,193,91,71.5,78.40625,36.96875,1114,1474
73,45,180,107,73.125,73.125,43.46875,753,1015
73,55,55,200,89.375,22.34375,81.25,762,1448
73,48,40,178,78.0,16.25,72.3125,863,1134
73,23,178,50,37.375,72.3125,20.3125,997,1345
73,9,67,56,14.625,27.21875,22.75,1095,1445
73,48,208,111,78.0,84.5,45.09375,776,1038
73,15,149,42,24.375,60.53125,17.0625,1064,1403
73,46,101,141,74.75,41.03125,57.28125,798,1061
73,17,229,25,27.625,93.03125,10.15625,1011,1327
73,27,72,93,43.875,29.25,37.78125,923,1256
73,45,48,161,73.125,19.5,65.40625,804,1067
73,45,125,127,73.125,50.78125,51.59375,619,1237
73,50,135,151,81.25,54.84375,61.34375,800,1063
73,42,35,164,68.25,14.21875,66.625,865,1137
73,54,102,167,87.75,41.4375,67.84375,756,1018
73,19,246,29,30.875,99.9375,11.78125,968,1273
73,38,212,81,61.75,86.125,32.90625,769,1446
73,19,116,59,30.875,47.125,23.96875,1038,1417
73,11,118,42,17.875,47.9375,17.0625,1078,1421
73,5,165,11,8.125,67.03125,4.46875,1115,1475
73,20,64,83,32.5,26.0,33.71875,987,1346
73,35,79,115,56.875,32.09375,46.71875,864,1434
73,35,61,125,56.875,24.78125,50.78125,890,1294
73,24,110,74,39.0,44.6875,30.0625,998,1312
73,18,195,32,29.25,79.21875,13.0,997,1351
73,52,199,130,84.5,80.84375,52.8125,789,1051
73,51,15,214,82.875,6.09375,86.9375,958,1418
73,48,84,169,78.0,34.125,68.65625,532,692
73,52,11,196,84.5,4.46875,79.625,958,1419
73,28,105,82,45.5,42.65625,33.3125,949,1239
73,54,215,140,87.75,87.34375,56.875,985,1293
73,17,77,70,27.625,31.28125,28.4375,1067,1407
73,6,43,63,9.75,17.46875,25.59375,1116,1476
73,17,173,38,27.625,70.28125,15.4375,1041,1388
73,31,172,66,50.375,69.875,26.8125,888,1330
73,31,5,138,50.375,2.03125,56.0625,1028,1477
73,12,246,8,19.5,99.9375,3.25,1077,1420
73,29,48,114,47.125,19.5,46.3125,890,1296
73,50,54,183,81.25,21.9375,74.34375,1101,1460
73,50,35,194,81.25,14.21875,78.8125,948,1377
73,57,187,159,92.625,75.96875,64.59375,919,1203
73,40,77,126,65.0,31.28125,51.1875,910,1192
73,10,243,33,16.25,98.71875,13.40625,1089,1438
73,45,142,119,73.125,57.6875,48.34375,811,1075
73,51,69,175,82.875,28.03125,71.09375,786,1048
73,38,53,140,61.75,21.53125,56.875,870,1171
73,8,150,24,13.0,60.9375,9.75,1117,1478
73,9,84,50,14.625,34.125,20.3125,1090,1439
73,43,12,187,69.875,4.875,75.96875,948,1379
73,34,165,84,55.25,67.03125,34.125,888,1329
73,35,131,85,56.875,53.21875,34.53125,817,1135
73,45,163,111,73.125,66.21875,45.09375,807,1238
73,24,228,48,39.0,92.625,19.5,951,1263
73,55,137,170,89.375,55.65625,69.0625,818,1082
73,36,119,99,58.5,48.34375,40.21875,866,1295
73,38,163,97,61.75,66.21875,39.40625,1065,1435
73,40,134,106,65.0,54.4375,43.0625,807,1241
73,18,238,52,29.25,96.6875,21.125,960,1262
73,24,200,84,39.0,81.25,34.125,938,1224
73,53,36,223,86.125,14.625,90.59375,1118,1479
73,24,130,68,39.0,52.8125,27.625,1001,1355
73,33,17,133,53.625,6.90625,54.03125,1028,1480
73,7,100,38,11.375,40.625,15.4375,1102,1461
73,38,34,139,61.75,13.8125,56.46875,1040,1369
73,31,32,120,50.375,13.0,48.75,913,1248
73,27,88,96,43.875,35.75,39.0,923,1264
73,22,159,51,35.75,64.59375,20.71875,1041,1389
73,9,191,12,14.625,77.59375,4.875,1080,1423
73,30,195,65,48.75,79.21875,26.40625,935,1258
73,42,109,125,68.25,44.28125,50.78125,1039,1368
73,10,117,63,16.25,47.53125,25.59375,1081,1424
73,58,213,186,94.25,86.53125,75.5625,828,1093
73,14,5,131,22.75,2.03125,53.21875,1052,1390
73,13,57,68,21.125,23.15625,27.625,1105,1481
73,27,10,124,43.875,4.0625,50.375,1103,1463
73,41,149,159,66.625,60.53125,64.59375,684,931
73,24,48,96,39.0,19.5,39.0,987,1354
73,5,122,27,8.125,49.5625,10.96875,1119,1482
73,51,190,170,82.875,77.1875,69.0625,1107,1467
73,15,76,99,24.375,30.875,40.21875,1027,1349
73,26,20,111,42.25,8.125,45.09375,972,1278
73,25,101,113,40.625,41.03125,45.90625,954,1247
73,16,47,80,26.0,19.09375,32.5,1105,1483
73,49,142,134,79.625,57.6875,54.4375,1104,1464
73,12,119,81,19.5,48.34375,32.90625,1069,1409
73,49,180,191,79.625,73.125,77.59375,217,1426
73,19,121,85,30.875,49.15625,34.53125,964,1268
73,23,145,94,37.375,58.90625,38.1875,936,1221
73,58,178,208,94.25,72.3125,84.5,835,1100
73,48,121,184,78.0,49.15625,74.75,608,1380
73,51,165,135,82.875,67.03125,54.84375,819,1083
73,45,28,228,73.125,11.375,92.625,1013,1331
73,6,227,37,9.75,92.21875,15.03125,1120,1484
73,17,55,121,27.625,22.34375,49.15625,986,1297
73,13,218,57,21.125,88.5625,23.15625,1049,1452
73,34,233,106,55.25,94.65625,43.0625,1071,1411
73,8,86,79,13.0,34.9375,32.09375,1108,1468
73,17,198,12,27.625,80.4375,4.875,1121,1485
73,32,168,116,52.0,68.25,47.125,516,642
73,8,160,59,13.0,65.0,23.96875,1111,1471
73,13,147,65,21.125,59.71875,26.40625,1073,1413
73,38,44,179,61.75,17.875,72.71875,1083,1429
73,42,67,153,68.25,27.21875,62.15625,1054,1392
73,24,175,98,39.0,71.09375,39.8125,884,1160
73,6,184,48,9.75,74.75,19.5,1106,1466
73,43,228,72,69.875,92.625,29.25,1122,1486
73,17,165,68,27.625,67.03125,27.625,965,1269
73,43,223,135,69.875,90.59375,54.84375,1056,1487
73,48,70,217,78.0,28.4375,88.15625,838,1103
73,37,213,113,60.125,86.53125,45.90625,963,1267
73,57,140,229,92.625,56.875,93.03125,1018,1336
73,42,180,163,68.25,73.125,66.21875,841,1300
73,52,62,243,84.5,25.1875,98.71875,1068,1408
73,54,84,200,87.75,34.125,81.25,1109,1469
73,39,7,219,63.375,2.84375,88.96875,725,983
73,30,211,103,48.75,85.71875,41.84375,836,1101
73,55,249,185,89.375,101.15625,75.15625,925,1209
73,53,196,202,86.125,79.625,82.0625,217,1428
73,28,27,168,45.5,10.96875,68.25,1072,1412
73,8,49,96,13.0,19.90625,39.0,1091,1441
73,18,199,71,29.25,80.84375,28.84375,1005,1321
73,24,43,138,39.0,17.46875,56.0625,975,1281
73,44,203,162,71.5,82.46875,65.8125,1092,1442
73,37,68,170,60.125,27.625,69.0625,833,1098
73,17,26,122,27.625,10.5625,49.5625,1017,1335
73,39,26,250,63.375,10.5625,101.5625,845,1284
73,58,201,227,94.25,81.65625,92.21875,1034,1360
73,36,109,148,58.5,44.28125,60.125,851,1117
73,43,77,196,69.875,31.28125,79.625,1050,1384
73,36,136,140,58.5,55.25,56.875,826,1228
73,37,167,140,60.125,67.84375,56.875,826,1227
73,45,224,153,73.125,91.0,62.15625,989,1302
73,37,213,135,60.125,86.53125,54.84375,1056,1488
73,52,121,209,84.5,49.15625,84.90625,1004,1320
73,49,246,171,79.625,99.9375,69.46875,990,1304
73,27,127,120,43.875,51.59375,48.75,900,1361
73,12,47,132,19.5,19.09375,53.625,1094,1444
73,53,94,233,86.125,38.1875,94.65625,1093,1443
73,46,145,179,74.75,58.90625,72.71875,608,1381
73,32,140,118,52.0,56.875,47.9375,1112,1472
73,25,232,82,40.625,94.25,33.3125,873,1147
73,54,156,207,87.75,63.375,84.09375,674,915
73,31,27,219,50.375,10.96875,88.96875,1024,1342
73,41,138,205,66.625,56.0625,83.28125,1059,1456
73,13,149,98,21.125,60.53125,39.8125,1061,1399
73,55,206,245,89.375,83.6875,99.53125,1113,1473
74,41,14,164,66.625,5.6875,66.625,1076,1416
74,9,22,73,14.625,8.9375,29.65625,1100,1458
74,19,6,111,30.875,2.4375,45.09375,1086,1432
74,16,18,96,26.0,7.3125,39.0,1062,1459
74,41,218,81,66.625,88.5625,32.90625,769,1446
74,12,225,7,19.5,91.40625,2.84375,1096,1447
74,56,186,150,91.0,75.5625,60.9375,761,1023
74,41,193,104,66.625,78.40625,42.25,757,1019
74,25,215,47,40.625,87.34375,19.09375,951,1257
74,58,56,206,94.25,22.75,83.6875,762,1448
74,25,146,64,40.625,59.3125,26.0,1001,1344
74,33,153,74,53.625,62.15625,30.0625,947,1235
74,11,68,59,17.875,27.625,23.96875,1095,1445
74,45,196,96,73.125,79.625,39.0,1114,1474
74,35,188,87,56.875,76.375,35.34375,889,1166
74,46,182,112,74.75,73.9375,45.5,753,1015
74,17,94,63,27.625,38.1875,25.59375,1063,1402
74,38,100,114,61.75,40.625,46.3125,784,1046
74,53,230,122,86.125,93.4375,49.5625,787,1049
74,35,243,64,56.875,98.71875,26.0,764,1026
74,50,38,183,81.25,15.4375,74.34375,863,1134
74,58,91,188,94.25,36.96875,76.375,762,1449
74,21,250,29,34.125,101.5625,11.78125,968,1273
74,50,89,159,81.25,36.15625,64.59375,726,1364
74,55,103,169,89.375,41.84375,68.65625,756,1018
74,48,189,129,78.0,76.78125,52.40625,763,1025
74,38,155,85,61.75,62.96875,34.53125,1065,1433
74,44,38,170,71.5,15.4375,69.0625,865,1137
74,16,213,22,26.0,86.53125,8.9375,1036,1365
74,50,243,119,81.25,98.71875,48.34375,774,1036
74,52,139,155,84.5,56.46875,62.96875,800,1063
74,58,117,172,94.25,47.53125,69.875,751,1252
74,25,181,53,40.625,73.53125,21.53125,997,1345
74,47,212,111,76.375,86.125,45.09375,776,1038
74,42,240,86,68.25,97.5,34.9375,1010,1326
74,29,72,97,47.125,29.25,39.40625,923,1256
74,13,120,44,21.125,48.75,17.875,1078,1421
74,47,47,167,76.375,19.09375,67.84375,804,1067
74,21,118,62,34.125,47.9375,25.1875,1038,1417
74,34,177,68,55.25,71.90625,27.625,888,1330
74,26,112,77,42.25,45.5,31.28125,998,1312
74,7,167,13,11.375,67.84375,5.28125,1115,1475
74,22,63,88,35.75,25.59375,35.75,987,1346
74,47,101,144,76.375,41.03125,58.5,798,1061
74,19,232,27,30.875,94.25,10.96875,1011,1327
74,46,128,129,74.75,52.0,52.40625,619,1237
74,53,17,219,86.125,6.90625,88.96875,958,1418
74,17,154,44,27.625,62.5625,17.875,1064,1403
74,54,199,135,87.75,80.84375,54.84375,789,1051
74,57,130,161,92.625,52.8125,65.40625,818,1489
74,55,216,143,89.375,87.75,58.09375,985,1293
74,20,177,41,32.5,71.90625,16.65625,1041,1388
74,37,62,132,60.125,25.1875,53.625,890,1294
74,37,81,118,60.125,32.90625,47.9375,864,1434
74,8,43,66,13.0,17.46875,26.8125,1116,1476
74,50,84,174,81.25,34.125,70.6875,532,692
74,53,10,201,86.125,4.0625,81.65625,958,1419
74,51,37,202,82.875,15.03125,82.0625,948,1377
74,30,105,86,48.75,42.65625,34.9375,949,1239
74,42,77,130,68.25,31.28125,52.8125,910,1192
74,10,151,27,16.25,61.34375,10.96875,1117,1478
74,57,151,159,92.625,61.34375,64.59375,1047,1386
74,47,245,100,76.375,99.53125,40.625,1123,1490
74,20,78,75,32.5,31.6875,30.46875,1067,1407
74,47,143,124,76.375,58.09375,50.375,811,1075
74,54,65,178,87.75,26.40625,72.3125,786,1048
74,46,165,115,74.75,67.03125,46.71875,807,1238
74,20,199,35,32.5,80.84375,14.21875,997,1351
74,11,248,34,17.875,100.75,13.8125,1089,1438
74,51,54,190,82.875,21.9375,77.1875,1101,1460
74,11,84,54,17.875,34.125,21.9375,1090,1439
74,36,134,91,58.5,54.4375,36.96875,817,1135
74,14,249,10,22.75,101.15625,4.0625,1077,1420
74,41,54,146,66.625,21.9375,59.3125,870,1171
74,56,137,173,91.0,55.65625,70.28125,818,1491
74,36,170,88,58.5,69.0625,35.75,888,1329
74,37,120,103,60.125,48.75,41.84375,866,1295
74,32,49,119,52.0,19.90625,48.34375,890,1296
74,35,17,137,56.875,6.90625,55.65625,1028,1480
74,45,12,193,73.125,4.875,78.40625,948,1379
74,25,231,47,40.625,93.84375,19.09375,951,1263
74,8,99,42,13.0,40.21875,17.0625,1102,1461
74,42,135,109,68.25,54.84375,44.28125,807,1241
74,40,166,104,65.0,67.4375,42.25,1065,1435
74,10,192,14,16.25,78.0,5.6875,1080,1423
74,26,132,71,42.25,53.625,28.84375,1001,1355
74,25,204,82,40.625,82.875,33.3125,938,1224
74,11,119,63,17.875,48.34375,25.59375,1081,1424
74,19,241,51,30.875,97.90625,20.71875,960,1262
74,23,163,54,37.375,66.21875,21.9375,1041,1389
74,26,49,100,42.25,19.90625,40.625,987,1354
74,47,28,237,76.375,11.375,96.28125,1013,1331
74,29,88,100,47.125,35.75,40.625,923,1264
74,58,212,188,94.25,86.125,76.375,828,1093
74,17,74,101,27.625,30.0625,41.03125,1027,1349
74,38,33,143,61.75,13.40625,58.09375,1040,1369
74,32,194,67,52.0,78.8125,27.21875,935,1258
74,54,36,228,87.75,14.625,92.625,1118,1479
74,29,10,129,47.125,4.0625,52.40625,1028,1477
74,8,124,30,13.0,50.375,12.1875,1119,1482
74,50,143,136,81.25,58.09375,55.25,1104,1464
74,44,111,130,71.5,45.09375,52.8125,1039,1368
74,5,7,104,8.125,2.84375,42.25,1124,1492
74,20,124,87,32.5,50.375,35.34375,964,1268
74,33,165,117,53.625,67.03125,47.53125,516,642
74,33,33,125,53.625,13.40625,50.78125,913,1248
74,42,147,161,68.25,59.71875,65.40625,684,931
74,24,146,96,39.0,59.3125,39.0,936,1221
74,18,46,84,29.25,18.6875,34.125,1105,1483
74,13,124,80,21.125,50.375,32.5,1069,1409
74,26,90,120,42.25,36.5625,48.75,954,1247
74,24,31,107,39.0,12.59375,43.46875,972,1278
74,28,19,114,45.5,7.71875,46.3125,1103,1463
74,49,123,185,79.625,49.96875,75.15625,608,1380
74,35,233,106,56.875,94.65625,43.0625,1071,1411
74,25,176,98,40.625,71.5,39.8125,884,1160
74,53,205,205,86.125,83.28125,83.28125,217,1428
74,50,179,193,81.25,72.71875,78.40625,217,1426
74,19,55,124,30.875,22.34375,50.375,986,1297
74,45,67,160,73.125,27.21875,65.0,1054,1392
74,24,38,137,39.0,15.4375,55.65625,975,1281
74,41,11,221,66.625,4.46875,89.78125,725,983
74,14,220,59,22.75,89.375,23.96875,1049,1452
74,52,167,140,84.5,67.84375,56.875,819,1083
74,51,192,176,82.875,78.0,71.5,1107,1467
74,10,85,82,16.25,34.53125,33.3125,1108,1468
74,19,172,70,30.875,69.875,28.4375,965,1269
74,8,234,41,13.0,95.0625,16.65625,1120,1484
74,31,212,97,50.375,86.125,39.40625,836,1101
74,14,151,67,22.75,61.34375,27.21875,1073,1413
74,43,182,166,69.875,73.9375,67.4375,841,1300
74,49,69,219,79.625,28.03125,88.96875,838,1103
74,8,189,50,13.0,76.78125,20.3125,1106,1466
74,30,28,171,48.75,11.375,69.46875,1072,1412
74,50,219,185,81.25,88.96875,75.15625,1125,1493
74,10,50,99,16.25,20.3125,40.21875,1091,1441
74,10,165,60,16.25,67.03125,24.375,1111,1471
74,37,69,170,60.125,28.03125,69.0625,833,1098
74,53,61,246,86.125,24.78125,99.9375,1068,1408
74,19,24,128,30.875,9.75,52.0,1017,1335
74,44,226,140,71.5,91.8125,56.875,1056,1487
74,37,134,141,60.125,54.4375,57.28125,826,1228
74,47,226,155,76.375,91.8125,62.96875,989,1302
74,39,165,142,63.375,67.03125,57.6875,826,1227
74,45,96,176,73.125,39.0,71.5,1126,1494
74,38,216,133,61.75,87.75,54.03125,1056,1488
74,55,96,237,89.375,39.0,96.28125,1093,1443
74,50,246,171,81.25,99.9375,69.46875,990,1304
74,36,107,149,58.5,43.46875,60.53125,851,1117
74,45,77,198,73.125,31.28125,80.4375,1050,1384
74,44,204,161,71.5,82.875,65.40625,1092,1442
74,47,137,184,76.375,55.65625,74.75,608,1381
74,5,33,97,8.125,13.40625,39.40625,1127,1495
74,40,117,150,65.0,47.53125,60.9375,1128,1496
74,53,120,211,86.125,48.75,85.71875,1004,1320
74,28,117,120,45.5,47.53125,48.75,900,1497
74,33,137,120,53.625,55.65625,48.75,1112,1472
74,6,141,46,9.75,57.28125,18.6875,1129,1498
74,55,157,208,89.375,63.78125,84.5,674,915
74,26,233,80,42.25,94.65625,32.5,873,1147
74,28,126,121,45.5,51.1875,49.15625,900,1499
74,13,215,77,21.125,87.34375,31.28125,1130,1500
74,33,27,224,53.625,10.96875,91.0,1024,1342
74,14,151,96,22.75,61.34375,39.0,1061,1399
74,23,149,134,37.375,60.53125,54.4375,1131,1501
75,41,217,83,66.625,88.15625,33.71875,769,1446
75,22,9,115,35.75,3.65625,46.71875,1086,1432
75,18,19,99,29.25,7.71875,40.21875,1062,1459
75,10,25,79,16.25,10.15625,32.09375,1100,1502
75,6,134,21,9.75,54.4375,8.53125,1119,1503
75,55,231,126,89.375,93.84375,51.1875,787,1049
75,19,95,66,30.875,38.59375,26.8125,1063,1402
75,26,214,50,42.25,86.9375,20.3125,951,1257
75,26,146,67,42.25,59.3125,27.21875,1001,1344
75,37,243,66,60.125,98.71875,26.8125,764,1026
75,42,196,108,68.25,79.625,43.875,757,1019
75,34,157,77,55.25,63.78125,31.28125,947,1235
75,48,185,115,78.0,75.15625,46.71875,753,1015
75,51,39,190,82.875,15.84375,77.1875,863,1134
75,58,188,153,94.25,76.375,62.15625,761,1023
75,42,15,168,68.25,6.09375,68.25,1076,1416
75,48,191,130,78.0,77.59375,52.8125,763,1025
75,14,227,11,22.75,92.21875,4.46875,1096,1447
75,56,102,172,91.0,41.4375,69.875,756,1018
75,46,36,177,74.75,14.625,71.90625,865,1137
75,51,244,122,82.875,99.125,49.5625,774,1036
75,13,70,62,21.125,28.4375,25.1875,1095,1445
75,46,197,99,74.75,80.03125,40.21875,1114,1474
75,51,86,163,82.875,34.9375,66.21875,726,1364
75,47,129,133,76.375,52.40625,54.03125,619,1237
75,36,190,91,58.5,77.1875,36.96875,889,1166
75,57,153,164,92.625,62.15625,66.625,1047,1386
75,22,119,65,35.75,48.34375,26.40625,1038,1417
75,52,137,157,84.5,55.65625,63.78125,800,1063
75,40,101,119,65.0,41.03125,48.34375,784,1046
75,52,35,206,84.5,14.21875,83.6875,948,1377
75,58,58,214,94.25,23.5625,86.9375,762,1448
75,17,212,25,27.625,86.125,10.15625,1036,1365
75,8,166,15,13.0,67.4375,6.09375,1115,1475
75,24,65,90,39.0,26.40625,36.5625,987,1346
75,49,47,173,79.625,19.09375,70.28125,804,1067
75,48,215,115,78.0,87.34375,46.71875,776,1038
75,27,114,79,43.875,46.3125,32.09375,998,1312
75,8,6,78,13.0,2.4375,31.6875,1132,1504
75,41,158,91,66.625,64.1875,36.96875,1065,1433
75,58,116,175,94.25,47.125,71.09375,751,1252
75,43,242,90,69.875,98.3125,36.5625,1010,1326
75,54,15,225,87.75,6.09375,91.40625,958,1418
75,51,212,122,82.875,86.125,49.5625,1133,1505
75,35,178,72,56.875,72.3125,29.25,888,1330
75,55,217,144,89.375,88.15625,58.5,985,1293
75,31,73,101,50.375,29.65625,41.03125,923,1256
75,48,100,148,78.0,40.625,60.125,798,1061
75,58,131,165,94.25,53.21875,67.03125,818,1489
75,27,181,59,43.875,73.53125,23.96875,997,1345
75,48,247,104,78.0,100.34375,42.25,1123,1490
75,21,230,33,34.125,93.4375,13.40625,1011,1327
75,51,84,180,82.875,34.125,73.125,532,692
75,38,61,136,61.75,24.78125,55.25,890,1294
75,15,119,50,24.375,48.34375,20.3125,1078,1421
75,57,138,176,92.625,56.0625,71.5,818,1491
75,55,66,184,89.375,26.8125,74.75,786,1048
75,38,82,122,61.75,33.3125,49.5625,864,1434
75,18,151,47,29.25,61.34375,19.09375,1064,1403
75,5,23,67,8.125,9.34375,27.21875,1100,1506
75,52,54,194,84.5,21.9375,78.8125,1101,1460
75,21,80,77,34.125,32.5,31.28125,1067,1407
75,48,142,127,78.0,57.6875,51.59375,811,1075
75,21,179,45,34.125,72.71875,18.28125,1041,1388
75,36,17,141,58.5,6.90625,57.28125,1028,1507
75,55,5,207,89.375,2.03125,84.09375,958,1419
75,43,78,134,69.875,31.6875,54.4375,910,1192
75,33,51,122,53.625,20.71875,49.5625,890,1296
75,12,149,30,19.5,60.53125,12.1875,1117,1478
75,15,249,13,24.375,101.15625,5.28125,1077,1420
75,34,9,148,55.25,3.65625,60.125,1028,1508
75,32,107,91,52.0,43.46875,36.96875,949,1239
75,12,83,56,19.5,33.71875,22.75,1090,1439
75,9,46,69,14.625,18.6875,28.03125,1116,1476
75,21,198,37,34.125,80.4375,15.03125,997,1351
75,38,171,93,61.75,69.46875,37.78125,888,1329
75,17,77,101,27.625,31.28125,41.03125,1027,1349
75,49,164,123,79.625,66.625,49.96875,807,1238
75,38,139,97,61.75,56.46875,39.40625,817,1135
75,42,54,151,68.25,21.9375,61.34375,870,1171
75,39,121,106,63.375,49.15625,43.0625,866,1295
75,10,100,46,16.25,40.625,18.6875,1102,1461
75,41,170,106,66.625,69.0625,43.0625,1065,1435
75,47,12,200,76.375,4.875,81.25,948,1379
75,9,122,32,14.625,49.5625,13.0,1119,1509
75,43,137,112,69.875,55.65625,45.5,807,1241
75,26,229,51,42.25,93.03125,20.71875,951,1263
75,12,115,67,19.5,46.71875,27.21875,1081,1424
75,24,162,57,39.0,65.8125,23.15625,1041,1389
75,28,135,75,45.5,54.84375,30.46875,1001,1355
75,25,203,84,40.625,82.46875,34.125,938,1224
75,11,191,16,17.875,77.59375,6.5,1080,1423
75,33,194,71,53.625,78.8125,28.84375,935,1258
75,27,51,106,43.875,20.71875,43.0625,987,1354
75,30,89,102,48.75,36.15625,41.4375,923,1264
75,27,93,121,43.875,37.78125,49.15625,954,1247
75,34,36,127,55.25,14.625,51.59375,913,1248
75,25,148,97,40.625,60.125,39.40625,936,1221
75,21,125,88,34.125,50.78125,35.75,964,1268
75,43,148,161,69.875,60.125,65.40625,684,931
75,45,112,136,73.125,45.5,55.25,1039,1368
75,20,243,54,32.5,98.71875,21.9375,960,1262
75,51,142,141,82.875,57.6875,57.28125,1104,1464
75,14,124,81,22.75,50.375,32.90625,1069,1409
75,39,34,149,63.375,13.8125,60.53125,1040,1369
75,54,35,231,87.75,14.21875,93.84375,1118,1479
75,48,30,240,78.0,12.1875,97.5,1013,1331
75,56,82,206,91.0,33.3125,83.6875,1134,1510
75,29,18,118,47.125,7.3125,47.9375,1103,1463
75,34,165,118,55.25,67.03125,47.9375,516,642
75,50,122,187,81.25,49.5625,75.96875,608,1380
75,16,61,74,26.0,24.78125,30.0625,1135,1511
75,19,45,87,30.875,18.28125,35.34375,1105,1483
75,6,7,105,9.75,2.84375,42.65625,1124,1492
75,26,33,112,42.25,13.40625,45.5,972,1278
75,15,221,64,24.375,89.78125,26.0,1049,1452
75,20,56,125,32.5,22.75,50.78125,986,1297
75,46,66,166,74.75,26.8125,67.4375,1054,1392
75,36,234,109,58.5,95.0625,44.28125,1071,1411
75,15,149,70,24.375,60.53125,28.4375,1073,1413
75,54,204,109,87.75,82.875,44.28125,1136,1512
75,16,7,134,26.0,2.84375,54.4375,1137,1513
75,39,217,115,63.375,88.15625,46.71875,1138,1514
75,50,179,196,81.25,72.71875,79.625,217,1426
75,54,170,148,87.75,69.0625,60.125,819,1083
75,11,83,84,17.875,33.71875,34.125,1108,1468
75,27,175,101,43.875,71.09375,41.03125,884,1160
75,52,189,178,84.5,76.78125,72.3125,1107,1467
75,56,249,195,91.0,101.15625,79.21875,1139,1515
75,10,234,46,16.25,95.0625,18.6875,1120,1484
75,25,36,142,40.625,14.625,57.6875,975,1281
75,8,195,53,13.0,79.21875,21.53125,1106,1466
75,43,182,167,69.875,73.9375,67.84375,841,1300
75,51,220,187,82.875,89.375,75.96875,1125,1493
75,19,176,70,30.875,71.5,28.4375,965,1269
75,11,168,61,17.875,68.25,24.78125,1111,1471
75,12,51,101,19.5,20.71875,41.03125,1091,1441
75,48,68,222,78.0,27.625,90.1875,838,1103
75,58,136,235,94.25,55.25,95.46875,1140,1516
75,41,9,226,66.625,3.65625,91.8125,725,983
75,30,25,174,48.75,10.15625,70.6875,1072,1412
75,21,21,131,34.125,8.53125,53.21875,1017,1335
75,40,163,142,65.0,66.21875,57.6875,826,1227
75,32,211,100,52.0,85.71875,40.625,836,1101
75,54,61,249,87.75,24.78125,101.15625,1068,1408
75,39,69,176,63.375,28.03125,71.5,833,1098
75,5,165,46,8.125,67.03125,18.6875,1141,1517
75,39,216,135,63.375,87.75,54.84375,1056,1488
75,55,94,241,89.375,38.1875,97.90625,1093,1443
75,51,244,170,82.875,99.125,69.0625,990,1304
75,29,119,122,47.125,48.34375,49.5625,900,1497
75,48,137,184,78.0,55.65625,74.75,608,1381
75,38,108,156,61.75,43.875,63.375,851,1117
75,55,151,212,89.375,61.34375,86.125,674,915
75,44,210,163,71.5,85.3125,66.21875,1092,1442
75,45,75,201,73.125,30.46875,81.65625,1050,1384
75,38,135,145,61.75,54.84375,58.90625,826,1228
75,47,228,158,76.375,92.625,64.1875,989,1302
75,8,144,49,13.0,58.5,19.90625,1129,1498
75,54,123,213,87.75,49.96875,86.53125,1004,1320
75,34,136,125,55.25,55.25,50.78125,1112,1472
75,6,32,100,9.75,13.0,40.625,1127,1495
75,14,216,80,22.75,87.75,32.5,1130,1500
75,26,238,80,42.25,96.6875,32.5,873,1147
75,42,119,153,68.25,48.34375,62.15625,1128,1496
75,43,145,218,69.875,58.90625,88.5625,1142,1518
75,33,27,225,53.625,10.96875,91.40625,1024,1342
75,23,148,133,37.375,60.125,54.03125,1131,1501
75,55,212,248,89.375,86.125,100.75,1143,1519
76,7,135,23,11.375,54.84375,9.34375,1119,1503
76,22,10,112,35.75,4.0625,45.5,1086,1432
76,19,20,100,30.875,8.125,40.625,1062,1459
76,43,198,108,69.875,80.4375,43.875,757,1019
76,49,195,131,79.625,79.21875,53.21875,763,1025
76,27,215,50,43.875,87.34375,20.3125,951,1257
76,12,27,80,19.5,10.96875,32.5,1100,1502
76,27,148,68,43.875,60.125,27.625,1001,1344
76,52,39,193,84.5,15.84375,78.40625,863,1134
76,37,191,91,60.125,77.59375,36.96875,889,1166
76,55,231,128,89.375,93.84375,52.0,787,1049
76,56,102,172,91.0,41.4375,69.875,756,1018
76,35,159,79,56.875,64.59375,32.09375,947,1235
76,53,33,206,86.125,13.40625,83.6875,948,1377
76,20,98,67,32.5,39.8125,27.21875,1063,1402
76,52,88,166,84.5,35.75,67.4375,726,1364
76,52,244,123,84.5,99.125,49.96875,774,1036
76,47,131,134,76.375,53.21875,54.4375,619,1237
76,46,32,179,74.75,13.0,72.71875,865,1137
76,14,71,62,22.75,28.84375,25.1875,1095,1445
76,42,211,86,68.25,85.71875,34.9375,769,1520
76,58,153,167,94.25,62.15625,67.84375,1047,1386
76,9,6,78,14.625,2.4375,31.6875,1132,1504
76,56,199,142,91.0,80.84375,57.6875,1144,1521
76,49,188,117,79.625,76.375,47.53125,753,1015
76,37,244,66,60.125,99.125,26.8125,764,1026
76,23,120,66,37.375,48.75,26.8125,1038,1417
76,9,166,16,14.625,67.4375,6.5,1115,1475
76,18,212,27,29.25,86.125,10.96875,1036,1365
76,49,215,118,79.625,87.34375,47.9375,776,1038
76,52,212,124,84.5,86.125,50.375,1133,1505
76,41,103,120,66.625,41.84375,48.75,784,1046
76,24,65,90,39.0,26.40625,36.5625,987,1346
76,44,14,169,71.5,5.6875,68.65625,1076,1416
76,42,160,93,68.25,65.0,37.78125,1065,1433
76,36,182,71,58.5,73.9375,28.84375,888,1330
76,55,14,225,89.375,5.6875,91.40625,958,1418
76,50,46,175,81.25,18.6875,71.09375,804,1067
76,32,73,102,52.0,29.65625,41.4375,923,1256
76,20,150,48,32.5,60.9375,19.5,1064,1403
76,28,117,79,45.5,47.53125,32.09375,998,1312
76,5,59,51,8.125,23.96875,20.71875,1145,1522
76,15,228,12,24.375,92.625,4.875,1096,1447
76,42,227,86,68.25,92.21875,34.9375,769,1523
76,52,136,157,84.5,55.25,63.78125,800,1063
76,48,98,149,78.0,39.8125,60.53125,798,1061
76,56,217,147,91.0,88.15625,59.71875,985,1293
76,53,55,195,86.125,22.34375,79.21875,1101,1460
76,44,245,92,71.5,99.53125,37.375,1010,1326
76,21,231,34,34.125,93.84375,13.8125,1011,1327
76,28,181,58,45.5,73.53125,23.5625,997,1345
76,49,144,126,79.625,58.5,51.1875,811,1075
76,43,79,135,69.875,32.09375,54.84375,910,1192
76,39,63,137,63.375,25.59375,55.65625,890,1294
76,22,82,78,35.75,33.3125,31.6875,1067,1407
76,56,67,185,91.0,27.21875,75.15625,786,1048
76,49,249,105,79.625,101.15625,42.65625,1123,1490
76,39,83,123,63.375,33.71875,49.96875,864,1434
76,5,85,37,8.125,34.53125,15.03125,1146,1524
76,10,47,68,16.25,19.09375,27.625,1116,1476
76,57,134,177,92.625,54.4375,71.90625,818,1491
76,6,23,67,9.75,9.34375,27.21875,1100,1506
76,16,250,13,26.0,101.5625,5.28125,1077,1420
76,34,52,124,55.25,21.125,50.375,890,1296
76,16,119,51,26.0,48.34375,20.71875,1078,1421
76,52,83,181,84.5,33.71875,73.53125,532,692
76,13,150,31,21.125,60.9375,12.59375,1117,1478
76,22,176,45,35.75,71.5,18.28125,1041,1388
76,37,17,141,60.125,6.90625,57.28125,1028,1507
76,35,9,148,56.875,3.65625,60.125,1028,1508
76,47,12,199,76.375,4.875,80.84375,948,1379
76,13,83,56,21.125,33.71875,22.75,1090,1439
76,44,139,114,71.5,56.46875,46.3125,807,1241
76,43,53,154,69.875,21.53125,62.5625,870,1171
76,49,167,122,79.625,67.84375,49.5625,807,1238
76,33,110,91,53.625,44.6875,36.96875,949,1239
76,10,123,34,16.25,49.96875,13.8125,1119,1509
76,43,172,107,69.875,69.875,43.46875,1065,1435
76,39,172,96,63.375,69.875,39.0,888,1329
76,18,76,101,29.25,30.875,41.03125,1027,1349
76,27,229,53,43.875,93.03125,21.53125,951,1263
76,12,112,68,19.5,45.5,27.625,1081,1424
76,26,205,87,42.25,83.28125,35.34375,938,1224
76,12,100,47,19.5,40.625,19.09375,1102,1461
76,51,16,209,82.875,6.5,84.90625,1147,1525
76,40,122,108,65.0,49.5625,43.875,866,1295
76,37,226,73,60.125,91.8125,29.65625,1148,1526
76,11,190,17,17.875,77.1875,6.90625,1080,1423
76,22,200,37,35.75,81.25,15.03125,997,1351
76,26,162,59,42.25,65.8125,23.96875,1041,1389
76,34,200,73,55.25,81.25,29.65625,935,1258
76,39,140,99,63.375,56.875,40.21875,817,1135
76,26,148,98,42.25,60.125,39.8125,936,1221
76,31,90,103,50.375,36.5625,41.84375,923,1264
76,27,53,107,43.875,21.53125,43.46875,987,1354
76,58,214,191,94.25,86.9375,77.59375,1149,1527
76,29,137,77,47.125,55.65625,31.28125,1001,1355
76,35,37,129,56.875,15.03125,52.40625,913,1248
76,46,113,137,74.75,45.90625,55.65625,1039,1368
76,54,33,231,87.75,13.40625,93.84375,1118,1479
76,39,35,148,63.375,14.21875,60.125,1040,1369
76,14,122,81,22.75,49.5625,32.90625,1069,1409
76,30,20,120,48.75,8.125,48.75,1103,1463
76,17,63,75,27.625,25.59375,30.46875,1135,1511
76,20,48,88,32.5,19.5,35.75,1105,1483
76,27,35,114,43.875,14.21875,46.3125,972,1278
76,43,148,160,69.875,60.125,65.0,684,931
76,7,8,105,11.375,3.25,42.65625,1124,1492
76,21,56,125,34.125,22.75,50.78125,986,1297
76,22,127,89,35.75,51.59375,36.15625,964,1268
76,53,197,208,86.125,80.03125,84.5,1150,1528
76,34,169,118,55.25,68.65625,47.9375,516,642
76,51,142,142,82.875,57.6875,57.6875,1104,1464
76,42,11,222,68.25,4.46875,90.1875,725,983
76,49,122,186,79.625,49.5625,75.5625,608,1380
76,54,167,149,87.75,67.84375,60.53125,819,1083
76,12,82,85,19.5,33.3125,34.53125,1108,1468
76,16,10,133,26.0,4.0625,54.03125,1137,1513
76,15,148,68,24.375,60.125,27.625,1073,1413
76,9,196,52,14.625,79.625,21.125,1106,1466
76,27,93,120,43.875,37.78125,48.75,954,1247
76,36,235,109,58.5,95.46875,44.28125,1071,1411
76,27,176,100,43.875,71.5,40.625,884,1160
76,47,65,168,76.375,26.40625,68.25,1054,1392
76,40,220,118,65.0,89.375,47.9375,1138,1514
76,25,35,142,40.625,14.21875,57.6875,975,1281
76,16,226,65,26.0,91.8125,26.40625,1049,1452
76,12,175,58,19.5,71.09375,23.5625,1111,1471
76,12,51,101,19.5,20.71875,41.03125,1091,1441
76,50,177,197,81.25,71.90625,80.03125,217,1426
76,20,178,71,32.5,72.3125,28.84375,965,1269
76,5,206,35,8.125,83.6875,14.21875,1151,1529
76,21,23,129,34.125,9.34375,52.40625,1017,1335
76,54,206,173,87.75,83.6875,70.28125,1152,1530
76,44,218,140,71.5,88.5625,56.875,1153,1531
76,53,68,247,86.125,27.625,100.34375,1068,1408
76,43,182,166,69.875,73.9375,67.4375,841,1300
76,49,69,223,79.625,28.03125,90.59375,838,1103
76,30,24,172,48.75,9.75,69.875,1072,1412
76,51,186,177,82.875,75.5625,71.90625,1107,1467
76,58,134,234,94.25,54.4375,95.0625,1140,1516
76,51,245,170,82.875,99.53125,69.0625,990,1304
76,11,242,48,17.875,98.3125,19.5,1120,1484
76,21,205,72,34.125,83.28125,29.25,1154,1532
76,40,164,141,65.0,66.625,57.28125,826,1227
76,32,214,99,52.0,86.9375,40.21875,836,1101
76,39,110,158,63.375,44.6875,64.1875,851,1117
76,56,93,243,91.0,37.78125,98.71875,1093,1443
76,48,225,156,78.0,91.40625,63.375,989,1302
76,36,177,167,58.5,71.90625,67.84375,1155,1533
76,6,167,47,9.75,67.84375,19.09375,1141,1517
76,45,212,165,73.125,86.125,67.03125,1092,1442
76,47,139,183,76.375,56.46875,74.34375,608,1381
76,55,158,212,89.375,64.1875,86.125,674,915
76,50,220,222,81.25,89.375,90.1875,1156,1534
76,38,136,143,61.75,55.25,58.09375,826,1228
76,30,122,123,48.75,49.5625,49.96875,900,1497
76,38,69,172,61.75,28.03125,69.875,833,1098
76,45,77,200,73.125,31.28125,81.25,1050,1384
76,7,144,47,11.375,58.5,19.09375,1129,1498
76,53,120,215,86.125,48.75,87.34375,1004,1320
76,42,122,152,68.25,49.5625,61.75,1128,1496
76,14,218,79,22.75,88.5625,32.09375,1130,1500
76,34,138,125,55.25,56.0625,50.78125,1112,1472
76,27,237,81,43.875,96.28125,32.90625,873,1147
76,33,28,226,53.625,11.375,91.8125,1024,1342
76,24,149,134,39.0,60.53125,54.4375,1131,1501
76,5,27,129,8.125,10.96875,52.40625,1157,1535
76,43,144,219,69.875,58.5,88.96875,1142,1518
77,43,210,91,69.875,85.3125,36.96875,769,1520
77,8,140,25,13.0,56.875,10.15625,1119,1503
77,24,17,116,39.0,6.90625,47.125,1086,1432
77,21,26,100,34.125,10.5625,40.625,1062,1459
77,45,202,111,73.125,82.0625,45.09375,757,1019
77,14,34,81,22.75,13.8125,32.90625,1100,1502
77,28,220,53,45.5,89.375,21.53125,951,1257
77,43,240,88,69.875,97.5,35.75,1010,1326
77,36,165,82,58.5,67.03125,33.3125,947,1235
77,57,107,176,92.625,43.46875,71.5,756,1018
77,57,238,131,92.625,96.6875,53.21875,787,1049
77,22,104,71,35.75,42.25,28.84375,1063,1402
77,28,156,68,45.5,63.375,27.625,1001,1344
77,50,194,120,81.25,78.8125,48.75,753,1015
77,50,201,133,81.25,81.65625,54.03125,763,1025
77,52,46,198,84.5,18.6875,80.4375,863,1134
77,49,136,137,79.625,55.25,55.65625,619,1237
77,52,248,124,84.5,100.75,50.375,774,1036
77,15,78,63,24.375,31.6875,25.59375,1095,1445
77,19,217,28,30.875,88.15625,11.375,1036,1365
77,53,217,127,86.125,88.15625,51.59375,1133,1505
77,47,37,180,76.375,15.03125,73.125,865,1137
77,25,71,90,40.625,28.84375,36.5625,987,1346
77,53,36,208,86.125,14.625,84.5,948,1377
77,30,125,80,48.75,50.78125,32.5,998,1312
77,43,163,95,69.875,66.21875,38.59375,1065,1433
77,39,199,95,63.375,80.84375,38.59375,889,1166
77,53,98,170,86.125,39.8125,69.0625,726,1364
77,56,205,142,91.0,83.28125,57.6875,1144,1521
77,10,168,17,16.25,68.25,6.90625,1115,1475
77,58,120,174,94.25,48.75,70.6875,1158,1536
77,58,159,168,94.25,64.59375,68.25,1047,1386
77,11,11,82,17.875,4.46875,33.3125,1132,1504
77,25,129,68,40.625,52.40625,27.625,1038,1417
77,21,155,49,34.125,62.96875,19.90625,1064,1403
77,15,233,12,24.375,94.65625,4.875,1096,1447
77,6,65,52,9.75,26.40625,21.125,1145,1522
77,37,188,74,60.125,76.375,30.0625,888,1330
77,35,56,127,56.875,22.75,51.59375,890,1296
77,53,59,195,86.125,23.96875,79.21875,1101,1460
77,51,50,177,82.875,20.3125,71.90625,804,1067
77,48,103,148,78.0,41.84375,60.125,798,1061
77,23,89,81,37.375,36.15625,32.90625,1067,1407
77,54,143,162,87.75,58.09375,65.8125,800,1063
77,22,237,35,35.75,96.28125,14.21875,1011,1327
77,58,135,165,94.25,54.84375,67.03125,818,1537
77,41,110,123,66.625,44.6875,49.96875,784,1046
77,49,150,131,79.625,60.9375,53.21875,811,1075
77,33,79,105,53.625,32.09375,42.65625,923,1256
77,29,189,60,47.125,76.78125,24.375,997,1345
77,40,66,140,65.0,26.8125,56.875,890,1294
77,55,17,226,89.375,6.90625,91.8125,958,1418
77,43,84,136,69.875,34.125,55.25,910,1192
77,40,89,123,65.0,36.15625,49.96875,864,1434
77,57,73,186,92.625,29.65625,75.5625,786,1048
77,57,138,178,92.625,56.0625,72.3125,818,1538
77,44,18,167,71.5,7.3125,67.84375,1076,1539
77,12,51,70,19.5,20.71875,28.4375,1116,1476
77,56,224,147,91.0,91.0,59.71875,985,1293
77,36,14,151,58.5,5.6875,61.34375,1028,1540
77,52,87,182,84.5,35.34375,73.9375,532,692
77,6,90,38,9.75,36.5625,15.4375,1146,1524
77,14,90,58,22.75,36.5625,23.5625,1090,1439
77,43,18,177,69.875,7.3125,71.90625,1076,1541
77,47,19,200,76.375,7.71875,81.25,948,1379
77,13,156,31,21.125,63.375,12.59375,1117,1478
77,49,170,122,79.625,69.0625,49.5625,807,1238
77,11,130,37,17.875,52.8125,15.03125,1119,1509
77,18,124,54,29.25,50.375,21.9375,1078,1421
77,7,183,6,11.375,74.34375,2.4375,1159,1542
77,37,22,144,60.125,8.9375,58.5,1028,1507
77,22,181,46,35.75,73.53125,18.6875,1041,1388
77,45,58,158,73.125,23.5625,64.1875,870,1171
77,12,105,51,19.5,42.65625,20.71875,1102,1461
77,44,146,116,71.5,59.3125,47.125,807,1241
77,27,234,55,43.875,95.0625,22.34375,951,1263
77,23,203,40,37.375,82.46875,16.25,997,1351
77,39,176,98,63.375,71.5,39.8125,888,1329
77,19,82,106,30.875,33.3125,43.0625,1027,1349
77,40,130,110,65.0,52.8125,44.6875,866,1295
77,51,18,211,82.875,7.3125,85.71875,1147,1525
77,40,145,102,65.0,58.90625,41.4375,817,1135
77,33,116,94,53.625,47.125,38.1875,949,1239
77,12,196,16,19.5,79.625,6.5,1080,1423
77,38,232,76,61.75,94.25,30.875,1148,1526
77,35,207,75,56.875,84.09375,30.46875,935,1258
77,43,175,109,69.875,71.09375,44.28125,1065,1435
77,42,15,223,68.25,6.09375,90.59375,725,983
77,33,16,135,53.625,6.5,54.84375,1028,1543
77,27,212,92,43.875,86.125,37.375,938,1224
77,13,116,72,21.125,47.125,29.25,1081,1424
77,36,42,132,58.5,17.0625,53.625,913,1248
77,30,145,78,48.75,58.90625,31.6875,1001,1355
77,21,55,91,34.125,22.34375,36.96875,1105,1483
77,27,171,59,43.875,69.46875,23.96875,1041,1389
77,26,153,101,42.25,62.15625,41.03125,936,1221
77,28,58,110,45.5,23.5625,44.6875,987,1354
77,40,40,151,65.0,16.25,61.34375,1040,1369
77,28,39,114,45.5,15.84375,46.3125,972,1278
77,46,118,137,74.75,47.9375,55.65625,1039,1368
77,52,149,144,84.5,60.53125,58.5,1104,1464
77,18,68,76,29.25,27.625,30.875,1135,1511
77,14,128,82,22.75,52.0,33.3125,1069,1409
77,43,154,164,69.875,62.5625,66.625,684,931
77,8,12,106,13.0,4.875,43.0625,1124,1492
77,34,175,121,55.25,71.09375,49.15625,516,642
77,17,16,134,27.625,6.5,54.4375,1137,1513
77,31,95,105,50.375,38.59375,42.65625,923,1264
77,27,94,123,43.875,38.1875,49.96875,954,1247
77,54,201,210,87.75,81.65625,85.3125,1150,1528
77,54,173,152,87.75,70.28125,61.75,819,1083
77,23,133,89,37.375,54.03125,36.15625,964,1268
77,20,55,125,32.5,22.34375,50.78125,986,1297
77,27,181,103,43.875,73.53125,41.84375,884,1160
77,40,228,118,65.0,92.625,47.9375,1138,1514
77,13,86,87,21.125,34.9375,35.34375,1108,1468
77,5,65,70,8.125,26.40625,28.4375,1160,1544
77,10,202,54,16.25,82.0625,21.9375,1106,1466
77,17,231,66,27.625,93.84375,26.8125,1049,1452
77,54,211,171,87.75,85.71875,69.46875,1152,1530
77,48,128,190,78.0,52.0,77.1875,608,1380
77,41,46,191,66.625,18.6875,77.59375,1161,1545
77,15,152,68,24.375,61.75,27.625,1073,1413
77,53,74,247,86.125,30.0625,100.34375,1068,1408
77,48,70,170,78.0,28.4375,69.0625,1054,1392
77,37,242,111,60.125,98.3125,45.09375,1071,1411
77,26,41,144,42.25,16.65625,58.5,975,1281
77,13,56,100,21.125,22.75,40.625,1091,1441
77,33,223,106,53.625,90.59375,43.0625,836,1101
77,20,183,74,32.5,74.34375,30.0625,965,1269
77,13,180,60,21.125,73.125,24.375,1111,1471
77,11,244,48,17.875,99.125,19.5,1120,1484
77,22,26,132,35.75,10.5625,53.625,1017,1335
77,38,72,175,61.75,29.25,71.09375,833,1098
77,6,214,35,9.75,86.9375,14.21875,1151,1529
77,35,8,197,56.875,3.25,80.03125,1162,1546
77,58,142,237,94.25,57.6875,96.28125,1140,1516
77,21,211,72,34.125,85.71875,29.25,1154,1532
77,51,194,181,82.875,78.8125,73.53125,1107,1467
77,44,224,143,71.5,91.0,58.09375,1153,1531
77,43,183,168,69.875,74.34375,68.25,841,1300
77,50,181,200,81.25,73.53125,81.25,217,1426
77,41,170,144,66.625,69.0625,58.5,826,1547
77,25,10,162,40.625,4.0625,65.8125,1163,1548
77,50,73,225,81.25,29.65625,91.40625,838,1103
77,45,210,165,73.125,85.3125,67.03125,1092,1442
77,40,118,163,65.0,47.9375,66.21875,851,1117
77,7,149,48,11.375,60.53125,19.5,1129,1498
77,7,176,47,11.375,71.5,19.09375,1141,1517
77,48,232,158,78.0,94.25,64.1875,989,1302
77,31,33,174,50.375,13.40625,70.6875,1072,1412
77,36,182,168,58.5,73.9375,68.25,1155,1533
77,31,122,127,50.375,49.5625,51.59375,900,1497
77,53,127,220,86.125,51.59375,89.375,1004,1320
77,48,146,186,78.0,59.3125,75.5625,608,1381
77,8,37,99,13.0,15.03125,40.21875,1164,1549
77,28,240,83,45.5,97.5,33.71875,873,1147
77,51,230,227,82.875,93.4375,92.21875,1156,1534
77,34,144,128,55.25,58.5,52.0,1112,1472
77,5,97,64,8.125,39.40625,26.0,1165,1550
77,25,156,135,40.625,63.375,54.84375,1131,1501
77,43,128,156,69.875,52.0,63.375,1128,1496
77,46,89,203,74.75,36.15625,82.46875,1050,1384
77,55,160,212,89.375,65.0,86.125,674,915
77,5,33,130,8.125,13.40625,52.8125,1157,1535
77,40,153,145,65.0,62.15625,58.90625,826,1551
77,14,171,90,22.75,69.46875,36.5625,1166,1552
77,34,32,228,55.25,13.0,92.625,1024,1342
78,45,209,94,73.125,84.90625,38.1875,769,1520
78,9,140,28,14.625,56.875,11.375,1119,1503
78,45,244,91,73.125,99.125,36.96875,1010,1326
78,21,26,103,34.125,10.5625,41.84375,1062,1459
78,46,205,115,74.75,83.28125,46.71875,757,1019
78,24,18,119,39.0,7.3125,48.34375,1086,1432
78,29,160,73,47.125,65.0,29.65625,1001,1344
78,28,220,55,45.5,89.375,22.34375,951,1257
78,15,37,82,24.375,15.03125,33.3125,1100,1502
78,51,196,126,82.875,79.625,51.1875,753,1015
78,50,203,136,81.25,82.46875,55.25,763,1025
78,45,21,172,73.125,8.53125,69.875,1076,1539
78,37,168,87,60.125,68.25,35.34375,947,1235
78,54,220,131,87.75,89.375,53.21875,1133,1505
78,49,138,141,79.625,56.0625,57.28125,619,1237
78,48,39,185,78.0,15.84375,75.15625,865,1137
78,23,105,74,37.375,42.65625,30.0625,1063,1402
78,20,218,31,32.5,88.5625,12.59375,1036,1365
78,58,239,136,94.25,97.09375,55.25,787,1049
78,44,163,102,71.5,66.21875,41.4375,1065,1433
78,54,98,172,87.75,39.8125,69.875,726,1364
78,16,78,67,26.0,31.6875,27.21875,1095,1445
78,57,207,145,92.625,84.09375,58.90625,1144,1521
78,53,47,200,86.125,19.09375,81.25,863,1134
78,26,72,94,42.25,29.25,38.1875,987,1346
78,58,107,179,94.25,43.46875,72.71875,756,1018
78,23,239,37,37.375,97.09375,15.03125,1011,1327
78,53,249,128,86.125,101.15625,52.0,774,1036
78,26,132,70,42.25,53.625,28.4375,1038,1417
78,20,6,103,32.5,2.4375,41.84375,1167,1553
78,54,37,211,87.75,15.03125,85.71875,948,1377
78,57,160,170,92.625,65.0,69.0625,1047,1386
78,52,53,181,84.5,21.53125,73.53125,804,1067
78,30,190,65,48.75,77.1875,26.40625,997,1345
78,43,113,127,69.875,45.90625,51.59375,784,1046
78,54,144,166,87.75,58.5,67.4375,800,1063
78,30,127,83,48.75,51.59375,33.71875,998,1312
78,16,234,14,26.0,95.0625,5.6875,1096,1447
78,54,60,198,87.75,24.375,80.4375,1101,1460
78,8,67,55,13.0,27.21875,22.34375,1145,1522
78,41,91,126,66.625,36.96875,51.1875,864,1434
78,22,158,51,35.75,64.1875,20.71875,1064,1403
78,39,191,78,63.375,77.59375,31.6875,888,1330
78,34,81,107,55.25,32.90625,43.46875,923,1256
78,56,18,228,91.0,7.3125,92.625,958,1418
78,50,152,136,81.25,61.75,55.25,811,1075
78,37,57,130,60.125,23.15625,52.8125,890,1296
78,37,16,158,60.125,6.5,64.1875,1028,1540
78,24,91,84,39.0,36.96875,34.125,1067,1407
78,12,170,21,19.5,69.0625,8.53125,1115,1475
78,57,141,181,92.625,57.28125,73.53125,818,1538
78,13,12,83,21.125,4.875,33.71875,1132,1504
78,45,86,140,73.125,34.9375,56.875,910,1192
78,13,55,71,21.125,22.34375,28.84375,1116,1476
78,45,191,97,73.125,77.59375,39.40625,1168,1554
78,41,67,143,66.625,27.21875,58.09375,890,1294
78,50,107,155,81.25,43.46875,62.96875,798,1061
78,39,22,149,63.375,8.9375,60.53125,1028,1507
78,35,121,95,56.875,49.15625,38.59375,949,1239
78,51,173,127,82.875,70.28125,51.59375,807,1238
78,56,224,150,91.0,91.0,60.9375,985,1293
78,57,75,191,92.625,30.46875,77.59375,786,1048
78,7,91,39,11.375,36.96875,15.84375,1146,1524
78,53,89,185,86.125,36.15625,75.15625,532,692
78,15,91,61,24.375,36.96875,24.78125,1090,1439
78,6,47,57,9.75,19.09375,23.15625,1169,1555
78,15,158,35,24.375,64.1875,14.21875,1117,1478
78,48,16,208,78.0,6.5,84.5,948,1379
78,19,124,57,30.875,50.375,23.15625,1078,1421
78,28,233,58,45.5,94.65625,23.5625,951,1263
78,56,51,220,91.0,20.71875,89.375,1170,1556
78,46,59,162,74.75,23.96875,65.8125,870,1171
78,23,203,41,37.375,82.46875,16.65625,997,1351
78,42,131,115,68.25,53.21875,46.71875,866,1295
78,7,183,7,11.375,74.34375,2.84375,1159,1542
78,23,182,50,37.375,73.9375,20.3125,1041,1388
78,12,131,40,19.5,53.21875,16.25,1119,1509
78,39,233,82,63.375,94.65625,33.3125,1148,1526
78,34,17,139,55.25,6.90625,56.46875,1028,1557
78,20,84,110,32.5,34.125,44.6875,1027,1349
78,13,197,19,21.125,80.03125,7.71875,1080,1423
78,13,107,53,21.125,43.46875,21.53125,1102,1461
78,27,214,96,43.875,86.9375,39.0,938,1224
78,42,17,223,68.25,6.90625,90.59375,725,983
78,28,156,104,45.5,63.375,42.25,936,1221
78,13,118,72,21.125,47.9375,29.25,1081,1424
78,46,150,123,74.75,60.9375,49.96875,807,1241
78,29,174,65,47.125,70.6875,26.40625,1041,1389
78,58,217,194,94.25,88.15625,78.8125,1171,1558
78,38,41,137,61.75,16.65625,55.65625,913,1248
78,44,174,118,71.5,70.6875,47.9375,1065,1435
78,40,178,102,65.0,72.3125,41.4375,888,1329
78,31,147,81,50.375,59.71875,32.90625,1001,1355
78,47,120,141,76.375,48.75,57.28125,1039,1368
78,41,42,157,66.625,17.0625,63.78125,1040,1369
78,32,97,106,52.0,39.40625,43.0625,923,1264
78,29,59,112,47.125,23.96875,45.5,987,1354
78,41,148,105,66.625,60.125,42.65625,817,1135
78,35,176,124,56.875,71.5,50.375,516,642
78,55,176,158,89.375,71.5,64.1875,819,1083
78,36,208,79,58.5,84.5,32.09375,935,1258
78,35,7,197,56.875,2.84375,80.03125,1162,1546
78,53,202,212,86.125,82.0625,86.125,1150,1528
78,19,70,80,30.875,28.4375,32.5,1135,1511
78,32,27,127,52.0,10.96875,51.59375,1028,1559
78,44,156,169,71.5,63.375,68.65625,684,931
78,55,35,234,89.375,14.21875,95.0625,1172,1560
78,23,57,93,37.375,23.15625,37.78125,1105,1483
78,18,17,137,29.25,6.90625,55.65625,1137,1513
78,5,119,50,8.125,48.34375,20.3125,1173,1561
78,30,41,118,48.75,16.65625,47.9375,972,1278
78,41,233,122,66.625,94.65625,49.5625,1138,1514
78,28,95,125,45.5,38.59375,50.78125,954,1247
78,9,13,109,14.625,5.28125,44.28125,1124,1492
78,24,137,92,39.0,55.65625,37.375,964,1268
78,6,69,71,9.75,28.03125,28.84375,1160,1544
78,15,130,85,24.375,52.8125,34.53125,1069,1409
78,14,90,90,22.75,36.5625,36.5625,1108,1468
78,22,56,130,35.75,22.75,52.8125,986,1297
78,47,36,235,76.375,14.625,95.46875,1174,1562
78,34,218,109,55.25,88.5625,44.28125,836,1101
78,48,133,196,78.0,54.03125,79.625,608,1380
78,18,236,69,29.25,95.875,28.03125,1049,1452
78,51,193,181,82.875,78.40625,73.53125,1107,1467
78,49,74,173,79.625,30.0625,70.28125,1054,1392
78,53,75,249,86.125,30.46875,101.15625,1068,1408
78,10,204,55,16.25,82.875,22.34375,1106,1466
78,16,153,70,26.0,62.15625,28.4375,1073,1413
78,13,182,61,21.125,73.9375,24.78125,1111,1471
78,28,184,106,45.5,74.75,43.0625,884,1160
78,22,183,77,35.75,74.34375,31.28125,965,1269
78,58,143,240,94.25,58.09375,97.5,1140,1516
78,14,48,105,22.75,19.5,42.65625,1091,1441
78,43,183,172,69.875,74.34375,69.875,841,1300
78,7,221,37,11.375,89.78125,15.03125,1151,1529
78,55,214,178,89.375,86.9375,72.3125,1152,1530
78,25,5,168,40.625,2.03125,68.25,1163,1548
78,41,172,146,66.625,69.875,59.3125,826,1547
78,12,247,53,19.5,100.34375,21.53125,1120,1484
78,49,67,225,79.625,27.21875,91.40625,838,1103
78,39,66,180,63.375,26.8125,73.125,833,1098
78,21,214,73,34.125,86.9375,29.65625,1154,1532
78,27,41,150,43.875,16.65625,60.9375,975,1281
78,41,120,171,66.625,48.75,69.46875,851,1117
78,48,150,188,78.0,60.9375,76.375,608,1381
78,40,226,140,65.0,91.8125,56.875,1153,1563
78,46,100,187,74.75,40.625,75.96875,1175,1564
78,56,103,247,91.0,41.84375,100.34375,1176,1565
78,31,27,178,50.375,10.96875,72.3125,1072,1412
78,45,222,147,73.125,90.1875,59.71875,1153,1566
78,50,179,203,81.25,72.71875,82.46875,217,1426
78,35,147,131,56.875,59.71875,53.21875,1112,1472
78,46,82,207,74.75,33.3125,84.09375,1050,1384
78,8,151,51,13.0,61.34375,20.71875,1129,1498
78,56,159,219,91.0,64.59375,88.96875,674,915
78,46,214,170,74.75,86.9375,69.0625,1092,1442
78,8,181,49,13.0,73.53125,19.90625,1141,1517
78,48,235,163,78.0,95.46875,66.21875,989,1302
78,53,130,223,86.125,52.8125,90.59375,1004,1320
78,52,234,228,84.5,95.0625,92.625,1156,1534
78,32,123,129,52.0,49.96875,52.40625,900,1497
78,44,131,162,71.5,53.21875,65.8125,1128,1496
78,28,243,85,45.5,98.71875,34.53125,873,1147
78,41,149,152,66.625,60.53125,61.75,826,1551
78,5,98,67,8.125,39.8125,27.21875,1165,1550
78,6,33,132,9.75,13.40625,53.625,1157,1535
78,26,160,138,42.25,65.0,56.0625,1131,1501
78,6,138,75,9.75,56.0625,30.46875,1177,1567
78,34,28,230,55.25,11.375,93.4375,1024,1342
79,11,144,28,17.875,58.5,11.375,1119,1503
79,46,209,94,74.75,84.90625,38.1875,769,1520
79,47,207,115,76.375,84.09375,46.71875,757,1019
79,22,28,105,35.75,11.375,42.65625,1062,1459
79,54,222,129,87.75,90.1875,52.40625,1133,1505
79,26,18,123,42.25,7.3125,49.96875,1086,1432
79,50,204,135,81.25,82.875,54.84375,763,1025
79,45,245,89,73.125,99.53125,36.15625,1010,1326
79,23,107,73,37.375,43.46875,29.65625,1063,1402
79,39,250,70,63.375,101.5625,28.4375,1178,1568
79,48,42,187,78.0,17.0625,75.96875,865,1569
79,16,40,82,26.0,16.25,33.3125,1100,1502
79,20,215,29,32.5,87.34375,11.78125,1036,1365
79,52,198,126,84.5,80.4375,51.1875,753,1015
79,51,137,142,82.875,55.65625,57.6875,619,1237
79,29,221,54,47.125,89.78125,21.9375,951,1257
79,54,99,176,87.75,40.21875,71.5,726,1364
79,18,81,68,29.25,32.90625,27.625,1095,1445
79,55,148,167,89.375,60.125,67.84375,800,1063
79,53,47,202,86.125,19.09375,82.0625,863,1134
79,31,162,74,50.375,65.8125,30.0625,1001,1344
79,57,207,144,92.625,84.09375,58.5,1144,1521
79,20,9,105,32.5,3.65625,42.65625,1167,1553
79,38,169,88,61.75,68.65625,35.75,947,1235
79,45,164,103,73.125,66.625,41.84375,1065,1433
79,23,237,33,37.375,96.28125,13.40625,1011,1327
79,26,133,69,42.25,54.03125,28.03125,1038,1417
79,38,16,158,61.75,6.5,64.1875,1028,1540
79,42,199,106,68.25,80.84375,43.0625,1168,1570
79,12,171,21,19.5,69.46875,8.53125,1115,1475
79,17,235,12,27.625,95.46875,4.875,1096,1447
79,43,111,129,69.875,45.09375,52.40625,784,1046
79,53,53,184,86.125,21.53125,74.75,804,1067
79,32,130,84,52.0,52.8125,34.125,998,1312
79,51,152,135,82.875,61.75,54.84375,811,1075
79,14,13,84,22.75,5.28125,34.125,1132,1504
79,30,190,61,48.75,77.1875,24.78125,997,1345
79,41,89,125,66.625,36.15625,50.78125,864,1434
79,54,35,212,87.75,14.21875,86.125,948,1377
79,39,190,78,63.375,77.1875,31.6875,888,1330
79,9,69,56,14.625,28.03125,22.75,1145,1522
79,28,74,96,45.5,30.0625,39.0,987,1346
79,37,58,132,60.125,23.5625,53.625,890,1296
79,14,57,72,22.75,23.15625,29.25,1116,1476
79,55,60,201,89.375,24.375,81.65625,1101,1460
79,42,67,146,68.25,27.21875,59.3125,890,1294
79,52,108,160,84.5,43.875,65.0,798,1061
79,24,160,51,39.0,65.0,20.71875,1064,1403
79,26,92,85,42.25,37.375,34.53125,1067,1407
79,35,81,110,56.875,32.90625,44.6875,923,1256
79,56,14,231,91.0,5.6875,93.84375,958,1418
79,35,120,96,56.875,48.75,39.0,949,1239
79,48,27,183,78.0,10.96875,74.34375,865,1571
79,56,224,148,91.0,91.0,60.125,985,1293
79,8,92,40,13.0,37.375,16.25,1146,1572
79,17,94,62,27.625,38.1875,25.1875,1090,1439
79,45,88,140,73.125,35.75,56.875,910,1192
79,22,86,114,35.75,34.9375,46.3125,1027,1349
79,14,197,18,22.75,80.03125,7.3125,1080,1423
79,16,161,35,26.0,65.40625,14.21875,1117,1478
79,46,192,97,74.75,78.0,39.40625,1168,1573
79,43,129,114,69.875,52.40625,46.3125,866,1295
79,48,16,208,78.0,6.5,84.5,948,1379
79,14,107,52,22.75,43.46875,21.125,1102,1461
79,20,124,58,32.5,50.375,23.5625,1078,1421
79,7,48,59,11.375,19.5,23.96875,1169,1555
79,25,205,41,40.625,83.28125,16.65625,997,1351
79,14,132,40,22.75,53.625,16.25,1119,1509
79,52,175,128,84.5,71.09375,52.0,807,1238
79,47,61,165,76.375,24.78125,67.03125,870,1171
79,8,185,8,13.0,75.15625,3.25,1159,1542
79,14,120,71,22.75,48.75,28.84375,1081,1424
79,56,51,222,91.0,20.71875,90.1875,1170,1556
79,34,15,139,55.25,6.09375,56.46875,1028,1557
79,25,184,50,40.625,74.75,20.3125,1041,1388
79,54,152,148,87.75,61.75,60.125,1179,1574
79,45,17,171,73.125,6.90625,69.46875,1076,1539
79,40,232,83,65.0,94.25,33.71875,1148,1526
79,29,236,56,47.125,95.875,22.75,951,1263
79,28,156,103,45.5,63.375,41.84375,936,1221
79,41,178,104,66.625,72.3125,42.25,888,1329
79,27,216,91,43.875,87.75,36.96875,938,1224
79,7,27,67,11.375,10.96875,27.21875,1180,1575
79,38,42,137,61.75,17.0625,55.65625,913,1248
79,21,71,81,34.125,28.84375,32.90625,1135,1511
79,30,174,63,48.75,70.6875,25.59375,1041,1389
79,41,149,108,66.625,60.53125,43.875,817,1135
79,48,120,143,78.0,48.75,58.09375,1039,1368
79,32,148,81,52.0,60.125,32.90625,1001,1355
79,45,173,118,73.125,70.28125,47.9375,1065,1435
79,42,42,160,68.25,17.0625,65.0,1040,1369
79,37,208,78,60.125,84.5,31.6875,935,1258
79,54,203,211,87.75,82.46875,85.71875,1150,1528
79,30,98,124,48.75,39.8125,50.375,954,1247
79,30,61,114,48.75,24.78125,46.3125,987,1354
79,6,121,49,9.75,49.15625,19.90625,1173,1561
79,27,42,101,43.875,17.0625,41.03125,1181,1576
79,5,100,29,8.125,40.625,11.78125,1146,1577
79,24,59,93,39.0,23.96875,37.78125,1105,1483
79,35,11,200,56.875,4.46875,81.25,1162,1546
79,44,154,169,71.5,62.5625,68.65625,684,931
79,42,18,226,68.25,7.3125,91.8125,725,983
79,33,97,106,53.625,39.40625,43.0625,923,1264
79,18,16,137,29.25,6.5,55.65625,1137,1513
79,56,177,158,91.0,71.90625,64.1875,819,1083
79,30,42,122,48.75,17.0625,49.5625,972,1278
79,14,94,90,22.75,38.1875,36.5625,1108,1468
79,10,13,110,16.25,5.28125,44.6875,1124,1492
79,36,176,125,58.5,71.5,50.78125,516,642
79,42,232,121,68.25,94.25,49.15625,1138,1514
79,35,218,107,56.875,88.5625,43.46875,836,1101
79,25,136,95,40.625,55.25,38.59375,964,1268
79,7,71,72,11.375,28.84375,29.25,1160,1544
79,16,133,84,26.0,54.03125,34.125,1069,1409
79,15,183,61,24.375,74.34375,24.78125,1111,1471
79,29,185,103,47.125,75.15625,41.84375,884,1160
79,12,205,54,19.5,83.28125,21.9375,1106,1466
79,19,238,70,30.875,96.6875,28.4375,1049,1452
79,51,194,179,82.875,78.8125,72.71875,1107,1467
79,17,156,69,27.625,63.375,28.03125,1073,1413
79,50,72,176,81.25,29.25,71.5,1054,1392
79,55,35,235,89.375,14.21875,95.46875,1172,1560
79,38,243,113,61.75,98.71875,45.90625,1182,1578
79,55,215,175,89.375,87.34375,71.09375,1152,1530
79,46,234,143,74.75,95.0625,58.09375,1153,1566
79,22,56,132,35.75,22.75,53.625,986,1297
79,22,190,72,35.75,77.1875,29.25,965,1579
79,39,69,179,63.375,28.03125,72.71875,833,1098
79,47,38,235,76.375,15.4375,95.46875,1174,1562
79,43,182,170,69.875,73.9375,69.0625,841,1300
79,49,127,195,79.625,51.59375,79.21875,608,1380
79,50,49,156,81.25,19.90625,63.375,1183,1580
79,22,217,70,35.75,88.15625,28.4375,1154,1532
79,25,6,170,40.625,2.4375,69.0625,1163,1548
79,15,53,106,24.375,21.53125,43.0625,1091,1441
79,8,221,36,13.0,89.78125,14.625,1151,1529
79,49,235,161,79.625,95.46875,65.40625,989,1302
79,53,77,247,86.125,31.28125,100.34375,1068,1408
79,21,181,71,34.125,73.53125,28.84375,965,1581
79,49,148,186,79.625,60.125,75.5625,608,1381
79,41,172,142,66.625,69.875,57.6875,826,1547
79,9,176,49,14.625,71.5,19.90625,1141,1517
79,49,69,224,79.625,28.03125,91.0,838,1103
79,28,43,152,45.5,17.46875,61.75,975,1281
79,41,117,170,66.625,47.53125,69.0625,851,1117
79,47,212,170,76.375,86.125,69.0625,1092,1442
79,46,82,207,74.75,33.3125,84.09375,1050,1384
79,41,146,151,66.625,59.3125,61.34375,826,1551
79,40,224,139,65.0,91.0,56.46875,1153,1563
79,50,179,199,81.25,72.71875,80.84375,217,1426
79,8,152,49,13.0,61.75,19.90625,1129,1498
79,56,106,244,91.0,43.0625,99.125,1176,1565
79,9,40,97,14.625,16.25,39.40625,1184,1582
79,32,33,178,52.0,13.40625,72.3125,1072,1412
79,51,236,222,82.875,95.875,90.1875,1156,1534
79,29,247,85,47.125,100.34375,34.53125,873,1147
79,58,169,215,94.25,68.65625,87.34375,674,915
79,35,148,133,56.875,60.125,54.03125,1112,1472
79,44,129,161,71.5,52.40625,65.40625,1128,1496
79,6,97,67,9.75,39.40625,27.21875,1165,1550
79,32,124,129,52.0,50.375,52.40625,900,1497
79,54,128,221,87.75,52.0,89.78125,1004,1320
79,27,160,141,43.875,65.0,57.28125,1131,1501
79,6,34,131,9.75,13.8125,53.21875,1157,1535
79,6,138,73,9.75,56.0625,29.65625,1177,1567
79,35,35,230,56.875,14.21875,93.4375,1024,1342
80,13,144,30,21.125,58.5,12.1875,1119,1503
80,52,136,147,84.5,55.25,59.71875,619,1237
80,24,24,108,39.0,9.75,43.875,1062,1459
80,51,204,119,82.875,82.875,48.34375,757,1019
80,26,103,79,42.25,41.84375,32.09375,1063,1402
80,47,209,97,76.375,84.90625,39.40625,769,1520
80,6,136,15,9.75,55.25,6.09375,1185,1583
80,52,203,139,84.5,82.46875,56.46875,763,1025
80,54,197,134,87.75,80.03125,54.4375,753,1015
80,27,15,124,43.875,6.09375,50.375,1086,1432
80,19,37,86,30.875,15.03125,34.9375,1100,1502
80,56,220,135,91.0,89.375,54.84375,1133,1505
80,49,31,189,79.625,12.59375,76.78125,865,1571
80,22,213,31,35.75,86.53125,12.59375,1036,1365
80,46,244,94,74.75,99.125,38.1875,1010,1326
80,56,96,178,91.0,39.0,72.3125,726,1364
80,50,43,191,81.25,17.46875,77.59375,865,1569
80,33,161,78,53.625,65.40625,31.6875,1001,1344
80,41,248,76,66.625,100.75,30.875,1178,1568
80,55,246,135,89.375,99.9375,54.84375,1186,1584
80,55,44,206,89.375,17.875,83.6875,863,1134
80,20,78,73,32.5,31.6875,29.65625,1095,1445
80,45,10,172,73.125,4.0625,69.875,1076,1539
80,57,145,173,92.625,58.90625,70.28125,800,1063
80,14,171,22,22.75,69.46875,8.9375,1115,1475
80,43,196,108,69.875,79.625,43.875,1168,1570
80,25,235,34,40.625,95.46875,13.8125,1011,1327
80,32,189,62,52.0,76.78125,25.1875,997,1345
80,18,234,13,29.25,95.0625,5.28125,1096,1447
80,21,6,108,34.125,2.4375,43.875,1167,1553
80,28,130,73,45.5,52.8125,29.65625,1038,1417
80,54,51,188,87.75,20.71875,76.375,804,1067
80,45,110,134,73.125,44.6875,54.4375,784,1046
80,33,216,60,53.625,87.75,24.375,1187,1585
80,40,187,82,65.0,75.96875,33.3125,888,1330
80,33,128,89,53.625,52.0,36.15625,998,1312
80,39,55,137,63.375,22.34375,55.65625,890,1296
80,25,156,55,40.625,63.375,22.34375,1064,1403
80,46,162,105,74.75,65.8125,42.65625,1065,1433
80,52,150,144,84.5,60.9375,58.5,1179,1574
80,43,87,130,69.875,35.34375,52.8125,864,1434
80,39,14,161,63.375,5.6875,65.40625,1028,1540
80,40,165,91,65.0,67.03125,36.96875,947,1235
80,16,13,88,26.0,5.28125,35.75,1132,1504
80,30,72,99,48.75,29.25,40.21875,987,1346
80,37,80,114,60.125,32.5,46.3125,923,1256
80,47,86,144,76.375,34.9375,58.5,910,1192
80,56,58,203,91.0,23.5625,82.46875,1101,1460
80,37,119,100,60.125,48.34375,40.625,949,1239
80,57,12,234,92.625,4.875,95.0625,958,1418
80,54,109,163,87.75,44.28125,66.21875,798,1061
80,28,90,90,45.5,36.5625,36.5625,1067,1407
80,17,54,77,27.625,21.9375,31.28125,1116,1476
80,43,66,148,69.875,26.8125,60.125,890,1294
80,11,67,59,17.875,27.21875,23.96875,1145,1522
80,56,32,216,91.0,13.0,87.75,948,1377
80,11,90,43,17.875,36.5625,17.46875,1146,1572
80,19,91,66,30.875,36.96875,26.8125,1090,1439
80,53,186,133,86.125,75.5625,54.03125,807,1238
80,18,156,39,29.25,63.375,15.84375,1117,1478
80,6,120,24,9.75,48.75,9.75,1188,1586
80,26,201,43,42.25,81.65625,17.46875,997,1351
80,16,197,20,26.0,80.03125,8.125,1080,1423
80,58,222,155,94.25,90.1875,62.96875,985,1293
80,10,186,10,16.25,75.5625,4.0625,1159,1542
80,9,46,64,14.625,18.6875,26.0,1169,1555
80,22,128,60,35.75,52.0,24.375,1078,1421
80,48,59,167,78.0,23.96875,67.84375,870,1171
80,52,159,135,84.5,64.59375,54.84375,811,1587
80,7,13,80,11.375,5.28125,32.5,1189,1588
80,16,105,55,26.0,42.65625,22.34375,1102,1461
80,44,127,119,71.5,51.59375,48.34375,866,1295
80,29,216,92,47.125,87.75,37.375,938,1224
80,43,175,106,69.875,71.09375,43.0625,888,1329
80,24,84,117,39.0,34.125,47.53125,1027,1349
80,15,117,71,24.375,47.53125,28.84375,1081,1424
80,15,129,42,24.375,52.40625,17.0625,1119,1509
80,36,13,144,58.5,5.28125,58.5,1028,1589
80,49,16,213,79.625,6.5,86.53125,948,1379
80,44,41,165,71.5,16.65625,67.03125,1040,1369
80,30,236,58,48.75,95.875,23.5625,951,1263
80,41,229,87,66.625,93.03125,35.34375,1148,1526
80,43,146,114,69.875,59.3125,46.3125,817,1135
80,32,60,118,52.0,24.375,47.9375,987,1354
80,46,171,122,74.75,69.46875,49.5625,1065,1435
80,34,24,132,55.25,9.75,53.625,1028,1590
80,23,68,86,37.375,27.625,34.9375,1135,1511
80,29,155,104,47.125,62.96875,42.25,936,1221
80,33,147,84,53.625,59.71875,34.125,1001,1355
80,31,172,66,50.375,69.875,26.8125,1041,1389
80,20,15,142,32.5,6.09375,57.6875,1137,1513
80,48,147,129,78.0,59.71875,52.40625,811,1591
80,10,24,71,16.25,9.75,28.84375,1180,1575
80,25,39,100,40.625,15.84375,40.625,1181,1576
80,40,40,142,65.0,16.25,57.6875,913,1248
80,27,56,98,43.875,22.75,39.8125,1105,1483
80,5,57,42,8.125,23.15625,17.0625,1190,1592
80,32,91,130,52.0,36.96875,52.8125,954,1247
80,32,40,126,52.0,16.25,51.1875,972,1278
80,16,94,91,26.0,38.1875,36.96875,1108,1468
80,40,207,84,65.0,84.09375,34.125,935,1258
80,36,9,204,58.5,3.65625,82.875,1162,1546
80,35,96,111,56.875,39.0,45.09375,923,1264
80,51,192,182,82.875,78.0,73.9375,1107,1467
80,8,120,52,13.0,48.75,21.125,1173,1561
80,50,116,150,81.25,47.125,60.9375,1039,1368
80,7,99,31,11.375,40.21875,12.59375,1146,1577
80,55,202,217,89.375,82.0625,88.15625,1150,1528
80,50,87,165,81.25,35.34375,67.03125,1191,1593
80,46,153,172,74.75,62.15625,69.875,684,931
80,36,219,106,58.5,88.96875,43.0625,836,1101
80,21,239,70,34.125,97.09375,28.4375,1049,1452
80,37,174,126,60.125,70.6875,51.1875,516,642
80,11,9,114,17.875,3.65625,46.3125,1124,1492
80,30,183,106,48.75,74.34375,43.0625,884,1160
80,43,11,233,69.875,4.46875,94.65625,725,983
80,9,68,74,14.625,27.625,30.0625,1160,1544
80,55,26,239,89.375,10.5625,97.09375,1172,1560
80,23,58,135,37.375,23.5625,54.84375,986,1297
80,51,70,178,82.875,28.4375,72.3125,1054,1392
80,48,36,239,78.0,14.625,97.09375,1174,1562
80,47,234,146,76.375,95.0625,59.3125,1153,1566
80,17,183,63,27.625,74.34375,25.59375,1111,1471
80,18,130,87,29.25,52.8125,35.34375,1069,1409
80,40,70,182,65.0,28.4375,73.9375,833,1098
80,57,174,163,92.625,70.6875,66.21875,819,1083
80,43,229,124,69.875,93.03125,50.375,1138,1514
80,23,188,75,37.375,76.375,30.46875,965,1579
80,40,182,182,65.0,73.9375,73.9375,841,1594
80,51,126,199,82.875,51.1875,80.84375,608,1380
80,39,244,115,63.375,99.125,46.71875,1182,1578
80,25,29,140,40.625,11.78125,56.875,1192,1595
80,18,153,73,29.25,62.15625,29.65625,1073,1413
80,14,205,57,22.75,83.28125,23.15625,1106,1466
80,15,248,55,24.375,100.75,22.34375,1193,1596
80,11,177,51,17.875,71.90625,20.71875,1141,1517
80,43,171,147,69.875,69.46875,59.71875,826,1547
80,10,220,39,16.25,89.375,15.84375,1151,1529
80,48,136,107,78.0,55.25,43.46875,1194,1597
80,50,232,166,81.25,94.25,67.4375,989,1302
80,44,186,174,71.5,75.5625,70.6875,841,1598
80,33,34,181,53.625,13.8125,73.53125,1072,1412
80,56,214,177,91.0,86.9375,71.90625,1152,1530
80,55,133,132,89.375,54.03125,53.625,1195,1599
80,50,146,189,81.25,59.3125,76.78125,608,1381
80,18,51,112,29.25,20.71875,45.5,1091,1441
80,52,177,202,84.5,71.90625,82.0625,217,1426
80,43,142,154,69.875,57.6875,62.5625,826,1551
80,57,107,248,92.625,43.46875,100.75,1176,1565
80,43,116,175,69.875,47.125,71.09375,851,1117
80,29,39,156,47.125,15.84375,63.375,975,1281
80,51,70,230,82.875,28.4375,93.4375,838,1103
80,41,220,138,66.625,89.375,56.0625,1153,1563
80,58,162,220,94.25,65.8125,89.375,674,915
80,8,31,135,13.0,12.59375,54.84375,1157,1535
80,48,211,174,78.0,85.71875,70.6875,1092,1442
80,10,152,50,16.25,61.75,20.3125,1129,1498
80,29,160,147,47.125,65.0,59.71875,1131,1501
80,11,36,104,17.875,14.625,42.25,1184,1582
80,30,246,84,48.75,99.9375,34.125,873,1147
80,38,145,136,61.75,58.90625,55.25,1112,1472
80,47,78,209,76.375,31.6875,84.90625,1050,1384
80,46,128,167,74.75,52.0,67.84375,1128,1496
80,8,94,70,13.0,38.1875,28.4375,1165,1550
80,8,138,75,13.0,56.0625,30.46875,1177,1567
80,18,177,96,29.25,71.90625,39.0,1196,1600
80,55,133,223,89.375,54.03125,90.59375,1004,1320
80,36,35,232,58.5,14.21875,94.25,1024,1342
81,28,105,82,45.5,42.65625,33.3125,1063,1402
81,8,139,17,13.0,56.46875,6.90625,1185,1583
81,21,38,88,34.125,15.4375,35.75,1100,1502
81,57,222,137,92.625,90.1875,55.65625,1133,1601
81,46,10,175,74.75,4.0625,71.09375,1076,1539
81,28,17,126,45.5,6.90625,51.1875,1086,1432
81,24,26,112,39.0,10.5625,45.5,1062,1459
81,53,136,149,86.125,55.25,60.53125,619,1237
81,58,102,186,94.25,41.4375,75.5625,726,1364
81,35,218,60,56.875,88.5625,24.375,1187,1585
81,51,34,194,82.875,13.8125,78.8125,865,1571
81,53,204,141,86.125,82.875,57.28125,763,1025
81,51,47,195,82.875,19.09375,79.21875,865,1569
81,14,145,32,22.75,58.90625,13.0,1119,1503
81,53,208,119,86.125,84.5,48.34375,757,1019
81,22,82,76,35.75,33.3125,30.875,1095,1445
81,58,146,175,94.25,59.3125,71.09375,800,1063
81,47,211,101,76.375,85.71875,41.03125,769,1520
81,35,163,81,56.875,66.21875,32.90625,1001,1344
81,55,46,212,89.375,18.6875,86.125,863,1134
81,57,195,144,92.625,79.21875,58.5,753,1015
81,55,190,134,89.375,77.1875,54.4375,807,1238
81,23,214,33,37.375,86.9375,13.40625,1036,1365
81,30,134,75,48.75,54.4375,30.46875,1038,1417
81,53,224,127,86.125,91.0,51.59375,1133,1602
81,22,7,112,35.75,2.84375,45.5,1167,1553
81,43,198,106,69.875,80.4375,43.0625,1168,1570
81,20,236,17,32.5,95.875,6.90625,1096,1447
81,48,245,98,78.0,99.53125,39.8125,1010,1326
81,16,172,26,26.0,69.875,10.5625,1115,1475
81,26,236,36,42.25,95.875,14.625,1011,1327
81,53,149,148,86.125,60.53125,60.125,1179,1574
81,35,130,94,56.875,52.8125,38.1875,998,1312
81,41,163,95,66.625,66.21875,38.59375,947,1235
81,44,87,133,71.5,35.34375,54.03125,864,1434
81,43,250,81,69.875,101.5625,32.90625,1178,1568
81,33,191,67,53.625,77.59375,27.21875,997,1345
81,47,162,109,76.375,65.8125,44.28125,1065,1433
81,47,112,138,76.375,45.5,56.0625,784,1046
81,19,18,90,30.875,7.3125,36.5625,1132,1504
81,41,55,139,66.625,22.34375,56.46875,890,1296
81,8,164,7,13.0,66.625,2.84375,1197,1603
81,42,190,84,68.25,77.1875,34.125,888,1330
81,27,159,58,43.875,64.59375,23.5625,1064,1403
81,54,157,138,87.75,63.78125,56.0625,811,1587
81,55,109,166,89.375,44.28125,67.4375,798,1061
81,21,94,69,34.125,38.1875,28.03125,1090,1439
81,33,74,107,53.625,30.0625,43.46875,987,1346
81,39,82,119,63.375,33.3125,48.34375,923,1256
81,48,87,147,78.0,35.34375,59.71875,910,1192
81,13,94,46,21.125,38.1875,18.6875,1146,1572
81,19,58,80,30.875,23.5625,32.5,1116,1476
81,13,72,63,21.125,29.25,25.59375,1145,1522
81,56,32,219,91.0,13.0,88.96875,948,1377
81,45,66,154,73.125,26.8125,62.5625,890,1294
81,30,91,94,48.75,36.96875,38.1875,1067,1407
81,29,206,47,47.125,83.6875,19.09375,997,1351
81,39,121,103,63.375,49.15625,41.84375,949,1239
81,57,58,210,92.625,23.5625,85.3125,1101,1460
81,8,125,27,13.0,50.78125,10.96875,1188,1586
81,25,130,64,40.625,52.8125,26.0,1078,1421
81,20,161,41,32.5,65.40625,16.65625,1117,1478
81,17,118,75,27.625,47.9375,30.46875,1081,1424
81,45,127,123,73.125,51.59375,49.96875,866,1295
81,18,198,24,29.25,80.4375,9.75,1080,1423
81,44,176,108,71.5,71.5,43.875,888,1329
81,19,109,58,30.875,44.28125,23.5625,1102,1461
81,12,188,13,19.5,76.375,5.28125,1159,1542
81,32,240,61,52.0,97.5,24.78125,951,1263
81,9,16,84,14.625,6.5,34.125,1189,1588
81,49,61,173,79.625,24.78125,70.28125,870,1171
81,11,51,67,17.875,20.71875,27.21875,1169,1555
81,44,147,117,71.5,59.71875,47.53125,817,1135
81,30,219,94,48.75,88.96875,38.1875,938,1224
81,29,58,104,47.125,23.5625,42.25,1105,1483
81,33,174,69,53.625,70.6875,28.03125,1041,1389
81,43,232,92,69.875,94.25,37.375,1148,1526
81,35,25,137,56.875,10.15625,55.65625,1028,1590
81,6,82,43,9.75,33.3125,17.46875,1198,1604
81,37,15,149,60.125,6.09375,60.53125,1028,1589
81,27,42,104,43.875,17.0625,42.25,1181,1576
81,41,43,147,66.625,17.46875,59.71875,913,1248
81,45,43,169,73.125,17.46875,68.65625,1040,1369
81,47,171,125,76.375,69.46875,50.78125,1065,1435
81,24,88,117,39.0,35.75,47.53125,1027,1349
81,29,159,107,47.125,64.59375,43.46875,936,1221
81,17,132,45,27.625,53.625,18.28125,1119,1509
81,34,60,125,55.25,24.375,50.78125,987,1354
81,34,147,86,55.25,59.71875,34.9375,1001,1355
81,33,41,131,53.625,16.65625,53.21875,972,1278
81,9,101,34,14.625,41.03125,13.8125,1146,1577
81,25,71,90,40.625,28.84375,36.5625,1135,1511
81,12,29,75,19.5,11.78125,30.46875,1180,1575
81,21,16,145,34.125,6.5,58.90625,1137,1513
81,37,99,114,60.125,40.21875,46.3125,923,1264
81,17,96,94,27.625,39.0,38.1875,1108,1468
81,9,122,55,14.625,49.5625,22.34375,1173,1561
81,41,212,86,66.625,86.125,34.9375,935,1258
81,7,61,45,11.375,24.78125,18.28125,1190,1592
81,51,88,168,82.875,35.75,68.25,1191,1593
81,51,116,153,82.875,47.125,62.15625,1039,1368
81,37,221,106,60.125,89.78125,43.0625,836,1101
81,50,10,220,81.25,4.0625,89.375,948,1379
81,24,60,137,39.0,24.375,55.65625,986,1297
81,53,193,186,86.125,78.40625,75.5625,1107,1467
81,47,154,177,76.375,62.5625,71.90625,684,931
81,22,243,72,35.75,98.71875,29.25,1049,1452
81,15,203,56,24.375,82.46875,22.75,1106,1466
81,33,94,131,53.625,38.1875,53.21875,954,1247
81,18,185,61,29.25,75.15625,24.78125,1111,1471
81,53,74,184,86.125,30.0625,74.75,1054,1392
81,20,133,91,32.5,54.03125,36.96875,1069,1409
81,37,9,207,60.125,3.65625,84.09375,1162,1546
81,38,175,134,61.75,71.09375,54.4375,516,642
81,28,131,106,45.5,53.21875,43.0625,1199,1605
81,52,70,233,84.5,28.4375,94.65625,838,1103
81,52,125,203,84.5,50.78125,82.46875,608,1380
81,56,26,244,91.0,10.5625,99.125,1172,1560
81,13,10,117,21.125,4.0625,47.53125,1124,1492
81,49,237,146,79.625,96.28125,59.3125,1153,1566
81,56,204,220,91.0,82.875,89.375,1150,1528
81,44,15,233,71.5,6.09375,94.65625,725,983
81,41,69,186,66.625,28.03125,75.5625,833,1098
81,5,236,26,8.125,95.875,10.5625,1200,1606
81,48,35,240,78.0,14.21875,97.5,1174,1562
81,31,189,110,50.375,76.78125,44.6875,884,1160
81,19,154,75,30.875,62.5625,30.46875,1073,1413
81,24,188,78,39.0,76.375,31.6875,965,1579
81,52,177,204,84.5,71.90625,82.875,217,1426
81,48,141,105,78.0,57.28125,42.65625,1194,1597
81,40,246,119,65.0,99.9375,48.34375,1182,1578
81,44,230,128,71.5,93.4375,52.0,1138,1514
81,12,224,42,19.5,91.0,17.0625,1151,1529
81,45,190,173,73.125,77.1875,70.28125,841,1598
81,12,177,53,19.5,71.90625,21.53125,1141,1517
81,52,48,160,84.5,19.5,65.0,1201,1607
81,26,31,144,42.25,12.59375,58.5,1192,1595
81,51,234,167,82.875,95.0625,67.84375,989,1302
81,44,113,180,71.5,45.90625,73.125,851,1117
81,44,174,151,71.5,70.6875,61.34375,826,1547
81,57,216,181,92.625,87.75,73.53125,1152,1530
81,51,146,192,82.875,59.3125,78.0,608,1381
81,34,36,185,55.25,14.625,75.15625,1072,1412
81,19,54,114,30.875,21.9375,46.3125,1091,1441
81,58,160,223,94.25,65.0,90.59375,674,915
81,56,134,134,91.0,54.4375,54.4375,1195,1599
81,30,42,161,48.75,17.0625,65.40625,975,1281
81,25,218,74,40.625,88.5625,30.0625,1202,1608
81,44,146,157,71.5,59.3125,63.78125,826,1551
81,41,223,140,66.625,90.59375,56.875,1153,1563
81,49,212,178,79.625,86.125,72.3125,1092,1442
81,48,82,213,78.0,33.3125,86.53125,1050,1384
81,32,247,88,52.0,100.34375,35.75,873,1147
81,52,235,228,84.5,95.46875,92.625,1203,1609
81,9,32,137,14.625,13.0,55.65625,1157,1535
81,47,130,171,76.375,52.8125,69.46875,1128,1496
81,10,97,71,16.25,39.40625,28.84375,1165,1550
81,40,152,135,65.0,61.75,54.84375,1112,1472
81,13,38,108,21.125,15.4375,43.875,1184,1582
81,10,142,78,16.25,57.6875,31.6875,1177,1567
81,37,36,235,60.125,14.625,95.46875,1024,1342
81,31,164,153,50.375,66.625,62.15625,1131,1501
81,56,130,228,91.0,52.8125,92.625,1004,1320
82,30,20,131,48.75,8.125,53.21875,1086,1432
82,10,144,19,16.25,58.5,7.71875,1185,1583
82,54,209,123,87.75,84.90625,49.96875,757,1019
82,49,12,180,79.625,4.875,73.125,1076,1539
82,54,136,153,87.75,55.25,62.15625,619,1237
82,37,165,86,60.125,67.03125,34.9375,1001,1344
82,23,41,91,37.375,16.65625,36.96875,1100,1502
82,30,108,85,48.75,43.875,34.53125,1063,1402
82,58,221,138,94.25,89.78125,56.0625,1133,1601
82,26,27,115,42.25,10.96875,46.71875,1062,1459
82,16,148,35,26.0,60.125,14.21875,1119,1503
82,24,83,80,39.0,33.71875,32.5,1095,1445
82,54,202,145,87.75,82.0625,58.90625,763,1025
82,49,213,103,79.625,86.53125,41.84375,769,1520
82,55,224,131,89.375,91.0,53.21875,1133,1602
82,54,33,199,87.75,13.40625,80.84375,865,1571
82,57,48,216,92.625,19.5,87.75,863,1134
82,53,50,198,86.125,20.3125,80.4375,865,1569
82,42,167,99,68.25,67.84375,40.21875,947,1235
82,5,93,27,8.125,37.78125,10.96875,1204,1610
82,36,197,72,58.5,80.03125,29.25,997,1345
82,39,220,66,63.375,89.375,26.8125,1187,1611
82,31,134,79,50.375,54.4375,32.09375,1038,1417
82,49,246,103,79.625,99.9375,41.84375,1010,1326
82,25,217,37,40.625,88.15625,15.03125,1036,1365
82,44,201,107,71.5,81.65625,43.46875,1168,1570
82,49,164,112,79.625,66.625,45.5,1065,1433
82,58,146,177,94.25,59.3125,71.90625,800,1063
82,46,90,136,74.75,36.5625,55.25,864,1434
82,44,250,86,71.5,101.5625,34.9375,1178,1568
82,57,111,171,92.625,45.09375,69.46875,798,1061
82,28,239,40,45.5,97.09375,16.25,1011,1327
82,57,191,136,92.625,77.59375,55.25,807,1238
82,9,166,8,14.625,67.4375,3.25,1197,1603
82,25,7,117,40.625,2.84375,47.53125,1167,1553
82,20,17,94,32.5,6.90625,38.1875,1132,1504
82,48,110,142,78.0,44.6875,57.6875,784,1612
82,47,67,158,76.375,27.21875,64.1875,890,1294
82,34,75,112,55.25,30.46875,45.5,987,1346
82,55,155,141,89.375,62.96875,57.28125,811,1587
82,44,191,89,71.5,77.59375,36.15625,888,1330
82,29,162,61,47.125,65.8125,24.78125,1064,1403
82,18,177,29,29.25,71.90625,11.78125,1115,1475
82,54,150,155,87.75,60.9375,62.96875,1179,1574
82,42,57,146,68.25,23.15625,59.3125,890,1296
82,37,132,98,60.125,53.625,39.8125,998,1312
82,10,130,29,16.25,52.8125,11.78125,1188,1586
82,22,59,82,35.75,23.96875,33.3125,1116,1476
82,49,88,150,79.625,35.75,60.9375,910,1192
82,33,226,57,53.625,91.8125,23.15625,1187,1613
82,57,34,224,92.625,13.8125,91.0,948,1377
82,23,95,72,37.375,38.59375,29.25,1090,1439
82,22,240,21,35.75,97.5,8.53125,1096,1447
82,30,208,51,48.75,84.5,20.71875,997,1351
82,15,74,65,24.375,30.0625,26.40625,1145,1614
82,41,83,123,66.625,33.71875,49.96875,923,1256
82,58,61,214,94.25,24.78125,86.9375,1101,1460
82,49,193,114,79.625,78.40625,46.3125,1205,1615
82,15,98,51,24.375,39.8125,20.71875,1146,1572
82,40,121,108,65.0,49.15625,43.875,949,1239
82,27,130,68,43.875,52.8125,27.625,1078,1421
82,23,161,44,37.375,65.40625,17.875,1117,1478
82,21,204,27,34.125,82.875,10.96875,1080,1423
82,32,93,98,52.0,37.78125,39.8125,1067,1407
82,51,63,178,82.875,25.59375,72.3125,870,1171
82,44,30,163,71.5,12.1875,66.21875,1040,1616
82,18,119,78,29.25,48.34375,31.6875,1081,1424
82,47,45,176,76.375,18.28125,71.5,1040,1617
82,46,178,112,74.75,72.3125,45.5,888,1329
82,47,128,126,76.375,52.0,51.1875,866,1295
82,5,243,13,8.125,98.71875,5.28125,1200,1618
82,45,236,96,73.125,95.875,39.0,1148,1526
82,14,191,16,22.75,77.59375,6.5,1159,1542
82,22,112,63,35.75,45.5,25.59375,1102,1461
82,46,148,121,74.75,60.125,49.15625,817,1135
82,51,14,219,82.875,5.6875,88.96875,948,1379
82,12,18,88,19.5,7.3125,35.75,1180,1575
82,31,222,97,50.375,90.1875,39.40625,938,1224
82,9,86,45,14.625,34.9375,18.28125,1198,1604
82,34,242,64,55.25,98.3125,26.0,951,1263
82,14,52,70,22.75,21.125,28.4375,1169,1555
82,50,146,134,81.25,59.3125,54.4375,1206,1619
82,35,42,134,56.875,17.0625,54.4375,972,1278
82,43,214,87,69.875,86.9375,35.34375,935,1258
82,19,134,48,30.875,54.4375,19.5,1119,1620
82,43,45,151,69.875,18.28125,61.34375,913,1248
82,52,116,156,84.5,47.125,63.375,1039,1368
82,26,73,94,42.25,29.65625,38.1875,1135,1511
82,45,121,135,73.125,49.15625,54.84375,784,1621
82,10,66,48,16.25,26.8125,19.5,1190,1592
82,54,77,188,87.75,31.28125,76.375,1054,1392
82,35,149,88,56.875,60.53125,35.75,1001,1355
82,36,61,129,58.5,24.78125,52.40625,987,1354
82,49,172,126,79.625,69.875,51.1875,1065,1435
82,30,160,112,48.75,65.0,45.5,936,1221
82,53,90,170,86.125,36.5625,69.0625,1191,1593
82,39,100,120,63.375,40.625,48.75,923,1264
82,30,62,109,48.75,25.1875,44.28125,1105,1483
82,44,9,238,71.5,3.65625,96.6875,725,983
82,35,177,74,56.875,71.90625,30.0625,1041,1389
82,11,124,57,17.875,50.375,23.15625,1173,1561
82,7,10,77,11.375,4.0625,31.28125,1189,1588
82,48,156,180,78.0,63.375,73.125,684,931
82,38,18,155,61.75,7.3125,62.96875,1028,1589
82,11,107,37,17.875,43.46875,15.03125,1146,1577
82,25,86,121,40.625,34.9375,49.15625,1027,1349
82,18,95,97,29.25,38.59375,39.40625,1108,1468
82,32,44,114,52.0,17.875,46.3125,1207,1622
82,22,15,150,35.75,6.09375,60.9375,1137,1513
82,35,94,139,56.875,38.1875,56.46875,954,1247
82,26,63,143,42.25,25.59375,58.09375,986,1297
82,42,68,190,68.25,27.625,77.1875,833,1098
82,6,206,33,9.75,83.6875,13.40625,1208,1623
82,23,241,74,37.375,97.90625,30.0625,1049,1452
82,30,133,112,48.75,54.03125,45.5,1199,1605
82,38,9,209,61.75,3.65625,84.90625,1162,1546
82,14,8,120,22.75,3.25,48.75,1124,1492
82,11,72,78,17.875,29.25,31.6875,1145,1624
82,53,71,235,86.125,28.84375,95.46875,838,1103
82,53,196,193,86.125,79.625,78.40625,1107,1467
82,46,193,176,74.75,78.40625,71.5,841,1598
82,48,233,78,78.0,94.65625,31.6875,1209,1625
82,47,10,198,76.375,4.0625,80.4375,1210,1626
82,39,178,133,63.375,72.3125,54.03125,516,642
82,58,30,249,94.25,12.1875,101.15625,1172,1560
82,38,223,109,61.75,90.59375,44.28125,836,1101
82,6,239,29,9.75,97.09375,11.78125,1200,1627
82,53,124,205,86.125,50.375,83.28125,608,1380
82,21,132,95,34.125,53.625,38.59375,1069,1409
82,54,180,207,87.75,73.125,84.09375,217,1426
82,20,185,67,32.5,75.15625,27.21875,1111,1471
82,20,156,78,32.5,63.375,31.6875,1073,1413
82,45,235,130,73.125,95.46875,52.8125,1138,1514
82,14,229,46,22.75,93.03125,18.6875,1151,1529
82,49,142,106,79.625,57.6875,43.0625,1194,1597
82,17,203,59,27.625,82.46875,23.96875,1106,1466
82,57,205,222,92.625,83.28125,90.1875,1150,1528
82,52,238,170,84.5,96.6875,69.0625,989,1302
82,20,122,39,32.5,49.5625,15.84375,1119,1628
82,52,50,159,84.5,20.3125,64.59375,1201,1607
82,41,247,124,66.625,100.34375,50.375,1182,1578
82,27,32,145,43.875,13.0,58.90625,1192,1595
82,57,218,180,92.625,88.5625,73.125,1152,1530
82,32,190,113,52.0,77.1875,45.90625,884,1160
82,26,192,82,42.25,78.0,33.3125,965,1579
82,57,133,136,92.625,54.03125,55.25,1195,1599
82,14,180,55,22.75,73.125,22.34375,1141,1517
82,31,42,165,50.375,17.0625,67.03125,975,1281
82,46,176,154,74.75,71.5,62.5625,826,1547
82,45,110,187,73.125,44.6875,75.96875,851,1117
82,35,36,188,56.875,14.625,76.375,1072,1412
82,20,53,117,32.5,21.53125,47.53125,1091,1441
82,45,144,162,73.125,58.5,65.8125,826,1551
82,50,215,181,81.25,87.34375,73.53125,1092,1442
82,49,37,244,79.625,15.03125,99.125,1174,1562
82,26,221,79,42.25,89.78125,32.09375,1202,1608
82,51,147,197,82.875,59.71875,80.03125,608,1381
82,38,127,146,61.75,51.59375,59.3125,1211,1629
82,42,225,143,68.25,91.40625,58.09375,1153,1563
82,5,176,58,8.125,71.5,23.5625,1212,1630
82,48,79,216,78.0,32.09375,87.75,1050,1384
82,53,228,233,86.125,92.625,94.65625,1203,1631
82,6,6,104,9.75,2.4375,42.25,1213,1632
82,42,153,138,68.25,62.15625,56.0625,1112,1472
82,53,238,231,86.125,96.6875,93.84375,1203,1633
82,58,129,232,94.25,52.40625,94.25,1004,1320
82,11,98,75,17.875,39.8125,30.46875,1165,1550
82,13,38,110,21.125,15.4375,44.6875,1184,1582
82,11,140,81,17.875,56.875,32.90625,1177,1567
82,48,129,174,78.0,52.40625,70.6875,1128,1496
82,38,38,236,61.75,15.4375,95.875,1024,1342
82,10,34,140,16.25,13.8125,56.875,1157,1535
82,21,243,90,34.125,98.71875,36.5625,1214,1634
83,54,206,126,87.75,83.6875,51.1875,757,1019
83,32,109,87,52.0,44.28125,35.34375,1063,1402
83,32,21,134,52.0,8.53125,54.4375,1086,1432
83,12,148,22,19.5,60.125,8.9375,1185,1583
83,38,165,88,61.75,67.03125,35.75,1001,1344
83,25,40,96,40.625,16.25,39.0,1100,1502
83,26,84,83,42.25,34.125,33.71875,1095,1445
83,49,15,183,79.625,6.09375,74.34375,1076,1539
83,18,149,39,29.25,60.53125,15.84375,1119,1503
83,28,28,120,45.5,11.375,48.75,1062,1459
83,50,212,105,81.25,86.125,42.65625,769,1520
83,46,202,109,74.75,82.0625,44.28125,1168,1570
83,56,224,133,91.0,91.0,54.03125,1133,1602
83,55,136,158,89.375,55.25,64.1875,619,1237
83,55,202,148,89.375,82.0625,60.125,763,1025
83,58,50,220,94.25,20.3125,89.375,863,1134
83,56,33,204,91.0,13.40625,82.875,865,1571
83,7,95,31,11.375,38.59375,12.59375,1204,1610
83,14,219,5,22.75,88.96875,2.03125,1215,1635
83,43,170,102,69.875,69.0625,41.4375,947,1235
83,24,95,75,39.0,38.59375,30.46875,1090,1439
83,26,8,121,42.25,3.25,49.15625,1167,1553
83,50,162,117,81.25,65.8125,47.53125,1065,1433
83,29,241,41,47.125,97.90625,16.65625,1011,1327
83,33,136,82,53.625,55.25,33.3125,1038,1417
83,16,73,66,26.0,29.65625,26.8125,1145,1614
83,53,48,199,86.125,19.5,80.84375,865,1569
83,26,219,39,42.25,88.96875,15.84375,1036,1365
83,36,76,116,58.5,30.875,47.125,987,1346
83,48,68,163,78.0,27.625,66.21875,890,1294
83,44,189,91,71.5,76.78125,36.96875,888,1330
83,47,91,137,76.375,36.96875,55.65625,864,1434
83,49,110,144,79.625,44.6875,58.5,784,1612
83,57,112,173,92.625,45.5,70.28125,798,1061
83,37,195,74,60.125,79.21875,30.0625,997,1345
83,23,58,83,37.375,23.5625,33.71875,1116,1476
83,22,17,99,35.75,6.90625,40.21875,1132,1504
83,22,241,21,35.75,97.90625,8.53125,1096,1447
83,30,163,64,48.75,66.21875,26.0,1064,1403
83,11,166,12,17.875,67.4375,4.875,1197,1603
83,52,249,111,84.5,101.15625,45.09375,1010,1326
83,11,131,30,17.875,53.21875,12.1875,1188,1586
83,20,178,33,32.5,72.3125,13.40625,1115,1475
83,44,61,148,71.5,24.78125,60.125,890,1296
83,55,152,156,89.375,61.75,63.375,1179,1574
83,51,89,154,82.875,36.15625,62.5625,910,1192
83,58,57,203,94.25,23.15625,82.46875,1101,1460
83,38,133,101,61.75,54.03125,41.03125,998,1312
83,42,84,127,68.25,34.125,51.59375,923,1256
83,17,101,52,27.625,41.03125,21.125,1146,1572
83,51,192,116,82.875,78.0,47.125,1205,1615
83,34,228,59,55.25,92.625,23.96875,1187,1613
83,31,206,54,50.375,83.6875,21.9375,997,1351
83,42,123,110,68.25,49.96875,44.6875,949,1239
83,29,133,70,47.125,54.03125,28.4375,1078,1421
83,34,92,101,55.25,37.375,41.03125,1067,1407
83,57,158,147,92.625,64.1875,59.71875,811,1587
83,24,161,47,39.0,65.40625,19.09375,1117,1478
83,40,222,71,65.0,90.1875,28.84375,1187,1611
83,23,112,66,37.375,45.5,26.8125,1102,1461
83,22,205,30,35.75,83.28125,12.1875,1080,1423
83,53,65,183,86.125,26.40625,74.34375,870,1171
83,33,220,96,53.625,89.375,39.0,938,1224
83,47,180,115,76.375,73.125,46.71875,888,1329
83,45,32,167,73.125,13.0,67.84375,1040,1616
83,15,51,74,24.375,20.71875,30.0625,1169,1555
83,6,246,13,9.75,99.9375,5.28125,1200,1618
83,52,17,220,84.5,6.90625,89.375,948,1379
83,39,26,143,63.375,10.5625,58.09375,1028,1636
83,25,244,76,40.625,99.125,30.875,1049,1452
83,37,148,92,60.125,60.125,37.375,1001,1355
83,21,137,51,34.125,55.65625,20.71875,1119,1620
83,13,20,91,21.125,8.125,36.96875,1180,1575
83,15,190,19,24.375,77.1875,7.71875,1159,1542
83,47,241,99,76.375,97.90625,40.21875,1148,1526
83,35,249,65,56.875,101.15625,26.40625,951,1263
83,45,215,90,73.125,87.34375,36.5625,935,1258
83,32,63,113,52.0,25.59375,45.90625,1105,1483
83,48,130,129,78.0,52.8125,52.40625,866,1295
83,26,81,123,42.25,32.90625,49.96875,1027,1349
83,53,118,160,86.125,47.9375,65.0,1039,1368
83,10,88,49,16.25,35.75,19.90625,1198,1604
83,15,32,82,24.375,13.0,33.3125,1216,1637
83,52,145,140,84.5,58.90625,56.875,1206,1619
83,50,172,133,81.25,69.875,54.03125,1065,1435
83,39,19,159,63.375,7.71875,64.59375,1028,1638
83,47,148,124,76.375,60.125,50.375,817,1135
83,27,75,96,43.875,30.46875,39.0,1135,1511
83,49,47,179,79.625,19.09375,72.71875,1040,1617
83,45,11,240,73.125,4.46875,97.5,725,983
83,18,119,81,29.25,48.34375,32.90625,1081,1424
83,36,176,76,58.5,71.5,30.875,1041,1389
83,37,44,136,60.125,17.875,55.25,972,1278
83,41,103,123,66.625,41.84375,49.96875,923,1264
83,44,49,156,71.5,19.90625,63.375,913,1248
83,37,62,131,60.125,25.1875,53.21875,987,1354
83,11,68,51,17.875,27.625,20.71875,1190,1592
83,54,93,175,87.75,37.78125,71.09375,1191,1593
83,12,108,39,19.5,43.875,15.84375,1146,1577
83,11,123,60,17.875,49.96875,24.375,1173,1561
83,49,156,182,79.625,63.375,73.9375,684,931
83,45,121,135,73.125,49.15625,54.84375,784,1621
83,31,160,116,50.375,65.0,47.125,936,1221
83,9,10,80,14.625,4.0625,32.5,1189,1588
83,34,43,118,55.25,17.46875,47.9375,1207,1622
83,47,195,178,76.375,79.21875,72.3125,841,1598
83,23,13,153,37.375,5.28125,62.15625,1137,1513
83,53,198,194,86.125,80.4375,78.8125,1107,1467
83,55,79,192,89.375,32.09375,78.0,1054,1392
83,31,136,115,50.375,55.25,46.71875,1199,1605
83,16,11,124,26.0,4.46875,50.375,1124,1492
83,47,14,196,76.375,5.6875,79.625,1210,1626
83,54,121,209,87.75,49.15625,84.90625,608,1380
83,42,69,191,68.25,28.03125,77.59375,833,1098
83,19,96,99,30.875,39.0,40.21875,1108,1468
83,7,186,39,11.375,75.5625,15.84375,1217,1639
83,8,209,37,13.0,84.90625,15.03125,1208,1623
83,22,134,98,35.75,54.4375,39.8125,1069,1409
83,27,64,145,43.875,26.0,58.90625,986,1297
83,8,149,45,13.0,60.53125,18.28125,1218,1640
83,19,209,66,30.875,84.90625,26.8125,1106,1466
83,36,92,144,58.5,37.375,58.5,954,1247
83,8,240,30,13.0,97.5,12.1875,1200,1627
83,58,220,183,94.25,89.375,74.34375,1152,1530
83,13,73,81,21.125,29.65625,32.90625,1145,1624
83,40,177,133,65.0,71.90625,54.03125,516,642
83,16,229,49,26.0,93.03125,19.90625,1151,1529
83,39,234,99,63.375,95.0625,40.21875,836,1101
83,53,68,238,86.125,27.625,96.6875,838,1103
83,53,238,172,86.125,96.6875,69.875,989,1302
83,46,235,131,74.75,95.46875,53.21875,1138,1514
83,49,144,106,79.625,58.5,43.0625,1194,1597
83,21,184,72,34.125,74.75,29.25,1111,1471
83,21,121,41,34.125,49.15625,16.65625,1119,1628
83,50,240,150,81.25,97.5,60.9375,1219,1641
83,45,108,186,73.125,43.875,75.5625,851,1117
83,17,250,56,27.625,101.5625,22.75,1220,1642
83,21,156,81,34.125,63.375,32.90625,1073,1413
83,54,177,208,87.75,71.90625,84.5,217,1426
83,39,12,210,63.375,4.875,85.3125,1162,1546
83,53,52,161,86.125,21.125,65.40625,1201,1607
83,33,189,115,53.625,76.78125,46.71875,884,1160
83,53,145,197,86.125,58.90625,80.03125,608,1381
83,32,43,171,52.0,17.46875,69.46875,975,1281
83,31,5,185,50.375,2.03125,75.15625,1221,1643
83,27,190,84,43.875,77.1875,34.125,965,1579
83,47,174,158,76.375,70.6875,64.1875,826,1547
83,57,203,225,92.625,82.46875,91.40625,1150,1528
83,29,221,80,47.125,89.78125,32.5,1202,1608
83,16,182,58,26.0,73.9375,23.5625,1141,1517
83,21,55,118,34.125,22.34375,47.9375,1091,1441
83,28,26,151,45.5,10.5625,61.34375,1192,1595
83,14,156,59,22.75,63.375,23.96875,1222,1644
83,36,36,193,58.5,14.625,78.40625,1072,1412
83,46,141,165,74.75,57.28125,67.03125,826,1551
83,42,225,142,68.25,91.40625,57.6875,1153,1563
83,39,128,151,63.375,52.0,61.34375,1211,1629
83,8,9,107,13.0,3.65625,43.46875,1213,1632
83,5,177,57,8.125,71.90625,23.15625,1212,1630
83,49,81,220,79.625,32.90625,89.375,1050,1384
83,43,153,141,69.875,62.15625,57.28125,1112,1472
83,54,228,237,87.75,92.625,96.28125,1203,1631
83,15,39,115,24.375,15.84375,46.71875,1184,1582
83,13,99,79,21.125,40.21875,32.09375,1165,1550
83,53,239,234,86.125,97.09375,95.0625,1203,1633
83,50,126,179,81.25,51.1875,72.71875,1128,1496
83,11,32,142,17.875,13.0,57.6875,1157,1535
83,13,142,84,21.125,57.6875,34.125,1177,1567
83,23,185,108,37.375,75.15625,43.875,1223,1645
84,55,208,130,89.375,84.5,52.8125,757,1019
84,26,41,102,42.25,16.65625,41.4375,1100,1502
84,55,136,159,89.375,55.25,64.59375,619,1237
84,47,205,112,76.375,83.28125,45.5,1168,1570
84,18,150,41,29.25,60.9375,16.65625,1119,1503
84,50,15,185,81.25,6.09375,75.15625,1076,1539
84,28,27,122,45.5,10.96875,49.5625,1062,1459
84,28,87,88,45.5,35.34375,35.75,1095,1445
84,57,34,210,92.625,13.8125,85.3125,865,1571
84,14,223,5,22.75,90.59375,2.03125,1215,1635
84,33,109,91,53.625,44.28125,36.96875,1063,1402
84,56,203,152,91.0,82.46875,61.75,763,1025
84,57,227,135,92.625,92.21875,54.84375,1133,1602
84,8,95,35,13.0,38.59375,14.21875,1204,1610
84,39,165,93,63.375,67.03125,37.78125,1001,1344
84,12,148,26,19.5,60.125,10.5625,1185,1583
84,32,20,137,52.0,8.125,55.65625,1086,1432
84,58,50,223,94.25,20.3125,90.59375,863,1134
84,44,168,107,71.5,68.25,43.46875,947,1235
84,26,96,79,42.25,39.0,32.09375,1090,1439
84,27,221,42,43.875,89.78125,17.0625,1036,1365
84,49,111,147,79.625,45.09375,59.71875,784,1612
84,49,69,168,79.625,28.03125,68.25,890,1294
84,53,48,203,86.125,19.5,82.46875,865,1569
84,40,223,70,65.0,90.59375,28.4375,1187,1611
84,45,191,94,73.125,77.59375,38.1875,888,1330
84,27,10,126,43.875,4.0625,51.1875,1167,1553
84,50,163,119,81.25,66.21875,48.34375,1065,1433
84,18,77,69,29.25,31.28125,28.03125,1145,1614
84,31,164,67,50.375,66.625,27.21875,1064,1403
84,48,91,143,78.0,36.96875,58.09375,864,1434
84,24,59,87,39.0,23.96875,35.34375,1116,1476
84,45,61,154,73.125,24.78125,62.5625,890,1296
84,30,241,44,48.75,97.90625,17.875,1011,1327
84,5,57,45,8.125,23.15625,18.28125,1224,1646
84,23,19,103,37.375,7.71875,41.84375,1132,1504
84,18,104,57,29.25,42.25,23.15625,1146,1572
84,56,152,159,91.0,61.75,64.59375,1179,1574
84,39,194,78,63.375,78.8125,31.6875,997,1345
84,58,112,177,94.25,45.5,71.90625,798,1061
84,34,136,87,55.25,55.25,35.34375,1038,1417
84,23,245,23,37.375,99.53125,9.34375,1096,1447
84,12,168,15,19.5,68.25,6.09375,1197,1603
84,6,150,12,9.75,60.9375,4.875,1225,1647
84,21,180,36,34.125,73.125,14.625,1115,1475
84,37,77,121,60.125,31.28125,49.15625,987,1346
84,53,249,116,86.125,101.15625,47.125,1010,1326
84,44,87,133,71.5,35.34375,54.03125,923,1256
84,44,24,178,71.5,9.75,72.3125,1040,1648
84,51,90,160,82.875,36.5625,65.0,910,1192
84,39,135,106,63.375,54.84375,43.0625,998,1312
84,51,193,118,82.875,78.40625,47.9375,1205,1615
84,25,163,50,40.625,66.21875,20.3125,1117,1478
84,29,133,73,47.125,54.03125,29.65625,1078,1421
84,37,95,111,60.125,38.59375,45.09375,1067,1407
84,36,234,62,58.5,95.0625,25.1875,1187,1613
84,33,190,66,53.625,77.1875,26.8125,1226,1649
84,32,208,57,52.0,84.5,23.15625,997,1351
84,42,124,114,68.25,50.375,46.3125,949,1239
84,8,35,68,13.0,14.21875,27.625,1227,1650
84,12,132,35,19.5,53.625,14.21875,1188,1586
84,25,113,71,40.625,45.90625,28.84375,1102,1461
84,17,53,78,27.625,21.53125,31.6875,1169,1555
84,58,161,151,94.25,65.40625,61.34375,811,1587
84,7,246,16,11.375,99.9375,6.5,1200,1618
84,49,243,102,79.625,98.71875,41.4375,1148,1526
84,22,137,54,35.75,55.65625,21.9375,1119,1620
84,23,207,32,37.375,84.09375,13.0,1080,1423
84,46,33,172,74.75,13.40625,69.875,1040,1651
84,16,192,21,26.0,78.0,8.53125,1159,1542
84,47,182,120,76.375,73.9375,48.75,888,1329
84,53,66,188,86.125,26.8125,76.375,870,1171
84,15,19,94,24.375,7.71875,38.1875,1180,1575
84,52,19,222,84.5,7.71875,90.1875,948,1379
84,39,150,96,63.375,60.9375,39.0,1001,1355
84,49,133,135,79.625,54.03125,54.84375,866,1295
84,26,244,76,42.25,99.125,30.875,1049,1452
84,50,47,184,81.25,19.09375,74.75,1040,1617
84,27,79,128,43.875,32.09375,52.0,1027,1349
84,48,149,127,78.0,60.53125,51.59375,817,1135
84,46,13,245,74.75,5.28125,99.53125,725,983
84,54,119,162,87.75,48.34375,65.8125,1039,1368
84,34,222,97,55.25,90.1875,39.40625,938,1224
84,11,90,51,17.875,36.5625,20.71875,1198,1604
84,52,149,141,84.5,60.53125,57.28125,1206,1619
84,45,50,162,73.125,20.3125,65.8125,913,1248
84,16,33,86,26.0,13.40625,34.9375,1216,1637
84,45,218,95,73.125,88.5625,38.59375,935,1258
84,34,64,118,55.25,26.0,47.9375,1105,1483
84,18,118,82,29.25,47.9375,33.3125,1081,1424
84,29,76,99,47.125,30.875,40.21875,1135,1511
84,38,44,141,61.75,17.875,57.28125,972,1278
84,55,93,181,89.375,37.78125,73.53125,1191,1593
84,13,69,55,21.125,28.03125,22.34375,1190,1592
84,40,27,150,65.0,10.96875,60.9375,1028,1636
84,54,198,194,87.75,80.4375,78.8125,1107,1467
84,35,43,124,56.875,17.46875,50.375,1207,1622
84,51,173,136,82.875,70.28125,55.25,1065,1435
84,36,175,79,58.5,71.09375,32.09375,1041,1389
84,32,162,120,52.0,65.8125,48.75,936,1221
84,38,63,136,61.75,25.59375,55.25,987,1354
84,56,81,196,91.0,32.90625,79.625,1054,1392
84,40,19,164,65.0,7.71875,66.625,1028,1638
84,13,108,43,21.125,43.875,17.46875,1146,1577
84,10,9,85,16.25,3.65625,34.53125,1189,1588
84,12,123,62,19.5,49.96875,25.1875,1173,1561
84,42,106,128,68.25,43.0625,52.0,923,1264
84,50,158,183,81.25,64.1875,74.34375,684,931
84,20,213,68,32.5,86.53125,27.625,1106,1466
84,23,135,98,37.375,54.84375,39.8125,1069,1409
84,56,15,236,91.0,6.09375,95.875,1228,1652
84,9,208,40,14.625,84.5,16.25,1208,1623
84,36,90,148,58.5,36.5625,60.125,954,1247
84,24,15,156,39.0,6.09375,63.375,1137,1513
84,47,195,179,76.375,79.21875,72.71875,841,1598
84,17,11,126,27.625,4.46875,51.1875,1124,1492
84,28,64,149,45.5,26.0,60.53125,986,1297
84,58,206,230,94.25,83.6875,93.4375,1150,1528
84,43,69,194,69.875,28.03125,78.8125,833,1098
84,58,219,184,94.25,88.96875,74.75,1152,1530
84,48,231,78,78.0,93.84375,31.6875,1229,1653
84,19,96,103,30.875,39.0,41.84375,1108,1468
84,8,187,36,13.0,75.96875,14.625,1217,1639
84,16,230,48,26.0,93.4375,19.5,1151,1529
84,46,237,131,74.75,96.28125,53.21875,1138,1514
84,41,177,134,66.625,71.90625,54.4375,516,642
84,32,135,120,52.0,54.84375,48.75,1199,1605
84,40,241,101,65.0,97.90625,41.03125,836,1101
84,5,59,75,8.125,23.96875,30.46875,1230,1654
84,54,122,209,87.75,49.5625,84.90625,608,1380
84,48,19,202,78.0,7.71875,82.0625,1210,1626
84,53,66,241,86.125,26.8125,97.90625,838,1103
84,21,156,82,34.125,63.375,33.3125,1073,1413
84,34,46,173,55.25,18.6875,70.28125,975,1281
84,49,143,107,79.625,58.09375,43.46875,1194,1597
84,22,188,74,35.75,76.375,30.0625,1111,1471
84,13,70,84,21.125,28.4375,34.125,1145,1624
84,51,239,152,82.875,97.09375,61.75,1219,1641
84,21,123,42,34.125,49.96875,17.0625,1119,1628
84,8,237,32,13.0,96.28125,13.0,1200,1627
84,34,190,117,55.25,77.1875,47.53125,884,1160
84,17,247,57,27.625,100.34375,23.15625,1220,1642
84,39,10,213,63.375,4.0625,86.53125,1162,1546
84,45,107,187,73.125,43.46875,75.96875,851,1117
84,47,144,167,76.375,58.5,67.84375,826,1551
84,28,194,88,45.5,78.8125,35.75,965,1579
84,16,183,59,26.0,74.34375,23.96875,1141,1517
84,36,35,195,58.5,14.21875,79.21875,1072,1412
84,14,160,55,22.75,65.0,22.34375,1222,1644
84,22,61,119,35.75,24.78125,48.34375,1091,1441
84,29,221,81,47.125,89.78125,32.90625,1202,1608
84,47,173,161,76.375,70.28125,65.40625,826,1547
84,54,175,212,87.75,71.09375,86.125,217,1426
84,53,145,201,86.125,58.90625,81.65625,608,1381
84,42,250,123,68.25,101.5625,49.96875,1231,1655
84,39,128,153,63.375,52.0,62.15625,1211,1629
84,50,82,222,81.25,33.3125,90.1875,1050,1384
84,53,241,174,86.125,97.90625,70.6875,989,1302
84,6,177,60,9.75,71.90625,24.375,1212,1630
84,44,224,145,71.5,91.0,58.90625,1153,1563
84,9,10,109,14.625,4.0625,44.28125,1213,1632
84,42,151,144,68.25,61.34375,58.5,1112,1472
84,15,38,116,24.375,15.4375,47.125,1184,1582
84,13,98,82,21.125,39.8125,33.3125,1165,1550
84,50,127,182,81.25,51.59375,73.9375,1128,1496
84,53,240,234,86.125,97.5,95.0625,1203,1633
84,23,186,110,37.375,75.5625,44.6875,1223,1645
84,25,247,103,40.625,100.34375,41.84375,1232,1656
85,27,40,104,43.875,16.25,42.25,1100,1502
85,56,137,162,91.0,55.65625,65.8125,619,1237
85,55,209,130,89.375,84.90625,52.8125,757,1019
85,40,163,96,65.0,66.21875,39.0,1001,1344
85,47,203,114,76.375,82.46875,46.3125,1168,1570
85,45,166,110,73.125,67.4375,44.6875,947,1235
85,19,78,72,30.875,31.6875,29.25,1145,1614
85,30,28,125,48.75,11.375,50.78125,1062,1459
85,57,204,156,92.625,82.875,63.375,763,1025
85,33,18,140,53.625,7.3125,56.875,1086,1432
85,16,226,7,26.0,91.8125,2.84375,1215,1635
85,30,85,93,48.75,34.53125,37.78125,1095,1445
85,14,148,28,22.75,60.125,11.375,1185,1583
85,19,150,43,30.875,60.9375,17.46875,1119,1503
85,58,225,138,94.25,91.40625,56.0625,1133,1602
85,34,108,94,55.25,43.875,38.1875,1063,1402
85,51,111,151,82.875,45.09375,61.34375,784,1612
85,28,9,129,45.5,3.65625,52.40625,1167,1553
85,51,165,122,82.875,67.03125,49.5625,1065,1433
85,58,34,217,94.25,13.8125,88.15625,865,1571
85,51,12,189,82.875,4.875,76.78125,1076,1539
85,9,93,38,14.625,37.78125,15.4375,1204,1610
85,30,240,44,48.75,97.5,17.875,1011,1327
85,40,192,82,65.0,78.0,33.3125,997,1345
85,58,110,181,94.25,44.6875,73.53125,798,1061
85,57,154,162,92.625,62.5625,65.8125,1179,1574
85,51,213,108,82.875,86.53125,43.875,1233,1657
85,25,20,107,40.625,8.125,43.46875,1132,1504
85,25,57,91,40.625,23.15625,36.96875,1116,1476
85,35,134,91,56.875,54.4375,36.96875,1038,1417
85,41,218,73,66.625,88.5625,29.65625,1187,1611
85,32,164,70,52.0,66.625,28.4375,1064,1403
85,46,187,98,74.75,75.96875,39.8125,888,1330
85,27,222,42,43.875,90.1875,17.0625,1036,1365
85,6,148,12,9.75,60.125,4.875,1225,1647
85,45,87,137,73.125,35.34375,55.65625,923,1256
85,53,43,206,86.125,17.46875,83.6875,865,1569
85,50,68,173,81.25,27.625,70.28125,890,1294
85,38,77,126,61.75,31.28125,51.1875,987,1346
85,46,61,158,74.75,24.78125,64.1875,890,1296
85,13,167,16,21.125,67.84375,6.5,1197,1603
85,52,192,121,84.5,78.0,49.15625,1205,1615
85,49,92,147,79.625,37.375,59.71875,864,1434
85,20,104,60,32.5,42.25,24.375,1146,1572
85,23,182,39,37.375,73.9375,15.84375,1115,1475
85,36,232,63,58.5,94.25,25.59375,1187,1613
85,27,95,81,43.875,38.59375,32.90625,1090,1439
85,45,21,181,73.125,8.53125,73.53125,1040,1648
85,52,88,163,84.5,35.75,66.21875,910,1192
85,24,248,25,39.0,100.75,10.15625,1096,1447
85,6,58,49,9.75,23.5625,19.90625,1224,1646
85,31,136,74,50.375,55.25,30.0625,1078,1421
85,6,22,71,9.75,8.9375,28.84375,1227,1658
85,37,95,112,60.125,38.59375,45.5,1067,1407
85,40,132,109,65.0,53.625,44.28125,998,1312
85,54,248,120,87.75,100.75,48.75,1010,1326
85,34,189,70,55.25,76.78125,28.4375,1226,1649
85,43,122,118,69.875,49.5625,47.9375,949,1239
85,26,163,51,42.25,66.21875,20.71875,1117,1478
85,13,131,37,21.125,53.21875,15.03125,1188,1586
85,49,243,103,79.625,98.71875,41.84375,1148,1526
85,48,180,122,78.0,73.125,49.5625,888,1329
85,18,190,23,29.25,77.1875,9.34375,1159,1542
85,24,210,30,39.0,85.3125,12.1875,1080,1423
85,23,136,55,37.375,55.25,22.34375,1119,1620
85,33,208,59,53.625,84.5,23.96875,997,1351
85,7,248,17,11.375,100.75,6.90625,1200,1618
85,58,162,151,94.25,65.8125,61.34375,811,1587
85,50,131,137,81.25,53.21875,55.65625,866,1295
85,26,113,73,42.25,45.90625,29.65625,1102,1461
85,54,64,191,87.75,26.0,77.59375,870,1171
85,49,149,130,79.625,60.53125,52.8125,817,1135
85,35,65,121,56.875,26.40625,49.15625,1105,1483
85,34,220,101,55.25,89.375,41.03125,938,1224
85,18,55,80,29.25,22.34375,32.5,1169,1555
85,39,148,100,63.375,60.125,40.625,1001,1355
85,53,148,144,86.125,60.125,58.5,1206,1619
85,55,196,197,89.375,79.625,80.03125,1107,1467
85,28,76,134,45.5,30.875,54.4375,1027,1349
85,9,34,69,14.625,13.8125,28.03125,1227,1659
85,15,19,96,24.375,7.71875,39.0,1180,1575
85,51,46,188,82.875,18.6875,76.375,1040,1617
85,36,41,128,58.5,16.65625,52.0,1207,1622
85,54,15,228,87.75,6.09375,92.625,948,1379
85,13,89,54,21.125,36.15625,21.9375,1198,1604
85,41,18,168,66.625,7.3125,68.25,1028,1638
85,19,116,85,30.875,47.125,34.53125,1081,1424
85,54,120,163,87.75,48.75,66.21875,1039,1368
85,18,33,91,29.25,13.40625,36.96875,1216,1637
85,39,42,144,63.375,17.0625,58.5,972,1278
85,31,74,103,50.375,30.0625,41.84375,1135,1511
85,57,79,200,92.625,32.09375,81.25,1054,1392
85,37,174,82,60.125,70.6875,33.3125,1041,1389
85,52,175,141,84.5,71.09375,57.28125,1065,1435
85,46,48,166,74.75,19.5,67.4375,913,1248
85,36,88,148,58.5,35.75,60.125,954,1247
85,11,5,88,17.875,2.03125,35.75,1189,1588
85,40,26,153,65.0,10.5625,62.15625,1028,1636
85,31,158,121,50.375,64.1875,49.15625,936,1221
85,15,70,57,24.375,28.4375,23.15625,1190,1592
85,27,245,78,43.875,99.53125,31.6875,1049,1452
85,46,10,248,74.75,4.0625,100.75,725,983
85,46,41,213,74.75,16.65625,86.53125,1234,1660
85,55,92,184,89.375,37.375,74.75,1191,1593
85,38,64,138,61.75,26.0,56.0625,987,1354
85,14,108,45,22.75,43.875,18.28125,1146,1577
85,48,192,182,78.0,78.0,73.9375,841,1598
85,12,123,62,19.5,49.96875,25.1875,1173,1561
85,9,209,40,14.625,84.90625,16.25,1208,1623
85,39,239,100,63.375,97.09375,40.625,836,1101
85,53,65,244,86.125,26.40625,99.125,838,1103
85,23,135,98,37.375,54.84375,39.8125,1069,1409
85,58,205,229,94.25,83.28125,93.03125,1150,1528
85,49,13,204,79.625,5.28125,82.875,1210,1626
85,49,154,185,79.625,62.5625,75.15625,684,931
85,43,105,132,69.875,42.65625,53.625,923,1264
85,19,90,106,30.875,36.5625,43.0625,1108,1468
85,54,117,210,87.75,47.53125,85.3125,608,1380
85,21,212,71,34.125,86.125,28.84375,1106,1466
85,25,12,159,40.625,4.875,64.59375,1137,1513
85,8,186,39,13.0,75.5625,15.84375,1217,1639
85,29,62,151,47.125,25.1875,61.34375,986,1297
85,46,234,133,74.75,95.0625,54.03125,1138,1514
85,17,13,127,27.625,5.28125,51.59375,1124,1492
85,51,240,155,82.875,97.5,62.96875,1219,1641
85,34,44,169,55.25,17.875,68.65625,975,1281
85,40,209,125,65.0,84.90625,50.78125,1235,1661
85,49,142,108,79.625,57.6875,43.875,1194,1597
85,48,200,149,78.0,81.25,60.53125,1236,1662
85,41,174,138,66.625,70.6875,56.0625,516,642
85,57,13,242,92.625,5.28125,98.3125,1228,1652
85,48,228,79,78.0,92.625,32.09375,1229,1653
85,17,232,51,27.625,94.25,20.71875,1151,1529
85,39,70,107,63.375,28.4375,43.46875,1237,1663
85,21,120,42,34.125,48.75,17.0625,1119,1628
85,5,53,80,8.125,21.53125,32.5,1230,1654
85,22,155,84,35.75,62.96875,34.125,1073,1413
85,18,249,59,29.25,101.15625,23.96875,1220,1642
85,34,187,120,55.25,75.96875,48.75,884,1160
85,42,67,193,68.25,27.21875,78.40625,833,1098
85,9,238,32,14.625,96.6875,13.0,1200,1627
85,53,145,202,86.125,58.90625,82.0625,608,1381
85,33,130,125,53.625,52.8125,50.78125,1199,1605
85,22,58,119,35.75,23.5625,48.34375,1091,1441
85,30,219,83,48.75,88.96875,33.71875,1202,1608
85,42,245,124,68.25,99.53125,50.375,1231,1655
85,22,187,76,35.75,75.96875,30.875,1111,1471
85,40,10,216,65.0,4.0625,87.75,1162,1546
85,47,144,170,76.375,58.5,69.0625,826,1551
85,53,240,176,86.125,97.5,71.5,989,1302
85,37,36,197,60.125,14.625,80.03125,1072,1412
85,28,187,90,45.5,75.96875,36.5625,965,1579
85,6,120,74,9.75,48.75,30.0625,1238,1664
85,45,223,150,73.125,90.59375,60.9375,1153,1563
85,14,157,65,22.75,63.78125,26.40625,1222,1644
85,47,172,163,76.375,69.875,66.21875,826,1547
85,7,179,61,11.375,72.71875,24.78125,1212,1630
85,50,82,225,81.25,33.3125,91.40625,1050,1384
85,51,221,185,82.875,89.78125,75.15625,1239,1665
85,58,122,245,94.25,49.5625,99.53125,1240,1666
85,40,125,157,65.0,50.78125,63.78125,1211,1629
85,17,189,62,27.625,76.78125,25.1875,1141,1517
85,54,180,214,87.75,73.125,86.9375,217,1426
85,10,10,110,16.25,4.0625,44.6875,1213,1632
85,45,194,198,73.125,78.8125,80.4375,1241,1667
85,16,37,117,26.0,15.03125,47.53125,1184,1582
85,26,247,107,42.25,100.34375,43.46875,1232,1656
85,44,101,191,71.5,41.03125,77.59375,851,1117
85,50,126,184,81.25,51.1875,74.75,1128,1496
85,42,148,147,68.25,60.125,59.71875,1112,1472
85,24,45,169,39.0,18.28125,68.65625,1242,1668
85,51,183,250,82.875,74.34375,101.5625,1243,1669
85,18,99,121,29.25,40.21875,49.15625,1244,1670
86,41,164,100,66.625,66.625,40.625,1001,1344
86,29,42,110,47.125,17.0625,44.6875,1100,1502
86,57,139,166,92.625,56.46875,67.4375,619,1237
86,18,229,11,29.25,93.03125,4.46875,1215,1635
86,57,212,133,92.625,86.125,54.03125,757,1019
86,48,204,117,78.0,82.875,47.53125,1168,1570
86,22,80,74,35.75,32.5,30.0625,1145,1614
86,31,86,94,50.375,34.9375,38.1875,1095,1445
86,21,150,47,34.125,60.9375,19.09375,1119,1503
86,41,194,85,66.625,78.8125,34.53125,997,1345
86,34,20,145,55.25,8.125,58.90625,1086,1432
86,31,29,128,50.375,11.78125,52.0,1062,1459
86,35,111,95,56.875,45.09375,38.59375,1063,1402
86,52,114,157,84.5,46.3125,63.78125,784,1612
86,33,165,73,53.625,67.03125,29.65625,1064,1403
86,15,150,30,24.375,60.9375,12.1875,1185,1583
86,11,96,42,17.875,39.0,17.0625,1204,1610
86,52,164,126,84.5,66.625,51.1875,1065,1433
86,29,222,46,47.125,90.1875,18.6875,1036,1365
86,46,169,111,74.75,68.65625,45.09375,947,1235
86,25,247,27,40.625,100.34375,10.96875,1096,1447
86,47,23,187,76.375,9.34375,75.96875,1040,1648
86,36,135,93,58.5,54.84375,37.78125,1038,1417
86,54,42,211,87.75,17.0625,85.71875,865,1569
86,52,13,194,84.5,5.28125,78.8125,1076,1539
86,47,63,162,76.375,25.59375,65.8125,890,1296
86,51,95,152,82.875,38.59375,61.75,864,1434
86,31,241,48,50.375,97.90625,19.5,1011,1327
86,52,214,113,84.5,86.9375,45.90625,1233,1657
86,27,59,96,43.875,23.96875,39.0,1116,1476
86,26,23,110,42.25,9.34375,44.6875,1132,1504
86,47,190,99,76.375,77.1875,40.21875,888,1330
86,58,157,166,94.25,63.78125,67.4375,1179,1574
86,29,11,133,47.125,4.46875,54.03125,1167,1553
86,8,151,15,13.0,61.34375,6.09375,1225,1647
86,52,71,176,84.5,28.84375,71.5,890,1294
86,46,89,139,74.75,36.15625,56.46875,923,1256
86,24,181,42,39.0,73.53125,17.0625,1115,1475
86,29,97,85,47.125,39.40625,34.53125,1090,1439
86,55,249,126,89.375,101.15625,51.1875,1010,1326
86,22,108,64,35.75,43.875,26.0,1146,1572
86,41,134,112,66.625,54.4375,45.5,998,1312
86,53,91,166,86.125,36.96875,67.4375,910,1192
86,14,171,17,22.75,69.46875,6.90625,1197,1603
86,8,62,54,13.0,25.1875,21.9375,1224,1671
86,52,194,124,84.5,78.8125,50.375,1205,1615
86,40,79,131,65.0,32.09375,53.21875,987,1346
86,32,133,77,52.0,54.03125,31.28125,1078,1421
86,39,99,117,63.375,40.21875,47.53125,1067,1407
86,7,22,73,11.375,8.9375,29.65625,1227,1658
86,36,189,73,58.5,76.78125,29.65625,1226,1649
86,49,181,126,79.625,73.53125,51.1875,888,1329
86,33,206,61,53.625,83.6875,24.78125,997,1351
86,55,16,229,89.375,6.5,93.03125,948,1379
86,19,192,26,30.875,78.0,10.5625,1159,1542
86,37,234,65,60.125,95.0625,26.40625,1187,1613
86,6,74,43,9.75,30.0625,17.46875,1224,1672
86,8,248,18,13.0,100.75,7.3125,1200,1618
86,49,242,105,79.625,98.3125,42.65625,1148,1526
86,20,114,87,32.5,46.3125,35.34375,1081,1424
86,21,5,114,34.125,2.03125,46.3125,1245,1673
86,55,146,148,89.375,59.3125,60.125,1206,1619
86,24,212,33,39.0,86.125,13.40625,1080,1423
86,51,135,143,82.875,54.84375,58.09375,866,1295
86,45,123,124,73.125,49.96875,50.375,949,1239
86,14,134,39,22.75,54.4375,15.84375,1188,1586
86,46,220,100,74.75,89.375,40.625,1246,1674
86,27,169,53,43.875,68.65625,21.53125,1117,1478
86,10,37,70,16.25,15.03125,28.4375,1227,1659
86,24,136,59,39.0,55.25,23.96875,1119,1620
86,20,54,83,32.5,21.9375,33.71875,1169,1555
86,42,213,77,68.25,86.53125,31.28125,1187,1611
86,40,149,103,65.0,60.53125,41.84375,1001,1355
86,36,66,125,58.5,26.8125,50.78125,1105,1483
86,27,114,75,43.875,46.3125,30.46875,1102,1461
86,33,78,107,53.625,31.6875,43.46875,1135,1511
86,29,77,135,47.125,31.28125,54.84375,1027,1349
86,55,64,196,89.375,26.0,79.625,870,1171
86,17,21,99,27.625,8.53125,40.21875,1180,1575
86,53,48,192,86.125,19.5,78.0,1040,1617
86,53,177,146,86.125,71.90625,59.3125,1065,1435
86,56,122,168,91.0,49.5625,68.25,1039,1368
86,19,34,93,30.875,13.8125,37.78125,1216,1637
86,50,151,134,81.25,61.34375,54.4375,817,1135
86,42,19,174,68.25,7.71875,70.6875,1028,1638
86,58,165,157,94.25,67.03125,63.78125,811,1587
86,36,86,151,58.5,34.9375,61.34375,954,1247
86,38,45,134,61.75,18.28125,54.4375,1207,1622
86,14,88,58,22.75,35.75,23.5625,1198,1604
86,40,42,150,65.0,17.0625,60.9375,972,1278
86,42,28,160,68.25,11.375,65.0,1028,1636
86,38,173,84,61.75,70.28125,34.125,1041,1389
86,13,122,64,21.125,49.5625,26.0,1173,1561
86,16,110,49,26.0,44.6875,19.90625,1146,1577
86,55,122,214,89.375,49.5625,86.9375,608,1380
86,32,159,123,52.0,64.59375,49.96875,936,1221
86,37,249,71,60.125,101.15625,28.84375,1247,1675
86,54,199,204,87.75,80.84375,82.875,1107,1467
86,48,52,171,78.0,21.125,69.46875,913,1248
86,29,246,84,47.125,99.9375,34.125,1049,1452
86,12,7,88,19.5,2.84375,35.75,1189,1588
86,17,71,61,27.625,28.84375,24.78125,1190,1592
86,58,79,206,94.25,32.09375,83.6875,1054,1392
86,35,221,106,56.875,89.78125,43.0625,938,1224
86,40,65,142,65.0,26.40625,57.6875,987,1354
86,45,107,136,73.125,43.46875,55.25,923,1264
86,10,210,42,16.25,85.3125,17.0625,1208,1623
86,46,244,135,74.75,99.125,54.84375,1138,1514
86,57,92,189,92.625,37.375,76.78125,1191,1593
86,49,194,186,79.625,78.8125,75.5625,841,1598
86,23,135,98,37.375,54.84375,39.8125,1069,1409
86,51,157,189,82.875,63.78125,76.78125,684,931
86,20,88,107,32.5,35.75,43.46875,1108,1468
86,49,201,152,79.625,81.65625,61.75,1236,1662
86,17,10,127,27.625,4.0625,51.59375,1124,1492
86,57,15,247,92.625,6.09375,100.34375,1228,1652
86,48,235,77,78.0,95.46875,31.28125,1229,1653
86,29,61,153,47.125,24.78125,62.15625,986,1297
86,40,241,104,65.0,97.90625,42.25,836,1101
86,25,9,161,40.625,3.65625,65.40625,1137,1513
86,23,158,86,37.375,64.1875,34.9375,1073,1413
86,51,15,210,82.875,6.09375,85.3125,1210,1626
86,34,186,122,55.25,75.5625,49.5625,884,1160
86,40,212,129,65.0,86.125,52.40625,1235,1661
86,35,44,172,56.875,17.875,69.875,975,1281
86,49,143,108,79.625,58.09375,43.875,1194,1597
86,10,147,54,16.25,59.71875,21.9375,1248,1676
86,18,235,53,29.25,95.46875,21.53125,1151,1529
86,5,56,80,8.125,22.75,32.5,1230,1654
86,22,212,73,35.75,86.125,29.65625,1106,1466
86,11,240,36,17.875,97.5,14.625,1200,1627
86,24,189,78,39.0,76.78125,31.6875,1111,1471
86,53,150,207,86.125,60.9375,84.09375,608,1381
86,41,177,141,66.625,71.90625,57.28125,516,642
86,29,186,95,47.125,75.5625,38.59375,965,1579
86,51,240,157,82.875,97.5,63.78125,1219,1641
86,34,130,127,55.25,52.8125,51.59375,1199,1605
86,40,5,220,65.0,2.03125,89.375,1162,1546
86,23,59,121,37.375,23.96875,49.15625,1091,1441
86,48,121,190,78.0,49.15625,77.1875,1128,1496
86,48,145,171,78.0,58.90625,69.46875,826,1551
86,38,35,202,61.75,14.21875,82.0625,1072,1412
86,8,121,77,13.0,49.15625,31.28125,1238,1664
86,11,184,50,17.875,74.75,20.3125,1217,1677
86,43,66,196,69.875,26.8125,79.625,833,1098
86,6,190,33,9.75,77.1875,13.40625,1217,1678
86,54,241,178,87.75,97.90625,72.3125,989,1302
86,17,159,65,27.625,64.59375,26.40625,1222,1644
86,18,188,65,29.25,76.375,26.40625,1141,1517
86,30,219,86,48.75,88.96875,34.9375,1202,1608
86,54,175,216,87.75,71.09375,87.75,217,1426
86,47,173,168,76.375,70.28125,68.25,826,1547
86,43,96,191,69.875,39.0,77.59375,851,1117
86,8,181,63,13.0,73.53125,25.59375,1212,1630
86,51,223,186,82.875,90.59375,75.5625,1239,1665
86,50,81,228,81.25,32.90625,92.625,1050,1384
86,42,152,149,68.25,61.75,60.53125,1112,1472
86,11,10,112,17.875,4.0625,45.5,1213,1632
86,17,34,121,27.625,13.8125,49.15625,1184,1582
86,26,186,119,42.25,75.5625,48.34375,1249,1679
86,40,121,161,65.0,49.15625,65.40625,1211,1629
86,14,94,83,22.75,38.1875,33.71875,1250,1680
86,28,247,113,45.5,100.34375,45.90625,1232,1656
86,44,186,205,71.5,75.5625,83.28125,1241,1667
86,36,163,171,58.5,66.21875,69.46875,1251,1681
86,10,214,62,16.25,86.9375,25.1875,1252,1682
87,43,164,104,69.875,66.625,42.25,1001,1344
87,31,43,112,50.375,17.46875,45.5,1100,1502
87,58,138,170,94.25,56.0625,69.0625,619,1237
87,57,212,136,92.625,86.125,55.25,757,1019
87,20,230,15,32.5,93.4375,6.09375,1215,1635
87,48,169,116,78.0,68.65625,47.125,947,1235
87,49,206,119,79.625,83.6875,48.34375,1168,1570
87,17,152,34,27.625,61.75,13.8125,1185,1583
87,30,223,48,48.75,90.59375,19.5,1036,1365
87,35,19,151,56.875,7.71875,61.34375,1086,1432
87,35,167,77,56.875,67.84375,31.28125,1064,1403
87,32,86,98,52.0,34.9375,39.8125,1095,1445
87,27,248,30,43.875,100.75,12.1875,1096,1447
87,38,134,95,61.75,54.4375,38.59375,1038,1417
87,53,115,161,86.125,46.71875,65.40625,784,1612
87,23,154,50,37.375,62.5625,20.3125,1119,1503
87,43,193,90,69.875,78.40625,36.5625,997,1345
87,33,29,131,53.625,11.78125,53.21875,1062,1459
87,40,233,72,65.0,94.65625,29.25,1187,1613
87,13,98,45,21.125,39.8125,18.28125,1204,1610
87,53,70,181,86.125,28.4375,73.53125,890,1294
87,37,111,102,60.125,45.09375,41.4375,1063,1402
87,48,25,192,78.0,10.15625,78.0,1040,1648
87,55,39,217,89.375,15.84375,88.15625,865,1569
87,54,165,132,87.75,67.03125,53.625,1065,1433
87,52,15,200,84.5,6.09375,81.25,1076,1539
87,28,25,113,45.5,10.15625,45.90625,1132,1504
87,48,189,102,78.0,76.78125,41.4375,888,1330
87,28,59,99,45.5,23.96875,40.21875,1116,1476
87,23,81,76,37.375,32.90625,30.875,1145,1614
87,33,241,51,53.625,97.90625,20.71875,1011,1327
87,40,97,118,65.0,39.40625,47.9375,1067,1407
87,9,177,7,14.625,71.90625,2.84375,1253,1683
87,52,96,159,84.5,39.0,64.59375,864,1434
87,30,12,137,48.75,4.875,55.65625,1167,1553
87,49,64,167,79.625,26.0,67.84375,890,1296
87,26,184,45,42.25,74.75,18.28125,1115,1475
87,47,90,142,76.375,36.5625,57.6875,923,1256
87,15,172,19,24.375,69.875,7.71875,1197,1603
87,54,194,127,87.75,78.8125,51.59375,1205,1615
87,24,107,67,39.0,43.46875,27.21875,1146,1572
87,30,98,89,48.75,39.8125,36.15625,1090,1439
87,55,91,173,89.375,36.96875,70.28125,910,1192
87,10,65,57,16.25,26.40625,23.15625,1224,1671
87,9,27,76,14.625,10.96875,30.875,1227,1658
87,7,76,46,11.375,30.875,18.6875,1224,1672
87,10,155,17,16.25,62.96875,6.90625,1225,1647
87,46,124,128,74.75,50.375,52.0,949,1239
87,22,194,32,35.75,78.8125,13.0,1159,1542
87,35,207,65,56.875,84.09375,26.40625,997,1351
87,50,181,128,81.25,73.53125,52.0,888,1329
87,37,190,78,60.125,77.1875,31.6875,1226,1649
87,55,14,233,89.375,5.6875,94.65625,948,1379
87,5,117,27,8.125,47.53125,10.96875,1254,1684
87,41,79,133,66.625,32.09375,54.03125,987,1346
87,33,139,80,53.625,56.46875,32.5,1078,1421
87,9,248,19,14.625,100.75,7.71875,1200,1618
87,16,137,43,26.0,55.65625,17.46875,1188,1586
87,44,210,83,71.5,85.3125,33.71875,1187,1611
87,42,132,114,68.25,53.625,46.3125,998,1312
87,23,7,118,37.375,2.84375,47.9375,1245,1673
87,56,146,152,91.0,59.3125,61.75,1206,1619
87,50,244,108,81.25,99.125,43.875,1148,1526
87,52,135,146,84.5,54.84375,59.3125,866,1295
87,11,40,70,17.875,16.25,28.4375,1227,1659
87,26,215,36,42.25,87.34375,14.625,1080,1423
87,21,57,84,34.125,23.15625,34.125,1169,1555
87,29,168,59,47.125,68.25,23.96875,1117,1478
87,19,25,101,30.875,10.15625,41.03125,1180,1575
87,21,115,91,34.125,46.71875,36.96875,1081,1424
87,29,118,78,47.125,47.9375,31.6875,1102,1461
87,27,140,62,43.875,56.875,25.1875,1119,1620
87,51,152,136,82.875,61.75,55.25,817,1135
87,43,29,164,69.875,11.78125,66.625,1028,1636
87,33,78,110,53.625,31.6875,44.6875,1135,1511
87,21,37,95,34.125,15.03125,38.59375,1216,1637
87,37,67,129,60.125,27.21875,52.40625,1105,1483
87,41,148,104,66.625,60.125,42.25,1001,1355
87,57,120,174,92.625,48.75,70.6875,1039,1368
87,48,223,103,78.0,90.59375,41.84375,1246,1674
87,54,179,149,87.75,72.71875,60.53125,1065,1435
87,5,39,57,8.125,15.84375,23.15625,1255,1685
87,18,112,51,29.25,45.5,20.71875,1146,1577
87,31,78,142,50.375,31.6875,57.6875,1027,1349
87,44,20,178,71.5,8.125,72.3125,1028,1638
87,40,43,139,65.0,17.46875,56.46875,1207,1622
87,42,39,155,68.25,15.84375,62.96875,972,1278
87,13,8,92,21.125,3.25,37.375,1189,1588
87,14,123,65,22.75,49.96875,26.40625,1173,1561
87,54,48,197,87.75,19.5,80.03125,1040,1617
87,16,93,59,26.0,37.78125,23.96875,1198,1604
87,42,64,146,68.25,26.0,59.3125,987,1354
87,5,231,32,8.125,93.84375,13.0,1256,1686
87,38,87,159,61.75,35.34375,64.59375,954,1247
87,46,108,142,74.75,43.875,57.6875,923,1264
87,21,87,110,34.125,35.34375,44.6875,1108,1468
87,56,125,218,91.0,50.78125,88.5625,608,1380
87,11,210,45,17.875,85.3125,18.28125,1208,1623
87,50,52,176,81.25,21.125,71.5,913,1248
87,58,79,210,94.25,32.09375,85.3125,1054,1392
87,18,72,64,29.25,29.25,26.0,1190,1592
87,35,187,125,56.875,75.96875,50.78125,884,1160
87,35,219,107,56.875,88.96875,43.46875,938,1224
87,30,247,85,48.75,100.34375,34.53125,1049,1452
87,57,89,194,92.625,36.15625,78.8125,1191,1593
87,56,62,203,91.0,25.1875,82.46875,870,1171
87,50,201,158,81.25,81.65625,64.1875,1236,1662
87,43,247,133,69.875,100.34375,54.03125,1138,1514
87,5,55,80,8.125,22.34375,32.5,1230,1654
87,33,159,126,53.625,64.59375,51.1875,936,1221
87,24,133,100,39.0,54.03125,40.625,1069,1409
87,51,196,191,82.875,79.625,77.59375,841,1598
87,30,61,154,48.75,24.78125,62.5625,986,1297
87,43,175,148,69.875,71.09375,60.125,516,642
87,50,141,110,81.25,57.28125,44.6875,1194,1597
87,14,60,90,22.75,24.375,36.5625,1257,1687
87,27,9,166,43.875,3.65625,67.4375,1137,1513
87,41,71,112,66.625,28.84375,45.5,1258,1688
87,30,185,97,48.75,75.15625,39.40625,965,1579
87,19,235,54,30.875,95.46875,21.9375,1151,1529
87,25,189,80,40.625,76.78125,32.5,1111,1471
87,51,16,217,82.875,6.5,88.15625,1210,1626
87,11,241,38,17.875,97.90625,15.4375,1200,1627
87,49,123,194,79.625,49.96875,78.8125,1128,1496
87,47,33,224,76.375,13.40625,91.0,1259,1689
87,24,157,88,39.0,63.78125,35.75,1073,1413
87,55,148,207,89.375,60.125,84.09375,608,1381
87,11,146,57,17.875,59.3125,23.15625,1248,1676
87,36,44,177,58.5,17.875,71.90625,975,1281
87,5,167,37,8.125,67.84375,15.03125,1260,1690
87,20,249,63,32.5,101.15625,25.59375,1261,1691
87,51,153,192,82.875,62.15625,78.0,684,931
87,55,198,206,89.375,80.4375,83.6875,1107,1467
87,49,147,175,79.625,59.71875,71.09375,826,1551
87,55,174,220,89.375,70.6875,89.375,217,1426
87,6,190,33,9.75,77.1875,13.40625,1217,1678
87,55,242,184,89.375,98.3125,74.75,989,1302
87,39,33,205,63.375,13.40625,83.28125,1072,1412
87,41,236,109,66.625,95.875,44.28125,836,1101
87,36,127,136,58.5,51.59375,55.25,1199,1605
87,52,241,162,84.5,97.90625,65.8125,1219,1641
87,23,209,75,37.375,84.90625,30.46875,1106,1466
87,10,121,82,16.25,49.15625,33.3125,1238,1664
87,43,67,194,69.875,27.21875,78.8125,833,1098
87,19,186,69,30.875,75.5625,28.03125,1141,1517
87,24,60,124,39.0,24.375,50.375,1091,1441
87,47,232,160,76.375,94.25,65.0,1262,1692
87,31,217,89,50.375,88.15625,36.15625,1202,1608
87,43,94,195,69.875,38.1875,79.21875,851,1117
87,13,180,51,21.125,73.125,20.71875,1217,1677
87,41,117,166,66.625,47.53125,67.4375,1211,1629
87,48,172,171,78.0,69.875,69.46875,826,1547
87,52,224,189,84.5,91.0,76.78125,1239,1665
87,12,10,116,19.5,4.0625,47.125,1213,1632
87,9,184,65,14.625,74.75,26.40625,1212,1630
87,18,34,125,29.25,13.8125,50.78125,1184,1582
87,53,133,193,86.125,54.03125,78.40625,1263,1693
87,43,147,157,69.875,59.71875,63.78125,1112,1472
87,17,161,69,27.625,65.40625,28.03125,1222,1644
87,15,95,86,24.375,38.59375,34.9375,1250,1680
87,12,214,67,19.5,86.9375,27.21875,1252,1682
88,45,164,107,73.125,66.625,43.46875,1001,1344
88,6,155,7,9.75,62.96875,2.84375,1264,1694
88,33,42,117,53.625,17.0625,47.53125,1100,1502
88,50,170,120,81.25,69.0625,48.75,947,1235
88,22,231,17,35.75,93.84375,6.90625,1215,1635
88,43,236,74,69.875,95.875,30.0625,1187,1613
88,51,206,122,82.875,83.6875,49.5625,1168,1570
88,19,152,38,30.875,61.75,15.4375,1185,1583
88,55,114,166,89.375,46.3125,67.4375,784,1612
88,37,168,81,60.125,68.25,32.90625,1064,1403
88,56,163,136,91.0,66.21875,55.25,1065,1433
88,15,98,48,24.375,39.8125,19.5,1204,1610
88,29,249,34,47.125,101.15625,13.8125,1096,1447
88,35,88,101,56.875,35.75,41.03125,1095,1445
88,26,155,56,42.25,62.96875,22.75,1119,1503
88,33,224,53,53.625,91.0,21.53125,1036,1365
88,37,16,155,60.125,6.5,62.96875,1086,1432
88,34,29,136,55.25,11.78125,55.25,1062,1459
88,50,22,198,81.25,8.9375,80.4375,1040,1648
88,45,194,95,73.125,78.8125,38.59375,997,1345
88,56,71,185,91.0,28.84375,75.15625,890,1294
88,57,39,223,92.625,15.84375,90.59375,865,1569
88,7,125,19,11.375,50.78125,7.71875,1254,1695
88,54,14,205,87.75,5.6875,83.28125,1076,1539
88,40,135,99,65.0,54.84375,40.21875,1038,1417
88,39,110,108,63.375,44.6875,43.875,1063,1402
88,50,188,107,81.25,76.375,43.46875,888,1330
88,12,180,11,19.5,73.125,4.46875,1253,1683
88,30,25,117,48.75,10.15625,47.53125,1132,1504
88,54,95,163,87.75,38.59375,66.21875,864,1434
88,35,242,55,56.875,98.3125,22.34375,1011,1327
88,48,123,134,78.0,49.96875,54.4375,949,1239
88,30,60,104,48.75,24.375,42.25,1116,1476
88,32,99,92,52.0,40.21875,37.375,1090,1439
88,11,26,78,17.875,10.5625,31.6875,1227,1658
88,32,11,141,52.0,4.46875,57.28125,1167,1553
88,49,90,146,79.625,36.5625,59.3125,923,1256
88,57,93,179,92.625,37.78125,72.71875,910,1192
88,42,96,122,68.25,39.0,49.5625,1067,1407
88,50,64,173,81.25,26.0,70.28125,890,1296
88,7,118,30,11.375,47.9375,12.1875,1254,1696
88,26,107,71,42.25,43.46875,28.84375,1146,1572
88,47,209,89,76.375,84.90625,36.15625,1187,1611
88,55,191,133,89.375,77.59375,54.03125,1205,1615
88,26,83,81,42.25,33.71875,32.90625,1145,1614
88,37,209,69,60.125,84.90625,28.03125,997,1351
88,44,132,119,71.5,53.625,48.34375,998,1312
88,13,65,62,21.125,26.40625,25.1875,1224,1671
88,12,155,19,19.5,62.96875,7.71875,1225,1647
88,27,183,48,43.875,74.34375,19.5,1115,1475
88,24,194,36,39.0,78.8125,14.625,1159,1697
88,52,181,133,84.5,73.53125,54.03125,888,1329
88,10,77,50,16.25,31.28125,20.3125,1224,1672
88,17,171,23,27.625,69.46875,9.34375,1197,1603
88,43,80,140,69.875,32.5,56.875,987,1346
88,26,5,123,42.25,2.03125,49.96875,1245,1673
88,57,15,238,92.625,6.09375,96.6875,948,1379
88,39,190,81,63.375,77.1875,32.90625,1226,1649
88,10,249,22,16.25,101.15625,8.9375,1200,1618
88,18,136,46,29.25,55.25,18.6875,1188,1586
88,36,133,87,58.5,54.03125,35.34375,1078,1421
88,28,214,40,45.5,86.9375,16.25,1080,1423
88,52,244,112,84.5,99.125,45.5,1148,1526
88,24,58,87,39.0,23.5625,35.34375,1169,1555
88,54,135,151,87.75,54.84375,61.34375,866,1295
88,39,67,134,63.375,27.21875,54.4375,1105,1483
88,14,40,75,22.75,16.25,30.46875,1227,1659
88,20,113,53,32.5,45.90625,21.53125,1146,1577
88,36,78,115,58.5,31.6875,46.71875,1135,1511
88,22,114,92,35.75,46.3125,37.375,1081,1424
88,57,147,157,92.625,59.71875,63.78125,1206,1619
88,18,91,65,29.25,36.96875,26.40625,1198,1604
88,51,224,108,82.875,91.0,43.875,1246,1674
88,29,140,66,47.125,56.875,26.8125,1119,1620
88,31,173,63,50.375,70.28125,25.59375,1117,1478
88,43,149,109,69.875,60.53125,44.28125,1001,1355
88,56,176,153,91.0,71.5,62.15625,1065,1435
88,23,36,98,37.375,14.625,39.8125,1216,1637
88,45,26,168,73.125,10.5625,68.25,1028,1698
88,38,217,111,61.75,88.15625,45.09375,938,1224
88,56,48,202,91.0,19.5,82.0625,1040,1617
88,46,17,181,74.75,6.90625,73.53125,1028,1638
88,6,38,60,9.75,15.4375,24.375,1255,1685
88,21,25,104,34.125,10.15625,42.25,1180,1575
88,39,50,131,63.375,20.3125,53.21875,1207,1622
88,33,79,145,53.625,32.09375,58.90625,1027,1349
88,31,115,81,50.375,46.71875,32.90625,1102,1461
88,42,43,146,68.25,17.46875,59.3125,972,1278
88,40,86,161,65.0,34.9375,65.40625,954,1247
88,15,120,67,24.375,48.75,27.21875,1173,1561
88,43,36,163,69.875,14.625,66.21875,1028,1699
88,48,108,145,78.0,43.875,58.90625,923,1264
88,5,139,50,8.125,56.46875,20.3125,1265,1700
88,58,62,206,94.25,25.1875,83.6875,870,1171
88,45,175,153,73.125,71.09375,62.15625,516,642
88,43,63,153,69.875,25.59375,62.15625,987,1354
88,15,7,97,24.375,2.84375,39.40625,1189,1588
88,21,74,68,34.125,30.0625,27.625,1190,1592
88,26,133,101,42.25,54.03125,41.03125,1069,1409
88,52,51,184,84.5,20.71875,74.75,913,1248
88,52,199,190,84.5,80.84375,77.1875,841,1598
88,13,206,48,21.125,83.6875,19.5,1208,1623
88,5,203,21,8.125,82.46875,8.53125,1266,1701
88,7,232,36,11.375,94.25,14.625,1256,1686
88,38,186,129,61.75,75.5625,52.40625,884,1160
88,7,54,84,11.375,21.9375,34.125,1230,1654
88,52,158,196,84.5,64.1875,79.625,684,931
88,8,191,34,13.0,77.59375,13.8125,1217,1678
88,22,85,113,35.75,34.53125,45.90625,1108,1468
88,52,202,162,84.5,82.0625,65.8125,1236,1662
88,21,13,136,34.125,5.28125,55.25,1267,1702
88,48,244,142,78.0,99.125,57.6875,1268,1703
88,32,248,92,52.0,100.75,37.375,1049,1452
88,28,13,169,45.5,5.28125,68.65625,1137,1513
88,57,124,223,92.625,50.375,90.59375,608,1380
88,23,195,21,37.375,79.21875,8.53125,1159,1704
88,6,167,37,9.75,67.84375,15.03125,1260,1690
88,27,191,85,43.875,77.59375,34.53125,1111,1471
88,31,57,158,50.375,23.15625,64.1875,986,1297
88,54,21,220,87.75,8.53125,89.375,1210,1626
88,24,210,78,39.0,85.3125,31.6875,1106,1466
88,32,185,101,52.0,75.15625,41.03125,965,1579
88,35,159,127,56.875,64.59375,51.59375,936,1221
88,22,248,68,35.75,100.75,27.625,1261,1691
88,20,232,57,32.5,94.25,23.15625,1151,1529
88,26,159,88,42.25,64.59375,35.75,1073,1413
88,37,43,182,60.125,17.46875,73.9375,975,1281
88,56,173,225,91.0,70.28125,91.40625,217,1426
88,54,237,163,87.75,96.28125,66.21875,1219,1641
88,38,127,138,61.75,51.59375,56.0625,1199,1605
88,13,142,59,21.125,57.6875,23.96875,1248,1676
88,45,62,200,73.125,25.1875,81.25,833,1098
88,16,58,94,26.0,23.5625,38.1875,1257,1687
88,56,241,186,91.0,97.90625,75.5625,989,1302
88,50,151,179,81.25,61.34375,72.71875,826,1551
88,56,196,211,91.0,79.625,85.71875,1107,1467
88,41,31,210,66.625,12.59375,85.3125,1072,1412
88,50,172,175,81.25,69.875,71.09375,826,1547
88,12,117,87,19.5,47.53125,35.34375,1238,1664
88,55,50,172,89.375,20.3125,69.875,1269,1705
88,48,32,228,78.0,13.0,92.625,1259,1689
88,33,28,165,53.625,11.375,67.03125,1270,1706
88,26,61,129,42.25,24.78125,52.40625,1091,1441
88,56,149,215,91.0,60.53125,87.34375,608,1381
88,46,90,195,74.75,36.5625,79.21875,851,1117
88,51,122,201,82.875,49.5625,81.65625,1128,1496
88,21,185,72,34.125,75.15625,29.25,1141,1517
88,33,216,92,53.625,87.75,37.375,1202,1608
88,42,234,112,68.25,95.0625,45.5,836,1101
88,15,180,55,24.375,73.125,22.34375,1217,1677
88,43,116,170,69.875,47.125,69.0625,1211,1629
88,53,222,194,86.125,90.1875,78.8125,1239,1665
88,45,146,158,73.125,59.3125,64.1875,1112,1472
88,10,184,66,16.25,74.75,26.8125,1212,1630
88,55,241,244,89.375,97.90625,99.125,1271,1707
88,20,33,131,32.5,13.40625,53.21875,1184,1582
88,14,11,120,22.75,4.46875,48.75,1213,1632
88,29,184,126,47.125,74.75,51.1875,1272,1708
88,14,217,69,22.75,88.15625,28.03125,1252,1682
88,47,183,212,76.375,74.34375,86.125,1273,1709
88,11,30,126,17.875,12.1875,51.1875,1274,1710
88,52,82,231,84.5,33.3125,93.84375,1275,1711
89,47,166,111,76.375,67.4375,45.09375,1001,1344
89,7,158,8,11.375,64.1875,3.25,1264,1694
89,52,172,123,84.5,69.875,49.96875,947,1235
89,23,234,18,37.375,95.0625,7.3125,1215,1635
89,35,45,122,56.875,18.28125,49.5625,1100,1502
89,38,169,84,61.75,68.65625,34.125,1064,1403
89,56,116,169,91.0,47.125,68.65625,784,1612
89,36,88,105,58.5,35.75,42.65625,1095,1445
89,21,153,40,34.125,62.15625,16.25,1185,1583
89,45,239,77,73.125,97.09375,31.28125,1187,1712
89,34,224,55,55.25,91.0,22.34375,1036,1365
89,18,100,53,29.25,40.625,21.53125,1204,1713
89,38,17,157,61.75,6.90625,63.78125,1086,1432
89,53,206,131,86.125,83.6875,53.21875,1168,1570
89,36,30,139,58.5,12.1875,56.46875,1062,1459
89,9,126,21,14.625,51.1875,8.53125,1254,1695
89,40,111,110,65.0,45.09375,44.6875,1063,1402
89,27,155,56,43.875,62.96875,22.75,1119,1503
89,58,166,142,94.25,67.4375,57.6875,1065,1714
89,46,195,98,74.75,79.21875,39.8125,997,1345
89,51,21,201,82.875,8.53125,81.65625,1040,1648
89,51,190,109,82.875,77.1875,44.28125,888,1330
89,41,138,103,66.625,56.0625,41.84375,1038,1417
89,54,14,211,87.75,5.6875,85.71875,1076,1539
89,14,179,12,22.75,72.71875,4.875,1253,1683
89,57,38,225,92.625,15.4375,91.40625,865,1569
89,52,64,176,84.5,26.0,71.5,890,1296
89,37,244,58,60.125,99.125,23.5625,1011,1327
89,34,100,94,55.25,40.625,38.1875,1090,1439
89,50,125,137,81.25,50.78125,55.65625,949,1239
89,30,250,35,48.75,101.5625,14.21875,1096,1447
89,55,96,167,89.375,39.0,67.84375,864,1434
89,56,71,187,91.0,28.84375,75.96875,890,1294
89,28,108,75,45.5,43.875,30.46875,1146,1572
89,28,87,86,45.5,35.34375,34.9375,1145,1614
89,15,207,6,24.375,84.09375,2.4375,1276,1715
89,45,77,147,73.125,31.28125,59.71875,987,1346
89,54,181,138,87.75,73.53125,56.0625,888,1329
89,28,187,49,45.5,75.96875,19.90625,1115,1475
89,33,13,143,53.625,5.28125,58.09375,1167,1553
89,50,90,150,81.25,36.5625,60.9375,923,1256
89,46,133,123,74.75,54.03125,49.96875,998,1312
89,38,209,71,61.75,84.90625,28.84375,997,1351
89,43,96,127,69.875,39.0,51.59375,1067,1407
89,10,118,33,16.25,47.9375,13.40625,1254,1696
89,31,61,105,50.375,24.78125,42.65625,1116,1476
89,14,29,83,22.75,11.78125,33.71875,1227,1658
89,31,25,119,50.375,10.15625,48.34375,1132,1504
89,22,113,92,35.75,45.90625,37.375,1081,1424
89,27,5,125,43.875,2.03125,50.78125,1245,1673
89,57,194,138,92.625,78.8125,56.0625,1205,1615
89,26,60,90,42.25,24.375,36.5625,1169,1555
89,37,140,87,60.125,56.875,35.34375,1078,1421
89,58,15,242,94.25,6.09375,98.3125,948,1379
89,52,223,114,84.5,90.59375,46.3125,1246,1674
89,19,174,26,30.875,70.6875,10.5625,1197,1603
89,14,157,20,22.75,63.78125,8.125,1225,1647
89,41,226,78,66.625,91.8125,31.6875,1187,1716
89,12,250,24,19.5,101.5625,9.75,1200,1618
89,12,105,41,19.5,42.65625,16.65625,1204,1717
89,40,191,83,65.0,77.59375,33.71875,1226,1649
89,25,197,37,40.625,80.03125,15.03125,1159,1697
89,58,178,159,94.25,72.3125,64.59375,1065,1435
89,49,213,93,79.625,86.53125,37.78125,1187,1611
89,12,78,53,19.5,31.6875,21.53125,1224,1672
89,29,216,42,47.125,87.75,17.0625,1080,1423
89,14,64,63,22.75,26.0,25.59375,1224,1671
89,54,154,145,87.75,62.5625,58.90625,1065,1718
89,20,91,68,32.5,36.96875,27.625,1198,1604
89,16,43,78,26.0,17.46875,31.6875,1227,1659
89,46,151,114,74.75,61.34375,46.3125,1001,1355
89,55,139,156,89.375,56.46875,63.375,866,1295
89,38,79,120,61.75,32.09375,48.75,1135,1511
89,25,40,100,40.625,16.25,40.625,1216,1637
89,31,144,69,50.375,58.5,28.03125,1119,1620
89,58,29,204,94.25,11.78125,82.875,1277,1719
89,40,68,137,65.0,27.625,55.65625,1105,1483
89,53,244,115,86.125,99.125,46.71875,1148,1526
89,56,46,205,91.0,18.6875,83.28125,1040,1617
89,35,82,146,56.875,33.3125,59.3125,1027,1349
89,46,25,173,74.75,10.15625,70.28125,1028,1698
89,32,175,65,52.0,71.09375,26.40625,1117,1478
89,22,115,56,35.75,46.71875,22.75,1146,1577
89,33,116,85,53.625,47.125,34.53125,1102,1461
89,22,27,105,35.75,10.96875,42.65625,1180,1575
89,43,41,150,69.875,16.65625,60.9375,972,1278
89,47,13,183,76.375,5.28125,74.34375,1028,1638
89,16,118,69,26.0,47.9375,28.03125,1173,1561
89,45,37,168,73.125,15.03125,68.25,1028,1699
89,40,51,136,65.0,20.71875,55.25,1207,1622
89,7,205,22,11.375,83.28125,8.9375,1266,1701
89,23,73,72,37.375,29.65625,29.25,1190,1592
89,41,86,162,66.625,34.9375,65.8125,954,1247
89,6,92,28,9.75,37.375,11.375,1278,1720
89,7,38,63,11.375,15.4375,25.59375,1255,1685
89,53,51,185,86.125,20.71875,75.15625,913,1248
89,56,199,214,91.0,80.84375,86.9375,1107,1467
89,49,109,150,79.625,44.28125,60.9375,923,1264
89,27,135,100,43.875,54.84375,40.625,1069,1409
89,26,209,78,42.25,84.90625,31.6875,1106,1466
89,17,8,100,27.625,3.25,40.625,1189,1588
89,46,177,152,74.75,71.90625,61.75,516,642
89,33,238,91,53.625,96.6875,36.96875,1049,1452
89,54,160,198,87.75,65.0,80.4375,684,931
89,53,199,196,86.125,80.84375,79.625,841,1598
89,23,85,112,37.375,34.53125,45.5,1108,1468
89,6,140,50,9.75,56.875,20.3125,1265,1700
89,45,61,158,73.125,24.78125,64.1875,987,1354
89,14,207,48,22.75,84.09375,19.5,1208,1623
89,53,202,164,86.125,82.0625,66.625,1236,1662
89,29,12,171,47.125,4.875,69.46875,1137,1513
89,39,217,111,63.375,88.15625,45.09375,938,1224
89,22,229,58,35.75,93.03125,23.5625,1151,1529
89,39,186,129,63.375,75.5625,52.40625,884,1160
89,57,174,225,92.625,70.6875,91.40625,217,1426
89,34,185,104,55.25,75.15625,42.25,965,1579
89,49,247,145,79.625,100.34375,58.90625,1268,1703
89,29,189,88,47.125,76.78125,35.75,1111,1471
89,22,12,139,35.75,4.875,56.46875,1267,1702
89,7,228,35,11.375,92.625,14.21875,1256,1686
89,5,7,101,8.125,2.84375,41.03125,1279,1721
89,36,156,130,58.5,63.375,52.8125,936,1221
89,9,54,87,14.625,21.9375,35.34375,1230,1654
89,55,19,226,89.375,7.71875,91.8125,1210,1626
89,24,194,21,39.0,78.8125,8.53125,1159,1704
89,54,237,167,87.75,96.28125,67.84375,1219,1641
89,7,170,35,11.375,69.0625,14.21875,1260,1690
89,39,129,139,63.375,52.40625,56.46875,1199,1605
89,32,59,160,52.0,23.96875,65.0,986,1297
89,24,248,70,39.0,100.75,28.4375,1261,1691
89,14,235,41,22.75,95.46875,16.65625,1280,1722
89,16,175,61,26.0,71.09375,24.78125,1217,1677
89,17,57,97,27.625,23.15625,39.40625,1257,1687
89,10,191,39,16.25,77.59375,15.84375,1217,1678
89,46,65,202,74.75,26.40625,82.0625,833,1098
89,38,43,183,61.75,17.46875,74.34375,975,1281
89,14,140,61,22.75,56.875,24.78125,1248,1676
89,13,117,89,21.125,47.53125,36.15625,1238,1664
89,50,151,179,81.25,61.34375,72.71875,826,1551
89,57,149,218,92.625,60.53125,88.5625,608,1381
89,53,119,204,86.125,48.34375,82.875,1128,1496
89,27,161,87,43.875,65.40625,35.34375,1073,1413
89,41,31,212,66.625,12.59375,86.125,1072,1412
89,8,28,96,13.0,11.375,39.0,1281,1723
89,51,173,177,82.875,70.28125,71.90625,826,1547
89,44,115,169,71.5,46.71875,68.65625,1211,1629
89,27,63,129,43.875,25.59375,52.40625,1091,1441
89,54,224,200,87.75,91.0,81.25,1239,1665
89,44,234,116,71.5,95.0625,47.125,836,1101
89,34,215,95,55.25,87.34375,38.59375,1202,1608
89,44,205,136,71.5,83.28125,55.25,1282,1724
89,57,245,188,92.625,99.53125,76.375,989,1302
89,23,189,76,37.375,76.78125,30.875,1141,1517
89,47,92,198,76.375,37.375,80.4375,851,1117
89,16,12,122,26.0,4.875,49.5625,1213,1632
89,53,73,235,86.125,29.65625,95.46875,1275,1711
89,29,184,126,47.125,74.75,51.1875,1272,1708
89,21,32,134,34.125,13.0,54.4375,1184,1582
89,25,75,155,40.625,30.46875,62.96875,1283,1725
89,15,221,69,24.375,89.78125,28.03125,1252,1682
90,49,167,116,79.625,67.84375,47.125,1001,1344
90,9,159,10,14.625,64.59375,4.0625,1264,1694
90,54,173,129,87.75,70.28125,52.40625,947,1235
90,10,129,22,16.25,52.40625,8.9375,1254,1695
90,36,43,125,58.5,17.46875,50.78125,1100,1502
90,57,115,173,92.625,46.71875,70.28125,784,1612
90,58,35,228,94.25,14.21875,92.625,865,1569
90,37,89,109,60.125,36.15625,44.28125,1095,1445
90,46,196,100,74.75,79.625,40.625,997,1345
90,55,208,135,89.375,84.5,54.84375,1168,1570
90,40,171,90,65.0,69.46875,36.5625,1064,1403
90,20,105,56,32.5,42.65625,22.75,1204,1713
90,43,138,108,69.875,56.0625,43.875,1038,1417
90,29,85,86,47.125,34.53125,34.9375,1145,1614
90,23,153,42,37.375,62.15625,17.0625,1185,1583
90,24,234,22,39.0,95.0625,8.9375,1215,1635
90,29,156,61,47.125,63.375,24.78125,1119,1503
90,41,111,114,66.625,45.09375,46.3125,1063,1402
90,35,222,59,56.875,90.1875,23.96875,1036,1365
90,55,12,218,89.375,4.875,88.5625,1076,1539
90,53,193,116,86.125,78.40625,47.125,888,1330
90,37,30,143,60.125,12.1875,58.09375,1062,1459
90,39,17,163,63.375,6.90625,66.21875,1086,1432
90,29,111,77,47.125,45.09375,31.28125,1146,1572
90,46,239,82,74.75,97.09375,33.3125,1187,1712
90,43,223,88,69.875,90.59375,35.75,1187,1716
90,50,126,140,81.25,51.1875,56.875,949,1239
90,16,207,8,26.0,84.09375,3.25,1276,1715
90,57,69,191,92.625,28.03125,77.59375,890,1294
90,52,19,207,84.5,7.71875,84.09375,1040,1648
90,37,243,60,60.125,98.71875,24.375,1011,1327
90,47,135,126,76.375,54.84375,51.1875,998,1312
90,55,94,171,89.375,38.1875,69.46875,864,1434
90,11,117,35,17.875,47.53125,14.21875,1254,1696
90,53,64,180,86.125,26.0,73.125,890,1296
90,55,182,143,89.375,73.9375,58.09375,888,1329
90,15,179,13,24.375,72.71875,5.28125,1253,1683
90,35,102,98,56.875,41.4375,39.8125,1090,1439
90,51,91,154,82.875,36.96875,62.5625,923,1256
90,15,30,85,24.375,12.1875,34.53125,1227,1658
90,38,142,91,61.75,57.6875,36.96875,1078,1421
90,32,24,122,52.0,9.75,49.5625,1132,1504
90,46,75,150,74.75,30.46875,60.9375,987,1346
90,28,60,94,45.5,24.375,38.1875,1169,1555
90,30,186,54,48.75,75.5625,21.9375,1115,1475
90,33,62,109,53.625,25.1875,44.28125,1116,1476
90,34,12,146,55.25,4.875,59.3125,1167,1553
90,54,226,120,87.75,91.8125,48.75,1246,1674
90,39,208,75,63.375,84.5,30.46875,997,1351
90,15,158,21,24.375,64.1875,8.53125,1225,1647
90,31,218,45,50.375,88.5625,18.28125,1080,1423
90,28,5,129,45.5,2.03125,52.40625,1245,1673
90,44,96,133,71.5,39.0,54.03125,1067,1407
90,23,111,94,37.375,45.09375,38.1875,1081,1424
90,54,246,120,87.75,99.9375,48.75,1148,1526
90,55,154,150,89.375,62.5625,60.9375,1065,1718
90,56,138,160,91.0,56.0625,65.0,866,1295
90,48,153,120,78.0,62.15625,48.75,1001,1355
90,18,229,7,29.25,93.03125,2.84375,1284,1726
90,42,194,87,68.25,78.8125,35.34375,1226,1649
90,14,79,56,22.75,32.09375,22.75,1224,1672
90,17,68,66,27.625,27.625,26.8125,1224,1671
90,21,178,30,34.125,72.3125,12.1875,1197,1603
90,13,104,43,21.125,42.25,17.46875,1204,1717
90,26,198,40,42.25,80.4375,16.25,1159,1697
90,13,250,27,21.125,101.5625,10.96875,1200,1618
90,22,90,72,35.75,36.5625,29.25,1198,1604
90,32,143,74,52.0,58.09375,30.0625,1119,1620
90,34,118,89,55.25,47.9375,36.15625,1102,1461
90,8,206,25,13.0,83.6875,10.15625,1266,1701
90,47,24,179,76.375,9.75,72.71875,1028,1698
90,5,25,63,8.125,10.15625,25.59375,1255,1727
90,7,93,32,11.375,37.78125,13.0,1278,1720
90,39,78,124,63.375,31.6875,50.375,1135,1511
90,41,218,113,66.625,88.5625,45.90625,938,1224
90,36,82,149,58.5,33.3125,60.53125,1027,1349
90,17,116,70,27.625,47.125,28.4375,1173,1561
90,26,41,101,42.25,16.65625,41.03125,1216,1637
90,47,13,189,76.375,5.28125,76.78125,1028,1638
90,50,217,99,81.25,88.15625,40.21875,1187,1611
90,18,44,82,29.25,17.875,33.3125,1227,1659
90,34,176,71,55.25,71.5,28.84375,1117,1478
90,44,40,154,71.5,16.25,62.5625,972,1278
90,57,44,209,92.625,17.875,84.90625,1040,1617
90,58,198,218,94.25,80.4375,88.5625,1107,1467
90,54,48,189,87.75,19.5,76.78125,913,1248
90,47,174,159,76.375,70.6875,64.59375,516,642
90,42,48,141,68.25,19.5,57.28125,1207,1622
90,45,33,172,73.125,13.40625,69.875,1028,1699
90,55,160,200,89.375,65.0,81.25,684,931
90,5,68,66,8.125,27.625,26.8125,1285,1728
90,34,236,93,55.25,95.875,37.78125,1049,1452
90,50,110,152,81.25,44.6875,61.75,923,1264
90,16,202,50,26.0,82.0625,20.3125,1208,1623
90,41,65,141,66.625,26.40625,57.28125,1105,1483
90,17,6,100,27.625,2.4375,40.625,1189,1588
90,10,42,65,16.25,17.0625,26.40625,1255,1729
90,7,134,53,11.375,54.4375,21.53125,1265,1700
90,24,69,77,39.0,28.03125,31.28125,1190,1592
90,46,58,162,74.75,23.5625,65.8125,987,1354
90,27,210,81,43.875,85.3125,32.90625,1106,1466
90,23,25,108,37.375,10.15625,43.875,1180,1575
90,23,227,59,37.375,92.21875,23.96875,1151,1529
90,56,239,173,91.0,97.09375,70.28125,1219,1641
90,54,199,199,87.75,80.84375,80.84375,841,1598
90,28,135,103,45.5,54.84375,41.84375,1069,1409
90,10,53,89,16.25,21.53125,36.15625,1230,1654
90,24,82,115,39.0,33.3125,46.71875,1108,1468
90,42,85,166,68.25,34.53125,67.4375,954,1247
90,58,173,228,94.25,70.28125,92.625,217,1426
90,54,199,169,87.75,80.84375,68.65625,1236,1662
90,41,131,141,66.625,53.21875,57.28125,1199,1605
90,8,228,36,13.0,92.625,14.625,1256,1686
90,30,10,176,48.75,4.0625,71.5,1137,1513
90,11,192,40,17.875,78.0,16.25,1217,1678
90,50,246,150,81.25,99.9375,60.9375,1268,1730
90,24,192,22,39.0,78.0,8.9375,1159,1704
90,18,53,101,29.25,21.53125,41.03125,1257,1687
90,38,153,135,61.75,62.15625,54.84375,936,1221
90,46,248,142,74.75,100.75,57.6875,1268,1731
90,7,7,105,11.375,2.84375,42.65625,1279,1721
90,40,184,133,65.0,74.75,54.03125,884,1160
90,35,185,108,56.875,75.15625,43.875,965,1579
90,30,189,93,48.75,76.78125,37.78125,1111,1471
90,58,148,223,94.25,60.125,90.59375,608,1381
90,15,235,42,24.375,95.46875,17.0625,1280,1722
90,25,247,74,40.625,100.34375,30.0625,1261,1691
90,52,152,183,84.5,61.75,74.34375,826,1551
90,47,65,204,76.375,26.40625,82.875,833,1098
90,39,41,188,63.375,16.65625,76.375,975,1281
90,16,138,64,26.0,56.0625,26.0,1248,1676
90,5,92,59,8.125,37.375,23.96875,1286,1732
90,52,173,180,84.5,70.28125,73.125,826,1547
90,28,159,92,45.5,64.59375,37.375,1073,1413
90,15,117,92,24.375,47.53125,37.375,1238,1664
90,33,54,164,53.625,21.9375,66.625,986,1297
90,9,162,40,14.625,65.8125,16.25,1260,1690
90,42,28,214,68.25,11.375,86.9375,1072,1412
90,56,18,232,91.0,7.3125,94.25,1210,1626
90,44,232,123,71.5,94.25,49.96875,836,1101
90,45,115,173,73.125,46.71875,70.28125,1211,1629
90,28,56,135,45.5,22.75,54.84375,1091,1733
90,29,62,133,47.125,25.1875,54.03125,1091,1734
90,48,208,159,78.0,84.5,64.59375,1287,1735
90,17,176,62,27.625,71.5,25.1875,1217,1677
90,35,215,96,56.875,87.34375,39.0,1202,1608
90,9,23,101,14.625,9.34375,41.03125,1281,1723
90,24,190,76,39.0,77.1875,30.875,1141,1517
90,45,205,140,73.125,83.28125,56.875,1282,1724
90,55,222,203,89.375,90.1875,82.46875,1239,1665
90,57,240,190,92.625,97.5,77.1875,989,1302
90,47,144,168,76.375,58.5,68.25,1288,1736
90,40,249,108,65.0,101.15625,43.875,1289,1737
90,50,226,167,81.25,91.8125,67.84375,1290,1738
90,48,92,205,78.0,37.375,83.28125,851,1117
90,54,125,209,87.75,50.78125,84.90625,1128,1496
90,21,144,88,34.125,58.5,35.75,1291,1739
90,54,73,238,87.75,29.65625,96.6875,1275,1711
90,46,29,238,74.75,11.78125,96.6875,1292,1740
90,17,11,126,27.625,4.46875,51.1875,1213,1632
90,49,182,218,79.625,73.9375,88.5625,1293,1741
90,26,65,159,42.25,26.40625,64.59375,1283,1725
91,11,161,14,17.875,65.40625,5.6875,1264,1694
91,51,169,121,82.875,68.65625,49.15625,1001,1344
91,55,170,135,89.375,69.0625,54.84375,947,1235
91,22,107,62,35.75,43.46875,25.1875,1204,1713
91,37,42,131,60.125,17.0625,53.21875,1100,1502
91,38,90,114,61.75,36.5625,46.3125,1095,1445
91,58,115,176,94.25,46.71875,71.5,784,1612
91,24,152,45,39.0,61.75,18.28125,1185,1583
91,47,74,155,76.375,30.0625,62.96875,987,1346
91,11,129,25,17.875,52.40625,10.15625,1254,1695
91,25,233,25,40.625,94.65625,10.15625,1215,1635
91,36,223,62,58.5,90.59375,25.1875,1036,1365
91,47,194,103,76.375,78.8125,41.84375,997,1345
91,30,157,64,48.75,63.78125,26.0,1119,1503
91,38,27,146,61.75,10.96875,59.3125,1062,1459
91,6,138,14,9.75,56.0625,5.6875,1294,1742
91,41,16,169,66.625,6.5,68.65625,1086,1432
91,53,17,212,86.125,6.90625,86.125,1040,1648
91,53,193,119,86.125,78.40625,48.34375,888,1330
91,41,169,92,66.625,68.65625,37.375,1064,1403
91,17,206,13,27.625,83.6875,5.28125,1276,1715
91,56,203,147,91.0,82.46875,59.71875,1168,1743
91,43,138,112,69.875,56.0625,45.5,1038,1417
91,56,9,224,91.0,3.65625,91.0,1076,1539
91,42,110,121,68.25,44.6875,49.15625,1063,1402
91,12,116,39,19.5,47.125,15.84375,1254,1696
91,44,226,91,71.5,91.8125,36.96875,1187,1716
91,30,112,82,48.75,45.5,33.3125,1146,1572
91,51,124,146,82.875,50.375,59.3125,949,1239
91,56,93,175,91.0,37.78125,71.09375,864,1434
91,53,61,184,86.125,24.78125,74.75,890,1296
91,5,69,44,8.125,28.03125,17.875,1295,1744
91,48,134,130,78.0,54.4375,52.8125,998,1312
91,18,66,68,29.25,26.8125,27.625,1224,1671
91,46,241,79,74.75,97.90625,32.09375,1187,1712
91,19,228,10,30.875,92.625,4.0625,1284,1726
91,24,110,96,39.0,44.6875,39.0,1081,1424
91,58,213,134,94.25,86.53125,54.4375,1168,1745
91,36,102,103,58.5,41.4375,41.84375,1090,1439
91,39,144,94,63.375,58.5,38.1875,1078,1421
91,34,64,113,55.25,26.0,45.90625,1116,1476
91,57,68,194,92.625,27.625,78.8125,890,1294
91,16,29,90,26.0,11.78125,36.5625,1227,1658
91,16,182,19,26.0,73.9375,7.71875,1253,1683
91,31,217,48,50.375,88.15625,19.5,1080,1423
91,35,13,152,56.875,5.28125,61.75,1167,1553
91,27,198,44,43.875,80.4375,17.875,1159,1697
91,39,244,68,63.375,99.125,27.625,1011,1327
91,29,61,97,47.125,24.78125,39.40625,1169,1555
91,39,207,76,63.375,84.09375,30.875,997,1351
91,56,180,149,91.0,73.125,60.53125,888,1329
91,16,160,25,26.0,65.0,10.15625,1225,1647
91,33,23,130,53.625,9.34375,52.8125,1132,1504
91,30,186,56,48.75,75.5625,22.75,1115,1475
91,18,198,51,29.25,80.4375,20.71875,1208,1623
91,22,179,35,35.75,72.71875,14.21875,1197,1603
91,42,195,88,68.25,79.21875,35.75,1226,1649
91,52,92,157,84.5,37.375,63.78125,923,1256
91,14,103,48,22.75,41.84375,19.5,1204,1717
91,42,219,120,68.25,88.96875,48.75,938,1224
91,55,225,123,89.375,91.40625,49.96875,1246,1674
91,23,92,76,37.375,37.375,30.875,1198,1604
91,30,95,87,48.75,38.59375,35.34375,1145,1746
91,37,81,152,60.125,32.90625,61.75,1027,1349
91,45,95,138,73.125,38.59375,56.0625,1067,1407
91,56,152,156,91.0,61.75,63.375,1065,1718
91,57,137,165,92.625,55.65625,67.03125,866,1295
91,50,152,128,81.25,61.75,52.0,1001,1355
91,30,75,96,48.75,30.46875,39.0,1145,1747
91,36,119,95,58.5,48.34375,38.59375,1102,1461
91,15,80,57,24.375,32.5,23.15625,1224,1672
91,55,245,125,89.375,99.53125,50.78125,1148,1526
91,33,142,78,53.625,57.6875,31.6875,1119,1620
91,19,47,85,30.875,19.09375,34.53125,1227,1659
91,35,176,74,56.875,71.5,30.0625,1117,1478
91,10,207,29,16.25,84.09375,11.78125,1266,1701
91,39,77,127,63.375,31.28125,51.59375,1135,1511
91,58,42,214,94.25,17.0625,86.9375,1040,1617
91,8,93,36,13.0,37.78125,14.625,1278,1720
91,27,40,106,43.875,16.25,43.0625,1216,1637
91,45,40,159,73.125,16.25,64.59375,972,1278
91,14,248,29,22.75,100.75,11.78125,1200,1618
91,26,120,65,42.25,48.75,26.40625,1296,1748
91,6,24,67,9.75,9.75,27.21875,1255,1727
91,42,45,146,68.25,18.28125,59.3125,1207,1622
91,45,170,104,73.125,69.0625,42.25,1297,1749
91,11,42,69,17.875,17.0625,28.03125,1255,1729
91,19,5,106,30.875,2.03125,43.0625,1189,1588
91,48,24,183,78.0,9.75,74.34375,1028,1698
91,55,156,205,89.375,63.375,83.28125,684,931
91,55,46,192,89.375,18.6875,78.0,913,1750
91,24,26,111,39.0,10.5625,45.09375,1180,1575
91,27,211,84,43.875,85.71875,34.125,1106,1466
91,41,65,143,66.625,26.40625,58.09375,1105,1483
91,26,76,81,42.25,30.875,32.90625,1190,1592
91,46,33,177,74.75,13.40625,71.90625,1028,1699
91,9,226,37,14.625,91.8125,15.03125,1256,1686
91,24,76,119,39.0,30.875,48.34375,1108,1468
91,49,13,196,79.625,5.28125,79.625,1028,1638
91,8,134,55,13.0,54.4375,22.34375,1265,1700
91,46,57,165,74.75,23.15625,67.03125,987,1354
91,58,170,231,94.25,69.0625,93.84375,217,1426
91,52,109,159,84.5,44.28125,64.59375,923,1264
91,58,195,220,94.25,79.21875,89.375,1107,1467
91,28,136,104,45.5,55.25,42.25,1069,1409
91,53,151,184,86.125,61.34375,74.75,826,1551
91,24,227,64,39.0,92.21875,26.0,1151,1529
91,42,85,169,68.25,34.53125,68.65625,954,1247
91,38,154,137,61.75,62.5625,55.65625,936,1221
91,54,196,201,87.75,79.625,81.65625,841,1598
91,6,91,60,9.75,36.96875,24.375,1286,1732
91,10,163,43,16.25,66.21875,17.46875,1260,1690
91,47,173,158,76.375,70.28125,64.1875,516,642
91,26,246,79,42.25,99.9375,32.09375,1261,1691
91,52,244,154,84.5,99.125,62.5625,1268,1730
91,11,54,90,17.875,21.9375,36.5625,1230,1654
91,56,236,176,91.0,95.875,71.5,1219,1641
91,58,145,230,94.25,58.90625,93.4375,608,1381
91,36,236,99,58.5,95.875,40.21875,1049,1452
91,46,249,145,74.75,101.15625,58.90625,1268,1731
91,36,185,112,58.5,75.15625,45.5,965,1579
91,42,25,218,68.25,10.15625,88.5625,1072,1412
91,15,137,66,24.375,55.65625,26.8125,1248,1676
91,13,187,42,21.125,75.96875,17.0625,1217,1678
91,53,195,172,86.125,79.21875,69.875,1236,1662
91,57,15,237,92.625,6.09375,96.28125,1210,1626
91,8,7,110,13.0,2.84375,44.6875,1279,1721
91,41,185,137,66.625,75.15625,55.65625,884,1160
91,41,128,146,66.625,52.0,59.3125,1199,1605
91,31,189,98,50.375,76.78125,39.8125,1111,1471
91,28,159,94,45.5,64.59375,38.1875,1073,1413
91,34,42,169,55.25,17.0625,68.65625,986,1297
91,19,49,105,30.875,19.90625,42.65625,1257,1687
91,5,245,12,8.125,99.53125,4.875,1298,1751
91,36,216,103,58.5,87.75,41.84375,1202,1608
91,40,40,193,65.0,16.25,78.40625,975,1281
91,46,240,125,74.75,97.5,50.78125,836,1101
91,18,175,64,29.25,71.09375,26.0,1217,1677
91,8,21,103,13.0,8.53125,41.84375,1281,1723
91,29,59,136,47.125,23.96875,55.25,1091,1734
91,55,47,175,89.375,19.09375,71.09375,913,1752
91,45,114,177,73.125,46.3125,71.90625,1211,1629
91,48,209,161,78.0,84.90625,65.40625,1287,1735
91,52,172,181,84.5,69.875,73.53125,826,1547
91,25,191,78,40.625,77.59375,31.6875,1141,1517
91,49,57,215,79.625,23.15625,87.34375,833,1098
91,58,238,194,94.25,96.6875,78.8125,989,1302
91,46,207,145,74.75,84.09375,58.90625,1282,1724
91,22,88,96,35.75,35.75,39.0,1299,1753
91,54,221,201,87.75,89.78125,81.65625,1239,1665
91,50,89,209,81.25,36.15625,84.90625,851,1117
91,49,178,220,79.625,72.3125,89.375,1293,1741
91,54,124,218,87.75,50.375,88.5625,1128,1496
91,55,73,244,89.375,29.65625,99.125,1275,1711
91,22,142,88,35.75,57.6875,35.75,1291,1739
91,25,72,155,40.625,29.25,62.96875,1283,1725
91,46,27,240,74.75,10.96875,97.5,1292,1740
91,58,132,215,94.25,53.625,87.34375,1300,1754
92,11,191,5,17.875,77.59375,2.03125,1301,1755
92,12,163,16,19.5,66.21875,6.5,1264,1694
92,51,169,125,82.875,68.65625,50.78125,1001,1344
92,39,43,135,63.375,17.46875,54.84375,1100,1502
92,56,171,140,91.0,69.46875,56.875,947,1235
92,7,142,16,11.375,57.6875,6.5,1294,1742
92,23,112,65,37.375,45.5,26.40625,1204,1713
92,42,16,173,68.25,6.5,70.28125,1086,1432
92,39,92,118,63.375,37.375,47.9375,1095,1445
92,25,156,47,40.625,63.375,19.09375,1185,1583
92,26,236,28,42.25,95.875,11.375,1215,1635
92,53,17,216,86.125,6.90625,87.75,1040,1648
92,45,228,92,73.125,92.625,37.375,1187,1716
92,40,26,152,65.0,10.5625,61.75,1062,1459
92,13,133,28,21.125,54.03125,11.375,1254,1695
92,37,225,64,60.125,91.40625,26.0,1036,1365
92,48,75,153,78.0,30.46875,62.15625,987,1346
92,44,138,117,71.5,56.0625,47.53125,1038,1417
92,18,208,16,29.25,84.5,6.5,1276,1715
92,42,172,95,68.25,69.875,38.59375,1064,1403
92,48,195,106,78.0,79.21875,43.0625,997,1345
92,48,135,135,78.0,54.84375,54.84375,998,1312
92,31,161,67,50.375,65.40625,27.21875,1119,1503
92,43,112,124,69.875,45.5,50.375,1063,1402
92,20,229,13,32.5,93.03125,5.28125,1284,1726
92,56,202,150,91.0,82.0625,60.9375,1168,1743
92,56,11,226,91.0,4.46875,91.8125,1076,1539
92,32,116,83,52.0,47.125,33.71875,1146,1572
92,58,66,199,94.25,26.8125,80.84375,890,1294
92,35,65,116,56.875,26.40625,47.125,1116,1476
92,54,192,125,87.75,78.0,50.78125,888,1330
92,39,245,68,63.375,99.53125,27.625,1011,1327
92,56,94,178,91.0,38.1875,72.3125,864,1434
92,6,69,46,9.75,28.03125,18.6875,1295,1744
92,12,118,41,19.5,47.9375,16.65625,1254,1696
92,32,219,47,52.0,88.96875,19.09375,1080,1423
92,31,100,86,50.375,40.625,34.9375,1145,1746
92,57,181,153,92.625,73.53125,62.15625,888,1329
92,40,142,100,65.0,57.6875,40.625,1078,1421
92,54,61,188,87.75,24.78125,76.375,890,1296
92,28,201,44,45.5,81.65625,17.875,1159,1697
92,17,184,21,27.625,74.75,8.53125,1253,1683
92,52,124,149,84.5,50.375,60.53125,949,1239
92,35,15,153,56.875,6.09375,62.15625,1167,1553
92,37,104,106,60.125,42.25,43.0625,1090,1439
92,17,31,93,27.625,12.59375,37.78125,1227,1658
92,23,181,35,37.375,73.53125,14.21875,1197,1603
92,32,72,101,52.0,29.25,41.03125,1145,1747
92,24,111,98,39.0,45.09375,39.8125,1081,1424
92,34,23,134,55.25,9.34375,54.4375,1132,1504
92,6,122,22,9.75,49.5625,8.9375,1302,1756
92,29,62,100,47.125,25.1875,40.625,1169,1555
92,17,163,28,27.625,66.21875,11.375,1225,1647
92,38,121,102,61.75,49.15625,41.4375,1102,1461
92,31,188,56,50.375,76.375,22.75,1115,1475
92,16,81,60,26.0,32.90625,24.375,1224,1672
92,18,68,69,29.25,27.625,28.03125,1224,1671
92,47,248,80,76.375,100.75,32.5,1187,1712
92,19,199,57,30.875,80.84375,23.15625,1208,1623
92,40,211,79,65.0,85.71875,32.09375,997,1351
92,55,223,125,89.375,90.59375,50.78125,1246,1674
92,42,195,89,68.25,79.21875,36.15625,1226,1649
92,37,83,153,60.125,33.71875,62.15625,1027,1349
92,52,91,161,84.5,36.96875,65.40625,923,1256
92,57,136,167,92.625,55.25,67.84375,866,1295
92,46,95,144,74.75,38.59375,58.5,1067,1407
92,15,105,50,24.375,42.65625,20.3125,1204,1717
92,24,93,78,39.0,37.78125,31.6875,1198,1604
92,56,153,161,91.0,62.15625,65.40625,1065,1718
92,43,221,124,69.875,89.78125,50.375,938,1224
92,28,41,111,45.5,16.65625,45.09375,1216,1637
92,51,155,132,82.875,62.96875,53.625,1001,1355
92,21,51,90,34.125,20.71875,36.5625,1227,1659
92,36,177,76,58.5,71.90625,30.875,1117,1478
92,35,145,82,56.875,58.90625,33.3125,1119,1620
92,56,245,128,91.0,99.53125,52.0,1148,1526
92,23,75,122,37.375,30.46875,49.5625,1108,1468
92,5,70,66,8.125,28.4375,26.8125,1303,1757
92,40,81,130,65.0,32.90625,52.8125,1135,1511
92,46,170,107,74.75,69.0625,43.46875,1297,1749
92,49,22,187,79.625,8.9375,75.96875,1028,1698
92,6,26,70,9.75,10.5625,28.4375,1255,1727
92,20,6,108,32.5,2.4375,43.875,1189,1588
92,25,27,115,40.625,10.96875,46.71875,1180,1575
92,46,42,164,74.75,17.0625,66.625,972,1278
92,14,249,31,22.75,101.15625,12.59375,1200,1618
92,12,42,71,19.5,17.0625,28.84375,1255,1729
92,27,78,83,43.875,31.6875,33.71875,1190,1592
92,55,45,196,89.375,18.28125,79.625,913,1750
92,52,224,107,84.5,91.0,43.46875,1304,1758
92,10,95,38,16.25,38.59375,15.4375,1278,1720
92,53,112,160,86.125,45.5,65.0,923,1264
92,39,153,141,63.375,62.15625,57.28125,936,1221
92,8,130,58,13.0,52.8125,23.5625,1265,1700
92,19,128,48,30.875,52.0,19.5,1305,1759
92,50,9,198,81.25,3.65625,80.4375,1028,1638
92,12,209,33,19.5,84.90625,13.40625,1266,1701
92,27,212,86,43.875,86.125,34.9375,1106,1466
92,58,192,221,94.25,78.0,89.78125,1107,1467
92,56,159,210,91.0,64.59375,85.3125,684,931
92,47,33,181,76.375,13.40625,73.53125,1028,1699
92,11,227,43,17.875,92.21875,17.46875,1256,1686
92,43,87,171,69.875,35.34375,69.46875,954,1247
92,29,135,109,47.125,54.84375,44.28125,1069,1409
92,54,201,175,87.75,81.65625,71.09375,1236,1662
92,47,58,169,76.375,23.5625,68.65625,987,1354
92,28,245,82,45.5,99.53125,33.3125,1261,1691
92,53,244,159,86.125,99.125,64.59375,1268,1730
92,54,200,202,87.75,81.25,82.0625,841,1598
92,58,171,235,94.25,69.46875,95.46875,217,1426
92,11,54,91,17.875,21.9375,36.96875,1230,1654
92,8,6,112,13.0,2.4375,45.5,1279,1721
92,36,239,101,58.5,97.09375,41.03125,1049,1452
92,25,226,67,40.625,91.8125,27.21875,1151,1529
92,6,93,61,9.75,37.78125,24.78125,1286,1732
92,36,185,115,58.5,75.15625,46.71875,965,1579
92,31,191,102,50.375,77.59375,41.4375,1111,1471
92,17,140,69,27.625,56.875,28.03125,1248,1676
92,57,13,241,92.625,5.28125,97.90625,1210,1626
92,12,167,46,19.5,67.84375,18.6875,1260,1690
92,34,41,171,55.25,16.65625,69.46875,986,1297
92,43,26,220,69.875,10.5625,89.375,1072,1412
92,54,152,189,87.75,61.75,76.78125,826,1551
92,56,244,179,91.0,99.125,72.71875,1219,1641
92,15,190,47,24.375,77.1875,19.09375,1217,1678
92,8,21,104,13.0,8.53125,42.25,1281,1723
92,41,129,149,66.625,52.40625,60.53125,1199,1605
92,29,161,98,47.125,65.40625,39.8125,1073,1413
92,48,171,166,78.0,69.46875,67.4375,516,642
92,36,218,103,58.5,88.5625,41.84375,1202,1608
92,42,188,141,68.25,76.375,57.28125,884,1160
92,40,37,200,65.0,15.03125,81.25,975,1281
92,6,243,8,9.75,98.71875,3.25,1298,1751
92,49,56,221,79.625,22.75,89.78125,833,1098
92,58,237,196,94.25,96.28125,79.625,989,1302
92,49,206,164,79.625,83.6875,66.625,1287,1735
92,56,45,179,91.0,18.28125,72.71875,913,1752
92,19,177,69,30.875,71.90625,28.03125,1217,1677
92,30,61,139,48.75,24.78125,56.46875,1091,1760
92,46,241,129,74.75,97.90625,52.40625,836,1101
92,46,116,182,74.75,47.125,73.9375,1211,1629
92,53,174,183,86.125,70.6875,74.34375,826,1547
92,26,192,82,42.25,78.0,33.3125,1141,1517
92,30,54,144,48.75,21.9375,58.5,1091,1761
92,55,72,247,89.375,29.25,100.34375,1275,1711
92,22,82,100,35.75,33.3125,40.625,1299,1753
92,16,185,78,26.0,75.15625,31.6875,1306,1762
92,51,229,170,82.875,93.03125,69.0625,1307,1763
92,46,208,146,74.75,84.5,59.3125,1282,1724
92,5,196,30,8.125,79.625,12.1875,1308,1764
92,54,221,204,87.75,89.78125,82.875,1239,1665
92,55,120,223,89.375,48.75,90.59375,1128,1496
92,49,139,178,79.625,56.46875,72.3125,1309,1765
92,25,71,157,40.625,28.84375,63.78125,1283,1725
92,50,86,212,81.25,34.9375,86.125,851,1117
92,18,222,78,29.25,90.1875,31.6875,1310,1766
92,23,142,91,37.375,57.6875,36.96875,1291,1739
92,25,33,145,40.625,13.40625,58.90625,1311,1767
92,41,154,189,66.625,62.5625,76.78125,1312,1768
93,52,169,129,84.5,68.65625,52.40625,1001,1344
93,12,194,7,19.5,78.8125,2.84375,1301,1755
93,7,166,7,11.375,67.4375,2.84375,1313,1769
93,14,163,21,22.75,66.21875,8.53125,1264,1694
93,57,169,143,92.625,68.65625,58.09375,947,1235
93,40,44,141,65.0,17.875,57.28125,1100,1502
93,46,140,120,74.75,56.875,48.75,1038,1417
93,27,161,51,43.875,65.40625,20.71875,1185,1583
93,28,239,33,45.5,97.09375,13.40625,1215,1635
93,54,15,218,87.75,6.09375,88.5625,1040,1648
93,38,227,67,61.75,92.21875,27.21875,1036,1365
93,14,132,29,22.75,53.625,11.78125,1254,1695
93,40,94,122,65.0,38.1875,49.5625,1095,1445
93,49,195,108,79.625,79.21875,43.875,997,1345
93,44,14,177,71.5,5.6875,71.90625,1086,1432
93,9,144,17,14.625,58.5,6.90625,1294,1742
93,24,114,67,39.0,46.3125,27.21875,1204,1713
93,50,74,159,81.25,30.0625,64.59375,987,1346
93,19,212,17,30.875,86.125,6.90625,1276,1715
93,50,136,138,81.25,55.25,56.0625,998,1312
93,45,228,92,73.125,92.625,37.375,1187,1716
93,43,173,97,69.875,70.28125,39.40625,1064,1403
93,33,119,85,53.625,48.34375,34.53125,1146,1572
93,57,203,153,92.625,82.46875,62.15625,1168,1743
93,32,166,68,52.0,67.4375,27.625,1119,1503
93,58,93,183,94.25,37.78125,74.34375,864,1434
93,41,27,158,66.625,10.96875,64.1875,1062,1459
93,53,123,154,86.125,49.96875,62.5625,949,1239
93,21,232,15,34.125,94.25,6.09375,1284,1726
93,37,66,120,60.125,26.8125,48.75,1116,1476
93,55,62,191,89.375,25.1875,77.59375,890,1296
93,54,193,126,87.75,78.40625,51.1875,888,1330
93,56,8,230,91.0,3.25,93.4375,1076,1539
93,19,188,24,30.875,76.375,9.75,1253,1683
93,41,145,103,66.625,58.90625,41.84375,1078,1421
93,14,121,42,22.75,49.15625,17.0625,1254,1696
93,45,114,129,73.125,46.3125,52.40625,1063,1402
93,34,72,102,55.25,29.25,41.4375,1145,1747
93,8,68,48,13.0,27.625,19.5,1295,1744
93,25,184,40,40.625,74.75,16.25,1197,1603
93,19,30,97,30.875,12.1875,39.40625,1227,1658
93,40,247,71,65.0,100.34375,28.84375,1011,1327
93,19,66,72,30.875,26.8125,29.25,1224,1671
93,32,102,87,52.0,41.4375,35.34375,1145,1746
93,58,66,202,94.25,26.8125,82.0625,890,1294
93,54,90,164,87.75,36.5625,66.625,923,1256
93,33,224,50,53.625,91.0,20.3125,1080,1423
93,36,16,156,58.5,6.5,63.375,1167,1553
93,17,109,51,27.625,44.28125,20.71875,1204,1717
93,24,111,98,39.0,45.09375,39.8125,1081,1424
93,35,28,135,56.875,11.375,54.84375,1132,1504
93,19,164,31,30.875,66.625,12.59375,1225,1647
93,57,181,157,92.625,73.53125,63.78125,888,1329
93,33,200,61,53.625,81.25,24.78125,1115,1475
93,38,105,109,61.75,42.65625,44.28125,1090,1439
93,46,96,143,74.75,39.0,58.09375,1067,1407
93,18,84,60,29.25,34.125,24.375,1224,1672
93,41,209,80,66.625,84.90625,32.5,997,1351
93,43,195,92,69.875,79.21875,37.375,1226,1649
93,29,205,46,47.125,83.28125,18.6875,1159,1697
93,56,223,128,91.0,90.59375,52.0,1246,1674
93,40,123,105,65.0,49.96875,42.65625,1102,1461
93,30,64,101,48.75,26.0,41.03125,1169,1555
93,38,85,156,61.75,34.53125,63.375,1027,1349
93,58,135,169,94.25,54.84375,68.65625,866,1295
93,52,154,137,84.5,62.5625,55.65625,1001,1355
93,37,177,79,60.125,71.90625,32.09375,1117,1478
93,19,200,59,30.875,81.25,23.96875,1208,1623
93,56,244,129,91.0,99.125,52.40625,1148,1526
93,34,47,129,55.25,19.09375,52.40625,1314,1770
93,46,249,94,74.75,101.15625,38.1875,1187,1712
93,43,219,125,69.875,88.96875,50.78125,938,1224
93,36,147,85,58.5,59.71875,34.53125,1119,1620
93,47,171,110,76.375,69.46875,44.6875,1297,1749
93,54,111,166,87.75,45.09375,67.4375,923,1264
93,22,50,92,35.75,20.3125,37.375,1227,1659
93,24,95,79,39.0,38.59375,32.09375,1198,1604
93,42,81,135,68.25,32.90625,54.84375,1135,1511
93,50,22,191,81.25,8.9375,77.59375,1028,1698
93,29,43,112,47.125,17.46875,45.5,1216,1637
93,52,225,111,84.5,91.40625,45.09375,1304,1758
93,47,42,169,76.375,17.0625,68.65625,972,1278
93,6,71,68,9.75,28.84375,27.625,1303,1757
93,28,79,85,45.5,32.09375,34.53125,1190,1592
93,57,160,211,92.625,65.0,85.71875,684,931
93,27,27,118,43.875,10.96875,47.9375,1180,1575
93,50,6,199,81.25,2.4375,80.84375,1028,1638
93,13,211,34,21.125,85.71875,13.8125,1266,1701
93,8,28,73,13.0,11.375,29.65625,1255,1727
93,56,46,200,91.0,18.6875,81.25,913,1750
93,9,106,53,14.625,43.0625,21.53125,1315,1771
93,21,7,111,34.125,2.84375,45.09375,1189,1588
93,49,60,175,79.625,24.375,71.09375,987,1354
93,8,136,57,13.0,55.25,23.15625,1265,1700
93,14,43,75,22.75,17.46875,30.46875,1255,1729
93,58,171,237,94.25,69.46875,96.28125,217,1426
93,24,77,124,39.0,31.28125,50.375,1108,1468
93,43,87,173,69.875,35.34375,70.28125,954,1247
93,30,137,110,48.75,55.65625,44.6875,1069,1409
93,38,241,104,61.75,97.90625,42.25,1049,1452
93,48,34,185,78.0,13.8125,75.15625,1028,1699
93,28,214,86,45.5,86.9375,34.9375,1106,1466
93,40,157,142,65.0,63.78125,57.6875,936,1221
93,5,221,15,8.125,89.78125,6.09375,1316,1772
93,19,234,50,30.875,95.0625,20.3125,1317,1773
93,55,202,177,89.375,82.0625,71.90625,1236,1662
93,12,226,44,19.5,91.8125,17.875,1256,1686
93,26,230,67,42.25,93.4375,27.21875,1151,1529
93,53,242,160,86.125,98.3125,65.0,1268,1730
93,35,42,175,56.875,17.0625,71.09375,986,1297
93,29,246,84,47.125,99.9375,34.125,1261,1691
93,11,55,91,17.875,22.34375,36.96875,1230,1654
93,42,132,149,68.25,53.625,60.53125,1199,1605
93,56,243,181,91.0,98.71875,73.53125,1219,1641
93,18,142,71,29.25,57.6875,28.84375,1248,1676
93,9,20,105,14.625,8.125,42.65625,1281,1723
93,9,5,114,14.625,2.03125,46.3125,1279,1721
93,48,250,151,78.0,101.5625,61.34375,1318,1774
93,19,47,107,30.875,19.09375,43.46875,1319,1775
93,56,195,202,91.0,79.21875,82.0625,841,1598
93,30,164,99,48.75,66.625,40.21875,1073,1413
93,47,239,134,76.375,97.09375,54.4375,836,1101
93,40,36,201,65.0,14.625,81.65625,975,1281
93,7,94,62,11.375,38.1875,25.1875,1286,1732
93,32,193,103,52.0,78.40625,41.84375,1111,1471
93,58,16,245,94.25,6.5,99.53125,1210,1626
93,44,27,224,71.5,10.96875,91.0,1072,1412
93,43,189,144,69.875,76.78125,58.5,884,1160
93,15,190,50,24.375,77.1875,20.3125,1217,1678
93,32,5,187,52.0,2.03125,75.96875,1320,1776
93,50,61,220,81.25,24.78125,89.375,833,1098
93,38,183,118,61.75,74.34375,47.9375,965,1579
93,13,168,49,21.125,68.25,19.90625,1260,1690
93,27,194,82,43.875,78.8125,33.3125,1141,1517
93,54,154,190,87.75,62.5625,77.1875,826,1551
93,54,174,183,87.75,70.6875,74.34375,826,1547
93,46,167,162,74.75,67.84375,65.8125,516,642
93,56,41,180,91.0,16.65625,73.125,913,1752
93,38,220,104,61.75,89.375,42.25,1202,1608
93,21,180,71,34.125,73.125,28.84375,1217,1677
93,30,60,139,48.75,24.375,56.46875,1091,1760
93,55,118,223,89.375,47.9375,90.59375,1128,1496
93,47,114,183,76.375,46.3125,74.34375,1211,1629
93,54,220,203,87.75,89.375,82.46875,1239,1665
93,23,82,103,37.375,33.3125,41.84375,1299,1753
93,51,229,173,82.875,93.03125,70.28125,1307,1763
93,49,141,179,79.625,57.28125,72.71875,1309,1765
93,46,210,147,74.75,85.3125,59.71875,1282,1724
93,55,74,246,89.375,30.0625,99.9375,1275,1711
93,5,163,50,8.125,66.21875,20.3125,1321,1777
93,7,197,33,11.375,80.03125,13.40625,1308,1764
93,51,88,214,82.875,35.75,86.9375,851,1117
93,58,137,213,94.25,55.65625,86.53125,1322,1778
93,19,225,80,30.875,91.40625,32.5,1310,1766
93,23,152,111,37.375,61.75,45.09375,1323,1779
93,24,147,92,39.0,59.71875,37.375,1291,1739
93,26,37,148,42.25,15.03125,60.125,1311,1767
93,47,27,247,76.375,10.96875,100.34375,1324,1780
94,29,240,35,47.125,97.5,14.21875,1215,1635
94,6,94,33,9.75,38.1875,13.40625,1325,1781
94,27,114,70,43.875,46.3125,28.4375,1204,1713
94,14,196,10,22.75,79.625,4.0625,1301,1755
94,53,168,131,86.125,68.25,53.21875,1001,1344
94,16,166,22,26.0,67.4375,8.9375,1264,1694
94,58,169,144,94.25,68.65625,58.5,947,1235
94,47,227,96,76.375,92.21875,39.0,1187,1716
94,29,163,55,47.125,66.21875,22.34375,1185,1583
94,41,40,144,66.625,16.25,58.5,1100,1502
94,50,72,163,81.25,29.25,66.21875,987,1346
94,9,169,9,14.625,68.65625,3.65625,1313,1769
94,55,15,222,89.375,6.09375,90.1875,1040,1648
94,45,11,178,73.125,4.46875,72.3125,1086,1432
94,47,137,122,76.375,55.65625,49.5625,1038,1417
94,40,91,123,65.0,36.96875,49.96875,1095,1445
94,40,227,70,65.0,92.21875,28.4375,1036,1365
94,50,193,111,81.25,78.40625,45.09375,997,1345
94,16,131,32,26.0,53.21875,13.0,1254,1695
94,21,213,21,34.125,86.53125,8.53125,1276,1715
94,34,119,87,55.25,48.34375,35.34375,1146,1572
94,51,136,140,82.875,55.25,56.875,998,1312
94,20,186,25,32.5,75.5625,10.15625,1253,1683
94,22,70,75,35.75,28.4375,30.46875,1224,1671
94,45,174,100,73.125,70.6875,40.625,1064,1403
94,35,199,62,56.875,80.84375,25.1875,1115,1475
94,23,233,19,37.375,94.65625,7.71875,1284,1726
94,11,148,20,17.875,60.125,8.125,1294,1742
94,27,187,42,43.875,75.96875,17.0625,1197,1603
94,34,167,72,55.25,67.84375,29.25,1119,1503
94,54,120,157,87.75,48.75,63.78125,949,1239
94,42,26,163,68.25,10.5625,66.21875,1062,1459
94,39,64,124,63.375,26.0,50.375,1116,1476
94,56,58,194,91.0,23.5625,78.8125,890,1296
94,42,146,102,68.25,59.3125,41.4375,1078,1421
94,46,110,132,74.75,44.6875,53.625,1063,1402
94,44,214,126,71.5,86.9375,51.1875,938,1224
94,55,191,131,89.375,77.59375,53.21875,888,1330
94,21,29,101,34.125,11.78125,41.03125,1227,1658
94,38,16,159,61.75,6.5,64.59375,1167,1553
94,41,246,74,66.625,99.9375,30.0625,1011,1327
94,42,210,83,68.25,85.3125,33.71875,997,1351
94,15,119,43,24.375,48.34375,17.46875,1254,1696
94,58,180,158,94.25,73.125,64.1875,888,1329
94,25,112,99,40.625,45.5,40.21875,1081,1424
94,57,7,234,92.625,2.84375,95.0625,1076,1539
94,44,194,94,71.5,78.8125,38.1875,1226,1649
94,35,226,51,56.875,91.8125,20.71875,1080,1423
94,33,102,90,53.625,41.4375,36.5625,1145,1746
94,39,106,113,63.375,43.0625,45.90625,1090,1439
94,20,85,63,32.5,34.53125,25.59375,1224,1672
94,9,65,51,14.625,26.40625,20.71875,1295,1744
94,18,107,54,29.25,43.46875,21.9375,1204,1717
94,55,88,171,89.375,35.75,69.46875,923,1256
94,20,198,61,32.5,80.4375,24.78125,1208,1623
94,48,93,149,78.0,37.78125,60.53125,1067,1407
94,35,25,137,56.875,10.15625,55.65625,1132,1504
94,21,165,35,34.125,67.03125,14.21875,1225,1647
94,9,127,25,14.625,51.59375,10.15625,1326,1782
94,57,222,133,92.625,90.1875,54.03125,1246,1674
94,40,122,108,65.0,49.5625,43.875,1102,1461
94,39,177,81,63.375,71.90625,32.90625,1117,1478
94,24,50,94,39.0,20.3125,38.1875,1227,1659
94,39,83,161,63.375,33.71875,65.40625,1027,1349
94,30,210,46,48.75,85.3125,18.6875,1159,1697
94,54,154,140,87.75,62.5625,56.875,1001,1355
94,52,21,195,84.5,8.53125,79.21875,1028,1698
94,48,247,98,78.0,100.34375,39.8125,1187,1712
94,31,65,105,50.375,26.40625,42.65625,1169,1555
94,6,139,35,9.75,56.46875,14.21875,1327,1783
94,28,28,121,45.5,11.375,49.15625,1180,1575
94,36,73,107,58.5,29.65625,43.46875,1145,1747
94,38,236,108,61.75,95.875,43.875,1049,1452
94,45,44,155,73.125,17.875,62.96875,972,1784
94,37,146,86,60.125,59.3125,34.9375,1119,1620
94,26,96,80,42.25,39.0,32.5,1198,1604
94,55,107,170,89.375,43.46875,69.0625,923,1264
94,10,137,59,16.25,55.65625,23.96875,1265,1700
94,58,242,133,94.25,98.3125,54.03125,1148,1526
94,43,77,140,69.875,31.28125,56.875,1135,1511
94,9,105,52,14.625,42.65625,21.125,1315,1771
94,30,39,114,48.75,15.84375,46.3125,1216,1637
94,49,31,188,79.625,12.59375,76.375,1028,1699
94,7,70,70,11.375,28.4375,28.4375,1303,1757
94,30,76,88,48.75,30.875,35.75,1190,1592
94,48,40,173,78.0,16.25,70.28125,972,1785
94,48,170,113,78.0,69.0625,45.90625,1297,1749
94,31,136,112,50.375,55.25,45.5,1069,1409
94,57,154,211,92.625,62.5625,85.71875,684,931
94,57,44,205,92.625,17.875,83.28125,913,1750
94,20,233,50,32.5,94.65625,20.3125,1317,1773
94,10,26,76,16.25,10.5625,30.875,1255,1727
94,15,44,78,24.375,17.875,31.6875,1255,1729
94,44,84,177,71.5,34.125,71.90625,954,1247
94,22,127,53,35.75,51.59375,21.53125,1328,1786
94,40,151,141,65.0,61.34375,57.28125,936,1221
94,51,7,204,82.875,2.84375,82.875,1028,1638
94,53,223,115,86.125,90.59375,46.71875,1304,1758
94,51,184,171,82.875,74.75,69.46875,1329,1787
94,50,57,179,81.25,23.15625,72.71875,987,1354
94,25,76,125,40.625,30.875,50.78125,1108,1468
94,55,201,178,89.375,81.65625,72.3125,1236,1662
94,27,230,68,43.875,93.4375,27.625,1151,1529
94,14,225,46,22.75,91.40625,18.6875,1256,1686
94,30,209,89,48.75,84.90625,36.15625,1106,1466
94,5,220,12,8.125,89.375,4.875,1316,1772
94,54,239,162,87.75,97.09375,65.8125,1268,1730
94,57,241,182,92.625,97.90625,73.9375,1219,1641
94,13,54,95,21.125,21.9375,38.59375,1230,1654
94,38,179,119,61.75,72.71875,48.34375,965,1579
94,10,19,107,16.25,7.71875,43.46875,1281,1723
94,30,243,85,48.75,98.71875,34.53125,1261,1691
94,44,185,144,71.5,75.15625,58.5,884,1160
94,18,139,72,29.25,56.46875,29.25,1248,1676
94,8,246,10,13.0,99.9375,4.0625,1330,1788
94,48,245,152,78.0,99.53125,61.75,1318,1774
94,20,47,108,32.5,19.09375,43.875,1319,1775
94,8,92,64,13.0,37.375,26.0,1286,1732
94,43,132,150,69.875,53.625,60.9375,1199,1605
94,36,47,177,58.5,19.09375,71.90625,986,1297
94,14,167,53,22.75,67.84375,21.53125,1260,1690
94,34,189,105,55.25,76.78125,42.65625,1111,1471
94,57,192,205,92.625,78.0,83.28125,841,1598
94,31,160,100,50.375,65.0,40.625,1073,1413
94,48,236,136,78.0,95.875,55.25,836,1101
94,54,151,191,87.75,61.34375,77.59375,826,1551
94,41,35,203,66.625,14.21875,82.46875,975,1281
94,44,23,226,71.5,9.34375,91.8125,1072,1412
94,14,205,38,22.75,83.28125,15.4375,1266,1701
94,22,179,72,35.75,72.71875,29.25,1217,1789
94,58,11,249,94.25,4.46875,101.15625,1210,1626
94,28,192,85,45.5,78.0,34.53125,1141,1517
94,39,216,109,63.375,87.75,44.28125,1202,1608
94,49,204,168,79.625,82.875,68.25,1331,1790
94,50,57,222,81.25,23.15625,90.1875,833,1098
94,55,167,182,89.375,67.84375,73.9375,826,1547
94,47,204,144,76.375,82.875,58.5,1282,1724
94,51,89,216,82.875,36.15625,87.75,851,1117
94,25,80,105,40.625,32.5,42.65625,1299,1753
94,48,111,185,78.0,45.09375,75.15625,1211,1629
94,27,60,165,43.875,24.375,67.03125,1332,1791
94,54,217,203,87.75,88.15625,82.46875,1239,1665
94,19,184,84,30.875,74.75,34.125,1217,1792
94,20,223,81,32.5,90.59375,32.90625,1310,1766
94,55,79,248,89.375,32.09375,100.75,1275,1711
94,51,226,175,82.875,91.8125,71.09375,1307,1763
94,49,142,179,79.625,57.6875,72.71875,1309,1765
94,30,178,130,48.75,72.3125,52.8125,1333,1793
94,23,150,110,37.375,60.9375,44.6875,1323,1779
94,56,116,224,91.0,47.125,91.0,1128,1496
94,5,161,50,8.125,65.40625,20.3125,1321,1777
94,47,159,159,76.375,64.59375,64.59375,516,642
94,26,33,151,42.25,13.40625,61.34375,1311,1767
95,31,238,39,50.375,96.6875,15.84375,1215,1635
95,5,114,22,8.125,46.3125,8.9375,1334,1794
95,28,112,73,45.5,45.5,29.65625,1204,1713
95,18,166,27,29.25,67.4375,10.96875,1264,1694
95,54,168,137,87.75,68.25,55.65625,1001,1344
95,8,93,37,13.0,37.78125,15.03125,1325,1781
95,43,38,152,69.875,15.4375,61.75,972,1784
95,53,134,144,86.125,54.4375,58.5,998,1312
95,56,15,227,91.0,6.09375,92.21875,1040,1648
95,37,204,66,60.125,82.875,26.8125,1115,1475
95,48,138,127,78.0,56.0625,51.59375,1038,1417
95,41,228,73,66.625,92.625,29.65625,1036,1365
95,49,225,100,79.625,91.40625,40.625,1187,1716
95,52,195,117,84.5,79.21875,47.53125,997,1345
95,47,10,186,76.375,4.0625,75.5625,1086,1432
95,42,91,129,68.25,36.96875,52.40625,1095,1445
95,18,132,37,29.25,53.625,15.03125,1254,1695
95,52,72,169,84.5,29.25,68.65625,987,1346
95,17,197,14,27.625,80.03125,5.6875,1301,1755
95,46,173,107,74.75,70.28125,43.46875,1064,1403
95,36,169,76,58.5,68.65625,30.875,1119,1503
95,24,215,25,39.0,87.34375,10.15625,1276,1715
95,11,172,13,17.875,69.875,5.28125,1313,1769
95,47,108,139,76.375,43.875,56.46875,1063,1402
95,31,164,59,50.375,66.625,23.96875,1185,1583
95,57,191,137,92.625,77.59375,55.65625,888,1330
95,41,63,132,66.625,25.59375,53.625,1116,1476
95,44,212,88,71.5,86.125,35.75,997,1351
95,22,186,29,35.75,75.5625,11.78125,1253,1683
95,24,72,80,39.0,29.25,32.5,1224,1671
95,57,56,199,92.625,22.75,80.84375,890,1296
95,35,118,90,56.875,47.9375,36.5625,1146,1572
95,6,38,60,9.75,15.4375,24.375,1335,1795
95,20,108,58,32.5,43.875,23.5625,1204,1717
95,25,235,23,40.625,95.46875,9.34375,1284,1726
95,14,148,26,22.75,60.125,10.5625,1294,1742
95,54,118,161,87.75,47.9375,65.40625,949,1239
95,44,26,170,71.5,10.5625,69.0625,1062,1459
95,46,192,100,74.75,78.0,40.625,1226,1649
95,29,187,46,47.125,75.96875,18.6875,1197,1603
95,23,30,105,37.375,12.1875,42.65625,1227,1658
95,37,227,54,60.125,92.21875,21.9375,1080,1423
95,43,143,108,69.875,58.09375,43.875,1078,1421
95,43,248,80,69.875,100.75,32.5,1011,1327
95,49,92,154,79.625,37.375,62.5625,1067,1407
95,56,89,175,91.0,36.15625,71.09375,923,1256
95,17,118,47,27.625,47.9375,19.09375,1254,1696
95,41,104,117,66.625,42.25,47.53125,1090,1439
95,37,19,141,60.125,7.71875,57.28125,1132,1504
95,44,213,132,71.5,86.53125,53.625,938,1224
95,41,123,110,66.625,49.96875,44.6875,1102,1461
95,26,50,99,42.25,20.3125,40.21875,1227,1659
95,39,15,163,63.375,6.09375,66.21875,1167,1553
95,23,164,41,37.375,66.625,16.65625,1225,1647
95,38,46,141,61.75,18.6875,57.28125,1100,1502
95,40,81,168,65.0,32.90625,68.25,1027,1349
95,12,68,57,19.5,27.625,23.15625,1295,1796
95,27,110,104,43.875,44.6875,42.25,1081,1424
95,32,208,51,52.0,84.5,20.71875,1159,1697
95,58,5,241,94.25,2.03125,97.90625,1076,1539
95,49,246,102,79.625,99.9375,41.4375,1187,1712
95,21,196,67,34.125,79.625,27.21875,1208,1623
95,56,107,176,91.0,43.46875,71.5,923,1264
95,27,147,61,43.875,59.71875,24.78125,1336,1797
95,35,104,97,56.875,42.25,39.40625,1145,1746
95,41,177,87,66.625,71.90625,35.34375,1117,1478
95,23,86,68,37.375,34.9375,27.625,1224,1672
95,57,131,171,92.625,53.21875,69.46875,1337,1798
95,53,20,200,86.125,8.125,81.25,1028,1698
95,7,136,37,11.375,55.25,15.03125,1327,1783
95,28,94,84,45.5,38.1875,34.125,1198,1604
95,33,65,111,53.625,26.40625,45.09375,1169,1555
95,54,152,145,87.75,61.75,58.90625,1001,1355
95,38,148,90,61.75,60.125,36.5625,1119,1620
95,38,73,114,61.75,29.65625,46.3125,1145,1747
95,43,75,146,69.875,30.46875,59.3125,1135,1511
95,50,29,193,81.25,11.78125,78.40625,1028,1699
95,30,27,126,48.75,10.96875,51.1875,1180,1575
95,32,128,74,52.0,52.0,30.0625,1338,1799
95,41,151,145,66.625,61.34375,58.90625,936,1221
95,45,83,182,73.125,33.71875,73.9375,954,1247
95,32,39,119,52.0,15.84375,48.34375,1216,1637
95,50,37,178,81.25,15.03125,72.3125,972,1785
95,58,153,214,94.25,62.15625,86.9375,684,931
95,6,67,46,9.75,27.21875,18.6875,1295,1800
95,58,241,186,94.25,97.90625,75.5625,1219,1641
95,16,93,47,26.0,37.78125,19.09375,1339,1801
95,12,136,64,19.5,55.25,26.0,1265,1700
95,23,122,59,37.375,49.5625,23.96875,1328,1786
95,50,171,120,81.25,69.46875,48.75,1297,1749
95,51,56,183,82.875,22.75,74.34375,987,1354
95,39,235,111,63.375,95.46875,45.09375,1049,1452
95,32,73,95,52.0,29.65625,38.59375,1190,1592
95,58,44,210,94.25,17.875,85.3125,913,1750
95,9,70,73,14.625,28.4375,29.65625,1303,1757
95,52,6,211,84.5,2.4375,85.71875,1028,1638
95,28,74,133,45.5,30.0625,54.03125,1108,1468
95,11,102,57,17.875,41.4375,23.15625,1315,1771
95,18,46,82,29.25,18.6875,33.3125,1255,1729
95,54,221,119,87.75,89.78125,48.34375,1304,1758
95,57,201,181,92.625,81.65625,73.53125,1236,1662
95,12,25,82,19.5,10.15625,33.3125,1255,1727
95,30,209,93,48.75,84.90625,37.78125,1106,1466
95,45,184,146,73.125,74.75,59.3125,884,1160
95,54,244,166,87.75,99.125,67.4375,1268,1730
95,32,137,115,52.0,55.65625,46.71875,1069,1409
95,49,244,158,79.625,99.125,64.1875,1318,1774
95,58,186,208,94.25,75.5625,84.5,841,1598
95,6,219,16,9.75,88.96875,6.5,1316,1772
95,29,231,74,47.125,93.84375,30.0625,1151,1529
95,22,232,58,35.75,94.25,23.5625,1317,1773
95,50,56,225,81.25,22.75,91.40625,833,1098
95,20,140,75,32.5,56.875,30.46875,1248,1676
95,14,224,49,22.75,91.0,19.90625,1256,1686
95,38,49,184,61.75,19.90625,74.75,986,1297
95,15,202,46,24.375,82.0625,18.6875,1266,1701
95,12,17,111,19.5,6.90625,45.09375,1281,1723
95,39,180,123,63.375,73.125,49.96875,965,1579
95,9,243,17,14.625,98.71875,6.90625,1330,1788
95,44,131,153,71.5,53.21875,62.15625,1199,1605
95,31,245,89,50.375,99.53125,36.15625,1261,1691
95,20,123,107,32.5,49.96875,43.46875,1340,1802
95,13,54,95,21.125,21.9375,38.59375,1230,1654
95,35,190,111,56.875,77.1875,45.09375,1111,1471
95,42,35,207,68.25,14.21875,84.09375,975,1281
95,44,19,230,71.5,7.71875,93.4375,1072,1412
95,32,161,104,52.0,65.40625,42.25,1073,1413
95,16,164,58,26.0,66.625,23.5625,1260,1690
95,22,47,115,35.75,19.09375,46.71875,1319,1775
95,53,37,244,86.125,15.03125,99.125,1341,1803
95,40,219,112,65.0,88.96875,45.5,1202,1608
95,49,235,141,79.625,95.46875,57.28125,836,1804
95,29,192,89,47.125,78.0,36.15625,1141,1517
95,55,151,191,89.375,61.34375,77.59375,826,1551
95,50,203,170,81.25,82.46875,69.0625,1331,1790
95,48,209,151,78.0,84.90625,61.34375,1282,1724
95,20,182,87,32.5,73.9375,35.34375,1217,1792
95,56,215,206,91.0,87.34375,83.6875,1239,1665
95,53,227,179,86.125,92.21875,72.71875,1307,1763
95,45,240,126,73.125,97.5,51.1875,836,1805
95,9,195,38,14.625,79.21875,15.4375,1342,1806
95,49,112,192,79.625,45.5,78.0,1211,1629
95,57,118,232,92.625,47.9375,94.25,1128,1496
95,52,91,222,84.5,36.96875,90.1875,851,1117
95,24,146,114,39.0,59.3125,46.3125,1323,1779
95,27,63,162,43.875,25.59375,65.8125,1332,1791
95,32,176,136,52.0,71.5,55.25,1333,1793
95,46,162,164,74.75,65.8125,66.625,516,642
95,22,221,87,35.75,89.78125,35.34375,1310,1766
95,5,160,52,8.125,65.0,21.125,1321,1777
95,58,97,239,94.25,39.40625,97.09375,1343,1807
95,27,140,96,43.875,56.875,39.0,1344,1808
95,28,31,156,45.5,12.59375,63.375,1311,1767
96,6,118,21,9.75,47.9375,8.53125,1334,1794
96,20,170,28,32.5,69.0625,11.375,1264,1694
96,55,168,139,89.375,68.25,56.46875,1001,1344
96,57,16,229,92.625,6.5,93.03125,1040,1648
96,19,201,15,30.875,81.65625,6.09375,1301,1755
96,33,243,41,53.625,98.71875,16.65625,1215,1635
96,42,232,73,68.25,94.25,29.65625,1036,1365
96,13,178,12,21.125,72.3125,4.875,1313,1769
96,50,138,130,81.25,56.0625,52.8125,1038,1417
96,30,116,75,48.75,47.125,30.46875,1204,1713
96,9,96,37,14.625,39.0,15.03125,1325,1781
96,53,134,145,86.125,54.4375,58.90625,998,1312
96,20,135,38,32.5,54.84375,15.4375,1254,1695
96,44,37,156,71.5,15.03125,63.375,972,1784
96,45,25,172,73.125,10.15625,69.875,1062,1459
96,53,196,119,86.125,79.625,48.34375,997,1345
96,48,12,191,78.0,4.875,77.59375,1086,1432
96,44,92,131,71.5,37.375,53.21875,1095,1445
96,39,175,78,63.375,71.09375,31.6875,1119,1503
96,47,174,110,76.375,70.6875,44.6875,1064,1403
96,51,227,105,82.875,92.21875,42.65625,1187,1716
96,58,192,140,94.25,78.0,56.875,888,1330
96,27,221,29,43.875,89.78125,11.78125,1276,1715
96,24,191,31,39.0,77.59375,12.59375,1253,1683
96,33,169,63,53.625,68.65625,25.59375,1185,1583
96,58,9,240,94.25,3.65625,97.5,1076,1539
96,39,204,68,63.375,82.875,27.625,1115,1475
96,49,109,142,79.625,44.28125,57.6875,1063,1402
96,42,63,131,68.25,25.59375,53.21875,1116,1476
96,27,240,24,43.875,97.5,9.75,1284,1726
96,56,121,162,91.0,49.15625,65.8125,949,1239
96,16,152,27,26.0,61.75,10.96875,1294,1742
96,46,216,90,74.75,87.75,36.5625,997,1351
96,8,40,60,13.0,16.25,24.375,1335,1809
96,21,110,59,34.125,44.6875,23.96875,1204,1717
96,39,232,57,63.375,94.25,23.15625,1080,1423
96,24,31,105,39.0,12.59375,42.65625,1227,1658
96,30,191,46,48.75,77.59375,18.6875,1197,1603
96,43,105,120,69.875,42.65625,48.75,1090,1439
96,13,68,56,21.125,27.625,22.75,1295,1796
96,41,15,166,66.625,6.09375,67.4375,1167,1553
96,6,138,12,9.75,56.0625,4.875,1345,1810
96,47,194,101,76.375,78.8125,41.03125,1226,1649
96,58,88,182,94.25,35.75,73.9375,923,1256
96,50,92,157,81.25,37.375,63.78125,1067,1407
96,41,82,172,66.625,33.3125,69.875,1027,1349
96,18,121,46,29.25,49.15625,18.6875,1254,1696
96,44,145,109,71.5,58.90625,44.28125,1078,1421
96,46,215,131,74.75,87.34375,53.21875,938,1224
96,27,51,99,43.875,20.71875,40.21875,1227,1659
96,40,48,142,65.0,19.5,57.6875,1100,1502
96,27,70,82,43.875,28.4375,33.3125,1224,1671
96,42,180,88,68.25,73.125,35.75,1117,1478
96,36,120,93,58.5,48.75,37.78125,1146,1572
96,34,210,52,55.25,85.3125,21.125,1159,1697
96,25,89,72,40.625,36.15625,29.25,1224,1672
96,9,137,38,14.625,55.65625,15.4375,1327,1783
96,55,22,204,89.375,8.9375,82.875,1028,1698
96,43,124,112,69.875,50.375,45.5,1102,1461
96,51,248,105,82.875,100.75,42.65625,1187,1712
96,23,197,69,37.375,80.03125,28.03125,1208,1623
96,55,153,147,89.375,62.15625,59.71875,1001,1355
96,39,75,114,63.375,30.46875,46.3125,1145,1747
96,26,167,45,42.25,67.84375,18.28125,1225,1647
96,40,151,92,65.0,61.34375,37.375,1119,1620
96,54,70,176,87.75,28.4375,71.5,987,1811
96,22,121,76,35.75,49.15625,30.875,1346,1812
96,29,148,62,47.125,60.125,25.1875,1336,1797
96,33,42,119,53.625,17.0625,48.34375,1216,1637
96,30,95,86,48.75,38.59375,34.9375,1198,1604
96,27,110,105,43.875,44.6875,42.65625,1081,1424
96,17,95,49,27.625,38.59375,19.90625,1339,1801
96,58,128,174,94.25,52.0,70.6875,1337,1798
96,40,240,114,65.0,97.5,46.3125,1049,1452
96,51,29,195,82.875,11.78125,79.21875,1028,1699
96,36,103,101,58.5,41.84375,41.03125,1145,1746
96,53,9,215,86.125,3.65625,87.34375,1028,1638
96,53,78,167,86.125,31.6875,67.84375,987,1813
96,52,41,182,84.5,16.65625,73.9375,972,1785
96,56,223,122,91.0,90.59375,49.5625,1304,1758
96,58,106,179,94.25,43.0625,72.71875,923,1264
96,45,74,146,73.125,30.0625,59.3125,1135,1511
96,38,21,146,61.75,8.53125,59.3125,1132,1504
96,34,131,76,55.25,53.21875,30.875,1338,1799
96,42,155,145,68.25,62.96875,58.90625,936,1221
96,33,74,96,53.625,30.0625,39.0,1190,1592
96,25,6,119,40.625,2.4375,48.34375,1347,1814
96,12,106,55,19.5,43.0625,22.34375,1315,1815
96,7,69,44,11.375,28.03125,17.875,1295,1800
96,51,174,121,82.875,70.6875,49.15625,1297,1749
96,19,47,83,30.875,19.09375,33.71875,1255,1729
96,48,70,162,78.0,28.4375,65.8125,1348,1816
96,14,138,65,22.75,56.0625,26.40625,1265,1700
96,54,60,189,87.75,24.375,76.78125,987,1354
96,10,71,73,16.25,28.84375,29.65625,1303,1757
96,25,128,58,40.625,52.0,23.5625,1328,1786
96,33,138,115,53.625,56.0625,46.71875,1069,1409
96,9,6,83,14.625,2.4375,33.71875,1349,1817
96,32,210,96,52.0,85.3125,39.0,1106,1466
96,7,221,15,11.375,89.78125,6.09375,1316,1772
96,14,29,81,22.75,11.78125,32.90625,1255,1727
96,31,28,126,50.375,11.375,51.1875,1180,1575
96,28,76,133,45.5,30.875,54.03125,1108,1468
96,54,245,166,87.75,99.53125,67.4375,1268,1730
96,40,183,125,65.0,74.34375,50.78125,965,1579
96,45,187,147,73.125,75.96875,59.71875,884,1160
96,5,41,75,8.125,16.65625,30.46875,1335,1818
96,15,227,49,24.375,92.21875,19.90625,1256,1686
96,54,183,172,87.75,74.34375,69.875,1350,1819
96,51,58,227,82.875,23.5625,92.21875,833,1098
96,23,230,59,37.375,93.4375,23.96875,1317,1773
96,17,204,48,27.625,82.875,19.5,1266,1701
96,29,233,74,47.125,94.65625,30.0625,1151,1529
96,57,199,213,92.625,80.84375,86.53125,841,1820
96,22,143,76,35.75,58.09375,30.875,1248,1676
96,14,54,96,22.75,21.9375,39.0,1230,1654
96,12,18,110,19.5,7.3125,44.6875,1281,1723
96,45,132,154,73.125,53.625,62.5625,1199,1605
96,58,189,210,94.25,76.78125,85.3125,841,1821
96,20,125,104,32.5,50.78125,42.25,1340,1802
96,33,162,104,53.625,65.8125,42.25,1073,1413
96,38,50,185,61.75,20.3125,75.15625,986,1297
96,11,93,67,17.875,37.78125,27.21875,1315,1822
96,16,167,57,26.0,67.84375,23.15625,1260,1690
96,50,239,141,81.25,97.09375,57.28125,836,1804
96,33,57,152,53.625,23.15625,61.75,1351,1823
96,55,154,189,89.375,62.5625,76.78125,826,1551
96,36,189,115,58.5,76.78125,46.71875,1111,1471
96,23,43,117,37.375,17.46875,47.53125,1319,1775
96,51,202,171,82.875,82.0625,69.46875,1331,1790
96,41,217,117,66.625,88.15625,47.53125,1202,1608
96,24,175,81,39.0,71.09375,32.90625,1352,1824
96,29,188,94,47.125,76.375,38.1875,1141,1517
96,49,213,150,79.625,86.53125,60.9375,1282,1724
96,31,242,91,50.375,98.3125,36.96875,1261,1691
96,47,162,167,76.375,65.8125,67.84375,516,642
96,44,19,227,71.5,7.71875,92.21875,1072,1412
96,53,223,179,86.125,90.59375,72.71875,1307,1763
96,44,35,207,71.5,14.21875,84.09375,975,1281
96,7,167,52,11.375,67.84375,21.125,1321,1777
96,25,148,112,40.625,60.125,45.5,1323,1779
96,10,194,39,16.25,78.8125,15.84375,1342,1806
96,39,240,148,63.375,97.5,60.125,1353,1825
96,29,59,167,47.125,23.96875,67.84375,1332,1791
96,29,142,94,47.125,57.6875,38.1875,1344,1808
96,53,92,221,86.125,37.375,89.78125,851,1117
96,48,115,189,78.0,46.71875,76.78125,1211,1629
96,23,223,89,37.375,90.59375,36.15625,1310,1766
96,58,100,240,94.25,40.625,97.5,1343,1807
96,57,216,211,92.625,87.75,85.71875,1239,1665
97,57,167,142,92.625,67.84375,57.6875,1001,1344
97,12,98,37,19.5,39.8125,15.03125,1325,1781
97,46,36,158,74.75,14.625,64.1875,972,1784
97,16,180,14,26.0,73.125,5.6875,1313,1769
97,22,169,31,35.75,68.65625,12.59375,1264,1694
97,21,205,17,34.125,83.28125,6.90625,1301,1755
97,9,118,23,14.625,47.9375,9.34375,1334,1794
97,51,138,133,82.875,56.0625,54.03125,1038,1417
97,45,89,132,73.125,36.15625,53.625,1095,1445
97,35,245,43,56.875,99.53125,17.46875,1215,1635
97,22,135,40,35.75,54.84375,16.25,1254,1695
97,54,199,121,87.75,80.84375,49.15625,997,1345
97,50,10,194,81.25,4.0625,78.8125,1086,1432
97,41,175,80,66.625,71.09375,32.5,1119,1503
97,33,118,78,53.625,47.9375,31.6875,1204,1713
97,53,227,107,86.125,92.21875,43.46875,1187,1716
97,56,134,149,91.0,54.4375,60.53125,998,1312
97,44,234,76,71.5,95.0625,30.875,1036,1365
97,18,152,29,29.25,61.75,11.78125,1294,1742
97,47,24,177,76.375,9.75,71.90625,1062,1459
97,36,174,66,58.5,70.6875,26.8125,1185,1583
97,26,191,33,42.25,77.59375,13.40625,1253,1683
97,50,107,142,81.25,43.46875,57.6875,1063,1402
97,28,221,28,45.5,89.78125,11.375,1276,1715
97,49,174,112,79.625,70.6875,45.5,1064,1403
97,44,62,137,71.5,25.1875,55.65625,1116,1476
97,28,240,25,45.5,97.5,10.15625,1284,1726
97,40,231,60,65.0,93.84375,24.375,1080,1423
97,29,51,101,47.125,20.71875,41.03125,1227,1659
97,10,43,61,16.25,17.46875,24.78125,1335,1809
97,27,30,109,43.875,12.1875,44.28125,1227,1658
97,48,217,91,78.0,88.15625,36.96875,997,1351
97,9,138,15,14.625,56.0625,6.09375,1345,1810
97,45,125,115,73.125,50.78125,46.71875,1102,1461
97,42,203,74,68.25,82.46875,30.0625,1115,1475
97,16,71,58,26.0,28.84375,23.5625,1295,1796
97,24,111,61,39.0,45.09375,24.78125,1204,1717
97,44,104,122,71.5,42.25,49.5625,1090,1439
97,58,117,167,94.25,47.53125,67.84375,949,1239
97,51,91,157,82.875,36.96875,63.78125,1067,1407
97,20,123,48,32.5,49.96875,19.5,1254,1696
97,55,87,168,89.375,35.34375,68.25,987,1813
97,27,90,75,43.875,36.5625,30.46875,1224,1672
97,49,196,104,79.625,79.625,42.25,1226,1649
97,29,69,85,47.125,28.03125,34.53125,1224,1671
97,32,193,46,52.0,78.40625,18.6875,1197,1603
97,56,61,181,91.0,24.78125,73.53125,987,1811
97,47,215,131,76.375,87.34375,53.21875,938,1224
97,11,138,41,17.875,56.0625,16.65625,1327,1783
97,43,11,169,69.875,4.46875,68.65625,1167,1553
97,39,120,98,63.375,48.75,39.8125,1146,1572
97,47,150,113,76.375,60.9375,45.90625,1078,1421
97,44,179,90,71.5,72.71875,36.5625,1117,1478
97,28,168,48,45.5,68.25,19.5,1225,1647
97,42,83,171,68.25,33.71875,69.46875,1027,1349
97,40,18,145,65.0,7.3125,58.90625,1132,1504
97,56,21,209,91.0,8.53125,84.90625,1028,1698
97,35,212,53,56.875,86.125,21.53125,1159,1697
97,57,152,149,92.625,61.75,60.53125,1001,1355
97,32,96,88,52.0,39.0,35.75,1198,1604
97,53,248,109,86.125,100.75,44.28125,1187,1712
97,14,106,56,22.75,43.0625,22.75,1315,1815
97,24,195,70,39.0,79.21875,28.4375,1208,1623
97,42,45,146,68.25,18.28125,59.3125,1100,1502
97,42,152,96,68.25,61.75,39.0,1119,1620
97,29,109,107,47.125,44.28125,43.46875,1081,1424
97,36,68,114,58.5,27.625,46.3125,1145,1747
97,53,28,201,86.125,11.375,81.65625,1028,1699
97,19,95,54,30.875,38.59375,21.9375,1339,1801
97,24,119,79,39.0,48.34375,32.09375,1346,1812
97,47,71,150,76.375,28.84375,60.9375,1135,1511
97,42,240,113,68.25,97.5,45.90625,1049,1452
97,58,225,124,94.25,91.40625,50.375,1304,1758
97,55,8,219,89.375,3.25,88.96875,1028,1638
97,47,81,183,76.375,32.90625,74.34375,1354,1826
97,35,41,122,56.875,16.65625,49.5625,1216,1637
97,56,57,194,91.0,23.15625,78.8125,987,1354
97,12,71,72,19.5,28.84375,29.25,1303,1757
97,22,48,85,35.75,19.5,34.53125,1255,1729
97,31,150,64,50.375,60.9375,26.0,1336,1797
97,15,136,66,24.375,55.25,26.8125,1265,1700
97,44,152,146,71.5,61.75,59.3125,936,1221
97,39,105,103,63.375,42.65625,41.84375,1145,1746
97,29,72,133,47.125,29.25,54.03125,1108,1468
97,7,89,57,11.375,36.15625,23.15625,1355,1827
97,35,75,99,56.875,30.46875,40.21875,1190,1592
97,27,5,122,43.875,2.03125,49.5625,1347,1814
97,50,68,166,81.25,27.625,67.4375,1348,1816
97,9,73,43,14.625,29.65625,17.46875,1295,1800
97,16,29,81,26.0,11.78125,32.90625,1255,1727
97,28,127,64,45.5,51.59375,26.0,1328,1786
97,53,39,187,86.125,15.84375,75.96875,972,1785
97,36,133,80,58.5,54.03125,32.5,1338,1799
97,53,173,124,86.125,70.28125,50.375,1297,1749
97,33,24,130,53.625,9.75,52.8125,1180,1575
97,8,225,13,13.0,91.40625,5.28125,1316,1772
97,57,189,217,92.625,76.78125,88.15625,841,1821
97,34,136,115,55.25,55.25,46.71875,1069,1409
97,17,229,52,27.625,93.03125,21.125,1256,1686
97,47,183,148,76.375,74.34375,60.125,884,1160
97,33,211,98,53.625,85.71875,39.8125,1106,1466
97,51,243,161,82.875,98.71875,65.40625,1268,1828
97,7,179,21,11.375,72.71875,8.53125,1356,1829
97,13,92,68,21.125,37.375,27.625,1315,1822
97,31,233,77,50.375,94.65625,31.28125,1151,1529
97,7,40,77,11.375,16.25,31.28125,1335,1818
97,24,229,60,39.0,93.03125,24.375,1317,1773
97,56,243,168,91.0,98.71875,68.25,1268,1830
97,18,205,49,29.25,83.28125,19.90625,1266,1701
97,42,181,127,68.25,73.53125,51.59375,965,1579
97,56,184,175,91.0,74.75,71.09375,1350,1819
97,34,162,104,55.25,65.8125,42.25,1073,1413
97,38,187,118,61.75,75.96875,47.9375,1111,1471
97,23,143,76,37.375,58.09375,30.875,1248,1676
97,53,56,231,86.125,22.75,93.84375,833,1098
97,57,153,193,92.625,62.15625,78.40625,826,1551
97,14,17,110,22.75,6.90625,44.6875,1281,1723
97,46,128,156,74.75,52.0,63.375,1199,1605
97,23,122,110,37.375,49.5625,44.6875,1340,1802
97,16,53,97,26.0,21.53125,39.40625,1230,1654
97,18,167,60,29.25,67.84375,24.375,1260,1690
97,50,161,171,81.25,65.40625,69.46875,516,642
97,26,175,81,42.25,71.09375,32.90625,1352,1831
97,52,237,143,84.5,96.28125,58.09375,836,1804
97,45,34,208,73.125,13.8125,84.5,975,1281
97,39,10,193,63.375,4.0625,78.40625,1357,1832
97,52,200,171,84.5,81.25,69.46875,1331,1790
97,34,58,153,55.25,23.5625,62.15625,1351,1823
97,46,16,231,74.75,6.5,93.84375,1072,1412
97,40,51,187,65.0,20.71875,75.96875,986,1297
97,33,242,94,53.625,98.3125,38.1875,1261,1691
97,31,190,96,50.375,77.1875,39.0,1141,1517
97,50,212,153,81.25,86.125,62.15625,1282,1724
97,23,185,90,37.375,75.15625,36.5625,1352,1833
97,54,222,181,87.75,90.1875,73.53125,1307,1763
97,8,169,50,13.0,68.65625,20.3125,1321,1777
97,28,80,111,45.5,32.5,45.09375,1358,1834
97,27,149,114,43.875,60.53125,46.3125,1323,1779
97,50,240,197,81.25,97.5,80.03125,1359,1835
97,30,54,169,48.75,21.9375,68.65625,1332,1791
97,50,113,192,81.25,45.90625,78.0,1211,1629
97,52,133,184,84.5,54.03125,74.75,1360,1836
97,54,90,222,87.75,36.5625,90.1875,851,1117
97,30,139,96,48.75,56.46875,39.0,1344,1808
97,58,216,212,94.25,87.75,86.125,1239,1665
97,40,241,149,65.0,97.90625,60.53125,1353,1825
97,25,224,91,40.625,91.0,36.96875,1310,1766
97,11,194,39,17.875,78.8125,15.84375,1342,1806
97,31,78,159,50.375,31.6875,64.59375,1361,1837
98,15,101,40,24.375,41.03125,16.25,1325,1781
98,43,205,76,69.875,83.28125,30.875,1115,1475
98,36,244,46,58.5,99.125,18.6875,1215,1635
98,47,36,164,76.375,14.625,66.625,972,1784
98,58,164,145,94.25,66.625,58.90625,1001,1344
98,53,136,138,86.125,55.25,56.0625,1038,1417
98,47,87,137,76.375,35.34375,55.65625,1095,1445
98,42,175,83,68.25,71.09375,33.71875,1119,1503
98,17,183,16,27.625,74.34375,6.5,1313,1769
98,51,9,201,82.875,3.65625,81.65625,1086,1432
98,50,172,115,81.25,69.875,46.71875,1064,1403
98,55,196,124,89.375,79.625,50.375,997,1345
98,23,206,21,37.375,83.6875,8.53125,1301,1755
98,30,221,33,48.75,89.78125,13.40625,1276,1715
98,54,226,111,87.75,91.8125,45.09375,1187,1716
98,35,118,83,56.875,47.9375,33.71875,1204,1713
98,20,153,32,32.5,62.15625,13.0,1294,1742
98,10,120,25,16.25,48.75,10.15625,1334,1794
98,37,174,68,60.125,70.6875,27.625,1185,1583
98,45,233,81,73.125,94.65625,32.90625,1036,1365
98,57,132,155,92.625,53.625,62.96875,998,1312
98,23,171,35,37.375,69.46875,14.21875,1264,1694
98,51,105,146,82.875,42.65625,59.3125,1063,1402
98,24,139,44,39.0,56.46875,17.875,1254,1695
98,49,22,182,79.625,8.9375,73.9375,1062,1459
98,46,104,129,74.75,42.25,52.40625,1090,1439
98,49,216,94,79.625,87.75,38.1875,997,1351
98,28,193,38,45.5,78.40625,15.4375,1253,1838
98,56,83,169,91.0,33.71875,68.65625,987,1813
98,29,30,113,47.125,12.1875,45.90625,1227,1658
98,41,231,64,66.625,93.84375,26.0,1080,1423
98,12,45,64,19.5,18.28125,26.0,1335,1809
98,18,71,62,29.25,28.84375,25.1875,1295,1796
98,29,240,29,47.125,97.5,11.78125,1284,1726
98,45,61,142,73.125,24.78125,57.6875,1116,1839
98,58,56,187,94.25,22.75,75.96875,987,1354
98,50,194,106,81.25,78.8125,43.0625,1226,1649
98,26,115,65,42.25,46.71875,26.40625,1204,1717
98,20,234,6,32.5,95.0625,2.4375,1362,1840
98,47,214,132,76.375,86.9375,53.625,938,1224
98,31,50,107,50.375,20.3125,43.46875,1227,1659
98,31,72,88,50.375,29.25,35.75,1224,1671
98,52,90,160,84.5,36.5625,65.0,1067,1407
98,29,91,78,47.125,36.96875,31.6875,1224,1672
98,45,12,175,73.125,4.875,71.09375,1167,1553
98,11,140,17,17.875,56.875,6.90625,1345,1810
98,22,126,50,35.75,51.1875,20.3125,1254,1696
98,30,172,52,48.75,69.875,21.125,1225,1647
98,40,121,102,65.0,49.15625,41.4375,1146,1572
98,46,124,118,74.75,50.375,47.9375,1102,1461
98,7,94,30,11.375,38.1875,12.1875,1363,1841
98,34,197,48,55.25,80.03125,19.5,1197,1603
98,37,214,57,60.125,86.9375,23.15625,1159,1697
98,54,248,113,87.75,100.75,45.90625,1187,1712
98,58,18,214,94.25,7.3125,86.9375,1028,1698
98,6,148,5,9.75,60.125,2.03125,1364,1842
98,20,249,45,32.5,101.15625,18.28125,1365,1843
98,48,149,117,78.0,60.53125,47.53125,1078,1421
98,58,149,154,94.25,60.53125,62.5625,1001,1355
98,13,137,45,21.125,55.65625,18.28125,1327,1783
98,29,109,109,47.125,44.28125,44.28125,1081,1424
98,45,179,94,73.125,72.71875,38.1875,1117,1478
98,16,108,57,26.0,43.875,23.15625,1315,1815
98,43,151,99,69.875,61.34375,40.21875,1119,1620
98,43,43,150,69.875,17.46875,60.9375,1100,1502
98,25,193,70,40.625,78.40625,28.4375,1208,1623
98,44,83,181,71.5,33.71875,73.53125,1354,1826
98,45,148,147,73.125,60.125,59.71875,936,1221
98,38,70,117,61.75,28.4375,47.53125,1145,1747
98,39,19,143,63.375,7.71875,58.09375,1132,1504
98,21,98,57,34.125,39.8125,23.15625,1339,1801
98,42,241,115,68.25,97.90625,46.71875,1049,1452
98,44,21,155,71.5,8.53125,62.96875,1366,1844
98,34,98,92,55.25,39.8125,37.375,1198,1604
98,48,68,155,78.0,27.625,62.96875,1135,1511
98,55,37,193,89.375,15.03125,78.40625,1028,1699
98,57,7,224,92.625,2.84375,91.0,1028,1638
98,37,39,129,60.125,15.84375,52.40625,1216,1637
98,51,43,175,82.875,17.46875,71.09375,972,1785
98,32,150,69,52.0,60.9375,28.03125,1336,1797
98,17,136,69,27.625,55.25,28.03125,1265,1700
98,25,118,79,40.625,47.9375,32.09375,1346,1812
98,30,6,128,48.75,2.4375,52.0,1347,1814
98,38,134,85,61.75,54.4375,34.53125,1338,1799
98,51,68,171,82.875,27.625,69.46875,1348,1816
98,24,48,89,39.0,19.5,36.15625,1255,1729
98,38,81,104,61.75,32.90625,42.25,1190,1592
98,54,172,127,87.75,69.875,51.59375,1297,1749
98,41,105,110,66.625,42.65625,44.6875,1145,1746
98,12,71,74,19.5,28.84375,30.0625,1303,1757
98,48,182,150,78.0,73.9375,60.9375,884,1160
98,12,76,46,19.5,30.875,18.6875,1295,1800
98,56,182,177,91.0,73.9375,71.90625,1350,1819
98,9,91,57,14.625,36.96875,23.15625,1355,1827
98,35,208,99,56.875,84.5,40.21875,1106,1466
98,30,133,68,48.75,54.03125,27.625,1328,1786
98,30,72,137,48.75,29.25,55.65625,1108,1468
98,18,27,89,29.25,10.96875,36.15625,1255,1727
98,18,226,54,29.25,91.8125,21.9375,1256,1686
98,13,9,88,21.125,3.65625,35.75,1367,1845
98,19,204,49,30.875,82.875,19.90625,1266,1701
98,7,180,24,11.375,73.125,9.75,1356,1829
98,56,242,169,91.0,98.3125,68.65625,1268,1830
98,54,53,236,87.75,21.53125,95.875,833,1098
98,36,134,119,58.5,54.4375,48.34375,1069,1409
98,9,226,13,14.625,91.8125,5.28125,1316,1772
98,27,187,24,43.875,75.96875,9.75,1253,1846
98,45,56,128,73.125,22.75,52.0,1116,1847
98,32,230,78,52.0,93.4375,31.6875,1151,1529
98,34,162,102,55.25,65.8125,41.4375,1073,1413
98,43,178,128,69.875,72.3125,52.0,965,1579
98,40,184,122,65.0,74.75,49.5625,1111,1471
98,51,157,175,82.875,63.78125,71.09375,516,642
98,25,226,62,40.625,91.8125,25.1875,1317,1773
98,10,39,82,16.25,15.84375,33.3125,1335,1818
98,17,45,102,27.625,18.28125,41.4375,1230,1654
98,57,151,198,92.625,61.34375,80.4375,826,1551
98,15,92,69,24.375,37.375,28.03125,1315,1822
98,40,44,193,65.0,17.875,78.40625,986,1297
98,42,222,118,68.25,90.1875,47.9375,1368,1848
98,47,126,160,76.375,51.1875,65.0,1199,1605
98,46,34,212,74.75,13.8125,86.125,975,1281
98,16,17,115,26.0,6.90625,46.71875,1281,1723
98,6,209,21,9.75,84.90625,8.53125,1369,1849
98,24,123,112,39.0,49.96875,45.5,1340,1802
98,27,48,123,43.875,19.5,49.96875,1370,1850
98,34,243,94,55.25,98.71875,38.1875,1261,1691
98,53,197,172,86.125,80.03125,69.875,1331,1790
98,36,61,158,58.5,24.78125,64.1875,1351,1823
98,40,10,196,65.0,4.0625,79.625,1357,1832
98,27,173,83,43.875,70.28125,33.71875,1352,1831
98,53,234,145,86.125,95.0625,58.90625,836,1851
98,32,188,99,52.0,76.375,40.21875,1141,1852
98,46,17,235,74.75,6.90625,95.46875,1072,1412
98,55,220,185,89.375,89.375,75.15625,1307,1763
98,19,168,60,30.875,68.25,24.375,1260,1690
98,51,210,155,82.875,85.3125,62.96875,1282,1724
98,29,79,115,47.125,32.09375,46.71875,1358,1834
98,51,110,197,82.875,44.6875,80.03125,1211,1629
98,49,242,137,79.625,98.3125,55.65625,836,1853
98,8,168,50,13.0,68.25,20.3125,1321,1777
98,32,186,84,52.0,75.5625,34.125,1141,1854
98,28,148,115,45.5,60.125,46.71875,1323,1779
98,24,187,93,39.0,75.96875,37.78125,1352,1833
98,53,134,189,86.125,54.4375,76.78125,1360,1836
98,32,79,164,52.0,32.09375,66.625,1361,1837
98,41,241,153,66.625,97.90625,62.15625,1353,1825
98,36,31,211,58.5,12.59375,85.71875,1371,1855
99,58,163,147,94.25,66.21875,59.71875,1001,1344
99,53,135,141,86.125,54.84375,57.28125,1038,1417
99,51,170,117,82.875,69.0625,47.53125,1064,1403
99,49,38,170,79.625,15.4375,69.0625,972,1784
99,37,245,49,60.125,99.53125,19.90625,1215,1635
99,17,105,43,27.625,42.65625,17.46875,1325,1781
99,52,9,204,84.5,3.65625,82.875,1086,1432
99,56,195,126,91.0,79.21875,51.1875,997,1345
99,43,175,86,69.875,71.09375,34.9375,1119,1503
99,19,187,19,30.875,75.96875,7.71875,1313,1769
99,36,120,85,58.5,48.75,34.53125,1204,1713
99,58,132,158,94.25,53.625,64.1875,998,1312
99,24,210,23,39.0,85.3125,9.34375,1301,1755
99,47,87,140,76.375,35.34375,56.875,1095,1445
99,55,227,114,89.375,92.21875,46.3125,1187,1716
99,30,224,34,48.75,91.0,13.8125,1276,1715
99,52,105,149,84.5,42.65625,60.53125,1063,1402
99,37,177,69,60.125,71.90625,28.03125,1185,1583
99,58,86,174,94.25,34.9375,70.6875,987,1813
99,47,236,87,76.375,95.875,35.34375,1036,1365
99,19,72,65,30.875,29.25,26.40625,1295,1796
99,32,72,90,52.0,29.25,36.5625,1224,1671
99,50,22,188,81.25,8.9375,76.375,1062,1459
99,25,175,39,40.625,71.09375,15.84375,1264,1694
99,12,121,29,19.5,49.15625,11.78125,1334,1794
99,46,103,130,74.75,41.84375,52.8125,1090,1439
99,26,142,49,42.25,57.6875,19.90625,1254,1695
99,46,60,145,74.75,24.375,58.90625,1116,1839
99,30,243,30,48.75,98.71875,12.1875,1284,1726
99,13,48,65,21.125,19.5,26.40625,1335,1809
99,23,157,38,37.375,63.78125,15.4375,1294,1856
99,28,116,70,45.5,47.125,28.4375,1204,1717
99,44,218,77,71.5,88.5625,31.28125,1115,1857
99,50,217,99,81.25,88.15625,40.21875,997,1351
99,53,90,163,86.125,36.5625,66.21875,1067,1407
99,29,199,40,47.125,80.84375,16.25,1253,1838
99,21,236,9,34.125,95.875,3.65625,1362,1840
99,49,148,121,79.625,60.125,49.15625,1078,1421
99,50,195,108,81.25,79.21875,43.875,1226,1649
99,42,233,67,68.25,94.65625,27.21875,1080,1423
99,30,33,114,48.75,13.40625,46.3125,1227,1658
99,41,122,105,66.625,49.5625,42.65625,1146,1572
99,13,145,20,21.125,58.90625,8.125,1345,1810
99,8,149,8,13.0,60.53125,3.25,1364,1842
99,46,6,179,74.75,2.4375,72.71875,1167,1553
99,30,93,81,48.75,37.78125,32.90625,1224,1672
99,40,17,145,65.0,6.90625,58.90625,1132,1504
99,32,177,54,52.0,71.90625,21.9375,1225,1647
99,47,121,120,76.375,49.15625,48.75,1102,1461
99,31,51,106,50.375,20.71875,43.0625,1227,1659
99,48,217,136,78.0,88.15625,55.25,938,1224
99,23,128,53,37.375,52.0,21.53125,1254,1696
99,14,136,47,22.75,55.25,19.09375,1327,1783
99,55,250,118,89.375,101.5625,47.9375,1187,1712
99,46,20,165,74.75,8.125,67.03125,1366,1844
99,21,250,46,34.125,101.5625,18.6875,1365,1843
99,44,196,83,71.5,79.625,33.71875,1115,1858
99,36,202,54,58.5,82.0625,21.9375,1197,1603
99,20,139,39,32.5,56.46875,15.84375,1294,1859
99,38,219,60,61.75,88.96875,24.375,1159,1697
99,17,112,59,27.625,45.5,23.96875,1315,1815
99,8,99,30,13.0,40.21875,12.1875,1363,1841
99,6,57,46,9.75,23.15625,18.6875,1372,1860
99,58,7,229,94.25,2.84375,93.03125,1028,1638
99,46,178,97,74.75,72.3125,39.40625,1117,1478
99,44,151,102,71.5,61.34375,41.4375,1119,1620
99,44,40,153,71.5,16.25,62.15625,1100,1502
99,56,35,196,91.0,14.21875,79.625,1028,1699
99,42,108,110,68.25,43.875,44.6875,1145,1746
99,25,196,72,40.625,79.625,29.25,1208,1623
99,47,81,188,76.375,32.90625,76.375,1354,1826
99,55,172,130,89.375,69.875,52.8125,1297,1749
99,23,101,62,37.375,41.03125,25.1875,1339,1801
99,29,107,110,47.125,43.46875,44.6875,1081,1424
99,17,138,68,27.625,56.0625,27.625,1265,1700
99,35,100,94,56.875,40.625,38.1875,1198,1604
99,45,147,150,73.125,59.71875,60.9375,936,1221
99,49,69,157,79.625,28.03125,63.78125,1135,1511
99,44,76,121,71.5,30.875,49.15625,1373,1861
99,38,72,118,61.75,29.25,47.9375,1145,1747
99,38,41,131,61.75,16.65625,53.21875,1216,1637
99,34,152,73,55.25,61.75,29.65625,1336,1797
99,52,67,174,84.5,27.21875,70.6875,1348,1816
99,12,79,47,19.5,32.09375,19.09375,1295,1800
99,40,137,87,65.0,55.65625,35.34375,1338,1799
99,19,225,54,30.875,91.40625,21.9375,1256,1686
99,25,49,91,40.625,19.90625,36.96875,1255,1729
99,32,7,131,52.0,2.84375,53.21875,1347,1814
99,14,12,89,22.75,4.875,36.15625,1367,1845
99,10,228,15,16.25,92.625,6.09375,1316,1772
99,49,179,150,79.625,72.71875,60.9375,884,1160
99,39,83,104,63.375,33.71875,42.25,1190,1592
99,57,242,171,92.625,98.3125,69.46875,1268,1830
99,44,243,117,71.5,98.71875,47.53125,1049,1452
99,30,74,136,48.75,30.0625,55.25,1108,1468
99,32,132,71,52.0,53.625,28.84375,1328,1786
99,54,51,239,87.75,20.71875,97.09375,833,1098
99,37,135,121,60.125,54.84375,49.15625,1069,1409
99,8,181,25,13.0,73.53125,10.15625,1356,1829
99,36,210,100,58.5,85.3125,40.625,1106,1466
99,40,186,121,65.0,75.5625,49.15625,1111,1471
99,19,30,91,30.875,12.1875,36.96875,1255,1727
99,56,182,179,91.0,73.9375,72.71875,1350,1819
99,35,164,101,56.875,66.625,41.03125,1073,1413
99,11,37,85,17.875,15.03125,34.53125,1335,1818
99,18,44,104,29.25,17.875,42.25,1230,1654
99,45,55,128,73.125,22.34375,52.0,1116,1847
99,32,232,79,52.0,94.25,32.09375,1151,1529
99,27,226,65,43.875,91.8125,26.40625,1317,1773
99,47,34,215,76.375,13.8125,87.34375,975,1281
99,19,202,49,30.875,82.0625,19.90625,1266,1701
99,58,149,198,94.25,60.53125,80.4375,826,1551
99,47,15,239,76.375,6.09375,97.09375,1072,1412
99,28,49,125,45.5,19.90625,50.78125,1370,1850
99,52,156,177,84.5,63.375,71.90625,516,642
99,43,224,121,69.875,91.0,49.15625,1368,1848
99,45,120,160,73.125,48.75,65.0,1199,1605
99,18,17,119,29.25,6.90625,48.34375,1281,1723
99,10,89,57,16.25,36.15625,23.15625,1355,1827
99,41,47,196,66.625,19.09375,79.625,986,1297
99,35,244,96,56.875,99.125,39.0,1261,1691
99,56,218,185,91.0,88.5625,75.15625,1307,1763
99,28,173,86,45.5,70.28125,34.9375,1352,1831
99,7,211,23,11.375,85.71875,9.34375,1369,1849
99,41,10,199,66.625,4.0625,80.84375,1357,1832
99,25,122,115,40.625,49.5625,46.71875,1340,1802
99,37,60,163,60.125,24.375,66.21875,1351,1823
99,33,187,101,53.625,75.96875,41.03125,1141,1852
99,19,166,62,30.875,67.4375,25.1875,1260,1690
99,53,236,144,86.125,95.875,58.5,836,1851
99,51,109,199,82.875,44.28125,80.84375,1211,1629
99,54,133,187,87.75,54.03125,75.96875,1360,1836
99,29,78,114,47.125,31.6875,46.3125,1358,1834
99,52,204,153,84.5,82.875,62.15625,1282,1724
99,9,168,52,14.625,68.25,21.125,1321,1777
99,25,186,96,40.625,75.5625,39.0,1352,1833
99,32,80,163,52.0,32.5,66.21875,1361,1837
99,28,150,116,45.5,60.9375,47.125,1323,1779
99,33,189,86,53.625,76.78125,34.9375,1141,1854
99,50,240,203,81.25,97.5,82.46875,1374,1862
