frame,z,y,x
0,48,47,224
0,56,144,224
0,34,7,224
0,58,10,224
0,8,11,84
0,36,16,150
0,26,233,99
0,18,104,85
0,38,249,198
0,32,41,129
0,48,238,190
0,52,137,174
0,8,225,54
0,36,94,131
0,8,37,77
0,48,188,158
0,20,143,84
0,46,32,174
0,36,217,119
0,48,103,172
0,22,224,110
0,44,103,189
0,35,144,125
0,12,143,97
0,18,20,104
0,35,192,121
0,14,167,69
0,26,153,97
0,10,111,70
0,58,183,169
0,12,191,60
0,24,62,109
0,50,234,172
0,40,96,219
0,8,72,72
0,14,64,82
0,20,180,84
0,14,215,67
0,58,88,211
0,12,103,101
0,16,175,103
0,59,167,242
0,36,122,132
0,7,121,56
0,5,63,126
0,25,120,101
0,6,199,47
0,41,7,173
0,7,79,104
0,55,56,199
0,46,163,158
0,8,25,106
0,19,47,94
0,23,32,150
0,47,41,188
0,31,185,158
0,54,127,186
0,8,157,61
0,26,112,130
0,27,207,101
0,44,203,147
0,32,137,188
0,22,86,93
0,32,176,136
0,59,99,249
0,27,93,114
0,52,88,215
0,43,105,157
0,14,39,87
0,16,244,115
0,53,160,211
0,44,241,153
0,40,56,164
0,57,241,191
0,50,183,201
0,13,141,73
0,29,173,103
0,14,11,129
0,37,216,162
0,25,184,117
0,46,139,160
0,50,191,249
0,41,177,142
0,56,209,186
0,30,216,129
0,10,185,95
0,37,245,151
0,13,162,86
0,22,250,89
0,43,199,173
0,36,251,122
0,9,207,85
0,47,145,192
0,5,49,98
0,23,47,181
0,35,201,145
0,31,247,146
0,45,13,191
0,50,127,205
0,54,99,190
0,28,9,145
0,53,18,205
0,25,37,119
0,15,57,112
0,40,105,175
0,20,159,117
0,45,79,198
0,57,199,242
0,27,137,127
0,13,33,134
0,29,104,147
0,22,123,159
0,34,69,131
0,36,122,157
0,12,87,63
0,26,199,162
0,41,53,147
0,54,117,234
0,47,19,220
0,29,47,163
0,38,167,158
0,6,179,80
0,41,135,185
0,54,145,244
0,16,232,95
0,20,53,136
0,22,207,73
0,25,225,136
0,38,13,194
0,55,207,210
0,41,228,133
1,48,48,224
1,40,104,224
1,35,17,224
1,57,151,225
1,4,152,112
1,10,12,86
1,18,104,85
1,8,39,78
1,36,16,149
1,48,241,187
1,28,237,103
1,14,217,69
1,36,145,126
1,48,192,160
1,34,45,132
1,8,127,56
1,24,55,182
1,30,175,106
1,46,31,176
1,36,94,133
1,48,46,192
1,21,183,86
1,20,24,106
1,8,201,52
1,8,73,75
1,47,167,159
1,13,192,65
1,50,184,206
1,22,224,111
1,44,209,148
1,4,65,125
1,20,51,94
1,20,145,83
1,47,143,163
1,8,80,106
1,59,185,171
1,34,71,133
1,28,95,117
1,12,113,72
1,37,223,122
1,25,62,111
1,58,11,227
1,27,153,97
1,42,235,135
1,23,128,161
1,23,88,95
1,15,169,70
1,21,4,119
1,49,104,175
1,14,143,97
1,46,15,194
1,59,103,250
1,42,9,175
1,26,40,122
1,44,102,191
1,52,138,175
1,17,251,114
1,50,127,207
1,36,207,147
1,50,194,250
1,10,231,58
1,16,63,114
1,35,197,120
1,26,121,103
1,13,167,89
1,54,120,234
1,44,105,160
1,14,141,75
1,37,123,134
1,15,67,84
1,14,104,106
1,28,212,103
1,48,22,223
1,15,15,132
1,32,189,162
1,44,192,197
1,51,239,174
1,14,39,90
1,55,127,188
1,58,247,194
1,59,91,214
1,9,161,62
1,49,224,197
1,31,251,148
1,26,189,119
1,10,211,87
1,56,61,203
1,37,223,163
1,15,237,95
1,47,145,194
1,4,223,51
1,55,103,195
1,42,182,143
1,28,141,129
1,5,51,98
1,40,57,163
1,31,217,131
1,52,89,218
1,54,144,245
1,30,11,147
1,56,73,232
1,44,47,173
1,18,182,103
1,22,57,139
1,12,87,63
1,48,215,214
1,44,248,154
1,37,250,152
1,27,119,132
1,33,141,192
1,42,57,150
1,56,209,187
1,40,109,178
1,4,155,48
1,37,126,157
1,54,23,209
1,26,233,138
1,47,95,150
1,44,205,173
1,36,119,187
1,22,161,112
1,46,169,195
1,23,37,153
1,32,29,142
1,46,79,200
1,26,201,161
1,9,29,107
1,58,201,242
1,23,207,75
1,59,142,203
1,10,189,98
1,39,15,195
1,53,161,212
1,33,177,139
1,56,46,219
1,31,107,147
1,55,207,210
1,4,87,90
1,7,183,84
2,58,151,224
2,42,111,225
2,48,23,224
2,48,50,223
2,36,21,223
2,16,222,72
2,38,95,134
2,20,106,85
2,48,144,164
2,48,167,159
2,6,65,127
2,11,12,90
2,58,9,226
2,48,15,197
2,24,225,113
2,38,223,122
2,36,199,121
2,23,184,87
2,8,128,56
2,16,71,85
2,31,176,107
2,14,193,66
2,36,72,135
2,10,231,59
2,35,46,135
2,26,61,110
2,24,87,96
2,54,167,214
2,11,31,110
2,48,191,159
2,16,103,110
2,38,16,150
2,50,104,177
2,38,121,135
2,24,5,122
2,16,171,69
2,24,32,155
2,9,206,56
2,10,38,83
2,37,145,127
2,4,97,61
2,42,7,177
2,47,31,175
2,22,25,108
2,36,208,147
2,10,73,75
2,27,157,97
2,21,145,82
2,56,128,190
2,7,158,117
2,26,56,185
2,4,224,52
2,32,191,162
2,16,63,116
2,45,99,191
2,53,137,177
2,15,143,75
2,29,241,106
2,15,169,90
2,17,17,136
2,20,53,97
2,42,183,142
2,6,130,79
2,28,41,122
2,29,216,105
2,45,209,146
2,56,57,204
2,52,239,177
2,50,128,204
2,47,145,195
2,12,117,71
2,59,190,171
2,47,72,203
2,31,217,130
2,31,251,146
2,32,11,150
2,48,242,186
2,6,159,50
2,6,53,98
2,27,207,164
2,27,120,103
2,24,129,163
2,38,250,153
2,10,161,64
2,43,61,154
2,51,185,206
2,35,146,193
2,6,87,90
2,29,143,126
2,16,39,92
2,56,103,196
2,58,45,221
2,38,223,164
2,29,93,118
2,49,47,194
2,26,189,120
2,57,71,234
2,15,145,100
2,12,191,99
2,50,198,249
2,9,81,108
2,33,31,146
2,55,122,234
2,11,215,90
2,4,191,70
2,26,119,133
2,45,249,154
2,37,127,155
2,47,168,198
2,57,215,187
2,42,239,134
2,45,107,162
2,7,152,83
2,59,251,197
2,31,105,146
2,50,224,195
2,55,209,209
2,41,109,177
2,29,55,160
2,48,95,150
2,8,185,85
2,16,240,98
2,55,23,210
2,48,215,214
2,42,142,180
2,30,10,169
2,55,148,245
2,40,173,162
2,40,14,198
2,15,39,142
2,59,233,234
2,8,232,79
2,34,177,142
2,44,43,173
2,42,61,167
2,14,87,65
2,19,185,105
2,20,121,111
3,18,224,77
3,54,96,223
3,32,175,112
3,16,71,88
3,36,24,225
3,40,223,166
3,12,14,93
3,48,169,164
3,24,40,157
3,24,184,92
3,12,40,87
3,40,251,207
3,39,96,143
3,16,143,78
3,58,46,224
3,10,207,59
3,27,63,117
3,44,64,157
3,24,87,101
3,12,32,114
3,48,16,201
3,11,234,63
3,36,199,123
3,14,193,69
3,32,216,135
3,37,49,142
3,8,166,120
3,39,225,129
3,9,130,59
3,10,79,78
3,12,215,93
3,49,151,198
3,28,157,100
3,24,136,165
3,42,111,225
3,18,17,143
3,10,80,111
3,28,121,135
3,54,141,183
3,16,105,110
3,6,55,101
3,36,152,199
3,25,5,127
3,50,193,163
3,30,217,109
3,43,7,181
3,21,109,87
3,52,106,182
3,22,53,100
3,34,31,150
3,5,225,54
3,38,15,153
3,58,134,196
3,59,11,232
3,27,191,123
3,38,149,133
3,22,145,85
3,24,29,113
3,59,191,175
3,37,127,156
3,27,233,142
3,30,45,126
3,32,251,148
3,17,173,74
3,28,208,166
3,56,151,250
3,31,243,112
3,41,111,182
3,37,207,150
3,48,72,211
3,46,102,196
3,46,214,150
3,34,31,175
3,11,161,67
3,50,47,195
3,44,41,173
3,58,216,193
3,37,73,140
3,56,127,240
3,59,157,226
3,43,63,173
3,32,105,147
3,7,71,130
3,39,251,158
3,6,131,82
3,33,185,164
3,5,101,64
3,49,23,226
3,49,149,168
3,17,39,98
3,8,153,85
3,13,119,74
3,4,193,75
3,27,56,190
3,32,11,152
3,53,241,182
3,39,123,140
3,24,63,141
3,7,160,53
3,47,30,179
3,4,65,65
3,43,185,146
3,30,94,124
3,56,23,214
3,47,168,199
3,56,215,214
3,28,125,108
3,18,65,119
3,15,147,103
3,58,109,206
3,6,89,94
3,46,251,158
3,46,111,167
3,8,233,83
3,15,173,93
3,57,59,206
3,50,246,190
3,8,183,89
3,31,13,174
3,22,167,121
3,6,46,76
3,55,173,222
3,52,129,211
3,49,202,246
3,14,87,67
3,24,80,149
3,45,207,180
3,16,42,144
3,29,167,143
3,58,71,236
3,44,246,139
3,30,149,128
3,35,177,146
3,30,62,163
3,24,231,117
3,51,191,206
3,50,55,227
3,43,145,185
3,24,209,79
3,41,175,169
4,56,176,224
4,8,72,135
4,54,95,224
4,6,224,55
4,16,40,150
4,14,15,95
4,14,40,92
4,18,72,92
4,32,175,115
4,48,224,224
4,28,192,126
4,12,236,65
4,32,222,112
4,29,63,119
4,16,105,111
4,8,56,102
4,12,216,93
4,30,127,113
4,34,192,167
4,48,16,204
4,22,111,92
4,16,199,74
4,44,9,187
4,12,80,82
4,4,9,82
4,7,103,66
4,11,134,63
4,38,201,129
4,32,95,130
4,40,127,145
4,41,224,172
4,32,247,116
4,18,145,84
4,32,49,131
4,23,55,106
4,39,151,138
4,24,137,167
4,52,136,221
4,8,48,79
4,41,101,151
4,48,110,203
4,39,251,203
4,11,177,125
4,11,212,63
4,39,53,147
4,7,135,85
4,46,47,179
4,28,127,139
4,47,217,155
4,39,18,157
4,27,7,133
4,49,173,166
4,48,215,224
4,32,111,148
4,57,215,220
4,33,16,175
4,24,29,118
4,15,118,79
4,53,111,188
4,18,176,76
4,26,93,105
4,44,110,238
4,39,79,146
4,29,157,104
4,25,233,122
4,50,151,173
4,31,151,137
4,5,72,67
4,13,161,70
4,25,187,96
4,51,47,200
4,47,30,182
4,5,251,75
4,55,142,187
4,46,208,182
4,9,167,56
4,26,39,159
4,40,229,132
4,32,63,168
4,34,15,156
4,19,231,81
4,16,175,100
4,41,29,241
4,12,7,130
4,4,195,50
4,38,129,158
4,33,215,138
4,48,118,174
4,4,38,70
4,57,62,213
4,44,64,176
4,14,33,117
4,11,83,115
4,10,235,90
4,16,150,107
4,46,71,164
4,52,192,211
4,36,177,150
4,48,78,216
4,52,49,239
4,51,199,167
4,20,21,144
4,58,71,242
4,59,219,198
4,35,225,166
4,44,185,150
4,19,64,123
4,20,191,120
4,50,204,250
4,25,64,145
4,6,89,98
4,29,216,170
4,58,45,227
4,57,129,242
4,54,247,188
4,10,185,91
4,59,135,202
4,48,169,203
4,15,95,69
4,24,165,125
4,36,39,178
4,42,176,172
4,38,211,154
4,44,150,189
4,14,199,105
4,29,233,146
4,46,241,206
4,9,158,90
4,5,195,76
4,36,34,154
4,43,119,188
4,51,251,197
4,38,160,202
4,51,21,236
4,59,209,248
5,48,79,224
5,6,224,54
5,58,179,225
5,30,64,120
5,24,56,106
5,33,223,113
5,34,178,117
5,49,224,224
5,16,119,78
5,16,40,145
5,14,18,95
5,14,184,129
5,40,80,150
5,36,192,168
5,12,214,64
5,44,112,239
5,10,176,58
5,40,152,140
5,12,139,62
5,52,152,178
5,20,234,82
5,8,106,66
5,12,87,111
5,47,223,157
5,40,251,204
5,25,31,118
5,18,147,84
5,57,224,223
5,18,201,75
5,10,75,137
5,30,162,104
5,40,18,160
5,13,238,65
5,27,193,99
5,6,75,67
5,40,53,150
5,42,102,155
5,56,142,190
5,52,47,203
5,26,235,123
5,49,16,206
5,5,13,81
5,28,7,135
5,42,28,247
5,8,137,86
5,23,113,92
5,6,251,75
5,33,49,132
5,17,151,110
5,53,136,222
5,40,206,132
5,16,43,93
5,45,63,180
5,28,198,127
5,8,48,80
5,34,96,133
5,55,111,192
5,50,174,172
5,52,199,168
5,20,75,92
5,16,200,102
5,24,168,125
5,47,71,166
5,57,135,245
5,6,199,78
5,12,238,93
5,24,143,162
5,18,177,103
5,45,10,189
5,10,160,93
5,41,127,148
5,40,231,132
5,27,95,106
5,49,111,205
5,33,251,115
5,32,63,170
5,22,4,194
5,31,129,115
5,5,41,68
5,31,216,175
5,34,221,138
5,32,16,175
5,5,198,49
5,10,61,102
5,17,111,108
5,47,47,181
5,5,223,78
5,14,7,130
5,29,64,197
5,14,165,74
5,16,95,69
5,20,65,123
5,55,97,228
5,49,119,180
5,36,33,157
5,13,83,83
5,6,96,99
5,39,128,162
5,18,179,78
5,6,119,100
5,50,201,251
5,59,210,248
5,14,219,91
5,58,71,243
5,15,37,116
5,48,199,205
5,48,169,204
5,47,208,182
5,44,115,190
5,21,23,145
5,52,49,243
5,39,215,154
5,45,151,190
5,52,21,241
5,34,110,157
5,37,183,150
5,57,31,220
5,42,23,208
5,58,67,215
5,55,251,189
5,38,159,204
5,29,235,146
5,51,158,206
5,26,62,146
5,11,188,93
5,45,187,153
5,42,231,173
5,24,148,90
5,27,39,163
5,47,25,182
5,30,174,145
5,52,232,199
5,23,125,118
5,32,149,137
6,48,80,224
6,58,184,225
6,48,225,154
6,34,225,112
6,32,72,119
6,16,225,88
6,10,80,135
6,16,49,91
6,32,223,175
6,32,168,105
6,16,89,85
6,14,216,61
6,24,119,91
6,16,23,95
6,16,39,143
6,32,135,114
6,34,224,141
6,43,33,248
6,20,183,77
6,30,200,129
6,26,63,105
6,8,82,68
6,10,112,66
6,22,239,81
6,20,207,75
6,8,143,84
6,54,144,223
6,4,160,50
6,6,20,82
6,47,16,191
6,40,167,209
6,42,234,170
6,40,210,130
6,35,183,117
6,47,119,241
6,13,145,61
6,28,238,122
6,20,153,84
6,56,145,189
6,10,68,102
6,44,109,156
6,11,183,57
6,15,191,128
6,41,87,150
6,16,127,77
6,21,80,92
6,35,56,133
6,54,56,248
6,41,235,130
6,28,197,98
6,16,41,117
6,8,231,55
6,32,63,166
6,27,37,117
6,58,142,246
6,14,242,64
6,7,201,49
6,56,103,227
6,43,135,148
6,7,49,68
6,7,208,77
6,36,104,132
6,36,17,156
6,56,116,195
6,25,144,163
6,41,58,150
6,24,4,152
6,47,49,182
6,48,200,205
6,59,217,246
6,48,176,204
6,47,31,180
6,28,41,160
6,15,169,70
6,36,199,165
6,53,55,204
6,4,17,109
6,20,182,103
6,58,39,220
6,52,179,172
6,30,14,134
6,27,64,141
6,41,23,160
6,41,153,137
6,14,13,129
6,46,192,152
6,7,101,99
6,32,151,139
6,52,161,205
6,47,70,181
6,35,111,155
6,31,175,146
6,11,167,91
6,4,133,51
6,50,113,205
6,10,55,78
6,29,103,108
6,48,225,224
6,47,77,168
6,40,120,193
6,25,5,130
6,52,155,174
6,24,127,117
6,25,153,90
6,40,4,197
6,6,123,101
6,52,205,167
6,30,71,193
6,38,38,157
6,30,127,139
6,16,103,66
6,13,93,109
6,16,201,95
6,54,201,209
6,12,197,87
6,58,225,218
6,20,70,119
6,40,219,153
6,18,157,107
6,19,113,106
6,22,224,111
6,45,121,190
6,32,19,174
6,51,23,208
6,12,244,90
6,40,131,162
6,30,242,147
6,24,170,125
6,6,231,81
6,47,47,214
6,22,201,121
6,48,213,182
6,59,77,245
6,16,111,65
7,56,152,223
7,16,89,86
7,48,71,183
7,48,119,242
7,16,25,97
7,34,224,183
7,4,114,37
7,16,200,130
7,24,120,93
7,44,30,249
7,8,23,84
7,46,111,160
7,48,17,196
7,12,80,138
7,16,41,118
7,16,4,95
7,42,237,130
7,16,219,66
7,28,39,122
7,30,200,98
7,26,64,107
7,35,224,141
7,17,51,93
7,41,215,133
7,22,81,94
7,6,161,54
7,16,175,73
7,28,240,127
7,8,51,68
7,8,206,50
7,48,215,183
7,42,168,213
7,36,185,120
7,46,128,191
7,12,71,103
7,32,73,123
7,30,199,127
7,43,234,174
7,32,172,108
7,15,149,66
7,8,103,103
7,36,200,168
7,9,87,70
7,9,145,87
7,11,114,69
7,12,185,59
7,17,129,78
7,8,127,101
7,36,56,137
7,5,136,54
7,31,104,111
7,57,144,190
7,49,88,223
7,52,183,174
7,8,234,88
7,21,209,78
7,22,48,100
7,9,234,57
7,34,226,112
7,23,31,142
7,59,145,248
7,54,55,206
7,42,59,155
7,8,209,78
7,57,119,196
7,31,127,141
7,31,15,138
7,44,135,150
7,19,160,110
7,36,112,156
7,31,175,143
7,48,79,171
7,19,119,110
7,21,184,107
7,34,143,116
7,25,4,196
7,48,29,183
7,43,89,155
7,48,231,154
7,15,243,64
7,42,158,140
7,56,111,228
7,10,56,82
7,52,207,167
7,24,242,86
7,14,96,115
7,38,191,150
7,26,7,132
7,32,247,146
7,32,151,140
7,24,224,111
7,59,39,220
7,21,186,79
7,48,53,187
7,24,95,126
7,7,5,69
7,4,105,57
7,33,64,166
7,37,105,135
7,54,31,241
7,38,40,158
7,20,69,122
7,42,25,164
7,21,156,86
7,50,113,206
7,37,19,158
7,6,173,78
7,22,200,126
7,54,57,250
7,39,7,195
7,4,247,43
7,26,175,129
7,26,5,157
7,14,13,128
7,33,23,174
7,47,199,153
7,4,105,88
7,44,31,207
7,53,239,198
7,4,136,76
7,53,157,176
7,41,136,163
7,54,204,211
7,40,221,154
7,53,167,206
7,30,71,195
7,17,231,91
7,16,103,67
7,5,78,103
7,14,201,87
7,27,67,140
7,10,4,156
7,52,126,182
7,12,170,92
7,18,207,102
7,18,42,145
7,58,225,222
7,12,223,99
7,39,48,181
8,16,223,68
8,4,119,38
8,10,80,138
8,48,31,187
8,34,79,126
8,4,183,29
8,16,153,69
8,18,54,94
8,48,88,223
8,8,208,51
8,44,64,158
8,43,236,176
8,12,119,73
8,42,239,132
8,25,120,99
8,8,55,71
8,47,113,166
8,30,200,101
8,10,236,57
8,22,87,97
8,32,16,141
8,48,200,156
8,10,150,93
8,22,160,90
8,7,167,56
8,56,62,251
8,17,233,94
8,30,71,197
8,48,72,183
8,13,192,60
8,50,234,161
8,9,88,73
8,50,21,201
8,16,95,87
8,35,143,120
8,44,159,145
8,34,174,112
8,19,135,84
8,40,9,201
8,30,41,128
8,27,67,112
8,44,31,169
8,7,141,56
8,38,189,124
8,26,8,199
8,58,121,199
8,23,215,82
8,54,160,180
8,9,238,88
8,6,40,99
8,17,7,100
8,52,207,172
8,48,113,243
8,32,107,116
8,15,245,66
8,16,12,133
8,37,57,141
8,57,155,226
8,43,219,138
8,10,29,87
8,16,96,119
8,11,61,84
8,24,243,88
8,44,135,153
8,54,185,181
8,31,175,147
8,9,105,110
8,22,191,108
8,17,207,133
8,48,216,189
8,38,191,154
8,51,120,207
8,22,189,82
8,16,29,100
8,57,4,226
8,58,147,195
8,8,213,80
8,8,11,73
8,35,225,185
8,57,111,234
8,9,129,105
8,24,33,147
8,29,245,127
8,41,223,156
8,4,110,61
8,23,49,103
8,55,207,219
8,20,47,150
8,36,227,116
8,13,75,107
8,47,55,214
8,38,109,139
8,36,203,167
8,32,152,140
8,26,5,160
8,6,74,104
8,56,57,210
8,4,125,118
8,32,245,150
8,34,71,171
8,36,227,143
8,36,113,156
8,28,73,147
8,38,19,166
8,20,119,116
8,4,249,43
8,42,87,187
8,18,5,119
8,7,175,81
8,14,200,91
8,44,32,210
8,50,57,191
8,50,85,174
8,27,181,127
8,53,235,225
8,47,129,193
8,24,225,114
8,43,93,159
8,32,131,147
8,27,7,138
8,53,128,185
8,30,49,163
8,42,141,168
8,17,177,76
8,43,171,222
8,31,205,130
8,40,40,165
8,17,43,123
8,18,208,101
8,20,165,115
8,5,110,90
8,50,207,206
8,52,31,214
8,4,142,78
8,54,37,246
8,33,97,172
8,29,17,118
8,22,77,124
8,50,215,248
8,47,165,196
8,4,24,110
8,34,22,179
9,56,208,223
9,48,31,190
9,17,225,69
9,52,96,225
9,10,209,52
9,18,31,101
9,10,33,86
9,18,55,93
9,8,144,58
9,44,240,177
9,32,208,129
9,28,71,114
9,10,239,57
9,32,203,103
9,5,123,38
9,12,153,94
9,10,96,73
9,39,191,128
9,4,185,27
9,18,158,71
9,32,135,145
9,10,223,80
9,48,199,157
9,45,224,141
9,23,215,84
9,20,137,85
9,40,15,199
9,50,235,161
9,48,168,196
9,42,168,223
9,26,125,100
9,34,178,114
9,17,215,132
9,34,77,131
9,58,159,228
9,35,144,118
9,19,237,97
9,14,197,60
9,20,11,106
9,18,96,91
9,23,191,111
9,38,111,136
9,6,113,62
9,14,122,77
9,24,55,105
9,12,4,162
9,58,125,202
9,10,241,88
9,44,161,145
9,43,242,133
9,10,61,73
9,49,224,191
9,23,88,97
9,30,44,127
9,37,234,146
9,38,61,145
9,36,231,115
9,32,17,141
9,10,82,140
9,9,169,58
9,45,65,162
9,9,41,105
9,23,167,92
9,16,250,68
9,56,63,250
9,6,82,105
9,36,235,185
9,47,117,166
9,23,192,81
9,28,185,133
9,18,15,139
9,6,144,81
9,30,71,197
9,58,150,195
9,18,48,126
9,51,23,205
9,19,7,123
9,26,8,164
9,44,95,158
9,14,79,109
9,9,13,75
9,4,80,66
9,10,134,102
9,44,33,172
9,52,208,172
9,38,23,164
9,44,136,153
9,29,251,126
9,47,57,215
9,32,109,117
9,38,208,173
9,26,159,168
9,16,99,118
9,13,67,84
9,42,87,186
9,55,175,214
9,42,144,168
9,4,47,70
9,27,10,202
9,10,109,109
9,48,88,214
9,55,161,180
9,32,183,153
9,56,57,212
9,21,167,118
9,51,121,210
9,44,137,200
9,28,77,148
9,54,39,247
9,25,249,88
9,57,115,234
9,33,159,138
9,22,120,116
9,54,187,183
9,18,183,77
9,33,105,169
9,48,32,225
9,31,54,165
9,22,74,124
9,49,78,189
9,33,249,149
9,5,162,94
9,4,211,68
9,5,115,90
9,37,118,156
9,20,215,106
9,15,176,99
9,34,79,167
9,9,181,80
9,29,19,118
9,51,87,179
9,42,225,156
9,50,207,206
9,6,27,111
9,4,83,89
9,48,131,193
10,32,200,103
10,43,167,224
10,32,207,129
10,48,113,167
10,57,208,223
10,6,184,27
10,24,161,94
10,16,192,61
10,12,31,85
10,10,143,59
10,18,224,70
10,32,40,131
10,28,121,100
10,40,238,174
10,4,73,45
10,11,208,52
10,6,123,37
10,24,192,110
10,24,88,96
10,46,239,179
10,16,119,77
10,12,80,141
10,46,160,149
10,52,89,224
10,11,237,57
10,15,63,85
10,36,177,114
10,20,52,96
10,44,239,134
10,40,190,130
10,10,169,58
10,46,32,174
10,19,154,71
10,36,143,119
10,48,113,241
10,24,215,85
10,47,223,144
10,11,223,80
10,28,160,169
10,12,56,73
10,7,111,62
10,30,70,114
10,52,23,205
10,52,233,161
10,40,57,147
10,21,5,106
10,16,97,118
10,35,71,132
10,6,131,119
10,56,63,247
10,21,235,98
10,20,47,125
10,38,232,145
10,46,134,155
10,34,105,119
10,30,185,127
10,11,9,76
10,11,104,102
10,6,113,85
10,48,55,213
10,33,15,141
10,19,26,101
10,24,190,82
10,46,63,160
10,32,55,166
10,40,18,170
10,40,105,139
10,11,35,108
10,12,153,97
10,18,215,133
10,34,135,148
10,8,75,103
10,13,93,76
10,36,78,165
10,10,240,87
10,4,231,35
10,39,207,174
10,6,79,66
10,20,5,124
10,59,121,202
10,22,134,84
10,57,55,213
10,26,51,106
10,27,32,154
10,26,249,89
10,59,149,196
10,58,109,233
10,44,144,171
10,16,77,108
10,40,7,202
10,38,121,158
10,29,6,205
10,56,159,182
10,8,144,80
10,56,185,187
10,59,159,233
10,50,72,188
10,43,225,158
10,8,19,114
10,23,119,119
10,27,9,164
10,16,207,92
10,24,71,126
10,34,249,151
10,51,56,195
10,48,129,195
10,37,229,116
10,5,80,90
10,17,246,70
10,53,125,213
10,43,33,208
10,11,179,79
10,4,200,45
10,50,223,194
10,54,38,246
10,44,137,204
10,48,87,213
10,44,92,157
10,18,13,136
10,11,131,102
10,5,213,67
10,50,165,197
10,41,194,157
10,22,167,118
10,36,19,182
10,16,179,98
10,33,69,203
10,37,235,187
10,50,195,158
10,28,231,118
10,21,47,153
10,54,23,221
10,19,177,78
10,40,48,182
10,33,158,138
10,34,187,150
10,52,207,204
10,49,24,189
10,6,45,70
10,26,103,134
10,30,19,117
11,44,175,224
11,20,31,103
11,47,224,146
11,48,119,168
11,16,5,167
11,22,57,97
11,12,13,76
11,4,80,44
11,33,207,103
11,18,224,135
11,6,129,37
11,32,215,128
11,11,146,61
11,12,39,82
11,20,159,74
11,33,80,200
11,12,213,55
11,16,71,87
11,14,87,143
11,46,135,157
11,8,119,62
11,10,241,58
11,25,167,95
11,40,242,174
11,8,140,120
11,37,184,118
11,6,190,29
11,24,199,115
11,38,237,146
11,56,71,251
11,54,94,225
11,31,71,117
11,12,40,108
11,13,160,98
11,11,175,60
11,4,15,74
11,14,96,80
11,22,48,127
11,16,80,111
11,30,191,130
11,28,126,101
11,43,239,134
11,37,235,118
11,16,124,78
11,22,7,127
11,50,224,190
11,25,221,85
11,16,193,61
11,40,57,148
11,40,111,142
11,46,244,178
11,52,238,163
11,22,9,109
11,23,136,86
11,54,31,222
11,32,43,131
11,56,159,183
11,7,143,76
11,25,95,99
11,28,238,117
11,12,63,75
11,4,230,38
11,11,185,82
11,12,136,99
11,19,230,71
11,47,33,178
11,21,241,98
11,24,71,129
11,58,111,238
11,54,240,226
11,20,47,152
11,24,193,82
11,37,151,124
11,52,207,199
11,41,194,133
11,47,167,154
11,30,16,206
11,57,208,223
11,52,24,205
11,50,168,197
11,49,120,243
11,39,5,159
11,35,19,145
11,17,104,118
11,7,86,67
11,4,205,47
11,4,146,52
11,28,166,168
11,37,78,133
11,24,119,123
11,35,109,122
11,9,17,110
11,47,65,162
11,49,31,191
11,37,239,190
11,40,8,205
11,52,77,189
11,5,88,92
11,48,95,214
11,7,6,89
11,10,227,84
11,7,115,84
11,58,168,222
11,7,54,69
11,26,55,107
11,34,143,149
11,58,189,190
11,32,7,148
11,28,11,164
11,50,199,159
11,9,83,103
11,58,57,215
11,48,61,214
11,44,93,160
11,43,89,188
11,5,221,69
11,10,245,90
11,49,137,198
11,12,109,100
11,32,63,166
11,23,176,118
11,44,149,173
11,53,123,214
11,56,134,190
11,39,127,158
11,48,33,224
11,16,191,99
11,55,46,245
11,53,89,181
11,36,21,189
11,53,62,197
11,40,198,155
11,36,119,175
11,21,183,82
11,41,23,174
11,43,39,213
11,33,160,139
11,54,207,173
11,25,251,87
11,56,249,210
12,16,15,167
12,58,215,223
12,43,184,224
12,8,152,119
12,32,224,130
12,20,40,102
12,15,96,144
12,6,199,28
12,12,223,55
12,30,136,102
12,16,87,111
12,24,200,79
12,17,136,77
12,22,67,94
12,48,175,155
12,31,79,115
12,12,23,74
12,12,157,61
12,26,175,95
12,24,80,128
12,24,207,113
12,19,236,71
12,48,121,170
12,16,201,62
12,6,141,36
12,33,214,103
12,24,225,86
12,17,80,87
12,14,167,99
12,37,191,120
12,21,167,75
12,4,91,43
12,27,175,166
12,46,143,156
12,40,64,147
12,47,40,177
12,23,17,125
12,4,185,46
12,22,23,108
12,14,75,74
12,40,15,203
12,24,146,87
12,42,200,136
12,53,32,205
12,12,49,109
12,47,232,147
12,11,183,62
12,8,126,61
12,26,104,101
12,4,238,38
12,8,16,89
12,36,152,125
12,47,71,164
12,28,17,161
12,11,233,84
12,40,10,162
12,31,199,132
12,7,97,66
12,15,108,79
12,58,63,214
12,32,51,129
12,33,89,200
12,38,247,143
12,58,192,193
12,8,122,85
12,8,176,97
12,12,192,84
12,19,238,134
12,46,48,251
12,14,113,98
12,12,144,98
12,16,223,93
12,11,251,58
12,40,251,172
12,26,65,106
12,21,56,124
12,7,153,76
12,56,77,249
12,37,119,122
12,43,243,132
12,16,9,103
12,50,33,191
12,5,24,74
12,40,114,141
12,37,243,116
12,47,251,181
12,7,67,70
12,9,90,102
12,9,24,111
12,35,151,155
12,32,31,118
12,36,31,188
12,43,241,160
12,40,207,154
12,52,249,163
12,33,72,165
12,13,51,84
12,43,95,186
12,5,215,50
12,25,127,123
12,56,167,183
12,31,23,206
12,6,96,87
12,6,156,53
12,52,81,187
12,54,5,227
12,54,49,243
12,52,5,203
12,51,233,190
12,52,215,199
12,16,199,101
12,32,14,148
12,35,25,146
12,21,249,98
12,37,245,190
12,48,33,224
12,50,177,198
12,28,113,134
12,18,114,117
12,5,229,74
12,48,121,241
12,54,35,222
12,43,47,210
12,59,115,241
12,44,5,184
12,54,97,180
12,41,31,175
12,28,47,157
12,47,71,214
12,23,184,118
12,43,99,156
12,28,248,117
12,37,96,172
12,39,223,173
12,26,233,131
12,37,85,134
12,48,103,213
12,53,129,212
12,52,209,160
12,57,176,219
12,53,69,198
12,58,239,192
12,28,143,132
12,21,189,82
13,44,184,224
13,58,216,224
13,48,128,166
13,22,71,92
13,24,153,85
13,32,56,125
13,12,104,136
13,30,144,99
13,8,160,118
13,46,236,142
13,26,184,159
13,54,11,225
13,24,234,82
13,32,217,100
13,4,99,36
13,16,19,164
13,20,47,98
13,16,96,107
13,23,32,103
13,34,31,139
13,10,241,81
13,5,224,46
13,14,86,71
13,6,209,25
13,52,87,184
13,46,79,161
13,37,195,119
13,21,175,71
13,52,136,209
13,8,32,103
13,11,31,67
13,15,209,60
13,6,32,70
13,5,152,30
13,8,73,63
13,45,56,251
13,40,120,137
13,11,165,56
13,30,208,129
13,25,111,95
13,52,32,202
13,16,117,76
13,9,135,58
13,59,160,197
13,35,160,150
13,11,191,58
13,33,80,160
13,45,150,151
13,17,87,84
13,10,57,99
13,48,128,239
13,12,151,92
13,36,159,119
13,49,39,187
13,43,202,134
13,6,160,69
13,58,120,236
13,19,247,129
13,54,249,225
13,17,143,74
13,7,106,61
13,31,82,113
13,40,71,144
13,39,16,157
13,58,199,194
13,16,15,97
13,26,181,93
13,53,103,178
13,10,200,81
13,7,129,80
13,9,23,85
13,48,183,154
13,32,95,194
13,36,97,126
13,18,241,66
13,4,244,35
13,32,231,128
13,22,23,120
13,24,207,76
13,13,57,81
13,20,63,118
13,13,175,90
13,4,193,43
13,24,213,113
13,38,251,142
13,12,229,52
13,43,104,153
13,38,224,168
13,4,235,70
13,36,122,119
13,40,32,172
13,37,85,133
13,56,86,244
13,26,236,126
13,49,152,197
13,42,250,129
13,20,233,107
13,5,4,79
13,37,251,186
13,52,11,200
13,50,184,198
13,34,185,141
13,10,4,100
13,56,171,183
13,26,70,102
13,5,105,85
13,44,249,162
13,28,23,157
13,56,143,190
13,43,9,178
13,54,217,174
13,39,23,198
13,14,125,94
13,32,16,143
13,23,191,111
13,45,160,172
13,44,97,186
13,24,86,124
13,51,237,189
13,8,101,97
13,46,45,173
13,39,7,244
13,28,121,132
13,37,251,113
13,21,193,80
13,58,69,211
13,16,225,90
13,37,103,170
13,31,96,149
13,59,167,231
13,29,152,129
13,52,103,231
13,53,55,236
13,36,37,182
13,40,213,150
13,5,161,50
13,33,207,154
13,58,242,191
13,51,215,160
13,41,55,165
13,22,65,140
13,54,39,219
13,28,51,150
14,58,223,225
14,44,184,225
14,22,72,93
14,12,32,69
14,24,32,109
14,34,217,104
14,18,144,78
14,12,167,58
14,4,101,37
14,20,48,100
14,6,154,31
14,14,176,90
14,36,31,143
14,16,119,77
14,47,48,175
14,48,183,158
14,10,136,60
14,47,237,145
14,25,234,82
14,15,88,75
14,9,161,119
14,47,79,165
14,32,85,116
14,31,208,129
14,24,119,94
14,8,112,63
14,8,4,125
14,6,213,25
14,20,4,118
14,39,197,124
14,8,78,64
14,32,55,130
14,14,128,96
14,48,103,224
14,7,7,86
14,12,193,58
14,50,40,189
14,16,22,162
14,34,232,130
14,46,151,154
14,27,183,97
14,24,88,125
14,44,201,139
14,19,89,85
14,59,160,198
14,40,16,164
14,6,226,46
14,31,147,101
14,8,135,83
14,8,103,103
14,16,211,60
14,23,177,76
14,40,120,140
14,24,215,117
14,11,243,82
14,34,87,164
14,13,231,54
14,44,105,154
14,14,103,141
14,52,234,193
14,27,112,100
14,20,251,131
14,22,71,142
14,55,40,223
14,11,203,79
14,20,245,67
14,25,156,86
14,27,237,127
14,51,194,224
14,21,63,122
14,37,128,120
14,27,71,106
14,59,199,201
14,16,208,98
14,45,104,189
14,36,161,154
14,25,207,80
14,6,245,37
14,46,167,174
14,40,10,251
14,24,25,126
14,7,39,75
14,37,249,186
14,53,104,178
14,58,166,234
14,7,109,85
14,12,153,95
14,48,79,212
14,48,129,171
14,56,143,193
14,8,186,94
14,40,73,149
14,53,33,206
14,40,216,151
14,45,56,209
14,14,61,83
14,4,237,71
14,17,98,111
14,5,197,46
14,24,191,114
14,42,247,129
14,53,13,204
14,27,192,163
14,28,127,134
14,12,5,105
14,21,234,107
14,4,65,58
14,32,103,149
14,10,61,101
14,32,17,148
14,58,71,219
14,17,17,100
14,48,127,225
14,30,159,129
14,54,11,229
14,7,163,73
14,52,216,162
14,6,166,51
14,56,171,185
14,44,247,165
14,53,139,214
14,50,159,199
14,11,25,88
14,53,91,188
14,34,187,143
14,9,34,107
14,45,11,182
14,46,215,178
14,28,55,152
14,18,128,116
14,41,37,171
14,15,227,91
14,54,216,177
14,54,75,197
14,57,185,219
14,42,57,168
14,5,159,91
15,59,223,224
15,32,145,103
15,16,88,79
15,16,104,144
15,56,39,224
15,22,48,104
15,48,239,147
15,59,185,223
15,8,39,79
15,48,79,168
15,26,238,85
15,34,86,121
15,28,72,110
15,30,184,103
15,37,32,146
15,5,99,39
15,54,32,209
15,25,32,113
15,24,73,96
15,26,119,98
15,36,219,109
15,7,215,28
15,15,167,62
15,48,48,180
15,14,31,71
15,10,111,68
15,12,135,65
15,47,151,156
15,16,177,96
15,10,106,105
15,32,207,130
15,10,4,125
15,10,136,89
15,8,155,35
15,9,245,42
15,51,136,174
15,20,144,84
15,23,4,121
15,18,212,63
15,29,191,166
15,19,118,85
15,12,31,93
15,47,183,225
15,38,247,191
15,54,88,191
15,52,41,193
15,40,197,130
15,11,56,105
15,8,167,74
15,48,174,178
15,25,216,116
15,6,64,63
15,9,191,94
15,16,207,101
15,10,78,68
15,9,7,91
15,17,23,165
15,26,88,130
15,27,157,91
15,54,103,181
15,42,16,166
15,39,127,124
15,13,191,61
15,46,105,157
15,29,109,104
15,47,248,166
15,42,120,145
15,22,250,139
15,16,63,92
15,8,161,56
15,48,127,225
15,25,179,79
15,13,246,84
15,4,87,58
15,7,160,93
15,23,235,110
15,19,18,104
15,48,105,192
15,53,238,196
15,20,245,69
15,14,226,59
15,26,209,84
15,6,193,46
15,15,5,110
15,42,73,153
15,8,225,51
15,34,231,136
15,20,127,116
15,6,240,76
15,49,79,214
15,54,223,166
15,50,183,161
15,48,215,179
15,4,119,49
15,16,133,99
15,38,167,158
15,38,159,125
15,44,246,131
15,24,191,117
15,33,111,154
15,46,203,143
15,12,166,124
15,34,17,152
15,58,173,190
15,33,56,133
15,8,213,74
15,56,10,236
15,18,99,113
15,36,91,165
15,58,142,198
15,22,63,124
15,47,55,214
15,17,233,98
15,30,57,155
15,26,143,118
15,32,39,212
15,14,158,97
15,8,115,90
15,55,11,210
15,55,139,218
15,47,11,186
15,21,89,90
15,13,203,82
15,39,110,131
15,41,151,165
15,56,63,245
15,24,71,146
15,53,191,210
15,44,57,172
15,56,77,206
15,54,219,205
15,43,35,177
15,55,109,237
15,26,25,128
15,30,128,137
15,31,143,158
15,8,33,108
15,39,75,137
15,4,143,49
15,4,74,83
15,53,103,220
15,38,189,147
16,44,152,224
16,48,73,225
16,12,224,70
16,48,79,225
16,58,125,223
16,32,216,119
16,49,190,224
16,32,81,133
16,24,113,110
16,52,135,226
16,24,236,95
16,16,208,74
16,12,104,154
16,48,128,186
16,31,32,224
16,15,18,175
16,49,39,205
16,10,129,76
16,4,96,50
16,58,167,247
16,20,42,117
16,40,31,189
16,6,154,46
16,8,5,103
16,14,56,107
16,17,113,96
16,14,177,107
16,53,8,224
16,44,241,174
16,26,65,123
16,28,104,118
16,7,242,53
16,15,81,90
16,38,191,142
16,21,65,108
16,28,183,114
16,12,163,74
16,5,211,37
16,12,159,106
16,17,15,117
16,46,233,157
16,30,142,117
16,52,31,221
16,12,243,92
16,40,23,218
16,44,145,167
16,40,119,157
16,20,145,96
16,41,241,140
16,9,105,80
16,45,183,242
16,8,139,96
16,11,163,138
16,11,189,71
16,48,182,175
16,23,176,91
16,53,105,250
16,24,21,143
16,57,217,236
16,19,87,102
16,40,71,166
16,32,11,164
16,33,175,120
16,16,96,123
16,32,208,168
16,43,56,224
16,51,96,191
16,24,207,94
16,37,71,147
16,28,56,166
16,11,25,84
16,6,224,60
16,25,153,102
16,11,201,92
16,5,237,86
16,59,195,218
16,32,48,146
16,8,71,83
16,37,121,135
16,24,29,127
16,9,109,118
16,7,185,103
16,57,184,235
16,11,25,106
16,36,185,165
16,22,215,131
16,39,13,181
16,58,61,232
16,19,56,135
16,44,101,171
16,43,197,156
16,22,251,153
16,44,7,197
16,4,62,76
16,28,127,147
16,8,115,98
16,56,168,204
16,24,143,130
16,38,247,207
16,18,245,79
16,7,35,92
16,46,170,190
16,46,47,188
16,48,159,215
16,37,251,129
16,15,231,110
16,4,189,58
16,29,203,144
16,52,215,215
16,28,185,180
16,52,83,204
16,31,111,164
16,54,7,250
16,58,155,213
16,4,159,102
16,23,81,139
16,40,149,179
16,6,163,83
16,51,233,209
16,56,137,211
16,35,161,170
16,26,234,141
16,14,207,111
16,6,157,66
16,42,207,134
16,45,73,182
16,13,133,111
16,52,251,180
16,51,216,176
16,18,125,130
16,47,105,208
16,20,233,120
16,31,103,202
16,32,227,149
16,35,90,177
16,8,50,115
16,44,119,246
16,35,27,159
16,58,238,209
16,6,31,119
16,40,54,182
16,22,191,130
16,38,215,164
16,53,33,237
16,20,66,157
16,6,211,82
16,22,195,96
17,52,32,224
17,50,191,224
17,34,223,119
17,14,167,143
17,45,154,225
17,10,111,118
17,44,56,224
17,24,71,110
17,14,168,75
17,10,9,106
17,16,19,179
17,23,47,120
17,26,119,110
17,13,31,85
17,52,216,214
17,47,237,159
17,46,176,189
17,25,31,128
17,7,159,45
17,48,80,226
17,42,120,158
17,24,216,133
17,32,141,120
17,13,225,68
17,12,200,94
17,14,110,157
17,6,217,36
17,17,87,92
17,37,31,162
17,10,144,96
17,54,87,206
17,31,201,144
17,58,168,248
17,13,31,109
17,25,144,133
17,28,69,124
17,38,127,137
17,9,243,55
17,4,101,49
17,4,225,110
17,11,111,82
17,40,193,146
17,30,191,185
17,25,240,96
17,14,159,107
17,48,54,194
17,29,105,119
17,55,77,224
17,7,224,61
17,9,40,93
17,33,83,137
17,18,17,119
17,30,186,117
17,27,237,144
17,19,115,99
17,26,23,146
17,40,249,211
17,13,192,71
17,48,111,213
17,42,243,142
17,33,231,150
17,6,167,83
17,24,87,140
17,29,31,174
17,4,9,98
17,58,220,235
17,49,183,176
17,45,105,172
17,36,97,178
17,51,237,209
17,12,133,78
17,14,245,92
17,38,73,150
17,15,181,106
17,18,211,75
17,42,31,221
17,20,127,132
17,31,40,223
17,33,111,163
17,46,15,202
17,40,111,194
17,25,183,94
17,44,201,156
17,15,135,115
17,50,135,187
17,10,75,84
17,48,167,214
17,41,19,184
17,6,192,53
17,14,63,100
17,6,67,76
17,9,161,68
17,5,87,74
17,47,79,182
17,32,105,205
17,16,233,109
17,7,215,80
17,55,110,249
17,9,121,103
17,43,208,133
17,22,238,125
17,6,118,65
17,40,151,180
17,10,56,113
17,22,149,98
17,7,243,86
17,23,199,99
17,53,141,231
17,45,246,174
17,38,191,170
17,40,215,164
17,33,15,168
17,56,169,202
17,51,47,208
17,47,145,172
17,53,103,195
17,46,216,194
17,31,143,174
17,47,215,224
17,42,39,192
17,19,249,79
17,26,157,102
17,54,11,226
17,57,141,214
17,29,129,147
17,46,187,244
17,26,211,95
17,20,57,138
17,55,39,241
17,17,103,124
17,42,73,167
17,45,119,249
17,42,79,168
17,38,110,147
17,4,140,61
17,37,168,173
17,18,136,77
17,21,91,105
17,52,199,241
17,40,227,182
17,7,191,99
17,4,161,100
17,52,223,179
17,57,186,233
17,5,73,96
17,21,64,156
17,32,209,169
17,24,9,177
17,33,51,149
17,34,166,129
18,42,32,225
18,4,40,152
18,16,169,80
18,48,159,225
18,16,184,108
18,16,111,161
18,36,221,125
18,16,168,149
18,48,80,189
18,30,40,224
18,48,16,207
18,8,160,48
18,24,46,125
18,48,240,166
18,34,81,142
18,48,55,199
18,4,37,77
18,39,31,168
18,48,215,225
18,14,225,69
18,32,201,148
18,30,104,125
18,15,32,91
18,10,245,57
18,19,215,78
18,27,31,136
18,25,72,116
18,27,119,115
18,31,191,192
18,18,81,98
18,16,19,183
18,11,11,109
18,40,72,154
18,6,103,52
18,39,127,142
18,32,141,124
18,48,149,177
18,15,31,115
18,10,40,98
18,32,189,122
18,7,217,38
18,10,160,71
18,30,71,130
18,20,115,102
18,6,226,118
18,14,192,74
18,19,17,124
18,52,48,214
18,27,242,101
18,54,39,230
18,25,88,143
18,11,112,125
18,47,175,196
18,9,5,138
18,7,79,104
18,46,103,178
18,29,237,149
18,24,215,142
18,58,221,236
18,7,192,60
18,43,120,165
18,20,127,133
18,9,225,62
18,7,117,70
18,18,103,125
18,36,182,129
18,15,245,94
18,51,135,194
18,54,142,236
18,57,185,234
18,7,137,64
18,13,106,87
18,7,86,78
18,55,88,213
18,38,191,176
18,25,5,146
18,52,237,211
18,8,67,82
18,16,138,118
18,8,168,87
18,33,112,166
18,14,207,97
18,28,25,154
18,14,131,83
18,51,112,245
18,28,158,109
18,18,234,110
18,52,215,218
18,40,111,151
18,42,248,217
18,27,183,101
18,43,243,147
18,5,10,106
18,36,96,181
18,23,147,103
18,56,41,248
18,58,142,220
18,10,121,108
18,9,193,103
18,23,94,108
18,32,167,151
18,10,148,100
18,45,241,178
18,42,193,152
18,15,61,108
18,19,56,141
18,48,111,218
18,40,112,196
18,4,136,87
18,8,61,115
18,16,163,110
18,51,184,181
18,47,189,250
18,8,215,84
18,56,75,227
18,47,216,197
18,20,33,157
18,43,21,192
18,43,41,198
18,34,49,154
18,21,71,158
18,56,13,232
18,40,216,173
18,54,101,199
18,43,73,173
18,38,168,181
18,20,249,82
18,35,17,175
18,30,63,174
18,34,209,176
18,9,243,91
18,34,231,158
18,30,35,179
18,17,215,117
18,58,173,210
18,36,162,131
18,46,205,162
18,23,238,131
18,20,138,81
18,26,149,134
18,51,191,230
18,53,200,247
18,25,200,103
18,40,231,191
18,24,193,138
18,42,72,204
18,53,223,183
18,41,147,187
18,44,207,137
18,53,216,181
18,6,35,118
18,40,142,162
18,47,57,234
18,12,73,88
18,28,213,101
19,32,47,224
19,16,32,94
19,48,111,223
19,50,168,225
19,37,224,129
19,43,246,224
19,48,216,225
19,16,31,119
19,26,72,115
19,20,216,80
19,24,144,108
19,48,15,214
19,8,216,42
19,12,40,105
19,20,82,102
19,16,104,165
19,54,143,240
19,33,191,126
19,54,33,233
19,24,41,131
19,14,12,115
19,48,145,183
19,28,239,104
19,7,40,157
19,8,136,69
19,32,103,131
19,34,141,129
19,40,31,174
19,35,82,148
19,22,113,108
19,48,207,167
19,15,129,86
19,46,241,183
19,16,244,99
19,15,104,93
19,12,158,75
19,8,80,110
19,10,6,142
19,6,35,82
19,44,31,232
19,7,12,109
19,12,111,127
19,54,217,221
19,40,73,160
19,16,193,78
19,29,31,143
19,40,127,146
19,52,238,214
19,12,150,103
19,10,65,86
19,32,207,150
19,28,118,119
19,44,120,170
19,40,111,157
19,49,239,168
19,16,185,109
19,52,183,186
19,14,207,100
19,10,183,66
19,8,85,82
19,16,227,73
19,36,231,158
19,48,105,182
19,7,101,55
19,58,222,238
19,9,161,50
19,47,169,198
19,31,73,133
19,12,247,61
19,17,170,86
19,19,21,190
19,10,168,91
19,33,112,167
19,56,89,219
19,19,103,128
19,58,185,241
19,21,18,131
19,47,64,238
19,20,234,114
19,43,197,156
19,18,175,154
19,53,48,219
19,40,167,183
19,24,59,127
19,44,73,180
19,44,249,150
19,27,223,140
19,9,115,74
19,38,183,134
19,28,210,101
19,17,167,110
19,27,151,138
19,9,61,119
19,30,157,114
19,29,183,107
19,20,56,146
19,21,249,85
19,44,40,203
19,53,135,199
19,10,195,109
19,32,33,186
19,30,25,161
19,42,216,174
19,58,174,212
19,24,95,111
19,17,143,122
19,26,87,147
19,36,14,182
19,44,21,200
19,6,32,120
19,36,99,180
19,32,161,152
19,52,190,232
19,4,135,58
19,32,63,179
19,8,227,123
19,4,247,50
19,18,61,111
19,41,112,194
19,30,241,154
19,54,215,187
19,42,145,192
19,58,76,234
19,49,54,205
19,7,207,61
19,22,127,139
19,24,247,135
19,12,122,111
19,26,17,186
19,26,199,107
19,56,103,208
19,32,95,224
19,52,109,244
19,48,152,235
19,48,97,194
19,56,11,238
19,54,251,187
19,8,213,85
19,35,205,174
19,5,139,90
19,33,61,153
19,40,229,194
19,39,189,178
19,37,46,165
19,45,209,141
19,48,71,198
19,22,35,164
20,54,48,224
20,30,32,147
20,56,88,223
20,16,32,97
20,9,47,161
20,16,105,94
20,38,225,132
20,48,105,224
20,14,159,80
20,26,72,116
20,36,88,225
20,34,192,131
20,51,167,225
20,20,84,103
20,43,248,225
20,16,199,82
20,10,232,127
20,34,141,130
20,32,103,133
20,48,208,170
20,36,82,150
20,18,111,165
20,53,191,226
20,8,216,44
20,40,127,147
20,30,119,122
20,23,112,110
20,24,145,110
20,40,47,223
20,52,238,215
20,16,31,122
20,58,224,236
20,54,217,222
20,20,223,82
20,28,200,112
20,10,63,91
20,16,131,91
20,18,144,125
20,12,151,109
20,32,193,198
20,40,138,224
20,48,215,226
20,8,101,59
20,48,152,236
20,32,200,151
20,54,143,243
20,40,71,163
20,10,115,77
20,9,63,119
20,48,64,239
20,18,174,90
20,17,246,103
20,32,33,186
20,28,215,103
20,45,31,236
20,9,167,52
20,32,63,180
20,14,11,119
20,45,183,223
20,41,112,158
20,25,41,134
20,52,183,186
20,18,190,115
20,13,39,108
20,49,16,217
20,12,181,71
20,7,37,84
20,56,34,237
20,48,171,198
20,30,160,116
20,31,183,113
20,21,235,116
20,27,151,138
20,21,17,134
20,28,243,107
20,46,121,174
20,58,175,213
20,10,136,74
20,9,86,113
20,6,140,61
20,11,7,145
20,9,87,84
20,46,242,184
20,14,112,126
20,22,128,140
20,31,75,135
20,16,231,75
20,6,142,91
20,18,168,116
20,37,96,182
20,30,241,157
20,38,161,138
20,48,105,181
20,48,223,225
20,25,72,165
20,27,88,150
20,36,231,161
20,44,193,161
20,41,31,178
20,36,13,183
20,15,208,105
20,31,24,162
20,22,251,88
20,58,75,236
20,19,104,131
20,4,64,74
20,32,159,154
20,54,135,204
20,50,243,173
20,57,9,242
20,11,246,102
20,7,31,124
20,39,184,139
20,27,5,155
20,58,187,242
20,12,249,63
20,39,167,183
20,21,175,162
20,44,77,182
20,20,57,149
20,43,145,194
20,26,92,114
20,42,215,177
20,4,246,52
20,45,251,154
20,28,223,148
20,10,194,112
20,48,98,196
20,33,111,168
20,10,211,89
20,11,173,96
20,5,178,87
20,13,128,113
20,20,25,195
20,4,97,66
20,32,59,151
20,50,149,186
20,38,43,170
20,43,145,168
20,54,215,187
20,7,166,109
20,19,64,116
20,22,35,164
20,39,190,178
20,24,58,129
20,24,251,140
20,34,206,178
20,20,217,126
20,23,143,88
20,45,20,203
20,32,143,184
20,40,227,194
20,46,208,143
20,7,212,65
20,10,231,67
20,45,39,205
20,56,101,209
20,27,199,142
20,50,51,207
21,56,88,224
21,9,56,167
21,17,32,100
21,54,221,224
21,21,224,85
21,48,176,200
21,50,111,225
21,41,143,224
21,47,184,224
21,35,144,133
21,42,31,182
21,41,48,224
21,21,32,199
21,16,234,76
21,51,19,223
21,18,32,125
21,39,30,224
21,54,143,248
21,34,199,132
21,16,129,93
21,10,64,123
21,9,104,60
21,16,14,125
21,42,72,166
21,12,238,133
21,32,35,151
21,20,87,109
21,10,88,86
21,30,121,125
21,56,38,244
21,32,31,166
21,10,168,53
21,40,47,175
21,46,33,239
21,10,88,114
21,46,80,186
21,12,8,147
21,25,4,224
21,48,215,173
21,8,215,66
21,10,16,116
21,25,144,114
21,9,41,88
21,9,221,46
21,16,106,99
21,22,239,119
21,15,161,84
21,37,86,157
21,59,225,239
21,28,6,158
21,26,46,140
21,18,199,86
21,48,135,223
21,27,152,141
21,24,40,166
21,27,75,120
21,31,240,153
21,38,5,225
21,19,174,93
21,38,167,139
21,32,160,157
21,33,105,136
21,11,139,77
21,36,15,186
21,11,251,102
21,32,79,139
21,38,230,135
21,17,143,133
21,11,117,82
21,19,191,118
21,27,95,118
21,48,63,245
21,52,184,189
21,21,63,150
21,30,160,119
21,6,143,95
21,22,128,141
21,54,135,209
21,13,182,73
21,12,69,93
21,5,103,70
21,48,103,199
21,6,65,75
21,53,239,218
21,19,168,121
21,33,199,154
21,32,39,189
21,54,191,228
21,14,43,112
21,51,151,191
21,48,109,186
21,7,141,66
21,24,117,115
21,33,193,202
21,39,105,192
21,4,70,117
21,57,11,244
21,22,21,140
21,16,215,107
21,39,191,182
21,8,169,111
21,28,95,152
21,29,247,109
21,6,179,87
21,32,185,117
21,5,249,54
21,46,126,177
21,30,217,107
21,48,152,240
21,34,63,156
21,47,243,187
21,25,61,134
21,45,151,172
21,20,113,171
21,10,215,91
21,42,231,199
21,9,35,126
21,59,78,243
21,41,117,162
21,45,193,165
21,20,105,134
21,50,249,174
21,29,202,116
21,11,199,111
21,8,129,109
21,7,175,63
21,35,112,174
21,36,227,163
21,39,188,141
21,28,219,151
21,54,53,227
21,13,153,114
21,19,66,117
21,40,131,149
21,56,103,213
21,44,145,197
21,28,79,168
21,12,169,99
21,34,69,185
21,32,134,158
21,14,115,133
21,43,121,201
21,18,247,106
21,45,64,198
21,35,208,181
21,53,80,248
21,58,223,207
21,46,22,209
21,58,190,244
21,42,218,179
21,14,131,119
21,14,77,99
21,48,223,224
21,24,251,142
21,47,215,147
21,23,143,90
21,41,167,186
21,32,145,189
21,26,198,147
21,52,71,203
21,22,177,165
21,48,211,203
21,51,55,214
22,10,56,170
22,55,215,224
22,18,33,101
22,22,87,112
22,39,32,225
22,38,88,158
22,42,55,224
22,32,39,157
22,20,113,175
22,26,143,116
22,36,199,135
22,14,240,137
22,36,144,138
22,23,225,88
22,10,105,62
22,48,135,224
22,32,159,123
22,22,32,203
22,16,164,85
22,40,104,198
22,47,79,188
22,20,192,119
22,42,32,187
22,46,127,181
22,28,75,124
22,20,175,95
22,54,139,249
22,4,19,85
22,10,169,53
22,28,223,150
22,8,143,68
22,10,42,93
22,57,39,249
22,30,120,126
22,40,143,224
22,14,184,74
22,16,14,130
22,33,31,170
22,59,224,240
22,37,232,166
22,32,208,157
22,10,219,47
22,36,16,189
22,10,216,64
22,39,231,138
22,18,109,100
22,6,65,77
22,32,184,118
22,49,216,174
22,22,64,150
22,18,237,79
22,15,119,136
22,30,242,158
22,12,141,78
22,44,72,222
22,46,183,225
22,46,199,166
22,27,96,123
22,4,198,119
22,48,176,203
22,48,150,241
22,19,33,130
22,19,200,86
22,12,251,101
22,11,19,122
22,8,176,64
22,30,7,161
22,4,199,53
22,52,19,227
22,52,153,195
22,32,78,142
22,23,39,166
22,7,183,93
22,46,34,240
22,58,11,250
22,52,239,221
22,40,191,181
22,41,120,165
22,11,72,124
22,12,90,89
22,30,219,110
22,30,201,118
22,42,73,170
22,30,249,111
22,34,106,141
22,58,91,233
22,18,130,95
22,13,237,71
22,27,45,142
22,46,152,175
22,13,119,85
22,6,251,55
22,8,146,98
22,54,135,211
22,21,111,139
22,27,4,225
22,13,9,150
22,34,199,205
22,23,135,146
22,8,115,104
22,4,131,134
22,46,251,239
22,48,109,188
22,17,215,106
22,24,23,146
22,10,40,129
22,53,185,194
22,13,71,95
22,40,189,147
22,34,39,194
22,14,175,102
22,47,23,213
22,56,103,218
22,44,143,198
22,23,241,126
22,15,47,116
22,47,245,189
22,39,171,138
22,28,155,142
22,28,79,171
22,44,121,210
22,4,38,92
22,58,187,246
22,19,146,134
22,14,133,122
22,52,112,233
22,6,103,73
22,52,71,210
22,28,93,156
22,40,47,179
22,53,191,228
22,15,79,102
22,11,215,90
22,21,224,126
22,54,53,233
22,48,223,225
22,6,79,122
22,20,67,118
22,47,215,149
22,50,251,176
22,19,249,106
22,35,71,188
22,6,7,134
22,20,173,126
22,10,135,112
22,32,133,158
22,57,224,209
22,46,65,202
22,11,91,118
22,23,183,170
22,41,133,153
22,14,157,116
22,27,201,146
22,35,113,185
22,47,47,213
22,48,209,203
22,42,230,201
22,24,144,91
22,5,201,86
22,49,57,251
22,42,216,180
22,9,173,114
22,27,63,140
22,51,55,219
22,34,65,160
22,13,200,115
23,54,215,224
23,45,72,224
23,40,143,224
23,20,32,102
23,48,79,191
23,16,47,118
23,47,128,182
23,58,38,251
23,16,246,137
23,35,32,173
23,34,40,159
23,44,31,189
23,24,32,207
23,11,56,171
23,38,235,167
23,23,87,115
23,57,103,223
23,24,40,166
23,28,47,142
23,36,199,135
23,8,67,78
23,18,16,133
23,32,223,113
23,10,143,69
23,38,146,142
23,48,111,188
23,6,21,89
23,16,119,137
23,32,122,130
23,10,151,98
23,12,42,95
23,16,187,78
23,22,111,142
23,22,176,98
23,27,144,117
23,10,223,47
23,46,200,166
23,58,224,243
23,30,225,149
23,12,109,63
23,17,166,86
23,47,39,243
23,39,93,162
23,14,71,96
23,48,224,224
23,24,225,91
23,40,231,139
23,11,169,53
23,36,63,158
23,16,159,119
23,19,109,104
23,20,235,83
23,48,47,218
23,24,138,150
23,34,79,145
23,29,96,126
23,14,236,72
23,24,65,154
23,29,74,126
23,11,217,67
23,32,159,124
23,28,95,157
23,55,139,251
23,5,199,53
23,26,113,121
23,15,135,126
23,43,79,172
23,48,159,179
23,31,7,164
23,34,185,120
23,14,10,154
23,36,72,194
23,48,23,217
23,48,149,243
23,58,91,236
23,14,143,82
23,22,193,121
23,47,245,190
23,9,119,106
23,47,183,225
23,35,209,157
23,35,110,143
23,9,103,77
23,4,145,62
23,19,131,98
23,48,179,202
23,32,111,224
23,40,171,137
23,43,135,156
23,15,118,87
23,47,64,204
23,31,206,119
23,10,181,67
23,5,9,98
23,8,11,139
23,39,37,225
23,6,194,122
23,13,89,91
23,11,93,117
23,28,207,149
23,48,216,150
23,53,238,218
23,53,159,197
23,35,39,198
23,53,191,226
23,40,186,149
23,48,208,203
23,38,18,191
23,8,186,91
23,6,87,125
23,40,193,181
23,12,19,123
23,13,75,128
23,36,201,209
23,20,202,89
23,20,35,133
23,46,127,211
23,6,41,95
23,55,136,210
23,42,121,167
23,4,243,67
23,17,81,108
23,52,111,235
23,32,249,114
23,43,216,181
23,30,157,146
23,22,111,180
23,55,53,235
23,53,19,232
23,24,177,172
23,51,251,176
23,31,243,157
23,15,177,102
23,30,80,174
23,24,243,120
23,58,225,208
23,12,47,130
23,21,177,130
23,20,250,108
23,48,103,224
23,42,49,183
23,58,189,246
23,6,127,137
23,56,224,194
23,12,137,109
23,46,145,199
23,54,191,196
23,40,110,203
23,22,225,126
23,36,207,185
23,50,217,175
23,24,7,183
23,6,207,89
23,12,216,91
23,36,113,182
23,43,55,228
23,5,115,75
23,34,168,163
23,18,220,107
23,24,145,91
23,11,176,111
23,32,131,162
23,19,147,138
23,52,57,221
23,5,160,93
23,4,71,99
24,58,104,224
24,20,33,103
24,48,40,249
24,24,87,118
24,48,80,195
24,47,79,225
24,24,175,102
24,12,56,173
24,40,95,166
24,32,224,114
24,48,200,172
24,44,32,193
24,38,238,169
24,33,114,224
24,16,119,91
24,36,32,177
24,36,80,149
24,24,33,209
24,4,225,85
24,38,199,141
24,24,200,125
24,12,223,50
24,16,71,100
24,18,165,90
24,12,183,68
24,29,144,122
24,12,217,69
24,12,143,74
24,20,16,139
24,48,151,206
24,20,224,111
24,40,170,141
24,55,216,226
24,40,149,148
24,7,23,94
24,30,74,131
24,32,159,154
24,36,111,148
24,8,47,96
24,48,27,223
24,7,200,56
24,12,152,102
24,40,232,141
24,30,96,132
24,12,169,55
24,48,131,186
24,32,224,152
24,16,136,126
24,15,238,73
24,10,103,80
24,46,128,218
24,53,56,224
24,16,159,125
24,48,248,194
24,17,248,139
24,18,189,80
24,46,4,222
24,44,79,178
24,48,112,190
24,7,10,102
24,49,47,223
24,13,109,66
24,59,225,242
24,54,191,198
24,9,69,82
24,32,7,170
24,21,236,85
24,49,152,247
24,43,136,158
24,32,207,121
24,19,47,122
24,4,157,52
24,29,48,148
24,21,110,109
24,54,160,199
24,10,185,94
24,34,160,127
24,15,142,85
24,24,113,146
24,42,111,207
24,48,65,207
24,37,63,162
24,5,243,70
24,43,233,204
24,7,137,138
24,7,201,122
24,9,14,141
24,56,55,242
24,44,224,182
24,28,115,124
24,48,215,151
24,10,119,109
24,15,91,96
24,50,223,174
24,36,187,124
24,53,239,219
24,54,79,221
24,14,22,128
24,49,161,184
24,17,121,134
24,4,239,44
24,36,39,204
24,33,123,134
24,54,112,240
24,12,91,120
24,14,77,132
24,6,145,67
24,8,206,91
24,29,95,158
24,32,245,156
24,59,192,249
24,26,227,95
24,21,133,101
24,22,201,92
24,7,161,91
24,54,21,237
24,15,12,157
24,34,5,208
24,26,141,154
24,8,87,130
24,7,114,78
24,40,17,234
24,49,183,209
24,36,210,162
24,37,45,168
24,56,224,195
24,24,183,171
24,44,123,171
24,25,243,122
24,36,167,167
24,22,35,139
24,41,185,153
24,26,40,172
24,42,144,226
24,48,215,207
24,22,185,135
24,14,136,110
24,37,72,196
24,55,137,211
24,39,20,196
24,21,151,140
24,16,207,119
24,38,114,190
24,22,111,177
24,53,192,233
24,22,67,126
24,13,49,133
24,24,67,156
24,42,197,186
24,16,182,106
24,29,207,154
24,33,251,118
24,43,53,189
24,38,59,251
24,41,167,197
24,15,223,92
24,58,225,208
24,5,65,103
24,44,61,235
24,24,8,188
24,30,78,178
25,56,79,224
25,50,48,224
25,47,129,224
25,16,72,104
25,52,240,223
25,20,32,107
25,14,56,177
25,30,144,127
25,33,224,121
25,8,12,109
25,48,135,193
25,20,224,118
25,34,112,225
25,42,95,172
25,44,238,208
25,12,223,54
25,10,71,87
25,26,89,123
25,41,233,146
25,18,251,144
25,20,167,95
25,39,199,149
25,47,5,225
25,12,170,59
25,41,151,156
25,24,206,97
25,10,47,102
25,48,184,210
25,39,239,170
25,30,75,134
25,22,237,89
25,12,143,77
25,16,224,101
25,37,32,182
25,58,105,227
25,18,190,86
25,37,111,154
25,16,239,76
25,16,23,134
25,11,104,85
25,10,119,113
25,32,160,165
25,22,110,114
25,25,175,106
25,14,46,108
25,48,203,177
25,32,96,138
25,58,224,242
25,12,217,74
25,6,151,70
25,21,17,146
25,32,225,156
25,17,120,98
25,7,207,126
25,14,109,70
25,48,216,213
25,37,63,164
25,6,243,75
25,41,169,146
25,8,26,100
25,16,142,90
25,22,135,106
25,56,224,199
25,15,17,158
25,9,87,135
25,46,33,199
25,17,183,108
25,7,203,59
25,17,161,127
25,33,8,175
25,42,185,158
25,38,48,175
25,36,185,130
25,16,93,100
25,35,125,141
25,8,21,146
25,22,152,142
25,13,185,73
25,25,201,130
25,54,21,242
25,44,127,178
25,54,113,243
25,48,223,242
25,48,85,201
25,36,215,168
25,33,247,158
25,42,200,194
25,5,239,47
25,24,39,212
25,48,71,214
25,5,159,56
25,29,95,162
25,20,53,128
25,57,56,249
25,15,75,139
25,33,207,126
25,24,113,184
25,4,89,71
25,45,79,186
25,12,153,107
25,10,209,95
25,25,71,162
25,27,47,176
25,23,39,144
25,24,115,151
25,35,7,213
25,5,225,90
25,40,23,201
25,55,167,207
25,38,40,209
25,40,110,250
25,44,139,164
25,4,71,76
25,30,51,150
25,26,227,98
25,8,165,93
25,7,117,83
25,22,184,140
25,37,83,155
25,48,215,155
25,38,77,200
25,30,117,131
25,48,159,212
25,20,4,172
25,50,154,250
25,13,90,125
25,44,113,215
25,44,9,205
25,37,32,157
25,18,137,129
25,50,117,195
25,34,163,131
25,44,55,193
25,18,121,139
25,23,72,131
25,56,139,218
25,6,69,108
25,35,251,124
25,27,141,158
25,51,224,179
25,50,165,188
25,26,185,177
25,48,224,156
25,59,226,214
25,30,207,158
25,48,26,225
25,14,55,139
25,6,47,87
25,28,31,164
25,45,225,187
25,8,139,139
25,32,70,153
25,55,217,234
25,10,189,100
25,14,183,123
25,41,17,240
25,38,118,200
25,4,201,75
25,54,192,203
25,52,109,210
25,26,247,125
26,50,47,225
26,48,135,224
26,52,240,224
26,8,208,127
26,16,72,105
26,22,32,110
26,42,152,158
26,30,144,129
26,20,224,118
26,33,224,121
26,16,95,102
26,38,32,182
26,57,80,226
26,32,96,140
26,43,112,224
26,8,136,144
26,20,168,98
26,40,199,150
26,35,127,142
26,42,233,148
26,42,96,173
26,15,57,183
26,32,225,156
26,16,143,92
26,22,111,115
26,16,18,163
26,24,206,98
26,38,239,171
26,10,71,87
26,18,160,126
26,36,7,221
26,12,223,54
26,42,170,149
26,42,200,198
26,22,18,148
26,49,71,224
26,26,232,98
26,48,216,213
26,43,239,208
26,16,46,112
26,16,235,78
26,23,136,108
26,4,183,53
26,6,239,50
26,8,151,74
26,32,160,162
26,11,88,140
26,10,49,104
26,37,111,156
26,13,215,73
26,16,224,102
26,50,137,195
26,9,14,110
26,24,39,148
26,34,9,178
26,26,177,107
26,26,93,126
26,5,225,93
26,58,225,245
26,36,208,167
26,31,77,138
26,25,199,131
26,18,189,85
26,18,121,98
26,6,242,75
26,8,200,59
26,23,151,143
26,46,33,200
26,54,19,244
26,12,169,60
26,10,120,118
26,25,119,151
26,34,207,130
26,48,159,213
26,58,109,232
26,49,206,182
26,40,119,198
26,45,127,180
26,16,23,138
26,42,184,162
26,46,56,244
26,7,160,60
26,48,184,213
26,37,207,219
26,5,89,76
26,12,104,85
26,37,187,130
26,29,47,182
26,14,110,71
26,40,23,204
26,56,167,212
26,9,28,102
26,35,161,133
26,14,187,74
26,38,40,212
26,9,23,146
26,18,135,128
26,22,238,91
26,13,144,79
26,45,55,195
26,29,95,163
26,4,123,72
26,48,222,242
26,37,85,158
26,7,70,114
26,17,183,112
26,10,209,98
26,55,57,236
26,25,71,162
26,17,77,143
26,57,224,201
26,29,115,132
26,54,117,246
26,7,166,95
26,33,71,157
26,44,139,166
26,11,190,103
26,50,167,191
26,38,65,165
26,36,251,126
26,54,215,232
26,52,251,184
26,19,250,148
26,21,53,128
26,30,53,154
26,4,16,124
26,23,73,129
26,13,157,109
26,26,245,128
26,38,75,203
26,19,121,138
26,39,53,180
26,28,141,157
26,45,79,188
26,56,139,219
26,49,82,203
26,27,5,164
26,50,25,231
26,13,89,123
26,38,31,160
26,20,6,172
26,51,111,211
26,38,215,189
26,48,215,157
26,42,17,243
26,29,31,167
26,24,31,214
26,50,117,197
26,51,224,181
26,33,245,157
26,4,200,77
26,35,135,180
26,55,193,207
26,14,53,141
26,47,79,234
26,20,83,117
26,30,73,183
26,30,208,158
26,5,67,77
26,30,22,211
26,24,225,137
27,38,9,224
27,38,207,224
27,57,137,223
27,48,135,225
27,53,239,224
27,8,87,84
27,18,72,109
27,20,119,101
27,23,32,111
27,32,145,134
27,9,208,127
27,14,223,56
27,40,33,185
27,20,192,89
27,24,110,118
27,45,111,225
27,50,71,224
27,6,183,54
27,44,96,179
27,48,55,199
27,10,13,114
27,32,96,144
27,6,121,75
27,47,33,206
27,40,237,172
27,51,136,198
27,7,225,94
27,12,69,90
27,25,137,114
27,56,19,249
27,43,233,152
27,24,18,150
27,38,112,158
27,44,184,165
27,47,57,249
27,40,198,152
27,36,9,181
27,43,199,205
27,27,235,100
27,9,151,76
27,16,187,76
27,36,208,173
27,35,225,125
27,18,23,140
27,36,127,147
27,4,97,63
27,46,224,190
27,31,74,139
27,7,243,78
27,43,237,208
27,33,223,158
27,24,71,133
27,44,156,165
27,42,169,150
27,49,184,214
27,18,95,108
27,21,247,152
27,24,224,139
27,11,29,107
27,17,236,79
27,17,19,166
27,16,109,75
27,19,80,149
27,39,64,167
27,14,104,86
27,25,207,102
27,14,213,75
27,16,55,145
27,15,145,84
27,12,49,106
27,26,198,134
27,46,127,182
27,25,151,146
27,16,62,188
27,28,91,130
27,31,49,154
27,58,167,215
27,8,69,115
27,31,95,166
27,58,108,234
27,37,187,130
27,31,31,172
27,7,241,51
27,30,47,182
27,32,119,137
27,52,47,230
27,35,207,131
27,24,239,94
27,18,143,95
27,22,169,101
27,8,202,60
27,38,85,161
27,22,223,123
27,35,161,165
27,59,231,247
27,40,55,187
27,11,21,150
27,5,16,126
27,26,118,151
27,21,5,174
27,12,87,139
27,27,182,109
27,20,121,141
27,9,165,63
27,41,119,202
27,4,35,86
27,10,128,144
27,50,81,206
27,58,79,229
27,46,71,194
27,26,72,164
27,24,32,215
27,50,206,184
27,50,113,199
27,36,163,136
27,20,159,128
27,10,119,117
27,6,201,78
27,54,111,246
27,58,223,204
27,14,155,111
27,25,177,142
27,12,189,106
27,53,251,187
27,30,7,164
27,17,43,117
27,14,169,62
27,56,191,210
27,7,65,78
27,4,99,109
27,30,71,186
27,56,213,232
27,34,241,157
27,38,73,205
27,18,182,114
27,51,24,236
27,39,31,162
27,23,51,130
27,5,5,102
27,46,139,169
27,48,79,237
27,46,9,215
27,48,157,217
27,44,35,242
27,24,251,115
27,28,190,184
27,30,139,159
27,56,57,242
27,49,215,215
27,19,135,129
27,28,15,194
27,37,135,182
27,11,113,90
27,53,224,186
27,41,23,206
27,35,69,158
27,4,50,67
27,31,21,214
27,19,203,130
27,26,39,151
27,49,217,246
27,48,223,224
27,22,83,119
27,9,44,93
27,40,209,191
27,26,246,131
27,52,165,192
27,52,195,242
27,43,15,246
28,48,136,225
28,38,10,224
28,24,31,113
28,40,207,225
28,8,127,77
28,15,224,56
28,58,141,224
28,48,55,200
28,44,235,154
28,48,17,222
28,8,80,160
28,28,96,133
28,7,184,56
28,27,143,116
28,16,215,75
28,16,111,91
28,24,175,104
28,40,215,225
28,48,160,214
28,41,237,175
28,7,225,91
28,22,199,91
28,33,224,163
28,29,235,104
28,10,169,66
28,6,101,67
28,17,63,193
28,13,31,110
28,16,151,85
28,54,240,226
28,20,96,107
28,16,111,74
28,14,55,109
28,52,207,187
28,36,9,183
28,47,127,187
28,44,237,211
28,8,71,114
28,6,39,89
28,13,72,93
28,40,38,186
28,59,171,222
28,48,5,234
28,26,209,102
28,46,157,168
28,52,136,202
28,39,87,161
28,50,184,214
28,26,152,145
28,31,55,155
28,32,119,139
28,9,89,85
28,26,119,154
28,22,7,174
28,40,112,162
28,56,216,232
28,17,239,78
28,42,200,154
28,17,189,78
28,47,225,192
28,27,200,137
28,12,192,105
28,32,77,139
28,37,128,149
28,24,244,92
28,19,47,118
28,12,215,101
28,11,15,110
28,11,209,130
28,53,47,232
28,20,137,131
28,11,155,76
28,8,241,53
28,44,199,202
28,24,20,150
28,32,96,169
28,47,59,249
28,20,145,98
28,33,149,135
28,28,189,110
28,38,189,130
28,19,75,110
28,26,115,122
28,7,199,76
28,36,213,135
28,52,71,226
28,40,4,196
28,20,207,131
28,30,49,185
28,9,247,78
28,27,72,165
28,59,109,235
28,47,39,208
28,10,205,60
28,32,208,166
28,6,16,129
28,44,174,154
28,42,119,204
28,4,78,74
28,19,23,141
28,19,22,165
28,22,126,105
28,15,159,114
28,53,111,217
28,24,57,131
28,45,98,181
28,24,32,218
28,41,57,188
28,38,209,171
28,9,67,79
28,11,133,146
28,30,9,168
28,22,243,155
28,45,191,166
28,58,193,213
28,54,251,186
28,42,15,246
28,36,230,127
28,32,33,172
28,46,71,195
28,54,114,247
28,26,79,130
28,23,87,118
28,47,142,172
28,20,185,116
28,58,58,246
28,51,113,199
28,10,46,98
28,40,66,166
28,19,81,147
28,49,83,206
28,58,79,232
28,35,165,165
28,38,165,139
28,15,88,125
28,36,73,161
28,48,81,238
28,6,10,101
28,20,161,132
28,58,217,204
28,17,55,149
28,21,123,142
28,5,102,107
28,10,167,100
28,44,35,241
28,40,31,162
28,37,135,180
28,30,142,162
28,18,225,106
28,36,241,159
28,12,91,138
28,34,98,145
28,26,182,139
28,30,17,195
28,45,119,229
28,39,77,205
28,52,26,239
28,50,249,203
28,5,141,68
28,54,194,242
28,25,225,140
28,54,231,189
28,11,125,116
28,48,223,223
28,16,189,129
28,22,95,197
29,48,144,224
29,40,16,224
29,48,16,223
29,48,128,189
29,41,208,225
29,48,160,173
29,16,56,112
29,16,175,63
29,48,103,183
29,8,103,70
29,28,119,123
29,18,4,125
29,48,143,175
29,16,225,56
29,10,190,59
29,35,79,142
29,25,32,114
29,36,151,139
29,56,224,236
29,8,40,90
29,48,71,195
29,48,39,212
29,19,64,197
29,38,234,130
29,32,56,155
29,30,193,111
29,16,76,96
29,46,237,155
29,28,120,156
29,48,61,248
29,54,208,188
29,28,215,103
29,54,48,233
29,12,92,86
29,10,131,79
29,19,192,80
29,46,176,156
29,16,160,115
29,48,192,170
29,8,12,99
29,38,215,135
29,17,111,74
29,31,243,108
29,16,218,75
29,40,79,205
29,13,159,78
29,43,241,176
29,54,112,222
29,18,151,85
29,45,239,210
29,24,129,107
29,48,225,194
29,10,74,116
29,5,79,76
29,54,243,226
29,39,191,133
29,4,118,64
29,29,149,118
29,31,103,134
29,21,49,121
29,55,119,248
29,50,55,203
29,40,71,167
29,23,205,92
29,10,251,77
29,26,23,149
29,38,10,184
29,24,7,176
29,39,169,142
29,31,192,191
29,41,39,188
29,13,19,113
29,22,77,116
29,9,231,90
29,47,119,226
29,26,249,92
29,43,55,221
29,31,144,159
29,44,201,156
29,24,249,157
29,36,103,146
29,15,35,112
29,59,61,248
29,56,201,240
29,10,246,54
29,11,82,161
29,22,127,142
29,32,11,167
29,8,18,128
29,11,70,81
29,39,215,168
29,9,203,78
29,25,177,106
29,10,127,114
29,6,143,69
29,42,4,198
29,42,18,246
29,22,150,99
29,40,131,153
29,22,137,131
29,35,126,142
29,41,91,162
29,31,49,188
29,19,243,78
29,16,89,130
29,52,191,215
29,33,97,170
29,11,211,59
29,21,81,150
29,13,209,132
29,29,73,167
29,27,155,143
29,5,249,42
29,22,165,130
29,54,143,203
29,45,201,199
29,40,215,192
29,52,117,203
29,27,39,221
29,28,40,150
29,31,17,196
29,52,215,214
29,4,61,79
29,51,223,249
29,26,185,143
29,17,119,92
29,58,193,214
29,6,169,98
29,48,167,213
29,29,203,135
29,14,216,100
29,16,29,156
29,6,162,46
29,4,200,90
29,36,229,162
29,28,84,133
29,53,29,242
29,21,23,167
29,43,59,191
29,49,87,235
29,12,51,98
29,20,24,141
29,51,87,210
29,21,208,133
29,4,231,63
29,36,168,166
29,21,99,109
29,41,115,163
29,26,93,122
29,19,57,150
29,15,195,107
29,7,41,122
29,28,63,138
29,5,25,89
29,14,94,138
29,54,167,200
29,56,231,191
29,31,75,190
30,48,144,222
30,16,176,65
30,29,40,223
30,32,104,136
30,16,136,148
30,50,16,223
30,48,62,250
30,44,56,223
30,48,239,155
30,16,39,113
30,8,86,77
30,36,80,143
30,24,208,93
30,18,223,76
30,24,79,117
30,48,40,213
30,27,32,116
30,42,215,225
30,40,17,224
30,48,176,160
30,20,119,94
30,55,248,225
30,10,109,74
30,42,40,188
30,40,191,133
30,56,114,223
30,46,122,224
30,24,104,111
30,16,225,55
30,15,95,91
30,11,194,58
30,36,236,167
30,40,236,130
30,20,9,128
30,22,64,197
30,11,233,91
30,5,120,64
30,18,79,100
30,31,154,117
30,18,111,74
30,48,103,187
30,50,160,174
30,23,152,101
30,13,135,80
30,48,192,171
30,30,125,126
30,32,48,194
30,10,45,90
30,32,246,108
30,39,216,134
30,12,216,60
30,15,216,133
30,30,207,134
30,49,71,197
30,24,128,146
30,32,197,113
30,38,9,185
30,38,155,140
30,30,218,103
30,44,5,200
30,6,103,110
30,6,233,66
30,32,16,198
30,38,104,147
30,4,95,62
30,25,251,159
30,55,49,235
30,18,57,116
30,58,225,234
30,14,55,100
30,46,207,156
30,28,159,146
30,15,165,81
30,55,208,189
30,14,74,83
30,53,192,213
30,30,125,156
30,7,249,42
30,14,96,141
30,23,167,129
30,10,15,100
30,56,120,249
30,37,127,143
30,8,145,71
30,10,207,77
30,50,127,190
30,23,87,149
30,6,65,80
30,23,31,169
30,26,134,110
30,20,150,86
30,27,183,106
30,12,251,79
30,24,8,179
30,20,195,81
30,52,5,239
30,11,129,115
30,42,80,208
30,6,144,53
30,51,56,205
30,44,118,166
30,34,61,156
30,23,51,123
30,54,31,244
30,8,177,50
30,30,87,131
30,4,26,155
30,12,247,54
30,14,23,114
30,10,17,131
30,58,234,192
30,24,143,129
30,44,247,179
30,14,88,161
30,11,77,116
30,46,241,210
30,16,195,109
30,27,251,91
30,41,221,168
30,43,94,165
30,44,59,194
30,41,183,173
30,33,13,166
30,32,73,189
30,32,193,193
30,56,142,206
30,41,223,195
30,6,75,62
30,50,143,178
30,23,31,142
30,39,79,166
30,20,248,78
30,42,70,170
30,48,231,189
30,28,233,141
30,6,205,87
30,7,29,92
30,28,97,123
30,43,127,196
30,26,233,124
30,56,77,234
30,18,165,116
30,28,63,137
30,41,134,155
30,29,30,150
30,8,41,127
30,29,78,169
30,44,167,190
30,35,111,226
30,34,97,171
30,54,117,205
30,41,29,242
30,42,171,142
30,28,187,140
30,57,205,240
30,46,207,199
30,52,86,211
30,50,169,210
30,8,55,66
30,7,171,98
30,17,95,126
30,10,192,99
30,33,21,216
31,16,224,135
31,16,96,94
31,46,121,223
31,16,176,67
31,41,216,225
31,44,63,223
31,50,16,223
31,32,128,131
31,16,225,56
31,16,168,84
31,24,32,145
31,19,223,77
31,48,103,188
31,40,223,167
31,12,196,60
31,57,117,224
31,48,233,193
31,26,80,118
31,16,126,159
31,30,207,133
31,27,31,116
31,42,40,188
31,6,126,68
31,32,47,193
31,12,79,117
31,24,167,132
31,40,238,132
31,11,232,90
31,24,153,103
31,12,111,78
31,48,62,249
31,40,217,136
31,34,199,116
31,14,137,84
31,9,31,93
31,48,245,156
31,46,208,157
31,28,185,109
31,48,145,215
31,26,214,93
31,55,250,225
31,7,143,54
31,12,47,93
31,48,40,212
31,10,90,77
31,36,240,167
31,55,48,236
31,17,39,118
31,38,10,185
31,44,7,201
31,19,63,117
31,31,221,106
31,24,31,171
31,32,71,189
31,21,120,97
31,14,88,167
31,37,83,146
31,32,87,134
31,33,247,108
31,6,237,67
31,10,151,74
31,7,103,108
31,4,29,76
31,43,94,164
31,11,128,117
31,31,157,120
31,20,10,131
31,24,131,150
31,7,251,42
31,39,157,143
31,35,61,155
31,10,207,76
31,6,63,151
31,18,113,74
31,29,159,149
31,25,105,114
31,10,179,51
31,48,73,197
31,24,143,130
31,33,105,138
31,23,87,150
31,49,199,172
31,10,19,131
31,32,13,165
31,21,63,198
31,24,51,122
31,41,190,135
31,52,5,241
31,10,15,100
31,20,83,103
31,15,74,88
31,45,207,200
31,31,9,198
31,8,69,83
31,38,129,146
31,27,135,112
31,15,96,141
31,30,125,158
31,29,39,220
31,52,192,214
31,44,119,169
31,58,235,193
31,22,197,83
31,4,27,156
31,41,223,192
31,48,179,165
31,15,57,102
31,41,23,223
31,5,98,63
31,25,9,180
31,8,77,66
31,6,205,86
31,56,122,248
31,43,251,181
31,46,247,210
31,50,127,193
31,44,62,196
31,35,96,173
31,51,163,180
31,29,237,141
31,20,249,78
31,21,151,90
31,42,70,171
31,16,195,109
31,16,25,114
31,27,251,92
31,33,151,164
31,18,165,118
31,28,190,142
31,41,80,207
31,29,79,168
31,10,191,96
31,30,63,136
31,54,30,245
31,58,229,233
31,56,209,193
31,56,167,204
31,42,133,158
31,42,173,147
31,19,95,130
31,41,31,242
31,23,215,135
31,52,57,206
31,56,142,206
31,32,17,217
31,39,143,181
31,48,225,224
31,34,104,226
31,43,131,194
31,13,249,56
31,40,184,173
31,56,209,239
31,54,113,206
31,10,47,130
31,35,39,173
31,49,93,234
31,50,143,180
31,14,151,147
31,5,46,86
32,44,64,223
32,16,184,71
32,46,127,223
32,48,152,215
32,16,5,193
32,48,215,161
32,4,223,36
32,6,32,158
32,40,224,136
32,42,216,225
32,32,225,107
32,16,33,114
32,52,168,183
32,12,4,103
32,16,103,93
32,12,216,78
32,48,248,156
32,58,119,226
32,16,81,90
32,42,225,169
32,24,96,148
32,30,42,224
32,36,207,119
32,16,144,84
32,16,104,139
32,39,17,188
32,37,71,158
32,20,226,78
32,6,104,65
32,14,203,62
32,48,66,249
32,23,201,84
32,26,177,131
32,33,135,131
32,11,97,80
32,4,9,84
32,4,189,45
32,7,133,68
32,43,136,159
32,22,17,132
32,12,241,93
32,27,112,115
32,17,233,136
32,30,33,153
32,13,55,94
32,42,31,223
32,44,72,172
32,32,72,190
32,13,119,78
32,28,37,118
32,27,221,94
32,6,35,77
32,32,165,121
32,34,113,141
32,40,164,143
32,23,127,100
32,56,127,250
32,28,85,118
32,32,130,159
32,30,193,112
32,11,159,73
32,20,66,122
32,32,48,193
32,9,150,54
32,34,19,167
32,53,9,242
32,8,111,107
32,22,91,104
32,26,160,105
32,52,21,225
32,12,186,52
32,19,121,74
32,39,93,147
32,53,201,214
32,15,225,61
32,10,85,69
32,8,216,92
32,18,173,84
32,50,79,198
32,19,47,121
32,26,57,124
32,31,217,135
32,16,31,154
32,50,183,168
32,49,241,194
32,30,167,147
32,40,151,179
32,45,64,197
32,29,143,115
32,40,141,147
32,45,14,202
32,43,46,188
32,47,31,214
32,24,223,136
32,58,217,196
32,18,127,164
32,20,171,118
32,9,39,97
32,24,4,149
32,6,71,147
32,57,79,238
32,30,199,141
32,42,197,140
32,26,138,150
32,26,9,182
32,5,245,86
32,56,53,239
32,31,9,198
32,54,96,216
32,24,32,173
32,8,244,64
32,30,104,131
32,12,136,116
32,32,49,154
32,38,183,161
32,21,155,91
32,22,67,198
32,22,200,115
32,31,81,171
32,58,234,235
32,52,63,208
32,51,107,188
32,16,233,107
32,46,121,172
32,32,135,210
32,38,245,168
32,15,159,147
32,9,75,83
32,4,136,95
32,34,159,165
32,6,54,86
32,33,94,134
32,16,64,104
32,42,247,135
32,57,214,243
32,55,33,248
32,27,238,125
32,46,215,199
32,27,103,198
32,12,85,115
32,56,120,210
32,44,138,194
32,26,152,131
32,57,185,234
32,15,102,165
32,48,225,224
32,12,23,103
32,51,207,176
32,52,134,195
32,8,67,62
32,31,71,138
32,11,55,132
32,10,181,98
32,44,179,149
32,6,157,122
32,4,143,80
32,10,24,130
32,24,38,146
32,34,199,198
32,45,101,170
32,8,225,141
32,20,199,132
32,40,113,153
32,22,71,151
32,58,149,210
32,50,97,236
32,48,87,224
33,44,176,224
33,48,127,224
33,48,216,161
33,32,136,158
33,8,137,65
33,31,48,223
33,17,8,192
33,12,11,99
33,7,34,158
33,40,167,140
33,24,207,83
33,34,136,128
33,12,87,111
33,24,39,142
33,39,96,144
33,38,17,184
33,43,224,226
33,18,235,137
33,24,40,168
33,22,96,103
33,50,111,189
33,11,103,78
33,43,47,183
33,12,89,68
33,40,143,146
33,38,71,157
33,56,95,223
33,33,168,119
33,12,223,78
33,19,176,83
33,44,233,169
33,48,152,211
33,6,41,73
33,32,136,206
33,6,73,144
33,44,72,171
33,59,119,226
33,21,72,118
33,6,106,60
33,15,233,60
33,22,17,131
33,49,249,157
33,42,199,139
33,57,81,235
33,26,167,103
33,28,39,116
33,26,143,149
33,17,186,68
33,17,87,90
33,8,223,91
33,10,79,82
33,28,91,118
33,18,107,93
33,50,183,166
33,5,229,34
33,32,225,107
33,45,17,199
33,4,13,80
33,20,111,125
33,17,38,111
33,4,71,70
33,16,238,106
33,14,123,74
33,4,196,42
33,14,61,91
33,16,151,82
33,14,211,59
33,22,157,87
33,44,183,148
33,6,56,85
33,30,145,114
33,20,50,119
33,10,43,94
33,28,229,94
33,52,11,237
33,52,135,195
33,52,169,180
33,34,19,164
33,45,103,170
33,7,159,125
33,10,31,124
33,24,5,148
33,14,143,112
33,43,234,191
33,9,157,51
33,31,197,112
33,36,211,117
33,11,166,69
33,46,67,195
33,48,47,206
33,28,118,115
33,55,54,236
33,14,191,53
33,48,69,244
33,23,207,110
33,47,127,172
33,5,143,95
33,30,175,144
33,59,217,198
33,31,223,133
33,21,231,77
33,19,127,70
33,20,177,115
33,43,143,188
33,35,117,140
33,6,6,93
33,24,225,133
33,42,31,221
33,32,87,168
33,4,231,72
33,50,245,194
33,12,248,91
33,8,115,105
33,52,207,210
33,4,199,78
33,44,139,158
33,24,101,147
33,26,13,177
33,8,250,59
33,38,184,156
33,30,39,152
33,23,65,195
33,16,127,162
33,31,9,194
33,32,247,138
33,44,183,187
33,26,183,128
33,59,239,235
33,11,57,127
33,24,129,96
33,16,35,150
33,58,151,210
33,16,103,163
33,56,37,248
33,58,175,207
33,9,71,60
33,12,29,103
33,26,155,131
33,26,63,119
33,51,81,198
33,16,109,135
33,32,79,188
33,40,155,174
33,35,103,172
33,38,247,170
33,56,121,211
33,9,185,92
33,35,41,173
33,40,119,151
33,52,24,224
33,59,243,192
33,20,200,131
33,47,217,197
33,22,151,125
33,56,191,231
33,53,63,206
33,41,226,137
33,31,108,130
33,44,65,218
33,57,219,240
33,10,63,64
33,52,151,178
33,33,53,192
33,32,51,149
33,40,87,203
33,43,251,136
33,50,97,207
33,48,224,127
33,54,234,218
33,42,83,170
33,52,207,175
33,50,101,233
33,4,123,53
33,16,185,98
34,44,175,224
34,32,47,224
34,42,224,225
34,8,32,159
34,32,224,134
34,59,94,225
34,48,127,174
34,48,223,199
34,48,216,164
34,40,95,145
34,48,153,217
34,48,103,173
34,36,235,113
34,44,237,170
34,6,231,35
34,47,64,198
34,46,64,223
34,6,73,144
34,18,191,71
34,40,71,162
34,52,111,191
34,54,207,214
34,35,136,131
34,4,175,41
34,17,7,194
34,44,47,185
34,9,224,93
34,8,160,123
34,28,169,104
34,39,17,187
34,42,167,145
34,24,71,197
34,6,144,97
34,46,16,203
34,23,233,78
34,22,72,121
34,25,208,84
34,14,11,100
34,7,41,74
34,23,95,106
34,16,192,56
34,6,14,82
34,20,107,95
34,44,144,191
34,50,249,158
34,24,17,136
34,24,159,89
34,11,80,83
34,28,143,147
34,15,63,92
34,19,235,142
34,9,139,68
34,35,169,123
34,16,214,61
34,12,91,70
34,6,235,76
34,8,108,62
34,41,143,148
34,44,198,140
34,6,198,42
34,5,71,71
34,13,88,112
34,14,224,78
34,44,86,174
34,18,152,82
34,48,34,214
34,31,39,155
34,45,143,162
34,27,183,132
34,18,86,91
34,10,32,123
34,25,135,100
34,5,159,53
34,57,55,239
34,16,123,78
34,58,223,243
34,49,71,247
34,38,213,122
34,32,199,114
34,46,71,173
34,36,81,191
34,28,35,116
34,39,184,157
34,58,136,245
34,31,176,143
34,30,231,99
34,59,79,237
34,32,55,151
34,36,55,194
34,11,41,96
34,10,113,103
34,30,93,121
34,21,177,85
34,38,119,142
34,16,233,62
34,54,173,185
34,34,137,162
34,33,88,173
34,31,147,117
34,52,249,197
34,17,39,148
34,26,5,152
34,13,167,70
34,52,184,170
34,24,208,114
34,9,5,94
34,7,55,88
34,11,156,55
34,4,167,82
34,26,105,147
34,4,213,61
34,5,125,54
34,54,136,197
34,27,161,130
34,53,13,238
34,11,71,63
34,44,239,195
34,54,152,183
34,32,9,197
34,55,239,222
34,49,48,207
34,21,183,115
34,35,19,168
34,53,207,178
34,20,125,70
34,19,217,106
34,14,251,93
34,4,211,104
34,27,15,177
34,18,65,104
34,14,143,114
34,32,107,135
34,26,39,144
34,58,39,251
34,34,249,139
34,46,182,150
34,13,109,78
34,59,177,210
34,17,111,138
34,14,31,106
34,43,24,224
34,21,111,125
34,52,81,201
34,18,37,115
34,22,51,122
34,58,120,214
34,37,119,225
34,16,99,159
34,43,95,206
34,8,96,114
34,18,239,53
34,31,206,139
34,38,231,167
34,4,200,79
34,18,239,106
34,26,45,168
34,36,41,175
34,32,137,202
34,10,191,92
34,21,199,128
34,40,250,168
34,29,115,115
34,59,152,213
34,45,25,242
34,14,59,127
34,43,227,141
34,47,41,242
34,24,80,148
35,32,48,225
35,49,159,224
35,8,33,161
35,8,233,39
35,32,233,103
35,16,14,106
35,22,112,102
35,48,16,206
35,16,63,98
35,18,7,199
35,48,104,179
35,47,48,190
35,16,217,63
35,40,15,190
35,17,128,85
35,40,215,127
35,48,184,156
35,48,224,206
35,34,199,117
35,12,79,85
35,43,31,225
35,22,184,86
35,37,135,135
35,7,200,44
35,43,168,150
35,20,198,76
35,47,145,166
35,6,15,87
35,34,224,137
35,30,41,119
35,49,97,222
35,42,72,166
35,7,160,55
35,44,120,164
35,54,15,244
35,24,96,110
35,46,66,223
35,6,176,45
35,48,33,221
35,7,237,79
35,11,141,70
35,8,144,96
35,25,235,84
35,16,143,117
35,9,44,79
35,45,238,173
35,47,71,179
35,48,65,205
35,42,143,154
35,57,241,224
35,37,233,117
35,14,155,61
35,31,94,125
35,49,208,224
35,33,40,157
35,56,208,220
35,28,41,149
35,15,111,80
35,17,104,166
35,59,225,246
35,51,251,162
35,24,23,136
35,27,211,87
35,46,87,180
35,54,208,181
35,58,57,243
35,20,39,119
35,11,225,95
35,53,112,196
35,8,109,66
35,6,216,106
35,14,89,114
35,28,7,158
35,24,159,91
35,18,237,65
35,6,69,75
35,24,72,123
35,10,162,126
35,27,113,150
35,38,112,176
35,42,97,152
35,19,89,95
35,13,95,76
35,16,199,59
35,45,199,143
35,6,215,68
35,25,74,200
35,27,17,179
35,10,7,99
35,45,241,200
35,55,175,188
35,28,135,107
35,7,125,58
35,12,72,67
35,30,171,110
35,14,65,127
35,51,48,214
35,22,184,114
35,7,73,146
35,50,221,169
35,37,56,198
35,32,11,199
35,48,191,196
35,47,150,198
35,22,111,127
35,50,73,248
35,37,200,207
35,36,19,171
35,6,6,118
35,33,147,123
35,15,231,83
35,4,85,61
35,29,184,134
35,30,161,135
35,48,46,244
35,27,47,171
35,38,171,129
35,48,25,250
35,11,117,106
35,27,233,134
35,12,191,95
35,38,41,180
35,42,159,186
35,35,141,164
35,12,35,127
35,34,89,174
35,15,173,71
35,20,127,76
35,5,168,83
35,33,183,146
35,44,231,144
35,38,119,226
35,34,143,205
35,32,115,118
35,26,214,115
35,47,175,229
35,13,43,100
35,9,57,93
35,34,57,158
35,53,85,207
35,6,151,75
35,21,52,125
35,56,30,235
35,29,147,150
35,44,96,206
35,21,233,144
35,39,116,149
35,58,123,219
35,37,81,158
35,45,193,178
35,7,204,85
35,32,209,145
35,38,87,196
35,30,251,126
35,55,137,203
35,28,117,190
35,19,118,141
35,35,251,142
35,53,189,176
35,31,68,133
36,48,33,224
36,56,209,223
36,46,71,224
36,51,160,225
36,8,235,40
36,48,16,211
36,50,95,224
36,18,128,87
36,48,184,157
36,16,223,62
36,40,215,128
36,8,17,91
36,59,126,223
36,54,183,223
36,44,239,176
36,23,112,103
36,51,224,172
36,32,233,105
36,8,201,46
36,12,143,72
36,48,63,207
36,16,63,102
36,32,56,225
36,8,216,111
36,8,127,59
36,11,38,167
36,43,168,149
36,8,238,79
36,47,145,170
36,20,9,201
36,16,14,109
36,11,46,84
36,37,235,118
36,46,238,199
36,26,233,87
36,43,97,158
36,34,40,163
36,26,97,114
36,14,80,89
36,35,200,118
36,40,15,195
36,7,161,54
36,30,40,122
36,55,17,248
36,21,199,77
36,47,87,185
36,37,136,139
36,23,183,88
36,32,94,130
36,6,178,45
36,8,69,76
36,28,209,91
36,48,47,246
36,15,88,119
36,25,79,203
36,49,103,186
36,42,143,156
36,20,159,86
36,14,156,62
36,23,183,112
36,26,23,142
36,12,166,132
36,27,113,152
36,43,73,175
36,10,109,66
36,51,225,207
36,9,73,154
36,17,199,62
36,22,235,150
36,20,239,70
36,46,45,192
36,51,251,164
36,8,147,98
36,34,183,147
36,11,5,100
36,48,69,184
36,4,119,45
36,27,235,135
36,20,89,100
36,15,175,70
36,35,143,166
36,34,149,125
36,25,159,96
36,6,217,69
36,29,151,150
36,30,169,112
36,55,175,190
36,28,7,161
36,45,199,144
36,42,193,165
36,24,71,126
36,12,119,108
36,29,135,110
36,15,64,129
36,5,85,64
36,27,49,173
36,56,31,238
36,54,113,202
36,45,120,169
36,13,93,79
36,46,151,202
36,38,175,130
36,32,117,125
36,57,241,226
36,21,39,123
36,20,119,143
36,47,176,235
36,12,35,130
36,4,105,60
36,16,110,83
36,35,57,163
36,11,191,97
36,14,45,106
36,40,167,215
36,51,48,217
36,4,169,86
36,46,209,248
36,54,191,180
36,59,61,247
36,40,118,156
36,22,111,131
36,21,127,75
36,42,160,187
36,36,19,176
36,15,232,83
36,27,19,181
36,51,129,184
36,44,231,147
36,28,121,193
36,38,208,208
36,51,80,249
36,22,5,142
36,7,153,77
36,22,51,132
36,54,85,210
36,32,9,201
36,32,31,207
36,26,214,114
36,37,167,170
36,10,99,117
36,35,226,138
36,49,191,200
36,43,235,217
36,28,43,154
36,16,216,100
36,16,142,117
36,30,164,135
36,4,29,110
36,34,95,176
36,37,91,194
36,54,153,189
36,46,193,182
36,21,187,62
36,13,71,69
36,39,113,179
36,23,166,125
36,24,207,131
37,57,208,223
37,16,225,60
37,48,39,224
37,32,96,132
37,10,244,42
37,48,17,212
37,54,183,224
37,38,237,119
37,32,121,125
37,46,73,223
37,22,201,77
37,28,216,91
37,47,48,192
37,24,238,150
37,34,239,105
37,24,118,104
37,7,184,44
37,27,238,87
37,44,174,149
37,56,19,251
37,48,71,182
37,9,209,44
37,40,17,196
37,41,216,130
37,9,17,93
37,18,20,110
37,12,237,100
37,14,160,60
37,35,153,125
37,8,73,78
37,12,50,86
37,40,120,154
37,16,237,84
37,42,243,223
37,31,175,112
37,52,98,223
37,12,7,105
37,56,176,189
37,48,150,170
37,48,186,158
37,4,124,44
37,50,71,207
37,16,177,69
37,16,86,91
37,4,26,77
37,6,91,66
37,7,169,53
37,44,101,159
37,35,234,138
37,24,187,88
37,46,152,201
37,47,241,201
37,4,113,84
37,52,160,226
37,13,41,172
37,9,153,95
37,18,65,104
37,16,4,128
37,28,55,174
37,36,206,119
37,33,56,228
37,19,133,89
37,30,47,152
37,24,191,112
37,38,139,138
37,56,31,237
37,21,10,207
37,28,114,150
37,22,8,140
37,28,242,131
37,16,91,121
37,36,148,165
37,11,79,156
37,13,150,71
37,17,145,114
37,10,114,63
37,40,119,180
37,36,111,146
37,28,9,162
37,22,97,102
37,15,47,106
37,54,87,212
37,21,167,84
37,8,243,82
37,45,243,177
37,29,192,132
37,13,171,134
37,42,199,165
37,38,22,180
37,22,129,75
37,59,62,246
37,39,239,173
37,8,209,85
37,29,73,131
37,48,53,245
37,54,191,180
37,51,135,184
37,46,201,146
37,34,42,163
37,52,225,173
37,43,147,154
37,31,168,135
37,7,9,123
37,8,161,76
37,38,178,132
37,10,223,114
37,19,7,166
37,47,91,186
37,31,46,122
37,8,221,70
37,34,216,141
37,19,207,64
37,30,154,150
37,15,65,127
37,9,133,58
37,56,143,207
37,26,87,203
37,27,101,114
37,38,41,182
37,34,96,177
37,49,110,182
37,5,117,133
37,17,112,83
37,19,120,139
37,38,63,199
37,23,168,125
37,51,49,214
37,22,224,109
37,27,23,182
37,12,125,106
37,48,181,234
37,4,34,110
37,30,139,111
37,38,87,162
37,36,95,196
37,22,191,62
37,26,31,142
37,23,53,132
37,45,199,182
37,4,47,70
37,14,101,83
37,56,213,186
37,12,40,131
37,29,127,197
37,26,162,93
37,12,63,96
37,20,245,69
37,22,40,125
37,55,159,189
37,34,187,147
37,4,175,83
37,32,16,202
37,43,74,173
37,54,114,204
37,38,95,147
37,38,215,208
37,56,245,225
37,46,127,169
37,45,231,148
37,56,67,220
37,45,103,213
37,49,199,197
37,16,221,100
37,40,167,224
37,36,174,169
38,46,79,224
38,16,222,59
38,57,214,224
38,48,151,171
38,48,17,217
38,49,39,225
38,8,183,44
38,16,144,120
38,24,240,151
38,32,120,125
38,16,87,92
38,16,176,70
38,47,48,196
38,16,88,124
38,23,200,80
38,9,223,70
38,38,6,225
38,27,237,88
38,26,88,205
38,29,215,93
38,34,239,107
38,10,224,114
38,48,55,246
38,10,15,95
38,36,234,141
38,28,55,175
38,33,96,132
38,9,207,45
38,24,184,92
38,11,243,44
38,24,117,106
38,39,239,122
38,38,224,203
38,41,216,131
38,14,43,174
38,56,176,190
38,13,160,60
38,6,120,133
38,44,174,150
38,39,16,197
38,4,123,43
38,22,39,126
38,16,239,83
38,44,101,159
38,38,176,131
38,35,153,128
38,31,175,114
38,15,175,135
38,19,19,114
38,8,169,53
38,30,47,154
38,36,206,122
38,29,72,133
38,14,146,71
38,48,91,189
38,58,62,246
38,12,127,109
38,7,89,67
38,38,88,165
38,38,142,142
38,19,65,104
38,10,77,78
38,12,239,99
38,46,201,148
38,13,79,160
38,48,69,184
38,28,245,131
38,16,48,112
38,22,9,212
38,10,113,63
38,48,187,159
38,50,70,210
38,39,23,180
38,29,168,138
38,47,242,201
38,45,243,178
38,44,5,208
38,30,153,150
38,40,120,182
38,13,7,108
38,33,72,140
38,40,239,173
38,19,131,91
38,52,159,226
38,20,163,85
38,14,51,88
38,36,111,148
38,9,245,78
38,5,23,82
38,16,113,82
38,31,47,123
38,15,64,130
38,52,225,174
38,56,31,239
38,40,122,156
38,16,224,100
38,28,7,164
38,50,111,186
38,35,149,166
38,23,191,115
38,7,9,124
38,24,52,134
38,44,105,212
38,23,9,142
38,51,135,188
38,9,155,98
38,46,153,198
38,5,47,74
38,9,131,58
38,5,117,86
38,19,206,67
38,28,101,115
38,22,95,105
38,30,137,114
38,35,175,170
38,28,115,151
38,25,160,93
38,14,102,86
38,46,200,184
38,38,40,183
38,17,4,131
38,35,45,165
38,47,5,228
38,43,147,158
38,26,149,108
38,20,5,168
38,15,31,112
38,54,118,206
38,54,192,185
38,20,119,142
38,34,97,178
38,27,19,185
38,42,199,164
38,43,33,230
38,5,175,85
38,54,186,226
38,28,193,131
38,56,215,187
38,24,215,134
38,38,93,148
38,52,48,217
38,30,126,197
38,56,68,221
38,43,168,188
38,44,249,227
38,36,61,164
38,21,245,69
38,9,163,78
38,32,63,225
38,13,39,133
38,46,120,172
38,11,198,97
38,22,129,75
38,26,79,124
38,8,211,85
38,52,97,215
38,54,88,215
38,4,37,109
38,21,47,159
38,57,143,210
38,52,231,207
38,32,39,207
38,57,247,226
38,36,92,195
38,47,179,236
38,34,157,213
38,33,17,203
38,37,71,198
38,54,135,238
38,23,113,130
39,16,223,60
39,57,215,224
39,48,48,199
39,48,152,174
39,49,18,223
39,44,175,150
39,24,15,215
39,56,94,224
39,24,200,83
39,7,120,135
39,16,55,94
39,40,239,125
39,16,55,177
39,32,48,158
39,52,54,224
39,15,176,137
39,12,245,45
39,47,238,199
39,47,143,224
39,25,119,110
39,28,88,210
39,9,208,46
39,36,234,142
39,34,97,135
39,42,216,134
39,29,216,94
39,10,135,59
39,24,192,117
39,24,237,152
39,28,238,91
39,24,39,134
39,9,186,46
39,56,71,225
39,6,23,85
39,20,23,117
39,35,241,110
39,10,158,103
39,5,123,46
39,38,177,132
39,30,8,167
39,47,80,226
39,50,112,189
39,32,47,125
39,18,89,93
39,4,149,49
39,11,78,83
39,14,163,63
39,33,72,141
39,32,177,117
39,11,14,100
39,20,71,109
39,41,17,202
39,46,243,180
39,56,176,190
39,12,117,68
39,6,118,89
39,44,151,161
39,20,209,70
39,15,150,75
39,39,143,144
39,9,170,56
39,20,166,86
39,8,91,72
39,20,133,94
39,31,143,117
39,48,7,235
39,37,207,124
39,7,47,80
39,28,223,123
39,48,70,188
39,14,9,114
39,18,112,90
39,59,65,250
39,34,63,235
39,52,224,208
39,30,55,180
39,47,159,204
39,45,7,212
39,36,151,169
39,47,127,174
39,10,215,85
39,40,127,183
39,26,160,93
39,51,71,214
39,41,167,224
39,7,13,123
39,4,71,70
39,40,23,186
39,17,243,86
39,36,45,170
39,22,242,72
39,36,155,131
39,38,72,203
39,45,102,164
39,25,189,94
39,10,247,80
39,44,34,235
39,52,103,213
39,26,151,110
39,16,181,74
39,21,9,172
39,5,41,111
39,39,241,176
39,46,233,150
39,38,87,167
39,49,189,163
39,37,63,168
39,56,30,246
39,17,65,138
39,39,40,187
39,48,93,194
39,34,191,148
39,36,177,172
39,37,96,199
39,47,205,152
39,24,11,150
39,11,167,84
39,39,9,227
39,13,243,101
39,4,193,32
39,6,115,64
39,54,192,186
39,40,89,151
39,14,129,113
39,30,170,139
39,30,127,203
39,29,102,117
39,58,247,226
39,29,119,157
39,12,200,100
39,22,129,77
39,42,167,189
39,56,119,208
39,34,159,221
39,18,147,123
39,28,245,131
39,14,87,164
39,11,226,117
39,24,98,109
39,46,199,186
39,18,7,136
39,28,79,129
39,6,99,58
39,10,229,71
39,14,41,136
39,18,50,117
39,7,177,86
39,14,105,121
39,33,121,131
39,10,216,29
39,54,230,178
39,7,13,141
39,52,39,232
39,25,53,139
39,48,182,236
39,8,163,34
39,17,90,125
39,54,137,246
39,52,159,227
39,29,30,153
39,56,159,194
39,38,225,203
39,14,103,91
39,38,113,151
39,29,195,135
39,41,122,158
39,20,207,106
39,57,143,213
39,55,187,226
39,29,23,187
39,12,79,66
39,56,213,189
39,36,101,180
39,24,119,137
40,25,16,224
40,16,223,62
40,8,120,137
40,48,138,224
40,47,110,224
40,36,160,223
40,52,71,223
40,24,200,85
40,48,237,201
40,36,96,141
40,40,144,150
40,36,238,114
40,40,236,129
40,32,144,120
40,10,88,79
40,16,146,79
40,50,15,226
40,36,235,144
40,38,176,134
40,17,55,184
40,58,215,226
40,16,176,144
40,49,88,199
40,16,7,119
40,15,160,68
40,6,119,52
40,12,14,107
40,10,206,50
40,30,217,100
40,9,184,48
40,32,7,175
40,13,241,48
40,7,112,94
40,26,120,116
40,8,23,91
40,20,48,125
40,34,48,166
40,47,7,222
40,4,193,36
40,29,239,96
40,42,175,225
40,45,176,154
40,48,80,234
40,8,95,64
40,54,225,182
40,40,111,159
40,48,152,178
40,11,225,118
40,19,145,126
40,45,39,242
40,44,215,139
40,36,72,146
40,8,251,34
40,20,89,100
40,49,48,209
40,54,48,230
40,9,169,59
40,32,178,118
40,26,191,97
40,42,16,210
40,40,87,156
40,53,224,207
40,31,120,162
40,16,103,97
40,21,23,124
40,49,63,194
40,17,177,77
40,9,157,38
40,37,151,174
40,4,65,103
40,6,147,52
40,46,243,181
40,10,215,31
40,48,178,243
40,34,64,235
40,9,47,85
40,4,71,152
40,37,207,126
40,25,238,157
40,46,232,150
40,48,202,157
40,54,191,188
40,22,69,116
40,31,127,208
40,10,131,65
40,7,111,71
40,40,39,196
40,38,155,135
40,47,97,172
40,46,151,165
40,13,74,90
40,12,114,73
40,23,127,80
40,30,169,147
40,22,133,98
40,22,241,75
40,10,247,83
40,38,43,178
40,40,10,235
40,17,51,101
40,12,157,108
40,21,213,75
40,57,93,226
40,56,173,190
40,14,129,115
40,31,57,186
40,26,39,139
40,26,49,146
40,12,213,87
40,40,86,174
40,48,31,183
40,40,241,176
40,32,43,131
40,35,191,151
40,23,7,178
40,8,11,128
40,6,41,116
40,14,249,104
40,35,121,134
40,39,95,207
40,57,25,251
40,48,121,180
40,8,177,91
40,6,69,76
40,28,93,212
40,29,244,135
40,32,157,157
40,15,87,170
40,25,191,123
40,42,127,189
40,12,227,74
40,40,72,211
40,47,153,209
40,26,8,158
40,20,93,133
40,14,200,102
40,30,24,163
40,30,23,194
40,42,21,195
40,22,167,90
40,50,187,166
40,30,193,140
40,56,119,213
40,51,111,194
40,43,199,172
40,50,4,242
40,45,71,188
40,18,245,91
40,53,36,241
40,16,5,164
40,16,65,110
40,23,119,150
40,27,151,113
40,53,136,195
40,26,161,96
40,42,126,164
40,57,209,193
40,12,165,87
40,20,114,93
40,28,223,123
40,5,33,168
40,6,193,67
40,58,242,226
40,29,99,122
40,38,101,185
40,56,159,197
40,15,41,142
40,57,139,213
40,22,193,64
40,38,227,207
40,42,167,196
41,25,18,225
41,48,144,225
41,17,224,64
41,52,70,224
41,48,111,226
41,48,7,224
41,36,168,223
41,8,127,143
41,46,40,247
41,48,207,159
41,44,215,142
41,6,152,54
41,10,208,53
41,22,215,76
41,8,118,96
41,31,223,101
41,16,151,82
41,48,239,203
41,28,95,214
41,36,239,145
41,40,111,161
41,42,239,133
41,38,207,130
41,48,96,176
41,6,121,54
41,18,54,103
41,35,48,167
41,14,243,52
41,25,200,86
41,48,81,241
41,18,184,149
41,20,119,93
41,16,162,68
41,30,243,97
41,28,152,116
41,36,71,151
41,30,224,125
41,10,49,88
41,12,17,112
41,10,217,32
41,56,175,193
41,12,91,82
41,16,7,167
41,24,70,120
41,9,189,50
41,10,30,94
41,46,243,185
41,43,17,214
41,31,200,142
41,11,136,66
41,19,151,126
41,56,49,234
41,50,47,213
41,39,159,139
41,4,166,42
41,52,111,198
41,58,216,230
41,26,190,98
41,4,197,36
41,48,180,246
41,10,97,66
41,10,171,60
41,12,232,121
41,37,241,119
41,23,129,82
41,23,134,102
41,14,159,110
41,9,16,130
41,33,47,134
41,52,16,233
41,50,88,204
41,34,224,151
41,22,23,129
41,27,39,142
41,32,125,166
41,12,232,76
41,37,97,147
41,28,122,119
41,43,175,225
41,33,183,119
41,4,137,86
41,6,13,99
41,48,159,207
41,50,152,181
41,23,9,181
41,14,78,94
41,10,157,40
41,46,151,168
41,34,7,180
41,48,32,185
41,20,89,137
41,16,46,143
41,49,63,197
41,17,11,122
41,33,144,126
41,46,177,157
41,9,183,92
41,58,119,220
41,40,11,237
41,36,192,155
41,42,87,162
41,57,95,232
41,8,72,82
41,12,216,90
41,38,41,183
41,25,241,158
41,8,47,116
41,42,39,201
41,32,63,188
41,55,225,187
41,47,232,154
41,30,102,125
41,19,63,188
41,43,127,195
41,31,129,213
41,28,51,151
41,21,89,102
41,39,104,189
41,39,153,178
41,30,248,138
41,58,143,219
41,11,251,78
41,30,79,140
41,40,181,139
41,14,249,106
41,6,72,107
41,54,103,219
41,32,25,171
41,24,234,116
41,56,159,198
41,28,8,164
41,50,191,169
41,42,21,198
41,31,174,147
41,23,242,78
41,39,62,180
41,40,245,178
41,17,179,78
41,18,103,99
41,10,113,75
41,43,167,198
41,58,211,197
41,48,121,184
41,14,168,90
41,22,7,150
41,53,159,234
41,33,161,157
41,22,199,64
41,15,133,118
41,22,53,128
41,16,93,172
41,35,67,240
41,41,87,178
41,22,166,90
41,43,125,170
41,19,248,92
41,41,147,154
41,54,37,245
41,55,191,191
41,36,125,139
41,23,57,170
41,7,199,68
41,15,103,118
41,49,224,223
41,29,95,159
41,13,119,76
41,19,33,124
41,26,197,123
41,24,125,149
41,15,206,101
41,19,235,110
41,4,79,153
41,53,224,211
41,9,23,149
41,40,97,210
42,25,23,223
42,48,119,224
42,57,224,225
42,48,151,223
42,12,216,52
42,16,169,66
42,23,223,74
42,46,8,222
42,42,185,224
42,24,72,118
42,18,232,65
42,10,197,46
42,47,239,151
42,56,175,190
42,13,224,85
42,26,208,86
42,40,185,135
42,30,32,190
42,12,236,119
42,52,112,196
42,32,71,183
42,24,137,100
42,31,136,209
42,38,215,123
42,40,17,231
42,7,17,93
42,46,153,164
42,7,159,51
42,8,129,54
42,22,95,100
42,8,40,169
42,8,128,92
42,50,64,197
42,12,239,74
42,19,58,100
42,11,224,29
42,27,39,143
42,11,55,84
42,48,160,202
42,16,81,71
42,19,191,146
42,9,135,139
42,16,47,141
42,48,248,205
42,11,106,62
42,19,152,127
42,16,97,168
42,12,99,80
42,10,37,91
42,40,162,134
42,28,126,115
42,16,73,109
42,13,22,108
42,47,47,246
42,33,151,122
42,58,30,251
42,38,47,181
42,20,96,134
42,4,171,39
42,52,73,221
42,31,129,158
42,48,208,158
42,39,159,173
42,32,226,100
42,40,151,149
42,23,135,77
42,44,127,166
42,5,205,35
42,49,152,178
42,10,178,55
42,56,231,186
42,27,55,148
42,41,39,197
42,34,11,181
42,25,193,94
42,47,251,182
42,36,128,138
42,31,251,96
42,57,97,228
42,45,221,142
42,50,192,164
42,42,241,129
42,12,145,64
42,35,51,164
42,38,250,118
42,48,122,181
42,34,187,118
42,37,245,143
42,31,31,168
42,5,87,149
42,47,97,172
42,42,80,211
42,40,114,158
42,44,21,211
42,31,207,139
42,15,167,105
42,54,191,186
42,15,83,93
42,48,88,235
42,51,49,207
42,49,89,199
42,38,101,142
42,17,157,79
42,52,18,228
42,23,17,179
42,33,48,130
42,18,15,119
42,30,233,122
42,6,71,72
42,54,40,240
42,17,185,74
42,31,107,124
42,21,55,126
42,36,72,148
42,22,201,61
42,24,141,150
42,58,143,214
42,30,80,139
42,28,167,95
42,4,151,82
42,50,6,244
42,33,167,155
42,10,119,74
42,9,189,87
42,29,99,214
42,22,23,124
42,40,251,177
42,24,240,118
42,58,121,218
42,57,159,198
42,56,51,228
42,51,237,211
42,27,11,162
42,8,53,111
42,42,85,160
42,48,181,240
42,10,79,78
42,46,179,155
42,42,22,194
42,24,63,163
42,9,21,125
42,4,221,30
42,10,165,35
42,18,67,185
42,20,37,119
42,41,103,204
42,54,103,215
42,23,251,75
42,14,105,110
42,27,207,119
42,31,179,144
42,58,215,195
42,7,209,66
42,34,73,235
42,20,106,98
42,21,9,146
42,14,175,85
42,40,89,175
42,16,10,163
42,47,201,191
42,15,127,74
42,6,79,102
42,38,205,152
42,56,199,226
42,40,64,177
42,21,125,91
42,38,233,203
43,26,24,223
43,44,192,224
43,48,12,223
43,24,224,77
43,58,224,227
43,20,233,67
43,48,159,223
43,49,119,225
43,32,31,166
43,48,103,173
43,48,50,247
43,20,62,102
43,48,241,153
43,13,223,52
43,48,208,191
43,40,48,181
43,32,72,182
43,38,104,143
43,15,103,81
43,11,199,46
43,30,103,216
43,46,223,143
43,8,161,51
43,17,175,65
43,31,127,118
43,20,192,145
43,47,159,167
43,12,39,90
43,10,135,141
43,16,86,94
43,39,216,123
43,40,166,134
43,57,56,230
43,56,200,225
43,9,135,93
43,23,127,93
43,35,191,118
43,8,45,169
43,59,33,251
43,27,199,95
43,6,95,143
43,12,239,119
43,25,79,119
43,56,177,189
43,9,22,92
43,52,55,211
43,42,153,149
43,19,191,75
43,10,135,57
43,12,182,55
43,6,4,171
43,24,30,127
43,56,235,186
43,16,143,115
43,27,213,86
43,24,137,76
43,42,23,233
43,12,109,66
43,32,111,124
43,15,168,102
43,45,128,167
43,7,210,37
43,47,167,200
43,45,23,212
43,14,24,108
43,33,233,103
43,21,40,119
43,52,11,244
43,38,208,153
43,6,173,41
43,10,194,87
43,36,16,183
43,38,234,202
43,21,71,186
43,30,236,122
43,5,9,134
43,28,168,95
43,54,104,214
43,36,54,166
43,19,19,119
43,14,150,64
43,49,88,238
43,16,87,69
43,50,215,164
43,41,119,158
43,32,81,143
43,13,243,71
43,33,4,223
43,49,126,181
43,26,249,156
43,47,183,156
43,51,153,179
43,13,59,85
43,23,207,60
43,31,40,187
43,12,226,28
43,33,135,161
43,43,87,162
43,31,181,141
43,25,184,176
43,27,209,118
43,58,143,214
43,19,161,80
43,44,135,190
43,36,235,148
43,17,15,159
43,27,191,133
43,8,57,113
43,53,23,230
43,52,69,197
43,11,81,80
43,25,139,104
43,21,103,134
43,4,39,75
43,43,245,132
43,33,169,153
43,8,77,74
43,52,195,164
43,14,111,112
43,28,87,131
43,34,55,129
43,40,185,136
43,16,131,76
43,20,158,125
43,39,251,118
43,38,249,144
43,48,96,191
43,23,59,126
43,40,162,173
43,18,79,109
43,58,123,219
43,58,99,228
43,5,226,31
43,5,159,83
43,29,43,146
43,38,133,138
43,52,117,197
43,39,184,175
43,43,23,194
43,40,111,187
43,24,21,175
43,4,199,67
43,43,45,199
43,34,159,121
43,24,99,101
43,6,127,51
43,38,79,147
43,30,160,115
43,36,73,238
43,52,75,219
43,48,71,225
43,54,143,194
43,9,215,66
43,14,230,86
43,5,4,100
43,11,169,35
43,52,91,199
43,54,44,240
43,58,217,195
43,52,243,209
43,57,80,231
43,42,91,177
43,4,247,50
43,22,10,147
43,7,88,100
43,56,195,189
43,29,13,161
43,28,57,147
43,33,142,210
43,44,207,174
43,40,68,178
43,58,163,198
43,30,105,154
44,48,8,223
44,28,23,225
44,46,191,224
44,59,121,223
44,48,176,159
44,50,160,224
44,32,103,216
44,15,217,54
44,48,240,155
44,58,224,231
44,8,208,39
44,16,103,83
44,22,232,69
44,12,197,46
44,40,215,125
44,28,224,143
44,33,72,182
44,48,49,246
44,24,127,94
44,20,152,126
44,6,88,144
44,16,22,110
44,42,184,141
44,44,40,201
44,26,223,82
44,33,127,125
44,14,239,69
44,28,207,119
44,10,21,93
44,57,176,192
44,6,224,34
44,9,160,52
44,6,168,43
44,47,23,214
44,52,151,184
44,48,208,189
44,20,191,75
44,4,143,40
44,15,55,85
44,16,168,104
44,58,233,190
44,6,239,31
44,48,152,171
44,52,65,197
44,18,173,68
44,26,73,122
44,30,41,148
44,16,136,116
44,52,7,245
44,9,41,170
44,27,137,107
44,48,251,184
44,11,128,140
44,54,19,231
44,15,225,84
44,57,55,230
44,14,107,66
44,12,169,35
44,20,160,81
44,9,134,94
44,48,221,146
44,48,167,202
44,12,225,29
44,17,81,96
44,44,239,133
44,44,136,191
44,12,39,93
44,41,161,135
44,24,96,103
44,14,238,122
44,48,101,174
44,7,5,171
44,38,234,200
44,24,57,128
44,13,119,78
44,53,55,211
44,6,8,138
44,24,24,128
44,25,135,77
44,16,149,66
44,26,183,176
44,40,43,182
44,29,199,98
44,48,251,208
44,36,235,149
44,40,251,121
44,32,177,142
44,30,57,148
44,38,187,122
44,43,21,233
44,14,182,55
44,24,11,150
44,47,126,171
44,54,75,221
44,31,159,115
44,58,99,232
44,10,57,113
44,37,49,167
44,29,215,92
44,34,80,145
44,30,10,163
44,24,207,61
44,21,61,103
44,9,77,74
44,43,19,196
44,55,41,241
44,30,167,98
44,11,191,85
44,39,103,148
44,34,168,155
44,6,63,64
44,37,13,186
44,20,17,120
44,41,64,179
44,44,83,164
44,31,233,122
44,32,104,158
44,38,209,151
44,50,88,238
44,23,103,134
44,27,250,155
44,4,20,78
44,18,131,77
44,27,183,132
44,20,79,112
44,23,67,192
44,13,134,59
44,44,153,154
44,44,112,209
44,43,89,179
44,38,247,143
44,58,79,234
44,29,87,133
44,33,31,166
44,35,231,105
44,8,127,56
44,32,37,188
44,36,154,125
44,4,198,66
44,40,131,146
44,10,29,119
44,4,107,50
44,25,20,174
44,34,141,207
44,34,48,129
44,48,71,225
44,40,111,189
44,52,194,165
44,59,159,203
44,22,39,122
44,54,117,202
44,50,119,228
44,59,143,218
44,6,4,100
44,32,207,139
44,16,175,88
44,57,201,226
44,5,39,75
44,53,89,199
44,13,83,83
44,25,63,163
44,48,31,180
44,34,135,163
44,56,102,217
44,41,161,177
44,6,153,86
44,50,121,186
44,39,185,175
44,38,31,209
44,16,79,69
44,18,14,158
44,43,115,161
44,57,194,190
44,22,109,103
44,53,243,210
44,7,85,100
44,48,95,192
44,43,85,213
44,26,245,123
44,9,38,137
44,20,193,148
44,24,173,88
44,15,111,115
45,34,98,224
45,16,216,57
45,47,184,224
45,48,216,150
45,8,223,36
45,29,18,225
45,24,64,193
45,52,160,223
45,16,55,86
45,44,184,142
45,32,39,149
45,54,71,223
45,8,82,150
45,37,65,242
45,48,175,159
45,46,239,136
45,15,239,72
45,16,105,69
45,28,72,125
45,7,238,32
45,30,223,145
45,50,4,223
45,23,56,106
45,11,160,53
45,18,103,84
45,48,19,215
45,56,15,232
45,12,19,93
45,32,55,150
45,42,40,182
45,49,96,172
45,48,167,204
45,17,17,109
45,24,227,72
45,50,239,158
45,54,64,199
45,58,175,194
45,15,177,56
45,22,159,82
45,51,49,247
45,10,205,41
45,12,122,143
45,7,165,44
45,9,5,172
45,15,119,79
45,13,168,35
45,14,195,48
45,43,161,138
45,59,233,192
45,29,137,108
45,11,72,76
45,39,185,124
45,58,51,232
45,28,218,82
45,5,141,41
45,10,136,95
45,54,151,187
45,19,171,69
45,21,152,126
45,32,7,166
45,39,47,168
45,31,209,91
45,36,167,156
45,18,79,97
45,48,125,171
45,36,71,144
45,32,198,100
45,52,87,241
45,6,19,78
45,26,95,105
45,46,80,165
45,15,234,121
45,16,173,104
45,17,135,114
45,42,249,124
45,45,15,196
45,11,24,119
45,57,39,243
45,24,33,125
45,44,128,248
45,11,39,172
45,42,63,180
45,17,145,68
45,24,207,58
45,45,153,156
45,15,81,84
45,42,211,130
45,22,15,123
45,11,31,136
45,35,128,127
45,26,134,77
45,38,159,125
45,54,87,200
45,49,251,186
45,26,16,174
45,30,207,119
45,13,192,86
45,32,159,114
45,15,37,94
45,54,193,168
45,27,125,98
45,39,208,155
45,7,249,54
45,34,251,97
45,54,51,212
45,31,87,135
45,26,21,130
45,37,136,214
45,58,191,192
45,45,87,180
45,36,225,107
45,14,223,28
45,48,251,209
45,6,39,76
45,38,9,187
45,40,247,144
45,33,177,146
45,10,124,55
45,55,111,202
45,35,47,128
45,22,191,75
45,42,159,175
45,40,233,202
45,52,120,186
45,6,107,50
45,45,19,234
45,15,133,63
45,54,6,247
45,30,128,139
45,46,112,211
45,35,71,185
45,28,178,175
45,50,153,173
45,46,136,192
45,16,225,90
45,8,85,99
45,41,99,150
45,46,82,222
45,7,157,88
45,11,55,111
45,47,39,203
45,35,105,126
45,6,199,68
45,8,7,138
45,22,191,145
45,4,91,56
45,26,55,129
45,34,135,163
45,4,123,42
45,24,108,103
45,20,131,81
45,54,243,210
45,22,73,112
45,58,201,230
45,31,163,97
45,28,241,126
45,6,230,71
45,26,170,90
45,59,77,234
45,32,203,139
45,47,55,190
45,19,48,139
45,57,95,219
45,44,114,163
45,25,5,150
45,39,175,215
45,16,80,66
45,27,143,150
45,7,63,66
45,20,9,157
45,24,217,104
45,49,207,191
45,20,95,172
46,40,169,224
46,50,15,223
46,38,127,224
46,48,72,226
46,8,73,151
46,24,223,77
46,16,208,62
46,12,201,44
46,16,31,101
46,25,56,201
46,8,151,93
46,16,112,83
46,16,225,129
46,48,237,145
46,46,176,150
46,15,190,54
46,50,168,166
46,33,31,155
46,15,234,79
46,7,135,49
46,32,207,100
46,34,95,226
46,58,167,200
46,36,63,189
46,21,167,77
46,58,85,224
46,44,207,135
46,55,59,225
46,38,57,248
46,16,224,96
46,54,55,205
46,10,221,42
46,10,160,51
46,23,144,134
46,48,47,194
46,43,31,188
46,48,176,225
46,58,30,250
46,19,72,105
46,17,79,89
46,16,127,69
46,17,167,110
46,8,233,39
46,8,18,82
46,32,80,142
46,35,243,103
46,40,38,173
46,8,245,62
46,43,241,131
46,30,200,124
46,36,18,173
46,12,18,122
46,28,175,182
46,50,246,190
46,42,152,181
46,51,88,180
46,11,33,175
46,23,153,90
46,6,118,48
46,28,48,134
46,49,247,214
46,17,48,92
46,15,163,40
46,34,48,156
46,23,184,83
46,4,67,62
46,23,239,118
46,16,173,64
46,53,79,248
46,29,119,106
46,32,152,122
46,55,41,219
46,46,144,161
46,23,127,90
46,47,15,241
46,33,191,108
46,59,42,237
46,27,13,136
46,13,153,60
46,24,215,110
46,20,101,91
46,38,221,114
46,47,127,199
46,40,31,217
46,41,240,151
46,47,104,216
46,19,14,116
46,6,85,62
46,38,63,147
46,50,211,156
46,55,238,222
46,36,123,134
46,12,130,102
46,19,127,119
46,24,51,110
46,55,143,194
46,14,185,92
46,16,103,117
46,23,9,126
46,39,153,132
46,12,118,62
46,24,95,138
46,57,7,240
46,11,207,71
46,40,201,163
46,13,17,98
46,20,143,72
46,25,200,63
46,5,181,36
46,38,225,151
46,36,127,171
46,51,233,162
46,40,176,181
46,7,224,79
46,32,157,103
46,36,40,132
46,9,81,110
46,47,200,181
46,47,73,172
46,44,155,145
46,7,192,75
46,41,181,132
46,52,151,179
46,36,71,154
46,30,177,138
46,55,79,207
46,42,93,156
46,33,199,144
46,12,69,83
46,13,117,144
46,18,103,74
46,43,247,186
46,30,132,114
46,26,101,111
46,27,85,109
46,46,5,203
46,28,167,98
46,54,177,223
46,34,169,151
46,58,128,205
46,48,119,178
46,11,49,115
46,27,55,169
46,55,187,173
46,7,101,58
46,30,69,131
46,46,73,188
46,57,103,209
46,29,9,232
46,53,111,191
46,6,35,78
46,38,161,161
46,58,195,235
46,12,23,139
46,20,87,178
46,28,238,132
46,22,72,140
46,44,177,198
46,28,247,83
46,29,211,90
46,15,217,32
46,9,57,71
46,23,67,118
46,49,251,246
46,34,96,165
46,20,179,150
46,32,121,147
46,41,225,213
47,48,95,224
47,42,224,224
47,48,224,154
47,9,225,47
47,48,167,162
47,50,239,223
47,16,182,63
47,16,208,40
47,55,192,223
47,10,63,160
47,48,15,215
47,12,152,60
47,20,72,99
47,52,200,166
47,18,200,72
47,10,237,75
47,32,56,141
47,32,192,133
47,56,225,225
47,15,143,70
47,9,127,59
47,8,79,71
47,37,235,112
47,20,40,101
47,17,225,91
47,16,104,154
47,22,239,73
47,57,31,227
47,16,155,47
47,32,199,101
47,20,23,112
47,27,40,120
47,48,112,207
47,26,211,88
47,8,62,72
47,6,143,118
47,38,31,139
47,16,7,106
47,48,135,171
47,36,82,240
47,56,47,234
47,4,122,46
47,8,215,87
47,12,213,54
47,35,183,118
47,9,110,57
47,48,64,236
47,16,177,100
47,39,87,141
47,45,233,141
47,47,199,147
47,48,63,198
47,10,251,45
47,11,13,90
47,38,9,182
47,4,236,136
47,24,137,145
47,28,237,91
47,23,158,85
47,31,111,118
47,7,175,48
47,22,62,111
47,48,64,182
47,26,145,99
47,4,191,40
47,39,209,123
47,25,175,92
47,8,96,103
47,45,56,167
47,48,7,250
47,13,193,56
47,30,159,108
47,4,112,157
47,58,249,224
47,24,79,189
47,36,20,164
47,12,73,119
47,18,162,73
47,36,17,204
47,35,72,151
47,36,159,162
47,23,93,102
47,22,119,130
47,51,235,198
47,52,159,175
47,58,134,204
47,4,17,75
47,42,145,142
47,52,223,172
47,21,5,125
47,44,19,198
47,22,135,84
47,27,88,149
47,38,111,141
47,34,145,109
47,18,103,92
47,14,41,122
47,40,53,156
47,34,243,154
47,27,192,73
47,5,151,46
47,43,19,226
47,45,41,195
47,28,42,213
47,30,73,118
47,50,31,206
47,31,167,194
47,10,141,99
47,38,49,204
47,58,89,218
47,4,249,83
47,4,37,67
47,33,167,147
47,14,123,110
47,25,117,99
47,14,110,70
47,59,71,233
47,43,171,142
47,9,93,66
47,39,151,173
47,44,81,166
47,36,38,167
47,32,207,154
47,41,192,173
47,15,59,92
47,8,183,82
47,46,149,155
47,46,184,188
47,20,117,82
47,23,169,159
47,56,45,214
47,50,151,219
47,30,40,179
47,14,9,129
47,34,145,130
47,8,27,85
47,43,143,189
47,57,177,187
47,43,25,180
47,30,39,147
47,53,135,188
47,24,243,112
47,54,245,173
47,19,91,84
47,27,17,144
47,26,55,131
47,38,57,163
47,53,71,210
47,15,15,149
47,41,233,158
47,50,105,185
47,34,221,134
47,12,198,79
47,41,160,233
47,16,247,99
47,24,63,149
47,39,117,234
47,22,33,154
47,48,98,179
47,33,112,157
47,37,113,179
47,35,189,156
47,18,95,126
47,4,185,150
47,58,186,245
47,19,215,106
47,28,91,122
47,52,79,188
47,12,50,83
47,17,216,139
47,33,103,212
47,44,95,206
48,40,176,225
48,38,136,225
48,40,40,224
48,48,239,148
48,48,185,157
48,16,224,32
48,16,120,151
48,11,79,159
48,8,79,69
48,32,128,150
48,10,241,41
48,47,215,142
48,4,32,69
48,28,63,210
48,58,8,249
48,48,105,223
48,9,143,52
48,8,190,39
48,12,32,86
48,48,31,212
48,24,191,83
48,21,88,94
48,28,16,140
48,57,47,226
48,17,199,58
48,26,161,93
48,18,217,63
48,6,168,42
48,12,168,53
48,9,125,52
48,32,72,139
48,32,183,191
48,39,224,117
48,34,199,110
48,40,208,166
48,48,80,232
48,24,109,96
48,26,57,116
48,32,13,240
48,19,56,97
48,20,39,110
48,15,159,64
48,47,151,164
48,52,18,232
48,4,55,62
48,35,88,149
48,16,170,39
48,12,95,111
48,22,151,77
48,15,32,145
48,38,104,135
48,47,167,150
48,8,95,67
48,23,173,78
48,53,175,172
48,10,107,60
48,39,61,251
48,14,210,48
48,10,158,92
48,52,239,166
48,42,167,138
48,30,88,114
48,5,209,35
48,18,177,63
48,27,227,82
48,31,216,94
48,14,142,102
48,33,237,126
48,18,120,85
48,36,247,106
48,20,20,122
48,58,86,225
48,48,9,212
48,31,207,128
48,15,75,86
48,36,37,162
48,27,33,142
48,22,79,106
48,13,231,48
48,42,159,181
48,47,18,245
48,34,159,123
48,44,97,162
48,17,176,114
48,33,160,101
48,42,41,179
48,36,7,175
48,17,235,130
48,55,63,231
48,36,167,165
48,58,106,213
48,38,233,155
48,33,209,100
48,40,69,151
48,52,217,162
48,48,113,174
48,25,133,94
48,8,197,72
48,15,41,183
48,4,137,42
48,29,175,103
48,17,245,83
48,59,171,203
48,45,251,137
48,20,135,121
48,26,207,65
48,55,185,222
48,41,239,210
48,16,193,91
48,24,157,136
48,45,56,193
48,12,7,107
48,20,107,82
48,40,183,182
48,24,80,145
48,36,33,202
48,46,70,166
48,8,43,79
48,37,101,234
48,48,77,197
48,22,7,165
48,52,151,181
48,24,13,131
48,37,47,134
48,16,27,103
48,8,21,86
48,30,11,162
48,28,135,82
48,32,183,140
48,6,159,116
48,29,55,175
48,48,86,181
48,14,122,64
48,24,95,185
48,54,243,221
48,43,186,135
48,32,126,116
48,6,21,114
48,33,142,118
48,50,121,180
48,50,167,209
48,34,203,150
48,29,247,134
48,55,63,210
48,40,248,150
48,35,176,155
48,36,103,174
48,4,224,57
48,8,114,99
48,57,195,183
48,36,130,173
48,10,251,69
48,24,245,122
48,38,78,163
48,14,59,115
48,28,251,83
48,36,52,161
48,11,65,78
48,26,102,142
48,57,149,196
48,49,41,201
48,12,213,73
48,47,127,202
48,39,23,182
48,52,88,204
48,58,203,236
48,54,115,242
48,46,201,180
48,44,37,197
48,18,111,117
48,19,85,71
48,28,106,117
48,44,131,156
49,48,104,223
49,48,185,158
49,48,216,145
49,16,224,34
49,16,159,68
49,44,39,225
49,48,17,248
49,48,239,149
49,48,152,165
49,32,8,243
49,8,169,45
49,10,79,68
49,48,80,228
49,11,127,54
49,34,72,141
49,58,5,251
49,22,40,110
49,40,175,225
49,36,199,116
49,16,32,148
49,16,169,39
49,54,175,172
49,20,217,67
49,30,16,139
49,39,32,225
49,18,198,60
49,22,89,95
49,24,79,108
49,10,191,39
49,10,145,53
49,32,216,95
49,31,88,117
49,31,184,197
49,16,75,88
49,4,135,156
49,14,232,50
49,58,47,227
49,44,41,179
49,26,111,99
49,8,200,74
49,29,63,214
49,24,173,80
49,24,96,186
49,6,34,69
49,54,17,235
49,13,96,111
49,24,159,139
49,5,56,61
49,59,81,225
49,33,127,118
49,9,95,67
49,24,192,84
49,10,242,42
49,36,97,239
49,6,141,42
49,4,169,32
49,47,55,194
49,20,177,64
49,37,168,167
49,48,113,175
49,42,239,213
49,40,225,120
49,24,191,160
49,14,211,52
49,6,209,35
49,34,237,129
49,12,106,60
49,16,42,182
49,13,33,87
49,25,15,132
49,46,251,141
49,48,87,184
49,31,209,134
49,18,238,133
49,54,241,221
49,40,60,251
49,18,247,86
49,12,81,161
49,20,233,99
49,27,57,118
49,27,135,100
49,28,230,84
49,47,165,149
49,27,103,142
49,4,227,29
49,17,123,158
49,34,215,107
49,21,58,98
49,29,32,146
49,7,24,117
49,30,176,105
49,37,135,173
49,55,63,210
49,34,143,120
49,22,150,79
49,8,159,118
49,10,161,90
49,48,9,215
49,38,47,133
49,22,22,122
49,37,247,107
49,38,35,164
49,37,89,150
49,36,177,155
49,37,7,178
49,27,165,94
49,53,89,205
49,59,105,215
49,47,70,169
49,14,142,102
49,30,55,176
49,58,149,195
49,8,226,83
49,32,185,143
49,40,208,166
49,44,187,136
49,19,119,86
49,29,137,82
49,10,251,73
49,10,23,86
49,54,158,181
49,20,87,71
49,16,197,90
49,58,199,183
49,21,107,83
49,56,61,232
49,36,31,202
49,13,215,77
49,5,111,46
49,27,215,65
49,21,137,122
49,47,39,200
49,15,5,150
49,16,123,66
49,49,75,199
49,12,6,108
49,24,8,166
49,43,157,182
49,31,11,164
49,9,43,78
49,53,221,164
49,22,239,68
49,39,236,155
49,48,127,202
49,22,133,83
49,45,98,162
49,35,161,123
49,53,161,229
49,9,118,98
49,46,183,202
49,31,17,188
49,14,171,57
49,40,69,154
49,34,163,102
49,39,107,138
49,44,235,182
49,17,28,104
49,39,135,234
49,54,183,249
49,30,135,155
49,14,61,117
49,28,73,130
49,57,149,248
49,37,52,162
49,49,31,215
49,18,177,114
49,4,223,58
49,32,53,142
49,19,113,118
49,24,51,150
49,16,31,126
49,4,17,82
49,42,165,139
49,26,223,118
49,30,251,135
49,54,115,242
49,25,247,124
49,53,95,186
50,48,32,225
50,35,152,224
50,32,127,224
50,48,15,225
50,56,216,225
50,30,71,224
50,48,216,152
50,29,66,224
50,16,135,167
50,48,88,240
50,24,176,89
50,48,167,159
50,8,175,53
50,18,200,69
50,24,81,117
50,11,151,62
50,8,5,105
50,12,111,68
50,25,111,108
50,4,175,39
50,32,216,101
50,40,234,126
50,16,80,98
50,16,175,46
50,6,215,43
50,8,169,130
50,28,232,91
50,48,240,154
50,11,130,63
50,48,159,178
50,16,200,95
50,30,23,149
50,27,167,102
50,48,119,184
50,27,137,108
50,42,168,146
50,15,237,58
50,10,83,77
50,14,215,59
50,37,105,251
50,20,222,74
50,48,189,166
50,46,71,185
50,55,185,224
50,44,191,147
50,31,216,142
50,16,48,193
50,53,224,174
50,5,236,35
50,7,149,49
50,33,128,127
50,54,22,247
50,10,199,50
50,42,242,222
50,7,208,84
50,34,216,114
50,10,99,76
50,22,62,109
50,11,247,49
50,36,251,113
50,54,177,182
50,59,110,226
50,21,39,118
50,14,65,125
50,34,145,131
50,32,185,208
50,13,144,110
50,13,39,96
50,18,184,122
50,20,239,107
50,34,74,153
50,22,152,88
50,26,223,69
50,28,61,130
50,22,91,103
50,16,127,76
50,36,183,162
50,57,53,242
50,36,175,177
50,40,71,164
50,6,32,124
50,15,13,162
50,11,169,96
50,16,163,76
50,57,151,206
50,8,235,92
50,33,208,165
50,33,241,137
50,30,90,126
50,43,161,194
50,16,31,141
50,37,39,175
50,22,111,91
50,5,62,70
50,30,183,110
50,57,87,228
50,57,199,190
50,45,103,172
50,24,87,156
50,37,55,173
50,37,143,180
50,12,11,119
50,30,111,129
50,45,135,165
50,39,80,177
50,37,13,188
50,29,39,158
50,24,161,144
50,55,71,221
50,39,239,162
50,48,109,230
50,4,141,166
50,5,38,77
50,22,144,128
50,31,55,155
50,16,41,155
50,32,238,162
50,14,177,65
50,44,44,192
50,27,111,151
50,16,227,39
50,34,168,131
50,39,110,148
50,25,19,141
50,41,177,240
50,18,6,133
50,38,55,142
50,12,89,173
50,10,30,99
50,20,181,73
50,34,174,114
50,37,205,125
50,49,168,221
50,14,5,197
50,17,31,114
50,46,207,190
50,22,136,93
50,36,39,211
50,28,143,89
50,40,135,148
50,54,159,192
50,47,59,206
50,6,115,57
50,40,31,198
50,8,46,87
50,55,67,242
50,24,103,195
50,52,97,194
50,39,137,242
50,42,7,216
50,26,199,172
50,52,166,239
50,31,21,175
50,25,197,92
50,13,99,121
50,46,41,214
50,48,88,195
50,27,247,166
50,51,128,191
50,54,121,250
50,23,242,72
50,23,57,162
50,58,210,245
50,22,31,136
50,9,122,101
50,4,21,94
50,37,93,162
50,20,169,106
50,41,213,174
50,52,47,215
50,19,245,141
50,44,47,237
50,28,75,142
50,30,61,187
51,40,136,225
51,48,71,172
51,44,183,223
51,16,40,81
51,48,103,156
51,40,39,224
51,28,112,93
51,48,89,223
51,11,176,111
51,10,149,30
51,40,55,156
51,11,176,36
51,50,216,133
51,22,238,86
51,14,151,45
51,30,168,85
51,49,168,143
51,11,5,88
51,18,238,39
51,56,225,156
51,8,239,16
51,7,175,24
51,24,39,103
51,26,79,101
51,26,175,70
51,15,111,51
51,17,10,185
51,18,215,40
51,14,87,64
51,40,105,235
51,49,239,133
51,47,135,150
51,34,216,82
51,37,216,95
51,30,137,91
51,33,184,94
51,32,23,133
51,47,47,178
51,18,200,75
51,9,217,24
51,43,234,107
51,16,96,158
51,36,127,112
51,5,23,143
51,14,131,46
51,21,201,52
51,20,79,83
51,9,209,63
51,34,17,240
51,36,144,113
51,36,167,110
51,4,123,31
51,14,247,29
51,31,231,72
51,32,216,122
51,44,168,130
51,40,41,164
51,30,63,115
51,59,13,250
51,6,79,47
51,13,199,30
51,10,237,69
51,48,40,199
51,36,192,189
51,59,151,190
51,56,24,232
51,39,249,93
51,23,223,54
51,40,63,243
51,32,111,112
51,36,242,114
51,57,69,224
51,42,31,180
51,5,97,38
51,8,22,77
51,29,251,150
51,31,71,205
51,30,112,134
51,25,152,72
51,46,49,222
51,40,4,225
51,40,207,109
51,40,55,126
51,29,224,50
51,48,208,172
51,50,16,214
51,20,136,150
51,17,177,48
51,17,173,28
51,24,60,92
51,38,176,160
51,7,39,62
51,9,33,107
51,16,102,103
51,28,195,75
51,17,226,18
51,44,7,199
51,26,91,86
51,36,77,138
51,24,145,114
51,38,185,143
51,17,15,147
51,24,137,82
51,20,7,118
51,14,168,76
51,32,90,110
51,32,39,142
51,39,145,163
51,23,121,83
51,49,63,194
51,54,129,178
51,19,162,57
51,16,147,94
51,32,64,172
51,40,11,174
51,26,168,126
51,56,159,174
51,34,239,140
51,24,31,123
51,7,62,53
51,22,177,55
51,46,191,130
51,9,116,43
51,24,109,75
51,42,239,140
51,28,200,155
51,20,31,99
51,50,191,149
51,30,151,68
51,19,127,60
51,8,144,150
51,11,7,127
51,49,113,213
51,4,151,22
51,4,193,14
51,56,99,247
51,12,99,60
51,4,7,71
51,57,71,203
51,43,215,153
51,14,71,73
51,34,23,163
51,6,98,76
51,51,119,170
51,16,218,62
51,40,93,148
51,59,201,170
51,58,157,243
51,50,158,158
51,45,165,173
51,33,193,135
51,31,143,71
51,22,247,122
51,54,47,199
51,41,80,162
51,33,55,139
51,16,67,109
51,42,183,97
51,54,6,237
51,56,177,163
51,31,79,126
51,50,29,243
51,43,72,148
51,15,11,104
51,36,209,144
51,48,31,162
51,54,97,180
51,54,167,218
51,26,63,146
51,58,118,190
51,49,136,193
51,56,90,198
51,22,169,88
51,32,143,146
51,38,173,96
51,39,40,194
52,58,64,225
52,49,90,224
52,46,183,224
52,16,152,48
52,47,50,224
52,12,176,114
52,48,41,182
52,10,216,25
52,32,136,95
52,17,40,85
52,52,216,137
52,16,87,71
52,44,234,109
52,20,32,103
52,12,4,93
52,9,176,27
52,20,136,152
52,20,237,42
52,16,133,49
52,40,248,96
52,48,134,152
52,16,249,32
52,16,113,55
52,7,96,45
52,6,123,36
52,8,23,147
52,38,73,144
52,14,199,33
52,36,216,86
52,56,224,159
52,40,176,165
52,46,168,134
52,32,169,89
52,27,79,107
52,20,176,52
52,12,173,38
52,50,239,135
52,9,239,18
52,23,199,58
52,7,79,53
52,23,238,88
52,41,39,225
52,26,39,112
52,32,111,139
52,44,80,170
52,42,207,115
52,32,63,122
52,37,145,115
52,47,191,132
52,27,88,91
52,56,21,236
52,20,13,190
52,42,64,250
52,24,121,86
52,11,149,35
52,50,167,147
52,26,59,99
52,48,101,158
52,39,215,97
52,30,223,51
52,33,215,124
52,41,105,237
52,34,91,116
52,16,88,163
52,28,174,76
52,10,207,62
52,34,21,244
52,9,23,81
52,18,175,29
52,45,242,201
52,8,71,133
52,4,177,55
52,24,217,59
52,38,125,118
52,19,215,43
52,17,103,104
52,32,111,115
52,35,22,141
52,18,226,19
52,35,187,100
52,41,145,166
52,40,185,148
52,38,168,115
52,9,37,67
52,33,64,210
52,9,142,151
52,16,217,63
52,42,239,140
52,29,111,98
52,28,240,57
52,34,63,174
52,49,67,178
52,55,127,180
52,49,208,174
52,26,144,118
52,21,161,63
52,15,167,78
52,4,45,94
52,18,144,98
52,18,11,151
52,6,103,77
52,9,62,59
52,15,99,64
52,19,199,77
52,12,9,131
52,49,39,206
52,35,235,142
52,29,17,132
52,30,198,78
52,6,151,27
52,44,105,133
52,32,227,74
52,32,79,132
52,6,7,76
52,21,75,88
52,32,143,73
52,52,190,150
52,46,163,178
52,26,110,78
52,40,10,179
52,5,193,15
52,27,151,76
52,22,247,121
52,16,7,108
52,21,251,73
52,42,181,97
52,10,117,47
52,37,208,148
52,52,31,214
52,31,225,106
52,37,241,116
52,56,96,183
52,44,67,154
52,50,30,245
52,11,231,69
52,34,19,166
52,40,39,167
52,18,65,114
52,46,120,199
52,26,19,166
52,24,215,102
52,48,185,194
52,54,166,222
52,56,251,209
52,40,175,101
52,12,127,84
52,58,87,199
52,20,129,66
52,22,7,126
52,11,29,113
52,31,207,159
52,42,135,225
52,40,49,129
52,24,181,62
52,56,101,247
52,54,42,203
52,58,215,172
52,58,69,206
52,53,234,150
52,20,48,183
52,52,158,163
52,39,39,197
52,27,168,133
52,54,215,193
52,52,117,172
52,34,53,145
52,24,169,94
52,58,157,246
52,38,189,194
52,28,251,109
52,35,191,138
52,34,23,189
52,56,177,166
53,48,54,224
53,12,215,29
53,9,24,153
53,51,90,225
53,34,64,127
53,52,14,224
53,20,41,90
53,47,183,225
53,58,224,163
53,14,177,118
53,10,236,21
53,24,215,62
53,38,144,118
53,17,152,53
53,10,171,30
53,18,87,76
53,44,208,118
53,28,79,113
53,33,225,77
53,55,161,223
53,47,168,137
53,14,4,98
53,48,191,133
53,22,15,197
53,39,72,149
53,22,31,109
53,7,191,21
53,9,123,40
53,45,233,110
53,8,97,51
53,32,207,165
53,36,22,146
53,18,133,53
53,11,34,70
53,4,39,63
53,52,167,150
53,29,239,61
53,44,64,157
53,36,18,248
53,33,135,98
53,12,21,86
53,28,40,118
53,15,199,36
53,41,191,150
53,33,168,92
53,27,57,103
53,58,63,227
53,49,65,182
53,21,177,52
53,19,224,21
53,18,110,59
53,16,98,68
53,14,150,38
53,20,213,47
53,48,41,187
53,6,176,62
53,59,49,237
53,17,95,165
53,53,215,141
53,48,191,198
53,21,237,45
53,41,175,166
53,44,235,143
53,39,40,198
53,46,79,176
53,30,106,101
53,22,161,67
53,44,104,135
53,26,119,91
53,52,239,139
53,24,235,91
53,40,215,101
53,41,247,100
53,47,167,178
53,23,73,92
53,36,90,122
53,29,85,95
53,24,197,59
53,56,127,182
53,12,206,67
53,14,172,44
53,8,147,30
53,22,137,155
53,42,174,102
53,39,167,116
53,58,175,170
53,57,19,238
53,30,175,80
53,37,216,90
53,34,111,118
53,9,78,59
53,4,39,98
53,54,41,206
53,32,224,106
53,28,106,82
53,22,127,69
53,22,247,73
53,4,109,27
53,36,192,134
53,42,50,165
53,38,240,119
53,44,24,189
53,58,97,190
53,38,207,151
53,12,117,53
53,28,151,81
53,8,57,59
53,8,5,82
53,53,191,154
53,36,19,170
53,12,61,66
53,19,11,154
53,34,251,75
53,17,249,35
53,36,64,179
53,19,173,30
53,27,143,122
53,5,97,86
53,4,161,26
53,30,222,52
53,15,161,84
53,42,39,226
53,31,195,80
53,4,9,104
53,32,147,74
53,52,57,198
53,58,192,246
53,58,155,181
53,49,97,162
53,46,215,156
53,14,7,134
53,42,106,243
53,4,219,10
53,37,187,106
53,33,215,126
53,42,8,186
53,59,85,202
53,8,70,137
53,54,233,154
53,40,103,147
53,54,113,175
53,42,147,167
53,25,179,67
53,24,120,115
53,49,134,157
53,22,32,135
53,42,35,171
53,38,191,196
53,51,29,248
53,39,123,122
53,31,15,136
53,36,53,149
53,34,69,216
53,36,234,145
53,40,119,165
53,21,48,190
53,24,87,70
53,18,102,107
53,47,241,173
53,19,143,101
53,57,247,211
53,58,99,248
53,46,241,203
53,43,88,158
53,28,174,133
53,59,67,211
53,20,67,118
53,24,5,132
53,41,47,133
53,34,79,138
53,52,157,164
53,45,4,209
53,12,125,89
53,33,107,144
53,34,135,134
53,12,29,117
53,4,22,67
53,57,121,233
54,35,65,224
54,48,160,183
54,42,162,224
54,16,200,41
54,48,48,226
54,12,32,78
54,32,224,110
54,10,22,159
54,28,56,110
54,48,191,141
54,8,190,26
54,40,120,133
54,24,72,99
54,12,215,33
54,22,39,98
54,48,167,142
54,59,225,170
54,11,121,47
54,20,135,61
54,18,151,61
54,16,159,87
54,19,87,85
54,31,104,109
54,36,17,151
54,48,183,238
54,11,237,25
54,14,149,45
54,20,111,67
54,34,167,98
54,23,137,162
54,18,224,23
54,12,173,37
54,44,208,122
54,54,215,147
54,21,237,49
54,23,31,117
54,22,15,201
54,5,223,14
54,18,96,74
54,11,92,56
54,38,216,94
54,46,233,113
54,25,215,64
54,50,95,169
54,29,241,66
54,58,175,173
54,34,225,80
54,12,204,71
54,42,247,104
54,37,89,130
54,30,83,102
54,49,39,194
54,6,41,101
54,42,143,173
54,59,46,243
54,59,80,209
54,40,71,156
54,26,197,67
54,53,239,143
54,42,48,171
54,44,23,192
54,20,9,162
54,43,96,248
54,38,185,112
54,45,234,145
54,50,63,189
54,22,177,58
54,52,112,220
54,51,7,224
54,34,135,104
54,40,209,105
54,39,40,204
54,30,168,137
54,48,241,174
54,25,234,95
54,35,63,134
54,32,197,86
54,13,20,94
54,44,63,163
54,45,103,140
54,18,97,113
54,15,171,51
54,40,141,125
54,18,249,38
54,5,39,68
54,54,111,182
54,4,7,109
54,32,145,77
54,40,241,125
54,6,111,33
54,8,225,53
54,57,15,243
54,47,215,161
54,29,105,92
54,20,65,126
54,6,175,64
54,30,173,85
54,23,31,142
54,10,75,66
54,47,79,182
54,36,192,141
54,9,58,64
54,15,117,58
54,42,187,155
54,59,63,217
54,22,48,194
54,54,191,159
54,27,119,98
54,22,247,78
54,5,157,35
54,21,213,51
54,52,208,182
54,23,127,74
54,34,105,150
54,28,149,86
54,36,21,177
54,33,207,170
54,52,55,206
54,55,39,213
54,14,59,72
54,28,141,126
54,15,181,125
54,58,152,186
54,10,251,121
54,52,135,207
54,9,146,35
54,56,215,200
54,57,126,187
54,34,106,123
54,23,163,73
54,41,175,171
54,46,191,179
54,30,75,118
54,48,125,207
54,21,198,85
54,59,61,235
54,56,161,227
54,12,121,94
54,40,165,122
54,36,63,186
54,4,19,73
54,42,173,107
54,38,207,158
54,24,245,129
54,52,89,230
54,29,63,162
54,35,209,128
54,27,177,72
54,53,88,198
54,58,119,238
54,52,167,155
54,55,233,158
54,6,99,92
54,43,35,178
54,15,5,141
54,30,39,124
54,42,7,191
54,24,119,120
54,18,215,69
54,44,87,167
54,10,69,142
54,16,43,89
54,39,191,205
54,6,93,42
54,13,24,125
54,14,227,73
54,54,157,171
54,28,19,177
54,24,87,73
54,50,130,163
54,30,217,56
54,36,19,202
54,18,94,170
54,35,33,158
54,30,88,151
54,38,128,216
55,36,64,224
55,43,160,224
55,34,224,80
55,16,151,46
55,48,161,182
55,16,199,39
55,46,208,125
55,48,47,226
55,24,136,161
55,32,103,110
55,22,16,199
55,14,31,79
55,10,191,28
55,4,127,62
55,8,112,37
55,12,237,26
55,12,200,70
55,14,218,34
55,16,178,127
55,7,225,17
55,41,119,133
55,56,159,225
55,22,111,69
55,22,239,49
55,31,81,104
55,38,88,131
55,38,16,153
55,12,224,72
55,54,239,143
55,47,72,183
55,31,104,93
55,21,135,61
55,16,157,88
55,24,237,95
55,30,55,114
55,14,175,39
55,16,119,59
55,12,122,49
55,20,87,86
55,32,225,109
55,36,31,163
55,16,41,92
55,48,183,237
55,22,214,52
55,10,59,67
55,28,143,126
55,26,215,67
55,12,21,163
55,20,153,61
55,7,39,71
55,7,159,36
55,48,240,176
55,42,245,104
55,8,169,62
55,45,235,144
55,48,136,247
55,19,97,76
55,8,88,44
55,23,39,100
55,24,179,58
55,33,193,86
55,32,171,85
55,25,71,100
55,14,95,59
55,47,217,158
55,15,18,95
55,6,39,101
55,29,243,66
55,28,177,74
55,40,241,123
55,35,166,99
55,38,216,96
55,38,184,114
55,4,245,6
55,43,143,172
55,57,9,244
55,24,31,122
55,15,59,75
55,21,8,160
55,11,75,66
55,42,174,167
55,57,31,218
55,16,173,52
55,41,208,107
55,44,96,247
55,5,8,110
55,40,137,125
55,23,31,141
55,31,73,119
55,10,148,35
55,34,129,141
55,8,224,53
55,19,23,108
55,29,118,102
55,44,175,106
55,37,17,177
55,6,19,77
55,34,104,149
55,42,189,154
55,27,197,67
55,59,79,212
55,24,247,127
55,53,87,232
55,58,119,240
55,19,251,38
55,19,96,115
55,54,213,149
55,28,19,176
55,22,63,126
55,59,150,189
55,45,23,192
55,25,175,101
55,30,173,139
55,54,167,206
55,50,111,223
55,59,173,176
55,51,129,165
55,56,215,202
55,10,251,120
55,35,133,106
55,14,24,125
55,40,41,206
55,52,15,214
55,44,33,180
55,58,121,191
55,54,87,200
55,41,70,157
55,49,187,140
55,58,246,219
55,47,101,143
55,30,147,90
55,32,33,126
55,7,125,32
55,38,207,154
55,22,247,75
55,24,163,73
55,54,190,161
55,46,231,112
55,36,59,138
55,51,61,191
55,40,186,205
55,35,143,160
55,54,110,182
55,44,43,170
55,36,17,204
55,28,21,138
55,4,193,54
55,8,99,92
55,44,57,162
55,35,209,129
55,12,119,94
55,58,191,249
55,19,224,23
55,49,161,149
55,30,87,150
55,54,152,171
55,51,37,194
55,42,97,152
55,4,5,82
55,25,126,76
55,30,250,114
55,52,206,182
55,41,161,122
55,47,243,209
55,38,49,157
55,59,58,218
56,36,64,225
56,8,224,20
56,48,72,185
56,44,160,225
56,48,160,184
56,16,160,89
56,58,31,224
56,24,136,165
56,32,81,110
56,47,208,129
56,52,32,199
56,14,32,83
56,16,56,80
56,17,201,44
56,20,224,25
56,24,39,106
56,35,225,84
56,44,31,183
56,42,135,131
56,52,56,196
56,44,40,172
56,15,217,37
56,15,176,45
56,36,167,104
56,26,238,97
56,31,55,118
56,30,240,69
56,40,15,159
56,10,191,34
56,8,161,40
56,18,155,52
56,16,95,61
56,32,102,95
56,32,96,198
56,51,31,223
56,24,17,203
56,17,175,56
56,20,168,34
56,16,18,98
56,27,215,70
56,10,117,40
56,8,39,74
56,45,102,247
56,48,103,146
56,43,119,137
56,25,71,104
56,22,112,71
56,54,237,146
56,58,5,247
56,22,135,65
56,47,223,164
56,14,239,30
56,47,63,225
56,37,56,142
56,5,127,65
56,42,207,112
56,11,59,69
56,55,209,152
56,43,247,107
56,8,167,66
56,40,221,102
56,39,87,136
56,30,168,141
56,46,236,146
56,50,111,224
56,48,183,238
56,31,71,125
56,8,17,82
56,35,128,145
56,48,113,158
56,36,209,130
56,11,150,42
56,35,103,152
56,12,75,67
56,13,21,166
56,56,158,226
56,10,94,46
56,14,225,76
56,58,119,194
56,33,103,114
56,22,87,90
56,40,184,118
56,5,245,10
56,29,197,71
56,42,175,170
56,53,87,235
56,42,191,155
56,23,31,142
56,20,96,119
56,37,31,166
56,41,159,124
56,50,184,142
56,43,95,156
56,33,171,90
56,18,183,130
56,35,208,173
56,31,144,94
56,9,129,34
56,9,224,55
56,23,241,53
56,14,201,73
56,58,247,221
56,29,143,130
56,23,215,56
56,35,197,92
56,25,182,60
56,43,143,176
56,26,175,102
56,22,7,164
56,20,23,113
56,13,125,53
56,24,247,129
56,47,143,143
56,22,63,130
56,23,249,76
56,39,135,215
56,33,9,150
56,58,191,251
56,36,131,110
56,52,127,169
56,46,231,117
56,42,69,162
56,32,31,133
56,37,15,180
56,41,243,126
56,29,177,75
56,38,17,210
56,39,207,154
56,56,105,187
56,5,10,113
56,50,163,150
56,21,154,66
56,46,55,168
56,38,65,191
56,40,186,205
56,48,103,224
56,46,21,196
56,16,120,60
56,56,187,163
56,25,31,124
56,17,43,97
56,47,87,173
56,21,99,81
56,4,154,19
56,48,241,178
56,4,153,94
56,9,99,94
56,54,160,162
56,5,193,58
56,52,91,172
56,6,43,102
56,29,19,180
56,33,144,77
56,11,133,160
56,29,19,141
56,30,114,107
56,30,219,56
56,32,229,111
56,26,165,76
56,14,119,99
56,53,15,220
56,49,46,233
56,56,226,163
56,42,43,206
56,53,135,214
56,48,121,207
56,56,215,203
56,22,40,156
56,36,71,151
57,16,223,39
57,48,63,224
57,48,208,130
57,16,184,45
57,24,136,166
57,40,224,102
57,48,224,166
57,48,73,183
57,32,103,97
57,57,159,225
57,32,56,120
57,24,39,108
57,20,159,52
57,51,112,223
57,30,200,72
57,44,119,138
57,15,33,86
57,33,175,92
57,36,166,103
57,46,239,143
57,28,216,71
57,5,153,95
57,10,229,22
57,15,127,54
57,26,239,98
57,14,23,169
57,35,199,94
57,44,161,225
57,10,166,39
57,6,129,66
57,12,121,39
57,30,143,128
57,53,31,221
57,48,103,147
57,47,144,141
57,26,73,107
57,47,232,119
57,12,195,37
57,32,85,110
57,22,153,68
57,14,78,70
57,43,191,156
57,44,144,176
57,59,30,226
57,35,208,174
57,48,249,214
57,40,18,160
57,19,207,46
57,4,80,86
57,23,87,92
57,19,177,60
57,6,249,12
57,26,183,62
57,23,137,66
57,12,61,72
57,59,5,250
57,32,119,109
57,43,71,162
57,20,216,70
57,37,135,111
57,9,19,84
57,20,225,26
57,17,96,62
57,4,135,30
57,40,89,138
57,48,123,207
57,12,97,47
57,44,247,107
57,55,209,152
57,31,245,70
57,15,201,73
57,43,176,171
57,43,209,112
57,9,39,75
57,40,191,206
57,38,15,181
57,32,96,200
57,48,166,181
57,22,63,131
57,43,137,131
57,5,81,50
57,26,167,78
57,23,8,163
57,10,167,69
57,17,161,90
57,17,21,100
57,9,135,33
57,32,74,126
57,38,31,166
57,32,134,101
57,30,21,147
57,24,250,79
57,16,120,96
57,32,63,170
57,22,103,83
57,24,115,75
57,39,207,155
57,21,23,114
57,55,242,147
57,22,96,118
57,32,169,139
57,59,191,251
57,24,245,54
57,8,10,117
57,46,41,173
57,36,227,83
57,4,29,71
57,20,171,32
57,48,115,158
57,26,31,128
57,4,115,37
57,14,241,32
57,55,215,203
57,35,109,151
57,27,175,105
57,13,155,43
57,54,167,210
57,36,129,145
57,6,160,18
57,44,97,155
57,40,136,213
57,35,10,150
57,35,111,114
57,59,121,195
57,32,232,110
57,40,186,117
57,42,47,207
57,44,33,186
57,20,185,131
57,10,224,58
57,53,37,202
57,47,23,196
57,17,59,81
57,54,91,238
57,31,87,157
57,38,63,142
57,8,47,102
57,42,162,124
57,29,19,181
57,34,144,78
57,24,217,58
57,51,161,151
57,31,223,55
57,39,48,162
57,54,135,214
57,31,180,76
57,36,65,232
57,39,192,139
57,31,146,94
57,11,134,159
57,7,63,57
57,41,248,123
57,48,185,237
57,25,251,130
57,47,199,181
57,53,62,197
57,52,207,186
57,26,119,126
57,39,14,212
57,44,173,105
57,44,33,230
57,50,46,234
57,52,187,142
57,24,197,89
57,56,167,165
57,4,147,55
57,38,235,147
57,52,93,174
57,53,15,222
57,8,208,5
57,4,249,50
57,9,99,90
57,57,190,165
58,48,63,224
58,48,72,183
58,16,39,86
58,16,32,128
58,48,233,120
58,48,120,206
58,32,183,77
58,26,40,109
58,32,176,141
58,25,136,166
58,58,159,225
58,45,168,225
58,24,159,68
58,48,143,144
58,54,32,222
58,44,192,158
58,44,119,139
58,4,226,30
58,36,200,95
58,37,235,84
58,53,17,224
58,11,232,21
58,38,167,104
58,34,87,113
58,48,4,224
58,18,189,45
58,34,175,92
58,48,225,166
58,16,133,54
58,40,63,146
58,48,209,129
58,13,199,36
58,8,135,66
58,32,207,75
58,20,175,31
58,46,241,144
58,17,225,39
58,20,48,102
58,30,223,71
58,10,23,84
58,57,56,223
58,36,112,151
58,32,235,111
58,46,249,111
58,7,87,52
58,40,143,214
58,11,167,42
58,14,82,68
58,21,161,53
58,49,167,183
58,14,63,72
58,34,105,98
58,32,65,167
58,36,136,147
58,24,89,93
58,12,169,71
58,6,31,69
58,6,119,37
58,36,11,153
58,42,19,162
58,8,7,88
58,44,71,164
58,38,136,111
58,31,251,70
58,40,16,214
58,20,212,46
58,32,79,128
58,31,223,54
58,26,116,76
58,24,9,164
58,13,123,38
58,20,181,60
58,7,155,97
58,28,176,107
58,4,105,64
58,40,209,154
58,7,140,30
58,40,63,190
58,28,33,129
58,49,192,241
58,36,111,116
58,25,251,128
58,28,189,63
58,24,141,68
58,46,33,188
58,48,200,181
58,8,167,21
58,44,213,114
58,52,111,221
58,24,65,133
58,54,63,198
58,54,37,203
58,43,137,133
58,48,23,197
58,37,71,237
58,42,191,207
58,20,126,66
58,48,87,176
58,49,103,149
58,16,207,76
58,44,177,172
58,44,144,180
58,26,31,206
58,55,211,153
58,20,226,24
58,27,77,108
58,15,24,171
58,42,225,103
58,23,105,85
58,33,103,202
58,26,241,101
58,14,103,46
58,6,85,90
58,25,199,93
58,30,21,181
58,10,41,72
58,33,135,103
58,9,13,118
58,5,151,55
58,43,47,208
58,8,193,58
58,6,209,18
58,46,43,175
58,38,15,182
58,16,245,31
58,25,249,53
58,10,49,105
58,33,61,122
58,42,185,118
58,12,225,58
58,52,161,153
58,19,161,92
58,38,31,166
58,15,5,98
58,40,191,139
58,4,51,55
58,30,215,106
58,20,191,129
58,22,24,115
58,32,149,95
58,11,101,87
58,48,103,225
58,59,193,251
58,54,135,214
58,35,149,77
58,12,135,159
58,24,39,138
58,16,122,95
58,52,189,145
58,26,251,80
58,18,7,147
58,28,126,85
58,36,215,175
58,4,9,74
58,36,161,161
58,18,25,101
58,18,63,82
58,41,91,140
58,18,103,60
58,58,189,164
58,14,159,42
58,35,23,134
58,30,24,147
58,33,119,113
58,47,89,202
58,57,167,169
58,54,169,206
58,55,94,235
58,8,67,58
58,54,241,145
58,44,165,127
58,57,217,203
59,55,32,223
59,12,234,21
59,58,160,224
59,8,154,102
59,36,176,94
59,52,106,223
59,16,86,70
59,47,120,143
59,54,16,225
59,32,224,75
59,28,40,111
59,36,88,116
59,36,111,102
59,39,236,90
59,18,40,88
59,26,137,169
59,19,191,45
59,48,235,123
59,41,15,223
59,40,144,214
59,47,47,181
59,45,71,166
59,12,103,89
59,25,143,70
59,18,135,55
59,15,63,76
59,15,128,41
59,48,167,225
59,22,176,32
59,8,143,33
59,23,165,54
59,16,24,176
59,16,4,100
59,15,201,37
59,24,96,182
59,38,10,155
59,48,200,183
59,13,169,45
59,39,165,107
59,22,182,62
59,34,238,112
59,25,161,72
59,6,54,59
59,32,224,55
59,6,153,55
59,33,183,78
59,48,22,197
59,48,182,132
59,12,19,89
59,26,31,207
59,34,207,78
59,47,241,144
59,17,32,130
59,39,71,238
59,32,23,150
59,27,120,76
59,22,215,46
59,7,121,37
59,50,167,186
59,46,211,116
59,30,79,110
59,4,201,79
59,16,225,79
59,46,249,114
59,34,79,131
59,49,232,168
59,10,199,61
59,40,63,148
59,12,39,76
59,10,139,68
59,54,33,203
59,48,33,190
59,4,55,94
59,39,111,122
59,35,64,123
59,40,136,116
59,9,90,53
59,32,191,134
59,29,191,65
59,50,214,133
59,32,23,182
59,10,71,60
59,25,111,86
59,28,244,101
59,8,87,92
59,56,95,236
59,44,184,123
59,56,209,155
59,58,55,225
59,58,126,246
59,58,167,173
59,20,64,85
59,34,119,116
59,43,21,166
59,22,47,102
59,38,201,99
59,40,15,187
59,38,215,178
59,40,239,150
59,26,10,169
59,50,73,187
59,44,47,212
59,32,216,110
59,26,93,96
59,24,24,118
59,54,161,155
59,44,225,107
59,21,126,67
59,49,121,207
59,36,21,139
59,48,87,202
59,31,151,135
59,58,217,205
59,5,227,30
59,36,135,109
59,12,13,123
59,20,229,42
59,40,31,172
59,55,63,202
59,7,215,18
59,49,63,226
59,6,179,14
59,44,195,164
59,30,35,132
59,33,151,95
59,24,183,110
59,9,7,91
59,47,15,210
59,50,144,147
59,31,175,113
59,45,183,174
59,24,102,122
59,18,206,77
59,20,227,23
59,5,8,75
59,6,193,15
59,42,191,206
59,54,189,146
59,20,29,102
59,10,173,24
59,22,163,94
59,5,5,152
59,16,106,55
59,6,109,64
59,14,171,73
59,36,145,79
59,40,79,155
59,35,177,142
59,26,202,93
59,26,251,131
59,45,145,179
59,43,91,142
59,44,200,97
59,48,225,86
59,20,191,128
59,46,37,238
59,41,63,189
59,48,251,223
59,45,139,137
59,29,129,90
59,57,175,242
59,46,52,161
59,46,151,112
59,13,225,58
59,41,191,143
59,18,247,33
59,47,165,132
59,11,54,103
59,58,187,166
59,18,127,94
59,25,67,133
59,43,47,135
60,32,224,77
60,42,14,223
60,40,235,92
60,56,32,226
60,8,157,105
60,47,168,225
60,8,54,61
60,16,129,42
60,48,121,147
60,48,88,206
60,16,201,40
60,50,235,126
60,48,15,213
60,14,237,23
60,46,72,172
60,8,127,38
60,28,224,61
60,24,183,63
60,4,200,82
60,18,87,73
60,21,192,49
60,10,200,62
60,19,40,93
60,40,167,109
60,25,167,57
60,46,199,164
60,26,160,75
60,51,105,223
60,40,70,239
60,40,111,125
60,17,66,78
60,57,208,157
60,10,149,35
60,48,33,195
60,36,119,117
60,47,249,115
60,9,88,94
60,48,200,187
60,32,152,136
60,18,32,133
60,19,136,57
60,14,104,88
60,27,136,171
60,48,45,184
60,26,200,93
60,45,225,109
60,36,177,142
60,8,159,57
60,48,165,136
60,11,141,69
60,36,80,134
60,59,162,224
60,40,239,153
60,52,73,190
60,33,23,154
60,42,64,150
60,59,251,223
60,37,89,116
60,48,103,165
60,38,119,157
60,39,9,158
60,35,184,81
60,47,213,120
60,10,72,62
60,26,143,72
60,14,174,44
60,8,197,16
60,50,167,190
60,46,183,126
60,9,215,21
60,37,64,128
60,56,33,210
60,10,33,77
60,44,21,170
60,16,110,52
60,55,15,226
60,22,226,23
60,10,91,55
60,29,41,115
60,23,126,69
60,10,103,127
60,6,178,15
60,26,65,138
60,38,179,100
60,41,143,214
60,38,113,107
60,52,213,136
60,16,173,74
60,31,79,115
60,47,137,138
60,48,242,146
60,30,193,68
60,22,175,33
60,28,12,174
60,28,121,78
60,6,235,6
60,27,31,208
60,50,127,210
60,7,7,77
60,58,55,226
60,40,215,126
60,32,33,134
60,11,175,26
60,34,205,79
60,34,151,99
60,40,206,102
60,59,215,205
60,28,109,88
60,34,239,115
60,6,229,31
60,41,215,158
60,7,111,66
60,24,217,48
60,52,103,158
60,10,7,94
60,53,47,246
60,13,19,91
60,40,137,117
60,6,5,154
60,5,51,96
60,18,207,78
60,45,183,176
60,42,64,190
60,24,95,185
60,54,187,147
60,43,191,208
60,59,185,166
60,14,40,78
60,41,17,190
60,50,232,169
60,59,167,175
60,40,79,158
60,56,62,204
60,46,120,181
60,18,5,102
60,22,65,88
60,58,123,246
60,45,95,147
60,29,245,102
60,34,70,167
60,28,93,99
60,13,11,124
60,23,162,97
60,38,215,181
60,47,53,165
60,23,49,106
60,57,95,235
60,46,55,213
60,48,225,86
60,16,226,83
60,55,128,218
60,51,65,234
60,38,167,166
60,32,221,111
60,25,103,122
60,21,231,44
60,20,127,95
60,43,249,131
60,56,93,185
60,21,30,104
60,56,5,244
60,26,249,132
60,38,143,152
60,37,21,140
60,32,177,113
60,14,224,59
60,31,183,110
60,36,55,139
60,18,23,181
60,37,145,82
60,51,146,150
60,12,49,107
60,46,203,96
61,48,72,174
61,43,15,224
61,48,136,141
61,10,157,106
61,34,224,78
61,16,112,52
61,56,31,227
61,41,143,223
61,48,161,135
61,48,215,125
61,27,136,175
61,46,224,112
61,36,184,83
61,22,192,52
61,48,250,117
61,16,176,78
61,49,120,149
61,30,96,102
61,16,46,79
61,48,47,187
61,26,167,61
61,41,234,94
61,28,32,213
61,9,56,62
61,20,136,58
61,18,89,76
61,32,39,140
61,53,110,223
61,9,129,39
61,14,238,24
61,42,166,111
61,22,225,23
61,48,247,147
61,24,183,67
61,32,80,118
61,39,216,183
61,8,111,69
61,52,72,193
61,30,40,117
61,40,11,163
61,48,111,250
61,20,41,94
61,28,161,78
61,10,215,26
61,58,207,157
61,15,175,45
61,24,126,70
61,51,235,129
61,27,143,76
61,32,152,141
61,11,151,38
61,49,251,224
61,15,111,94
61,24,223,77
61,47,95,149
61,32,223,59
61,41,70,244
61,20,32,135
61,8,7,82
61,7,239,8
61,22,232,47
61,38,119,158
61,9,199,18
61,56,32,212
61,44,69,151
61,11,141,73
61,38,89,118
61,20,105,61
61,50,167,190
61,36,204,84
61,47,56,215
61,23,175,35
61,12,176,27
61,10,199,67
61,53,103,164
61,32,183,114
61,8,9,159
61,17,131,43
61,12,9,94
61,37,119,118
61,41,111,127
61,30,110,89
61,38,64,130
61,5,199,84
61,6,230,31
61,57,95,236
61,9,183,19
61,46,23,173
61,14,9,127
61,47,183,130
61,12,93,58
61,10,90,94
61,18,69,81
61,26,64,139
61,28,200,95
61,48,169,225
61,53,215,137
61,7,53,99
61,32,197,70
61,58,124,248
61,18,23,182
61,51,233,167
61,46,198,166
61,49,33,198
61,42,215,157
61,28,39,147
61,35,151,104
61,37,176,145
61,24,69,91
61,50,129,207
61,5,34,69
61,38,151,83
61,33,191,136
61,44,183,179
61,24,217,52
61,17,205,43
61,59,54,226
61,56,63,204
61,12,37,81
61,29,247,102
61,40,237,151
61,29,125,81
61,10,163,59
61,19,209,80
61,47,51,164
61,48,89,207
61,32,221,117
61,35,239,117
61,6,107,42
61,34,25,155
61,14,21,95
61,32,173,90
61,14,47,109
61,36,56,142
61,11,75,64
61,57,91,183
61,49,18,196
61,52,65,235
61,44,47,135
61,38,216,124
61,29,17,179
61,39,181,106
61,26,96,190
61,24,165,99
61,42,137,122
61,58,239,153
61,42,17,193
61,43,249,130
61,47,39,242
61,28,120,131
61,54,48,251
61,49,16,217
61,28,4,141
61,54,189,150
61,23,30,107
61,19,165,51
61,39,169,168
61,10,103,34
61,56,5,246
61,27,249,133
61,32,129,98
61,46,120,180
61,42,81,162
61,48,225,83
61,27,25,124
61,42,64,192
61,38,139,153
61,37,82,137
61,35,71,173
61,41,205,106
61,4,29,95
61,12,103,134
61,48,200,188
61,47,205,98
61,5,191,41
61,10,111,31
61,56,11,228
62,42,143,225
62,48,72,176
62,48,136,142
62,24,224,79
62,44,15,225
62,48,225,113
62,48,160,134
62,11,152,111
62,29,32,215
62,24,199,54
62,48,199,166
62,24,225,24
62,48,47,190
62,42,237,99
62,19,88,77
62,28,143,78
62,16,239,27
62,16,152,44
62,20,136,61
62,48,248,152
62,48,214,125
62,52,238,132
62,36,207,85
62,32,95,106
62,40,183,108
62,23,237,47
62,17,111,53
62,16,119,102
62,58,209,159
62,48,250,121
62,11,57,67
62,42,13,165
62,32,39,118
62,7,199,87
62,42,166,112
62,48,207,99
62,42,70,248
62,26,184,68
62,47,95,151
62,8,111,70
62,10,131,41
62,32,199,72
62,57,31,212
62,50,120,152
62,52,104,223
62,8,239,10
62,24,175,36
62,21,103,63
62,20,69,84
62,54,215,140
62,28,39,149
62,42,111,126
62,12,89,97
62,57,31,231
62,27,169,62
62,14,183,31
62,48,88,206
62,48,225,87
62,22,41,98
62,53,71,195
62,10,185,21
62,53,103,166
62,31,225,66
62,17,177,50
62,48,113,247
62,47,55,220
62,42,216,158
62,5,85,46
62,44,183,181
62,10,202,20
62,18,134,43
62,19,208,45
62,36,71,174
62,6,231,32
62,47,145,113
62,9,5,164
62,49,17,198
62,38,119,119
62,11,199,66
62,32,183,114
62,7,109,44
62,10,10,83
62,39,63,133
62,48,183,130
62,50,17,222
62,4,63,80
62,38,151,83
62,26,223,54
62,6,157,25
62,31,109,92
62,37,176,142
62,25,167,101
62,36,240,117
62,50,128,209
62,24,121,73
62,12,217,29
62,7,54,101
62,26,49,111
62,36,186,84
62,59,215,210
62,15,9,130
62,33,80,119
62,15,23,95
62,4,117,31
62,35,225,82
62,51,233,172
62,6,34,70
62,25,65,94
62,29,137,178
62,21,167,53
62,29,251,59
62,37,79,139
62,39,216,186
62,12,142,76
62,15,47,113
62,58,125,248
62,39,90,123
62,50,167,191
62,58,93,189
62,34,35,140
62,47,23,177
62,30,125,81
62,17,47,83
62,38,136,153
62,45,69,154
62,20,4,107
62,4,215,6
62,4,16,75
62,24,30,109
62,36,55,145
62,40,169,170
62,56,95,237
62,36,149,105
62,13,93,60
62,47,53,165
62,43,63,196
62,32,173,91
62,51,33,200
62,49,251,225
62,29,165,78
62,30,21,182
62,35,29,157
62,21,31,138
62,30,247,104
62,39,136,117
62,42,206,107
62,12,37,83
62,49,199,190
62,44,207,136
62,10,165,60
62,27,65,141
62,42,193,147
62,38,114,159
62,17,177,80
62,28,202,98
62,44,249,133
62,13,9,96
62,26,103,126
62,19,209,84
62,10,105,34
62,41,237,153
62,20,18,188
62,4,62,54
62,42,79,163
62,33,151,139
62,28,25,124
62,24,191,140
62,33,129,98
62,44,47,135
62,57,61,205
62,55,187,150
62,56,163,158
62,38,23,145
63,42,143,225
63,48,71,177
63,48,200,166
63,48,208,97
63,12,152,112
63,32,111,93
63,48,184,133
63,48,225,114
63,24,200,55
63,24,237,48
63,24,225,25
63,51,17,223
63,32,95,109
63,32,144,183
63,32,38,121
63,42,66,251
63,8,55,103
63,20,89,77
63,42,168,116
63,49,215,125
63,30,32,222
63,7,200,87
63,32,184,113
63,52,239,134
63,48,47,195
63,48,96,155
63,58,32,220
63,53,104,224
63,21,136,55
63,54,72,198
63,43,239,99
63,38,209,88
63,30,65,224
63,47,119,250
63,6,88,46
63,14,160,40
63,40,119,116
63,54,215,142
63,16,243,26
63,9,112,70
63,4,119,30
63,22,40,99
63,7,33,69
63,50,15,199
63,40,94,126
63,40,184,108
63,8,112,44
63,51,239,170
63,38,80,141
63,36,152,107
63,20,70,84
63,42,13,169
63,30,127,84
63,18,153,46
63,5,47,58
63,47,145,114
63,28,174,62
63,17,111,55
63,36,71,175
63,38,121,124
63,48,251,153
63,30,167,78
63,30,71,224
63,7,159,26
63,47,49,166
63,47,55,222
63,12,61,66
63,50,33,204
63,18,182,48
63,13,223,31
63,25,225,83
63,57,31,234
63,28,23,130
63,8,239,10
63,28,145,78
63,46,71,155
63,16,120,104
63,24,174,35
63,43,15,225
63,55,135,222
63,11,135,42
63,37,223,124
63,27,223,55
63,10,7,85
63,15,185,34
63,40,223,186
63,28,207,99
63,49,251,122
63,7,232,34
63,16,23,99
63,43,113,130
63,39,21,148
63,36,23,158
63,36,175,144
63,10,167,62
63,22,103,66
63,16,47,115
63,11,199,66
63,29,251,59
63,34,79,122
63,18,236,86
63,17,135,43
63,59,211,163
63,4,65,83
63,16,11,133
63,26,187,69
63,33,175,92
63,34,33,142
63,50,200,189
63,54,104,166
63,14,95,60
63,48,141,147
63,38,151,84
63,6,216,7
63,50,168,190
63,12,191,22
63,13,143,76
63,42,192,148
63,12,95,98
63,22,32,142
63,20,5,108
63,39,63,136
63,5,15,75
63,26,48,114
63,11,205,22
63,58,93,190
63,50,121,154
63,20,21,186
63,25,121,74
63,43,64,198
63,48,89,206
63,58,59,206
63,19,209,85
63,32,227,68
63,48,25,181
63,42,206,109
63,56,93,238
63,52,65,241
63,13,79,66
63,6,31,99
63,17,47,84
63,40,175,170
63,28,65,142
63,35,199,138
63,37,54,148
63,31,249,108
63,55,176,219
63,26,69,96
63,33,135,99
63,38,117,158
63,44,250,133
63,44,15,198
63,49,163,138
63,46,209,140
63,45,185,178
63,26,103,126
63,4,63,53
63,42,33,179
63,34,223,58
63,24,30,113
63,14,9,98
63,58,127,249
63,29,39,151
63,31,19,184
63,39,104,224
63,55,215,195
63,22,169,55
63,33,201,74
63,36,243,118
63,45,119,178
63,37,187,85
63,27,97,82
63,9,5,165
63,56,188,155
63,14,107,140
63,38,137,154
63,36,230,85
64,58,32,223
64,32,64,224
64,48,72,181
64,56,135,223
64,40,106,224
64,51,16,225
64,48,144,115
64,48,183,135
64,32,111,97
64,48,225,116
64,32,144,183
64,44,167,118
64,50,215,125
64,48,96,159
64,46,47,223
64,49,47,197
64,16,162,42
64,48,209,96
64,8,235,38
64,48,199,171
64,8,32,74
64,23,136,60
64,10,112,74
64,6,47,63
64,52,240,172
64,54,240,138
64,48,88,206
64,52,110,223
64,42,183,110
64,32,94,110
64,25,200,58
64,21,87,80
64,20,209,87
64,14,223,35
64,40,95,131
64,33,183,117
64,27,224,87
64,32,38,126
64,16,48,118
64,28,175,64
64,43,143,225
64,44,113,133
64,18,111,61
64,13,151,115
64,26,241,50
64,31,127,88
64,47,47,168
64,28,225,58
64,14,39,87
64,9,161,29
64,47,71,158
64,8,55,106
64,38,233,88
64,16,190,37
64,24,223,27
64,55,72,200
64,52,33,206
64,43,13,173
64,39,17,151
64,23,41,105
64,34,175,94
64,26,121,77
64,17,243,28
64,4,101,39
64,7,93,52
64,45,242,103
64,50,16,203
64,10,241,13
64,30,145,82
64,9,200,89
64,12,199,67
64,34,145,143
64,27,185,72
64,31,167,82
64,30,31,218
64,12,61,68
64,12,8,91
64,39,211,90
64,7,216,12
64,36,71,172
64,12,94,102
64,34,207,76
64,32,248,110
64,10,115,49
64,37,153,108
64,20,157,52
64,38,79,142
64,26,199,142
64,52,65,243
64,15,95,62
64,39,135,157
64,25,171,38
64,54,215,142
64,6,65,86
64,27,48,118
64,43,207,110
64,21,69,87
64,13,205,26
64,13,143,77
64,17,23,102
64,44,251,136
64,28,97,88
64,51,121,158
64,6,65,55
64,18,179,52
64,54,104,172
64,22,216,52
64,41,121,119
64,43,64,202
64,35,33,146
64,6,123,35
64,7,31,102
64,11,6,170
64,57,167,164
64,20,49,91
64,13,135,43
64,29,21,134
64,32,17,187
64,30,251,63
64,50,139,149
64,42,239,156
64,51,167,193
64,36,175,149
64,41,223,189
64,58,61,211
64,16,234,66
64,35,80,123
64,58,31,236
64,6,15,80
64,51,200,190
64,10,166,61
64,43,191,148
64,39,120,127
64,16,109,142
64,59,93,198
64,27,70,100
64,39,224,131
64,37,187,86
64,42,32,181
64,15,13,132
64,6,167,17
64,48,29,187
64,53,47,251
64,7,200,47
64,49,251,154
64,47,207,145
64,48,121,251
64,14,78,69
64,20,233,88
64,21,23,190
64,38,53,151
64,5,193,11
64,46,150,182
64,20,7,113
64,51,162,142
64,56,189,158
64,26,167,106
64,38,115,159
64,23,31,149
64,43,15,227
64,52,191,209
64,28,65,146
64,11,111,33
64,36,199,140
64,36,24,162
64,45,119,151
64,25,29,117
64,29,205,102
64,33,231,73
64,31,119,132
64,38,147,85
64,57,93,241
64,46,184,180
65,56,136,224
65,47,48,224
65,59,31,224
65,32,64,225
65,48,31,189
65,40,104,224
65,48,144,114
65,48,71,161
65,48,48,173
65,8,48,63
65,48,72,183
65,32,167,83
65,32,40,127
65,53,111,225
65,24,137,61
65,16,97,61
65,34,97,114
65,44,16,176
65,40,235,93
65,22,159,53
65,8,129,36
65,23,89,79
65,48,214,96
65,10,200,90
65,16,40,90
65,12,119,50
65,10,238,37
65,11,163,30
65,16,199,25
65,51,216,126
65,30,32,213
65,48,88,209
65,10,112,76
65,24,224,27
65,18,192,39
65,10,244,11
65,30,192,74
65,15,224,34
65,17,163,42
65,12,140,72
65,46,112,136
65,51,48,204
65,56,73,206
65,27,207,59
65,28,224,90
65,14,63,68
65,6,105,39
65,22,235,87
65,28,121,76
65,53,240,173
65,14,151,116
65,8,218,12
65,53,17,228
65,35,233,76
65,9,95,51
65,27,241,50
65,47,245,108
65,30,97,92
65,50,184,139
65,36,208,77
65,33,183,117
65,4,9,109
65,44,207,113
65,45,169,122
65,54,240,138
65,42,223,190
65,16,47,118
65,32,15,186
65,36,80,126
65,47,151,182
65,36,37,147
65,46,120,152
65,26,172,38
65,40,213,92
65,28,71,100
65,14,11,91
65,50,16,203
65,30,207,103
65,36,175,150
65,7,69,54
65,22,71,89
65,15,79,71
65,10,35,75
65,6,144,29
65,8,200,47
65,14,207,26
65,32,129,88
65,53,127,164
65,17,138,47
65,18,246,28
65,35,176,96
65,32,251,66
65,24,109,67
65,52,141,151
65,30,179,65
65,59,94,198
65,27,199,142
65,20,181,52
65,43,185,110
65,15,11,132
65,48,177,239
65,42,95,134
65,33,250,111
65,34,145,145
65,31,147,84
65,8,31,102
65,24,41,106
65,53,65,245
65,59,63,215
65,49,199,168
65,40,21,156
65,33,113,97
65,16,243,128
65,32,7,156
65,57,175,214
65,47,143,135
65,40,80,144
65,13,201,66
65,40,151,86
65,7,171,17
65,9,54,104
65,58,187,156
65,52,33,207
65,18,177,84
65,6,21,79
65,39,191,87
65,43,64,202
65,6,67,85
65,43,193,149
65,51,200,190
65,41,224,130
65,36,223,126
65,52,169,194
65,12,93,102
65,37,71,172
65,6,197,10
65,58,169,166
65,4,150,59
65,50,230,118
65,44,126,125
65,40,63,140
65,12,5,173
65,36,135,105
65,55,211,142
65,50,103,164
65,59,30,242
65,56,94,239
65,43,239,158
65,21,209,86
65,11,165,59
65,22,10,114
65,12,113,33
65,37,30,164
65,19,24,102
65,17,235,66
65,47,119,188
65,16,10,104
65,39,135,162
65,17,111,143
65,25,166,103
65,44,17,231
65,30,119,134
65,4,10,66
65,30,229,60
65,36,223,60
65,33,145,184
65,30,25,137
65,36,217,61
65,26,30,116
65,39,157,108
66,58,136,225
66,48,56,224
66,16,152,119
66,48,48,175
66,48,48,225
66,48,246,112
66,48,72,165
66,48,113,141
66,58,171,224
66,32,56,225
66,24,73,91
66,24,236,88
66,16,209,28
66,20,167,44
66,42,216,94
66,36,96,115
66,16,64,71
66,12,238,41
66,32,63,225
66,37,235,79
66,10,134,38
66,16,95,102
66,8,108,43
66,49,31,191
66,34,40,130
66,48,143,138
66,48,208,224
66,20,192,42
66,8,70,56
66,31,32,220
66,56,239,140
66,13,168,34
66,41,235,96
66,36,169,84
66,16,224,36
66,52,15,205
66,16,201,70
66,49,144,115
66,4,7,141
66,8,175,20
66,28,30,117
66,22,183,54
66,8,150,32
66,10,220,13
66,12,243,14
66,16,13,132
66,32,208,107
66,28,241,50
66,10,50,67
66,47,171,125
66,35,113,101
66,47,209,116
66,51,71,186
66,32,185,77
66,54,242,176
66,47,200,223
66,5,8,110
66,38,39,151
66,44,95,138
66,16,243,131
66,56,207,144
66,45,16,180
66,52,184,143
66,25,111,70
66,57,71,210
66,53,217,133
66,54,16,230
66,8,218,55
66,21,143,53
66,29,205,62
66,27,167,101
66,48,151,183
66,30,71,102
66,32,15,188
66,55,127,171
66,13,143,74
66,15,12,95
66,25,91,82
66,46,191,117
66,39,31,166
66,52,47,210
66,12,114,77
66,8,199,12
66,44,223,193
66,23,161,56
66,12,37,77
66,45,239,158
66,31,225,92
66,7,71,85
66,20,248,30
66,42,63,142
66,50,215,97
66,11,99,54
66,35,130,92
66,52,231,122
66,14,121,50
66,37,176,99
66,20,177,86
66,4,147,87
66,27,45,108
66,34,149,87
66,40,191,93
66,29,200,146
66,30,71,145
66,23,208,89
66,9,22,83
66,13,207,94
66,41,135,162
66,38,176,155
66,30,123,79
66,41,150,87
66,59,185,162
66,32,25,139
66,44,64,204
66,48,121,155
66,45,191,151
66,37,208,82
66,40,81,147
66,24,11,115
66,43,21,159
66,34,7,159
66,24,31,190
66,32,231,66
66,9,31,102
66,24,32,152
66,33,181,66
66,48,43,249
66,4,155,19
66,40,159,114
66,12,167,60
66,58,93,243
66,47,127,130
66,53,33,211
66,7,13,68
66,5,151,60
66,5,55,123
66,18,43,91
66,10,53,104
66,48,223,169
66,55,107,227
66,49,88,211
66,27,169,39
66,48,119,189
66,17,7,106
66,32,99,94
66,38,71,173
66,52,199,193
66,42,223,131
66,40,30,207
66,38,135,110
66,52,193,169
66,55,141,158
66,46,17,208
66,43,175,174
66,14,5,174
66,38,85,130
66,23,54,95
66,31,41,155
66,40,119,158
66,26,139,61
66,25,223,28
66,16,81,73
66,10,199,53
66,35,184,117
66,37,223,62
66,47,86,173
66,31,136,121
66,59,150,178
66,44,15,237
66,36,148,147
67,32,31,223
67,48,56,224
67,32,224,95
67,48,201,223
67,48,207,224
67,59,170,224
67,40,31,167
67,48,72,165
67,24,184,59
67,10,71,57
67,48,48,179
67,22,167,47
67,48,112,144
67,8,216,54
67,38,96,117
67,48,120,158
67,39,236,83
67,48,173,127
67,12,223,16
67,59,135,226
67,58,72,212
67,10,110,44
67,12,134,39
67,32,71,103
67,16,11,135
67,4,87,38
67,44,215,98
67,8,71,84
67,11,151,31
67,48,143,140
67,47,191,121
67,56,127,173
67,15,169,35
67,22,193,44
67,47,17,184
67,28,136,66
67,31,207,66
67,12,235,42
67,7,8,111
67,37,169,86
67,32,71,147
67,29,239,53
67,28,47,110
67,6,55,121
67,27,111,74
67,50,247,116
67,54,216,134
67,12,23,87
67,20,47,93
67,29,5,138
67,46,143,242
67,33,56,225
67,6,151,87
67,34,208,108
67,50,144,117
67,6,4,145
67,43,235,100
67,48,209,120
67,17,151,121
67,10,55,103
67,44,15,162
67,17,241,134
67,54,33,214
67,27,93,86
67,32,55,123
67,20,177,88
67,52,192,172
67,14,245,18
67,17,15,96
67,12,53,69
67,6,158,20
67,48,16,211
67,4,55,45
67,54,48,212
67,26,75,91
67,54,242,177
67,52,70,187
67,46,95,140
67,34,15,192
67,12,114,78
67,22,249,31
67,4,25,59
67,42,191,95
67,10,179,20
67,32,123,83
67,9,201,12
67,5,10,71
67,58,241,142
67,14,39,78
67,55,143,160
67,23,145,55
67,45,223,198
67,42,136,164
67,39,177,102
67,10,31,103
67,35,43,132
67,51,31,194
67,53,15,208
67,19,7,108
67,39,72,175
67,40,86,132
67,38,223,62
67,18,199,70
67,46,193,154
67,48,119,193
67,48,31,224
67,16,123,52
67,28,165,104
67,30,30,118
67,37,113,104
67,12,160,60
67,12,199,54
67,15,6,175
67,35,251,71
67,40,135,114
67,48,85,177
67,57,207,148
67,54,231,125
67,55,15,232
67,14,101,58
67,48,45,249
67,17,66,70
67,34,181,70
67,7,153,63
67,48,217,172
67,39,39,152
67,35,251,117
67,4,131,22
67,58,93,242
67,15,141,77
67,36,149,92
67,18,91,102
67,42,82,149
67,42,150,89
67,30,104,128
67,4,125,65
67,48,128,135
67,25,207,90
67,28,218,60
67,55,161,151
67,38,151,194
67,42,157,115
67,18,225,38
67,32,41,157
67,39,209,85
67,31,137,122
67,49,151,189
67,35,7,162
67,43,61,143
67,19,201,30
67,36,132,98
67,25,163,60
67,33,189,81
67,25,13,117
67,18,211,29
67,46,15,238
67,31,40,174
67,37,145,148
67,53,183,146
67,27,219,30
67,24,56,98
67,46,241,163
67,25,31,194
67,45,64,205
67,6,47,62
67,34,231,70
67,14,119,32
68,48,207,224
68,56,136,224
68,40,236,87
68,48,192,123
68,24,168,51
68,48,16,189
68,16,103,60
68,33,24,225
68,12,112,47
68,48,96,145
68,32,207,70
68,8,89,45
68,32,30,224
68,14,223,19
68,12,72,59
68,30,239,54
68,15,136,45
68,6,136,27
68,23,192,48
68,16,40,83
68,9,72,85
68,28,94,92
68,47,16,167
68,38,169,92
68,42,31,173
68,59,72,218
68,14,113,82
68,6,13,75
68,32,191,158
68,40,96,124
68,20,207,34
68,36,182,76
68,48,143,249
68,26,184,66
68,31,5,140
68,16,171,38
68,38,151,198
68,34,72,108
68,44,234,106
68,58,127,179
68,45,216,101
68,40,223,134
68,12,183,23
68,47,224,205
68,49,175,130
68,10,31,102
68,55,216,139
68,31,47,114
68,9,161,24
68,6,55,51
68,13,153,35
68,44,63,149
68,54,13,212
68,15,53,73
68,8,4,148
68,6,29,61
68,8,9,116
68,24,30,109
68,7,151,88
68,40,175,157
68,53,31,198
68,40,39,157
68,14,235,45
68,47,191,156
68,19,15,97
68,37,41,134
68,17,143,124
68,32,221,98
68,15,245,21
68,50,113,148
68,40,208,89
68,22,47,95
68,51,247,120
68,40,224,67
68,8,153,64
68,17,11,135
68,20,41,127
68,43,191,99
68,52,143,118
68,40,72,179
68,15,121,34
68,38,131,102
68,30,112,82
68,31,31,122
68,58,239,147
68,18,240,137
68,47,13,242
68,28,73,94
68,20,95,103
68,14,160,63
68,40,177,108
68,58,207,150
68,9,215,54
68,30,167,109
68,33,71,148
68,43,136,167
68,16,207,10
68,21,7,110
68,22,249,33
68,12,55,108
68,48,143,139
68,7,53,121
68,21,145,54
68,16,140,83
68,55,69,189
68,58,93,242
68,42,81,134
68,57,159,156
68,8,237,4
68,56,33,219
68,31,39,174
68,56,15,237
68,44,157,123
68,56,47,220
68,5,123,70
68,36,11,195
68,28,217,32
68,42,119,167
68,44,83,155
68,19,126,59
68,39,115,109
68,38,149,98
68,36,8,164
68,24,112,78
68,32,136,124
68,37,251,73
68,54,243,180
68,42,136,118
68,19,69,73
68,11,203,16
68,34,185,88
68,58,207,200
68,48,50,185
68,38,145,150
68,30,105,135
68,50,57,229
68,46,127,138
68,55,231,130
68,49,119,197
68,47,64,209
68,49,212,123
68,19,197,75
68,23,251,11
68,46,240,165
68,21,101,70
68,13,207,96
68,46,175,182
68,29,220,61
68,52,207,100
68,34,122,85
68,56,109,234
68,28,165,67
68,49,96,224
68,4,187,6
68,49,217,174
68,48,189,191
68,53,195,174
68,9,47,68
69,56,135,224
69,56,33,224
69,48,224,209
69,16,137,47
69,57,192,223
69,56,47,223
69,48,192,123
69,16,55,75
69,48,16,195
69,8,140,29
69,26,168,54
69,32,47,118
69,32,6,142
69,8,15,78
69,15,224,21
69,8,152,90
69,10,72,86
69,31,237,57
69,18,144,126
69,10,8,119
69,17,104,61
69,47,217,106
69,19,175,42
69,11,4,93
69,38,183,79
69,50,176,133
69,9,215,54
69,34,206,70
69,41,237,88
69,27,183,69
69,48,192,159
69,20,200,77
69,32,191,158
69,10,94,46
69,48,13,174
69,40,96,126
69,30,111,87
69,44,31,174
69,4,176,39
69,40,169,93
69,49,224,177
69,16,238,50
69,8,29,65
69,25,192,53
69,8,49,122
69,11,166,27
69,46,159,124
69,52,247,124
69,59,128,181
69,16,245,22
69,55,71,195
69,46,237,107
69,46,127,138
69,49,192,197
69,9,4,156
69,36,184,91
69,20,16,99
69,14,73,61
69,24,249,35
69,8,58,53
69,15,157,39
69,16,41,85
69,52,47,183
69,44,193,101
69,44,119,173
69,5,111,54
69,14,113,52
69,15,115,81
69,40,72,182
69,12,31,106
69,25,31,109
69,56,13,215
69,42,39,158
69,20,126,62
69,35,72,111
69,16,119,36
69,54,31,203
69,40,224,67
69,58,93,245
69,47,176,183
69,23,143,60
69,39,41,138
69,20,71,75
69,16,24,93
69,58,205,152
69,18,143,85
69,23,47,98
69,30,93,96
69,6,125,70
69,36,208,118
69,9,151,65
69,16,200,102
69,58,160,158
69,42,177,112
69,12,55,110
69,23,7,111
69,56,216,146
69,54,199,179
69,16,207,102
69,47,15,244
69,35,123,91
69,4,229,28
69,16,207,10
69,30,217,66
69,4,207,68
69,52,137,119
69,44,86,140
69,5,111,30
69,44,224,147
69,38,149,101
69,28,57,106
69,36,231,77
69,31,167,110
69,30,73,98
69,14,185,26
69,36,29,148
69,40,113,113
69,58,141,168
69,52,208,100
69,28,146,67
69,46,63,154
69,18,239,137
69,52,151,197
69,12,206,16
69,20,209,36
69,32,30,125
69,8,235,5
69,34,71,150
69,40,153,203
69,44,144,93
69,51,127,163
69,16,163,65
69,23,101,73
69,20,101,102
69,39,132,106
69,28,232,93
69,4,84,36
69,31,121,73
69,30,165,69
69,32,32,225
69,42,135,170
69,32,40,178
69,54,243,180
69,37,11,197
69,33,221,99
69,50,95,223
69,49,99,150
69,24,249,12
69,50,59,233
69,18,11,139
69,50,119,199
69,41,209,92
69,50,115,150
69,41,176,155
69,32,105,140
69,56,229,133
69,48,47,144
69,36,62,131
69,47,65,210
69,39,191,125
69,58,207,203
69,27,31,153
69,6,189,7
69,44,136,121
69,45,83,158
69,48,41,147
69,38,9,168
69,57,15,240
69,55,183,151
69,49,15,223
69,27,207,93
70,16,224,23
70,56,135,225
70,44,24,223
70,8,49,127
70,58,195,224
70,58,47,225
70,40,184,83
70,48,224,212
70,32,234,59
70,16,72,66
70,48,223,111
70,57,31,226
70,16,112,55
70,16,113,85
70,48,9,181
70,48,13,248
70,48,14,202
70,20,173,44
70,46,238,110
70,56,14,222
70,8,120,74
70,10,141,35
70,9,14,83
70,17,55,79
70,47,159,126
70,17,135,51
70,16,237,53
70,49,191,126
70,6,233,30
70,47,63,158
70,34,5,147
70,12,5,97
70,32,47,124
70,51,95,225
70,27,168,58
70,36,183,94
70,42,96,132
70,47,127,143
70,17,153,44
70,11,91,52
70,12,71,92
70,25,143,61
70,21,207,39
70,42,235,92
70,45,32,181
70,32,111,92
70,39,40,143
70,48,64,213
70,31,144,70
70,10,7,121
70,10,214,57
70,19,103,66
70,52,179,135
70,48,176,187
70,7,112,35
70,12,166,30
70,24,43,103
70,41,169,98
70,22,225,46
70,53,245,126
70,9,56,59
70,5,177,43
70,31,73,106
70,56,32,206
70,37,71,117
70,5,65,48
70,44,136,174
70,52,209,132
70,40,149,105
70,52,127,166
70,35,206,73
70,21,13,104
70,58,215,148
70,20,143,129
70,42,176,157
70,15,185,29
70,7,111,58
70,10,150,94
70,24,9,116
70,16,111,40
70,10,149,68
70,43,39,164
70,26,189,58
70,32,123,75
70,17,245,24
70,55,201,182
70,46,81,163
70,32,163,113
70,32,91,100
70,7,207,70
70,10,237,6
70,7,215,4
70,7,189,9
70,8,25,69
70,38,249,76
70,42,71,187
70,34,217,104
70,48,47,146
70,29,177,74
70,13,205,19
70,30,160,76
70,25,247,37
70,40,191,127
70,53,207,102
70,52,137,121
70,19,11,143
70,43,177,116
70,14,56,112
70,50,97,158
70,58,141,174
70,57,68,199
70,20,139,90
70,36,125,96
70,58,159,162
70,6,82,40
70,25,100,78
70,55,243,182
70,22,41,134
70,13,31,110
70,49,216,179
70,58,177,150
70,27,207,98
70,33,189,161
70,42,208,97
70,30,56,112
70,44,81,142
70,12,47,73
70,59,207,156
70,24,82,89
70,45,197,107
70,53,47,188
70,39,145,152
70,18,41,88
70,18,239,135
70,47,241,166
70,21,201,82
70,59,92,250
70,37,9,203
70,58,231,138
70,49,147,140
70,59,209,206
70,22,69,79
70,42,249,130
70,6,47,90
70,40,224,69
70,26,30,114
70,48,39,150
70,38,101,115
70,49,189,166
70,51,114,155
70,45,119,176
70,51,59,238
70,40,131,109
70,58,110,243
70,21,101,106
70,44,143,94
70,47,49,171
70,44,135,125
70,38,29,154
70,16,161,69
70,4,85,74
71,44,24,224
71,16,224,25
71,48,223,115
71,58,199,225
71,56,136,225
71,48,160,129
71,48,63,164
71,48,224,213
71,16,72,67
71,35,200,79
71,32,111,95
71,10,48,128
71,48,15,251
71,32,235,60
71,6,64,52
71,48,128,147
71,57,12,224
71,16,237,54
71,28,168,60
71,8,112,38
71,22,207,42
71,28,191,61
71,10,14,87
71,20,104,69
71,32,215,67
71,24,17,107
71,43,235,94
71,8,112,59
71,32,56,118
71,47,239,113
71,16,112,57
71,12,141,36
71,7,235,32
71,58,33,231
71,35,7,152
71,38,72,121
71,21,175,46
71,19,136,54
71,12,72,94
71,14,167,35
71,4,17,66
71,42,185,87
71,58,71,202
71,14,5,100
71,47,80,165
71,47,31,186
71,20,143,127
71,24,71,84
71,16,113,86
71,49,16,208
71,8,83,44
71,14,207,20
71,18,245,26
71,46,199,109
71,34,95,105
71,32,77,110
71,52,95,225
71,26,249,39
71,11,7,124
71,18,153,46
71,28,208,100
71,42,72,190
71,56,207,183
71,44,99,135
71,11,54,62
71,58,216,149
71,19,57,82
71,16,120,37
71,36,175,75
71,41,151,108
71,16,187,31
71,7,189,11
71,54,246,130
71,31,233,102
71,10,215,55
71,36,18,242
71,9,119,77
71,37,183,98
71,35,48,132
71,11,150,96
71,40,103,119
71,16,160,69
71,47,87,150
71,49,13,187
71,42,173,102
71,27,143,66
71,16,199,68
71,20,45,91
71,42,178,162
71,10,149,65
71,52,61,241
71,32,147,74
71,15,55,116
71,23,234,79
71,11,239,8
71,40,191,130
71,38,233,82
71,48,179,190
71,8,218,5
71,48,64,218
71,6,180,46
71,26,103,82
71,12,91,55
71,44,39,170
71,34,31,132
71,38,31,157
71,59,49,231
71,48,243,167
71,38,11,210
71,9,207,72
71,10,27,75
71,39,151,158
71,50,192,127
71,4,143,18
71,58,35,211
71,53,181,138
71,59,141,178
71,22,203,85
71,56,245,184
71,26,45,106
71,58,111,246
71,43,199,159
71,42,119,121
71,46,119,181
71,31,167,114
71,34,185,164
71,57,176,205
71,35,217,108
71,41,42,149
71,23,225,48
71,37,127,100
71,42,135,115
71,16,111,41
71,30,179,77
71,4,95,34
71,38,251,78
71,32,125,77
71,5,87,77
71,59,161,165
71,28,30,118
71,20,138,94
71,42,251,130
71,35,71,161
71,59,15,250
71,48,47,148
71,53,135,124
71,51,119,206
71,49,191,166
71,44,179,122
71,41,217,134
71,15,31,116
71,32,165,78
71,41,223,71
71,58,231,142
71,58,103,187
71,52,116,158
71,25,9,121
71,48,225,223
71,14,47,77
71,39,63,141
71,22,102,108
71,43,208,101
71,24,245,16
71,28,31,166
71,26,127,120
71,53,207,103
71,6,47,91
71,20,13,147
71,47,49,177
71,23,125,67
71,52,99,162
71,37,153,86
72,16,225,27
72,58,200,225
72,48,224,214
72,49,224,117
72,24,207,42
72,16,5,105
72,22,104,70
72,48,129,149
72,34,238,62
72,44,175,104
72,8,65,56
72,16,55,119
72,24,103,113
72,28,191,62
72,32,216,70
72,47,238,114
72,54,183,141
72,36,31,135
72,8,242,33
72,44,22,226
72,49,64,169
72,38,13,156
72,43,235,96
72,13,15,91
72,35,96,108
72,23,176,49
72,12,151,98
72,43,191,91
72,32,167,118
72,16,171,37
72,33,112,98
72,44,119,126
72,34,79,115
72,10,119,79
72,28,47,111
72,16,191,31
72,30,169,64
72,16,74,68
72,24,126,69
72,47,39,174
72,47,87,152
72,56,247,135
72,14,145,39
72,33,234,103
72,48,177,191
72,59,71,204
72,8,192,12
72,12,7,127
72,4,39,60
72,51,17,212
72,30,31,119
72,12,55,66
72,17,238,52
72,14,209,19
72,27,103,84
72,43,135,117
72,48,224,223
72,12,216,57
72,5,19,68
72,37,207,78
72,14,93,58
72,36,216,112
72,48,67,223
72,4,7,102
72,48,47,150
72,23,47,93
72,7,88,78
72,6,182,47
72,25,17,110
72,21,137,58
72,48,161,133
72,48,33,190
72,58,12,228
72,24,225,50
72,18,247,28
72,10,115,41
72,4,165,11
72,28,145,70
72,34,127,83
72,18,115,58
72,22,143,94
72,22,144,131
72,5,97,35
72,40,33,163
72,9,113,61
72,27,251,40
72,8,82,48
72,11,47,131
72,58,215,153
72,6,145,21
72,44,208,106
72,19,61,82
72,47,120,184
72,48,55,182
72,40,145,159
72,12,149,66
72,59,35,240
72,26,71,91
72,48,83,170
72,20,157,50
72,32,181,82
72,7,48,93
72,57,175,206
72,24,234,80
72,12,241,9
72,11,208,75
72,16,31,118
72,51,13,191
72,56,244,186
72,26,87,93
72,38,159,92
72,6,159,59
72,18,118,86
72,39,234,83
72,9,221,6
72,48,249,173
72,42,177,162
72,43,155,111
72,17,200,70
72,38,129,103
72,36,71,167
72,37,178,76
72,44,199,163
72,15,47,79
72,32,17,131
72,14,73,100
72,52,59,243
72,39,9,216
72,46,159,224
72,48,137,131
72,47,223,151
72,52,35,222
72,54,129,126
72,38,22,247
72,17,167,70
72,34,149,78
72,47,203,114
72,56,139,227
72,6,6,135
72,22,27,101
72,23,203,85
72,59,161,166
72,26,10,124
72,38,53,248
72,35,186,167
72,58,93,249
72,45,183,123
72,42,225,71
72,54,129,171
72,20,9,149
72,16,119,38
72,39,75,126
72,12,27,81
72,54,148,150
72,24,43,142
72,40,103,123
72,24,175,99
72,34,59,122
72,53,207,105
72,28,209,102
72,40,64,147
72,41,191,134
72,45,100,139
72,34,111,149
73,32,31,223
73,48,208,111
73,48,88,154
73,59,200,225
73,48,167,224
73,12,48,131
73,14,152,97
73,20,64,84
73,32,31,120
73,10,242,33
73,34,239,63
73,32,168,116
73,30,48,114
73,48,39,179
73,35,79,115
73,44,192,92
73,16,94,60
73,48,224,214
73,45,239,96
73,14,17,92
73,7,23,70
73,4,7,102
73,24,177,52
73,39,15,160
73,22,159,51
73,20,247,29
73,24,200,85
73,46,160,112
73,47,103,142
73,7,184,48
73,18,238,51
73,17,78,69
73,28,72,94
73,52,16,214
73,53,35,224
73,9,66,56
73,24,109,75
73,8,150,24
73,48,240,115
73,40,236,86
73,24,48,97
73,18,174,38
73,16,149,42
73,16,210,21
73,6,166,11
73,40,191,100
73,46,48,160
73,18,5,107
73,29,105,84
73,31,193,66
73,34,217,70
73,32,173,66
73,56,248,186
73,25,129,69
73,17,56,121
73,56,187,143
73,19,119,86
73,23,143,134
73,7,99,38
73,38,153,81
73,52,199,130
73,28,251,39
73,36,62,125
73,8,159,60
73,48,224,224
73,18,226,27
73,18,167,69
73,46,143,119
73,16,119,38
73,25,208,45
73,7,8,134
73,27,20,111
73,23,143,60
73,33,183,83
73,45,127,126
73,28,11,124
73,40,135,106
73,11,223,5
73,23,143,95
73,46,24,227
73,34,233,106
73,39,55,140
73,14,7,130
73,59,13,231
73,47,224,153
73,48,121,185
73,16,47,81
73,24,30,100
73,9,83,50
73,14,57,68
73,14,216,56
73,36,119,99
73,10,192,12
73,13,147,64
73,10,117,62
73,53,11,196
73,9,87,79
73,37,99,110
73,20,116,60
73,48,86,171
73,39,27,250
73,31,151,70
73,40,7,219
73,41,79,126
73,58,137,228
73,6,121,27
73,6,45,62
73,13,120,82
73,54,128,126
73,58,251,138
73,51,135,151
73,38,215,113
73,28,88,96
73,52,67,174
73,59,177,206
73,4,135,42
73,52,167,135
73,48,71,222
73,56,151,154
73,31,6,138
73,43,225,71
73,58,215,187
73,39,213,82
73,22,5,152
73,35,132,85
73,52,191,171
73,34,18,132
73,12,208,77
73,38,34,139
73,34,166,84
73,38,71,169
73,31,209,102
73,43,111,125
73,54,215,140
73,26,97,115
73,25,176,98
73,16,77,99
73,44,13,187
73,26,233,82
73,39,59,248
73,47,183,127
73,36,184,166
73,8,49,95
73,28,127,119
73,50,55,185
73,13,243,10
73,53,61,243
73,54,13,237
73,45,181,108
73,47,143,180
73,24,227,49
73,48,19,198
73,54,95,234
73,55,159,206
73,19,194,32
74,34,32,224
74,48,170,224
74,48,103,144
74,32,48,118
74,48,48,166
74,26,111,77
74,16,17,96
74,18,95,64
74,20,79,75
74,49,224,223
74,8,167,14
74,22,63,87
74,20,177,41
74,44,183,166
74,14,49,135
74,41,8,223
74,38,81,118
74,11,152,27
74,16,214,22
74,48,224,155
74,6,4,75
74,49,88,157
74,25,31,108
74,36,243,64
74,33,33,125
74,48,143,124
74,48,66,224
74,34,167,116
74,20,5,110
74,9,23,75
74,11,67,59
74,32,193,68
74,15,152,97
74,34,176,69
74,12,119,63
74,11,247,34
74,47,183,112
74,48,243,100
74,40,60,250
74,47,127,130
74,8,123,30
74,26,181,53
74,54,17,220
74,22,251,29
74,20,231,28
74,58,251,190
74,28,19,114
74,48,144,181
74,13,225,7
74,5,135,18
74,15,151,66
74,42,239,85
74,30,72,98
74,36,221,69
74,36,234,106
74,54,63,246
74,48,191,129
74,15,223,58
74,25,143,98
74,11,193,14
74,21,119,62
74,54,65,179
74,19,241,50
74,24,144,135
74,19,55,125
74,54,11,201
74,46,199,95
74,38,119,102
74,31,105,88
74,54,39,226
74,9,97,43
74,26,49,100
74,41,183,83
74,33,153,75
74,39,33,144
74,49,208,117
74,15,5,133
74,58,151,159
74,17,73,102
74,9,191,50
74,47,215,110
74,47,161,118
74,27,235,80
74,14,119,44
74,17,152,43
74,42,135,108
74,6,32,97
74,4,61,46
74,48,135,103
74,33,5,143
74,25,39,136
74,50,39,184
74,40,41,186
74,26,214,47
74,9,45,66
74,36,187,86
74,28,207,48
74,38,135,141
74,41,16,166
74,27,95,118
74,5,7,103
74,59,139,234
74,14,215,78
74,11,85,54
74,25,145,63
74,30,11,129
74,59,214,189
74,37,135,91
74,38,63,132
74,39,217,113
74,41,55,146
74,54,199,135
74,57,185,150
74,32,214,98
74,44,111,130
74,41,193,105
74,43,79,131
74,59,251,143
74,36,17,137
74,26,177,98
74,40,157,86
74,54,231,123
74,29,88,99
74,53,168,140
74,10,81,82
74,55,103,169
74,56,159,209
74,20,199,35
74,36,169,89
74,39,101,114
74,46,13,194
74,24,163,54
74,37,105,150
74,40,214,83
74,4,25,62
74,27,133,72
74,52,55,190
74,47,26,235
74,40,168,105
74,52,193,176
74,7,80,100
74,16,26,83
74,10,165,60
74,21,121,90
74,55,128,129
74,6,137,45
74,55,215,143
74,15,247,11
74,19,23,127
74,16,59,72
74,44,38,170
74,18,47,84
74,9,9,137
74,52,139,155
74,46,79,198
74,20,175,70
74,51,245,121
74,57,137,174
74,55,96,237
74,46,97,177
75,48,70,224
75,50,224,223
75,48,184,116
75,24,64,90
75,34,31,225
75,16,223,63
75,22,79,77
75,40,40,190
75,48,215,115
75,19,95,67
75,32,72,102
75,44,183,168
75,47,199,100
75,22,9,115
75,48,246,103
75,44,79,134
75,14,55,134
75,48,128,134
75,48,225,157
75,23,119,66
75,55,16,225
75,12,151,30
75,10,47,68
75,15,226,11
75,48,128,106
75,12,250,36
75,20,176,70
75,16,151,70
75,20,55,125
75,16,6,134
75,9,166,15
75,16,119,50
75,18,18,99
75,28,182,60
75,37,242,66
75,27,33,112
75,56,65,183
75,10,121,33
75,7,135,21
75,48,31,239
75,8,6,78
75,48,143,127
75,28,113,79
75,36,177,72
75,48,161,122
75,29,135,76
75,14,70,62
75,16,159,97
75,37,223,72
75,11,25,79
75,42,8,225
75,22,251,30
75,39,32,149
75,27,237,80
75,55,231,126
75,22,178,45
75,40,103,119
75,12,167,61
75,12,113,68
75,47,64,166
75,48,191,132
75,30,19,118
75,39,81,122
75,28,209,51
75,52,39,190
75,27,175,101
75,34,197,70
75,10,99,45
75,12,191,17
75,46,112,136
75,20,242,54
75,57,249,195
75,28,93,122
75,40,120,107
75,59,137,235
75,37,191,92
75,30,119,123
75,54,64,248
75,34,167,117
75,48,101,149
75,10,235,46
75,15,215,81
75,49,47,173
75,59,215,191
75,7,7,106
75,48,143,182
75,25,161,57
75,24,31,95
75,19,151,46
75,52,191,179
75,26,145,99
75,40,216,135
75,18,213,26
75,34,51,123
75,12,83,56
75,32,107,92
75,20,46,86
75,40,217,116
75,59,215,214
75,42,144,224
75,53,137,158
75,52,245,123
75,59,189,152
75,35,157,77
75,22,231,33
75,12,81,85
75,42,215,86
75,58,153,164
75,26,203,84
75,32,215,102
75,4,113,48
75,5,61,50
75,7,32,99
75,26,145,67
75,44,243,90
75,51,88,163
75,37,235,109
75,55,33,232
75,48,14,202
75,56,213,249
75,37,17,140
75,5,23,66
75,42,185,86
75,9,193,52
75,42,159,91
75,43,55,151
75,34,35,127
75,24,149,134
75,4,207,35
75,31,89,102
75,56,217,145
75,35,7,149
75,10,7,142
75,55,5,206
75,56,12,248
75,22,199,37
75,43,137,113
75,8,141,49
75,16,249,14
75,26,37,142
75,5,82,37
75,17,29,87
75,43,15,170
75,39,63,138
75,31,13,134
75,10,33,53
75,7,80,100
75,46,96,178
75,44,150,162
75,27,51,106
75,42,169,107
75,56,95,241
75,52,85,181
75,17,61,75
75,56,127,131
75,43,198,108
75,38,171,93
75,56,153,211
75,24,241,150
75,22,125,89
76,50,224,224
76,34,31,225
76,48,66,224
76,48,200,102
76,48,224,157
76,8,135,23
76,10,166,17
76,43,10,223
76,48,97,149
76,48,31,235
76,24,120,67
76,14,71,61
76,44,93,249
76,32,72,102
76,12,111,68
76,11,47,68
76,40,40,189
76,20,97,67
76,44,79,135
76,10,6,78
76,20,20,100
76,16,229,11
76,16,119,51
76,13,152,31
76,30,137,77
76,35,200,74
76,24,64,91
76,38,191,91
76,11,251,33
76,22,175,45
76,43,144,224
76,14,57,133
76,22,81,77
76,22,232,34
76,38,225,74
76,17,225,66
76,48,64,168
76,48,134,224
76,41,103,120
76,48,127,106
76,23,11,114
76,28,237,80
76,36,159,78
76,49,144,125
76,12,239,49
76,40,63,139
76,48,129,134
76,48,216,118
76,28,94,121
76,38,245,66
76,34,168,117
76,10,121,34
76,59,137,235
76,12,98,47
76,48,143,182
76,28,182,60
76,8,8,105
76,36,38,130
76,21,55,125
76,12,80,85
76,12,191,17
76,56,231,129
76,36,182,70
76,40,120,109
76,47,112,138
76,55,15,226
76,31,120,123
76,27,161,58
76,43,160,93
76,17,7,134
76,6,61,51
76,28,35,114
76,20,177,70
76,54,65,247
76,33,111,92
76,14,216,79
76,20,149,47
76,28,214,50
76,40,223,118
76,15,121,82
76,52,245,123
76,40,33,148
76,6,207,35
76,28,54,108
76,19,79,102
76,18,213,26
76,49,247,106
76,40,83,123
76,52,40,194
76,51,176,198
76,55,33,232
76,7,32,96
76,28,117,79
76,52,87,165
76,43,190,85
76,16,149,68
76,40,111,158
76,50,47,174
76,10,194,51
76,56,199,141
76,38,17,141
76,26,33,144
76,18,63,75
76,6,85,37
76,24,149,134
76,44,181,167
76,4,41,50
76,32,12,134
76,59,153,166
76,21,47,88
76,35,53,124
76,21,249,54
76,37,236,109
76,47,32,179
76,16,251,14
76,18,195,13
76,31,21,120
76,56,67,185
76,53,136,158
76,11,11,142
76,59,215,191
76,24,31,96
76,16,159,96
76,44,55,155
76,23,127,90
76,52,83,182
76,32,91,103
76,6,23,67
76,56,159,212
76,47,13,199
76,44,15,170
76,27,205,86
76,12,29,81
76,14,83,55
76,53,33,206
76,33,215,100
76,36,7,148
76,5,112,49
76,48,167,122
76,58,135,178
76,27,149,68
76,52,17,210
76,49,188,117
76,45,246,92
76,47,97,178
76,8,141,49
76,56,218,147
76,54,167,149
76,49,120,187
76,46,79,200
76,55,208,173
76,43,171,108
76,6,179,5
76,23,199,37
76,27,177,100
76,39,141,98
76,38,64,174
77,49,72,224
77,50,224,224
77,43,16,224
77,22,104,70
77,16,234,12
77,48,103,149
77,34,32,226
77,43,144,224
77,24,17,116
77,11,168,18
77,15,64,135
77,58,238,133
77,16,151,68
77,44,97,251
77,12,11,82
77,48,207,106
77,24,88,81
77,40,88,124
77,36,41,132
77,28,96,123
77,36,207,76
77,28,239,81
77,23,237,36
77,49,224,121
77,33,224,107
77,36,56,126
77,15,128,83
77,56,224,148
77,48,71,171
77,48,119,138
77,11,16,142
77,25,128,68
77,12,103,51
77,26,71,91
77,32,32,174
77,16,78,63
77,7,65,52
77,19,217,28
77,56,16,226
77,48,136,136
77,18,233,66
77,31,144,78
77,48,128,225
77,44,191,91
77,41,47,191
77,32,96,105
77,9,139,26
77,49,128,191
77,33,79,102
77,29,217,52
77,30,191,61
77,30,125,81
77,17,15,134
77,48,17,203
77,38,249,69
77,11,128,37
77,29,39,115
77,14,33,79
77,40,40,152
77,57,71,186
77,27,152,101
77,14,88,87
77,7,183,6
77,52,247,124
77,43,183,169
77,9,13,106
77,44,175,110
77,42,111,123
77,41,128,110
77,53,87,182
77,19,5,100
77,13,119,69
77,10,201,53
77,54,72,248
77,23,181,46
77,6,89,38
77,14,155,32
77,28,170,58
77,40,65,140
77,5,65,70
77,38,189,74
77,7,216,35
77,59,141,238
77,40,145,102
77,22,55,91
77,54,127,222
77,13,53,68
77,21,25,100
77,28,183,103
77,48,38,180
77,13,197,17
77,18,127,53
77,36,9,198
77,5,47,54
77,48,35,233
77,40,176,99
77,36,13,150
77,36,167,82
77,49,151,131
77,33,16,135
77,52,224,188
77,21,153,49
77,39,199,95
77,32,125,127
77,48,133,106
77,53,47,198
77,8,177,47
77,44,163,95
77,47,87,205
77,5,118,49
77,24,135,89
77,28,157,68
77,20,81,106
77,27,41,145
77,22,57,126
77,21,183,74
77,38,242,111
77,47,103,179
77,39,71,177
77,49,201,133
77,12,243,49
77,56,5,210
77,34,115,94
77,44,84,137
77,59,216,191
77,26,9,162
77,52,193,181
77,58,138,179
77,8,35,98
77,6,95,92
77,26,159,135
77,45,145,117
77,14,55,100
77,18,119,39
77,35,175,120
77,8,147,50
77,51,49,176
77,46,57,158
77,29,5,224
77,20,38,88
77,28,58,109
77,59,159,166
77,39,232,76
77,17,127,36
77,24,203,40
77,5,95,63
77,44,17,174
77,50,193,121
77,54,143,162
77,15,89,58
77,14,225,79
77,27,213,91
77,57,206,143
78,43,16,224
78,49,70,224
78,48,120,142
78,50,224,225
78,16,152,69
78,24,239,37
78,16,79,67
78,16,39,85
78,17,235,15
78,16,129,86
78,14,119,71
78,16,65,136
78,56,224,150
78,54,130,224
78,12,170,21
78,14,55,71
78,16,175,94
78,29,95,126
78,48,151,189
78,34,32,226
78,10,141,28
78,31,127,84
78,16,159,36
78,58,239,136
78,23,105,75
78,24,182,50
78,35,79,107
78,42,144,224
78,18,236,69
78,43,111,127
78,52,232,225
78,24,135,93
78,46,87,140
78,48,206,113
78,27,72,94
78,36,119,97
78,8,183,8
78,20,218,30
78,49,16,207
78,38,40,137
78,42,151,225
78,39,191,78
78,26,131,70
78,14,13,84
78,12,18,144
78,43,184,173
78,31,41,118
78,37,207,80
78,48,135,108
78,10,13,110
78,56,52,224
78,8,67,55
78,20,7,102
78,6,47,57
78,31,191,66
78,12,129,40
78,59,143,241
78,42,233,123
78,31,215,57
78,51,224,124
78,37,57,130
78,39,251,71
78,25,17,119
78,28,215,95
78,38,168,87
78,32,97,106
78,39,233,83
78,57,17,228
78,48,39,186
78,15,199,18
78,8,222,37
78,30,160,74
78,5,119,50
78,10,31,79
78,23,158,51
78,20,128,57
78,28,40,150
78,45,175,118
78,7,96,95
78,13,105,53
78,36,7,197
78,56,103,246
78,35,175,124
78,4,97,28
78,22,184,77
78,58,74,190
78,26,159,139
78,42,41,157
78,43,199,138
78,54,73,250
78,7,91,39
78,35,17,139
78,40,22,149
78,46,191,97
78,22,39,92
78,48,35,235
78,52,193,182
78,59,216,195
78,52,225,190
78,53,47,199
78,57,167,223
78,53,249,128
78,31,145,82
78,20,71,81
78,47,151,123
78,58,207,146
78,23,56,93
78,56,5,214
78,41,90,125
78,28,153,106
78,42,119,172
78,16,91,60
78,38,243,116
78,15,89,90
78,52,196,125
78,49,73,173
78,40,200,102
78,22,26,103
78,58,141,182
78,49,139,141
78,47,87,208
78,11,205,55
78,50,201,136
78,38,15,157
78,7,23,67
78,56,175,157
78,29,5,224
78,24,90,83
78,7,71,71
78,24,203,42
78,42,129,115
78,18,16,139
78,25,5,167
78,22,56,130
78,40,224,139
78,29,242,84
78,30,173,63
78,41,177,103
78,14,183,61
78,13,248,54
78,54,89,186
78,6,97,67
78,15,55,103
78,32,31,178
78,10,39,100
78,56,135,132
78,45,208,93
78,51,109,155
78,29,183,107
78,48,103,188
78,44,164,101
78,55,215,178
78,22,215,73
78,7,136,75
78,49,134,197
79,48,71,224
79,42,17,225
79,24,237,33
79,56,51,224
79,28,160,142
79,44,152,224
79,16,40,83
79,48,207,115
79,56,224,149
79,32,129,84
79,36,80,110
79,18,80,68
79,48,120,143
79,19,239,69
79,15,120,70
79,44,111,130
79,20,215,29
79,16,183,62
79,11,143,28
79,17,160,35
79,18,236,12
79,36,119,97
79,8,48,59
79,46,88,141
79,15,13,84
79,15,56,71
79,51,235,224
79,31,191,61
79,10,70,56
79,32,216,55
79,48,223,224
79,24,159,51
79,30,96,125
79,52,175,128
79,8,185,8
79,17,176,96
79,16,55,106
79,24,107,74
79,48,15,209
79,48,39,235
79,40,249,70
79,40,191,78
79,13,172,21
79,59,224,194
79,47,192,97
79,25,183,50
79,26,19,123
79,6,120,49
79,27,134,69
79,42,89,125
79,14,23,146
79,10,14,109
79,44,184,170
79,34,39,225
79,38,208,79
79,52,225,124
79,10,39,98
79,28,216,92
79,30,41,123
79,15,106,52
79,15,197,18
79,38,57,132
79,8,221,35
79,35,17,139
79,38,41,138
79,54,128,223
79,21,71,82
79,41,223,140
79,54,47,203
79,57,15,231
79,25,136,94
79,15,129,39
79,36,175,125
79,43,128,115
79,6,101,29
79,16,134,85
79,43,233,122
79,28,73,96
79,54,75,248
79,19,15,138
79,12,31,81
79,31,175,64
79,4,137,12
79,52,152,134
79,48,135,106
79,40,231,84
79,23,217,70
79,39,168,89
79,4,61,38
79,51,137,142
79,9,93,41
79,8,29,67
79,12,207,54
79,48,62,165
79,16,70,133
79,35,33,226
79,23,41,92
79,26,93,85
79,38,243,114
79,8,71,73
79,24,31,135
79,28,41,102
79,21,9,105
79,15,95,90
79,21,127,58
79,56,225,251
79,32,149,82
79,42,177,105
79,52,109,159
79,49,128,196
79,22,29,106
79,46,17,172
79,58,207,145
79,47,150,125
79,48,97,190
79,49,235,161
79,31,62,114
79,50,201,134
79,5,120,22
79,30,7,224
79,54,249,130
79,7,136,73
79,17,153,67
79,55,96,174
79,55,32,235
79,59,77,191
79,42,41,160
79,53,198,125
79,32,162,74
79,48,215,170
79,46,166,102
79,44,200,138
79,59,141,184
79,56,215,175
79,10,177,49
79,47,208,93
79,7,97,66
79,38,16,157
79,5,16,75
79,33,97,106
79,58,167,215
79,26,6,170
79,36,10,200
79,49,151,187
79,17,93,61
79,14,251,53
79,54,33,210
79,33,29,128
79,53,54,182
79,46,173,118
79,29,157,102
79,47,85,207
79,29,247,83
80,16,119,71
80,47,152,225
80,26,103,78
80,16,104,54
80,25,235,34
80,16,127,41
80,48,87,144
80,20,79,72
80,24,23,108
80,56,131,224
80,13,143,30
80,48,208,98
80,40,40,142
80,18,55,76
80,16,13,89
80,8,119,52
80,19,235,14
80,48,38,238
80,21,239,70
80,51,71,225
80,10,46,64
80,22,214,30
80,40,55,136
80,31,72,100
80,15,171,23
80,38,79,115
80,19,159,38
80,20,15,142
80,19,37,86
80,59,223,156
80,10,185,10
80,33,40,126
80,48,191,103
80,27,15,124
80,12,66,60
80,32,93,129
80,44,127,119
80,40,207,84
80,34,128,90
80,16,197,20
80,46,111,134
80,58,47,226
80,6,135,14
80,24,56,135
80,51,127,199
80,47,161,107
80,10,218,39
80,33,190,62
80,8,32,136
80,12,10,114
80,31,5,224
80,38,119,100
80,27,183,52
80,59,163,222
80,30,160,148
80,6,55,43
80,29,129,74
80,12,176,50
80,12,102,102
80,6,161,5
80,44,65,149
80,29,216,93
80,52,192,182
80,8,99,31
80,41,183,182
80,16,250,55
80,43,87,130
80,47,152,173
80,48,136,106
80,48,57,166
80,26,155,54
80,11,90,43
80,32,173,67
80,10,25,71
80,26,39,100
80,44,40,165
80,52,135,147
80,30,223,52
80,43,175,107
80,48,235,147
80,17,183,62
80,24,69,86
80,48,207,119
80,34,145,84
80,7,13,81
80,23,129,60
80,47,224,75
80,19,152,72
80,49,15,213
80,10,151,51
80,40,167,91
80,55,77,251
80,36,15,145
80,45,184,174
80,30,237,58
80,58,13,234
80,38,175,125
80,20,200,13
80,36,96,111
80,4,232,27
80,56,31,215
80,22,7,108
80,11,37,103
80,46,8,174
80,9,135,76
80,31,184,106
80,30,40,107
80,18,65,137
80,48,80,211
80,6,119,24
80,4,77,40
80,41,247,76
80,46,199,141
80,53,224,126
80,27,201,43
80,54,110,163
80,40,15,162
80,30,153,106
80,35,121,135
80,29,89,90
80,19,129,88
80,48,145,130
80,27,55,98
80,32,61,118
80,33,160,77
80,55,225,194
80,47,169,123
80,10,67,75
80,42,229,87
80,40,245,115
80,15,201,55
80,16,95,92
80,24,215,73
80,18,237,82
80,52,201,139
80,9,95,69
80,47,245,94
80,43,45,199
80,56,29,240
80,48,127,109
80,31,245,84
80,42,23,156
80,52,71,178
80,28,131,101
80,40,199,134
80,30,39,157
80,56,96,178
80,54,49,187
80,19,176,98
80,19,91,66
80,44,13,231
80,58,105,248
80,55,45,206
81,59,162,224
81,28,104,82
81,14,72,62
81,48,112,140
81,32,225,53
81,15,144,33
81,10,121,55
81,16,174,25
81,21,39,88
81,27,236,36
81,24,215,34
81,28,17,126
81,48,88,148
81,47,159,225
81,20,236,17
81,44,232,92
81,12,223,41
81,49,39,239
81,19,18,91
81,8,162,7
81,42,224,141
81,10,15,85
81,34,191,67
81,20,57,80
81,48,161,110
81,10,102,34
81,24,88,118
81,22,81,76
81,48,152,178
81,22,16,145
81,12,31,75
81,59,223,157
81,46,127,123
81,48,211,100
81,48,151,132
81,26,71,91
81,47,225,76
81,17,119,76
81,12,50,67
81,34,40,131
81,21,160,42
81,42,55,139
81,20,110,59
81,33,95,131
81,8,137,18
81,57,31,221
81,8,59,46
81,58,223,137
81,7,81,44
81,48,171,126
81,6,235,27
81,31,135,76
81,18,129,45
81,39,81,118
81,39,119,106
81,49,239,146
81,45,47,203
81,53,208,119
81,38,15,148
81,4,237,10
81,38,175,133
81,54,17,226
81,14,103,106
81,48,96,197
81,34,175,69
81,23,241,71
81,47,9,176
81,17,95,94
81,16,205,57
81,33,73,107
81,14,94,46
81,32,191,110
81,5,200,27
81,11,96,70
81,52,127,203
81,12,188,13
81,45,88,133
81,26,128,65
81,23,7,112
81,32,239,61
81,4,175,54
81,38,9,207
81,12,151,52
81,35,129,93
81,43,191,85
81,47,201,144
81,28,159,58
81,48,246,99
81,29,207,46
81,33,223,150
81,42,167,94
81,56,47,212
81,9,124,27
81,10,70,76
81,25,25,112
81,31,90,93
81,48,143,102
81,56,203,223
81,57,130,225
81,49,191,109
81,56,109,166
81,13,10,117
81,11,138,79
81,44,249,82
81,7,32,59
81,32,247,87
81,41,16,166
81,41,247,119
81,42,42,147
81,57,29,245
81,20,71,143
81,33,223,34
81,48,205,124
81,20,55,113
81,31,219,94
81,46,41,170
81,53,192,187
81,52,87,168
81,42,211,86
81,20,153,75
81,42,71,186
81,29,187,56
81,5,6,73
81,44,199,106
81,38,38,234
81,31,43,110
81,58,97,182
81,30,159,107
81,20,125,38
81,48,85,214
81,53,136,149
81,19,184,62
81,10,33,137
81,45,176,108
81,36,165,82
81,19,199,23
81,34,145,86
81,46,190,175
81,50,61,173
81,4,89,26
81,25,61,138
81,55,55,193
81,48,215,176
81,46,65,155
81,52,237,225
81,52,49,157
82,58,33,224
82,58,207,223
82,48,128,125
82,16,73,66
82,48,111,143
82,46,235,96
82,18,176,29
82,32,223,99
82,15,191,16
82,33,224,60
82,23,41,92
82,10,166,9
82,28,239,40
82,10,144,19
82,22,111,62
82,24,240,74
82,11,128,30
82,30,20,131
82,21,18,94
82,14,32,78
82,23,161,44
82,49,39,243
82,24,82,79
82,30,109,85
82,44,191,89
82,16,150,36
82,16,97,51
82,48,224,78
82,46,237,131
82,20,135,49
82,32,135,80
82,12,17,89
82,40,223,67
82,31,191,61
82,36,41,134
82,49,87,150
82,9,87,45
82,22,241,19
82,7,239,30
82,44,31,163
82,44,215,87
82,12,123,56
82,26,63,143
82,31,160,113
82,15,9,120
82,58,30,249
82,22,61,82
82,12,71,79
82,11,107,37
82,7,9,76
82,54,208,123
82,49,80,218
82,53,127,205
82,24,95,71
82,23,15,150
82,18,119,78
82,26,217,37
82,58,111,171
82,47,192,177
82,52,63,178
82,42,224,144
82,27,73,94
82,6,176,59
82,31,135,111
82,30,161,60
82,31,208,51
82,48,45,176
82,50,239,149
82,46,47,205
82,8,33,62
82,41,120,110
82,36,177,74
82,54,201,146
82,28,128,69
82,20,183,68
82,14,53,70
82,25,7,117
82,59,223,139
82,10,65,49
82,40,224,109
82,35,93,138
82,47,91,136
82,59,191,153
82,17,207,61
82,48,205,145
82,45,9,236
82,49,213,102
82,39,17,154
82,7,207,33
82,52,14,220
82,58,217,180
82,13,214,4
82,43,57,146
82,43,21,173
82,49,170,127
82,34,242,64
82,15,103,110
82,47,175,154
82,41,81,123
82,38,40,235
82,58,96,187
82,27,29,116
82,48,67,159
82,34,223,37
82,48,11,181
82,33,192,114
82,34,112,191
82,35,75,112
82,38,30,141
82,57,47,215
82,30,47,105
82,33,167,158
82,45,249,85
82,43,167,99
82,30,5,182
82,54,71,234
82,19,95,98
82,6,241,13
82,39,127,146
82,52,239,171
82,36,197,72
82,46,179,113
82,48,156,181
82,39,177,133
82,40,102,119
82,32,41,166
82,33,93,98
82,12,139,82
82,54,197,193
82,36,62,129
82,20,153,78
82,22,71,150
82,12,97,74
82,36,149,89
82,6,91,28
82,48,143,103
82,57,55,196
82,51,145,134
82,4,149,6
82,25,87,121
82,42,152,139
82,12,153,55
82,43,71,190
82,28,31,146
82,56,225,131
82,42,184,189
82,58,245,142
82,22,204,27
82,7,144,44
82,50,247,103
82,54,135,154
83,49,80,223
83,58,207,225
83,16,192,19
83,16,32,83
83,48,239,100
83,24,111,67
83,32,20,134
83,52,17,223
83,32,109,87
83,32,207,54
83,12,166,13
83,58,112,173
83,32,160,117
83,20,178,33
83,4,56,42
83,25,40,96
83,18,151,38
83,14,216,6
83,24,14,153
83,49,111,144
83,17,73,66
83,12,145,22
83,30,8,223
83,11,88,50
83,9,11,78
83,11,129,31
83,44,168,102
83,48,91,138
83,23,17,100
83,54,144,198
83,29,241,41
83,32,191,64
83,16,50,75
83,36,176,76
83,46,249,86
83,32,135,116
83,46,237,131
83,40,17,158
83,46,216,91
83,34,224,38
83,32,49,104
83,48,225,78
83,28,30,121
83,46,32,167
83,48,192,179
83,48,175,157
83,6,177,58
83,24,161,47
83,40,223,70
83,26,242,76
83,57,224,134
83,19,207,65
83,24,58,84
83,8,209,37
83,50,239,150
83,22,136,52
83,59,31,250
83,9,239,30
83,19,119,81
83,26,85,83
83,23,243,21
83,31,161,63
83,55,207,125
83,46,201,109
83,12,109,39
83,16,10,124
83,48,181,116
83,59,7,246
83,49,47,179
83,48,150,125
83,13,71,82
83,14,19,91
83,35,225,61
83,4,119,67
83,48,201,148
83,20,96,100
83,30,136,70
83,25,95,75
83,27,220,39
83,41,103,123
83,7,94,31
83,7,245,13
83,36,93,143
83,26,9,122
83,58,51,222
83,6,119,20
83,50,161,117
83,48,129,130
83,23,135,98
83,35,93,102
83,59,128,237
83,39,135,102
83,10,38,63
83,34,135,83
83,40,127,151
83,51,88,155
83,8,184,38
83,35,41,118
83,49,15,182
83,37,63,131
83,28,75,96
83,34,219,98
83,5,149,8
83,54,67,237
83,12,67,52
83,54,199,194
83,43,224,143
83,16,39,115
83,28,63,146
83,17,102,52
83,54,121,210
83,40,13,210
83,36,77,115
83,44,21,175
83,38,195,74
83,52,145,140
83,12,123,59
83,45,190,91
83,24,184,110
83,46,11,240
83,45,63,148
83,40,178,133
83,54,65,182
83,58,57,202
83,8,147,45
83,52,249,112
83,52,192,117
83,23,205,30
83,16,230,48
83,39,167,89
83,22,184,73
83,34,191,114
83,32,5,185
83,54,239,172
83,56,201,149
83,18,250,5
83,47,47,206
83,36,247,66
83,23,73,151
83,17,103,116
83,56,135,158
83,49,154,183
83,51,35,251
83,48,70,163
83,44,153,142
83,23,249,96
83,47,161,239
83,17,251,56
83,58,219,182
83,48,15,197
83,14,143,86
83,27,81,123
83,49,144,105
83,16,183,57
83,39,39,239
83,54,119,159
83,38,43,136
83,42,123,110
83,4,61,71
84,50,81,224
84,16,192,22
84,59,50,224
84,32,160,120
84,53,19,223
84,5,57,45
84,48,183,120
84,25,41,101
84,16,225,47
84,18,79,69
84,28,87,87
84,13,167,15
84,25,112,71
84,46,191,94
84,49,111,148
84,19,151,42
84,24,136,98
84,32,11,224
84,12,89,52
84,58,112,178
84,15,222,6
84,27,223,41
84,16,33,85
84,48,31,173
84,47,239,132
84,33,21,139
84,49,241,102
84,7,151,12
84,23,136,54
84,8,118,25
84,30,241,43
84,28,80,127
84,32,208,57
84,48,200,147
84,40,135,107
84,10,9,84
84,13,144,87
84,34,191,67
84,22,179,37
84,7,243,16
84,41,175,134
84,34,223,98
84,5,121,71
84,33,110,92
84,47,251,90
84,37,95,109
84,36,232,63
84,7,176,62
84,24,18,104
84,8,93,35
84,24,184,113
84,46,11,243
84,27,242,77
84,17,13,126
84,23,245,22
84,26,96,78
84,28,63,149
84,9,237,33
84,48,206,111
84,48,91,143
84,15,19,94
84,48,151,128
84,36,43,125
84,23,207,32
84,12,131,36
84,48,144,167
84,14,71,84
84,46,63,154
84,37,175,79
84,19,119,83
84,34,135,87
84,28,10,126
84,48,175,160
84,30,136,73
84,26,162,50
84,40,17,163
84,48,225,79
84,19,105,58
84,23,73,152
84,6,57,76
84,25,249,102
84,25,59,88
84,8,216,57
84,48,195,181
84,29,30,124
84,54,199,195
84,55,121,211
84,17,53,78
84,52,89,159
84,58,207,227
84,46,219,95
84,32,163,67
84,54,249,116
84,9,209,39
84,24,15,157
84,37,79,119
84,4,105,46
84,13,145,26
84,52,175,136
84,9,147,49
84,39,63,135
84,16,39,116
84,50,15,186
84,39,194,77
84,52,237,151
84,54,239,173
84,51,47,184
84,44,86,131
84,53,67,240
84,48,47,210
84,40,166,93
84,14,109,43
84,33,135,121
84,56,208,130
84,40,29,150
84,39,43,141
84,49,70,168
84,8,185,38
84,47,161,239
84,14,69,55
84,30,223,82
84,34,47,173
84,39,150,96
84,54,144,202
84,48,127,134
84,30,75,100
84,36,91,149
84,12,123,61
84,5,23,66
84,46,49,162
84,54,119,163
84,24,40,168
84,18,4,107
84,10,11,107
84,45,224,146
84,51,183,248
84,39,39,241
84,33,50,109
84,42,105,127
84,53,149,142
84,53,47,202
84,34,225,39
84,40,223,69
84,17,103,117
84,54,65,187
84,40,127,154
84,50,158,184
84,34,167,166
84,46,169,107
85,16,224,9
85,50,81,224
85,54,17,225
85,24,136,98
85,36,88,149
85,48,224,79
85,48,200,150
85,32,7,225
85,24,182,40
85,32,159,121
85,59,48,225
85,48,127,137
85,28,224,42
85,48,192,182
85,24,135,56
85,26,57,91
85,48,31,175
85,7,57,49
85,8,177,62
85,20,79,71
85,20,151,44
85,13,167,16
85,24,209,30
85,28,95,81
85,27,41,106
85,51,111,151
85,34,109,94
85,6,55,79
85,11,5,86
85,33,19,140
85,40,41,144
85,18,104,120
85,10,34,68
85,26,112,74
85,47,235,134
85,54,145,202
85,19,191,21
85,30,85,92
85,32,73,104
85,49,151,132
85,48,161,241
85,8,245,16
85,28,9,129
85,15,145,28
85,25,19,108
85,10,93,38
85,21,104,61
85,8,185,41
85,38,95,114
85,14,89,55
85,7,120,74
85,46,168,110
85,47,223,100
85,28,243,79
85,47,41,213
85,17,14,126
85,47,249,89
85,14,130,38
85,48,183,123
85,47,48,166
85,36,135,91
85,38,175,83
85,47,63,158
85,7,149,12
85,37,41,128
85,47,9,247
85,25,15,158
85,49,242,103
85,46,224,150
85,16,70,58
85,41,175,138
85,32,162,69
85,24,247,23
85,39,63,139
85,15,144,90
85,43,104,132
85,31,241,44
85,16,18,96
85,40,192,83
85,42,34,224
85,10,239,34
85,48,205,114
85,54,247,120
85,38,79,125
85,58,225,139
85,4,225,29
85,53,88,163
85,26,165,51
85,55,119,211
85,33,207,59
85,54,65,244
85,9,117,26
85,52,175,141
85,10,145,51
85,20,117,85
85,4,105,46
85,4,97,31
85,23,72,151
85,15,110,46
85,37,232,63
85,10,209,39
85,18,33,90
85,40,130,108
85,52,213,108
85,40,8,215
85,14,65,87
85,35,190,70
85,31,135,74
85,34,49,114
85,19,55,79
85,31,29,126
85,45,191,199
85,16,33,117
85,14,126,61
85,58,207,226
85,6,21,70
85,42,17,167
85,56,209,130
85,46,189,98
85,59,112,180
85,29,79,133
85,44,121,119
85,52,165,123
85,27,249,107
85,22,153,83
85,48,143,170
85,42,7,182
85,4,32,78
85,54,43,206
85,54,147,145
85,50,152,186
85,50,93,147
85,46,87,138
85,52,47,187
85,23,185,78
85,23,55,122
85,9,216,58
85,22,210,70
85,20,89,107
85,22,121,42
85,51,183,250
85,55,120,163
85,14,95,81
85,5,73,38
85,35,221,101
85,11,9,110
85,58,79,199
85,35,65,121
85,35,45,169
86,8,120,78
86,36,111,96
86,32,31,131
86,16,151,31
86,44,39,225
86,8,62,54
86,49,80,225
86,48,63,163
86,48,13,251
86,48,159,241
86,48,191,100
86,16,144,94
86,30,223,46
86,54,151,206
86,37,87,151
86,48,249,92
86,32,87,95
86,47,223,102
86,20,192,25
86,15,171,18
86,22,79,74
86,32,5,225
86,28,167,54
86,15,88,59
86,26,22,110
86,21,151,46
86,47,87,140
86,24,135,99
86,32,241,49
86,25,183,42
86,6,55,82
86,10,118,29
86,53,112,158
86,48,175,166
86,39,175,86
86,50,241,106
86,20,113,86
86,16,111,50
86,30,79,135
86,40,79,131
86,9,152,15
86,13,7,88
86,48,205,117
86,29,41,110
86,11,38,70
86,18,227,12
86,34,20,147
86,48,169,112
86,30,11,133
86,37,135,94
86,55,17,229
86,28,61,95
86,48,225,80
86,41,41,150
86,11,217,62
86,40,65,142
86,29,97,84
86,32,159,123
86,49,200,154
86,8,175,4
86,55,121,214
86,21,55,83
86,9,245,18
86,4,37,54
86,26,249,26
86,52,95,152
86,18,13,126
86,12,95,42
86,39,45,134
86,24,159,86
86,42,135,114
86,34,79,108
86,15,65,89
86,15,133,40
86,8,22,74
86,25,135,59
86,12,184,50
86,34,207,61
86,42,193,84
86,22,5,114
86,32,135,77
86,48,240,137
86,50,151,134
86,9,181,64
86,52,72,175
86,48,51,171
86,42,177,142
86,20,34,92
86,26,13,161
86,40,151,103
86,10,147,54
86,28,114,76
86,38,233,66
86,54,177,146
86,50,182,125
86,10,211,42
86,36,190,74
86,23,107,64
86,43,152,149
86,24,72,154
86,56,249,126
86,8,31,118
86,5,105,48
86,36,51,119
86,49,135,110
86,31,223,86
86,30,62,154
86,6,99,34
86,12,10,111
86,12,240,36
86,42,165,99
86,30,245,83
86,34,166,73
86,15,95,83
86,53,14,195
86,36,223,106
86,56,64,195
86,40,99,117
86,54,92,167
86,47,23,188
86,18,21,99
86,4,231,30
86,54,47,191
86,18,71,62
86,6,73,43
86,53,165,126
86,52,237,158
86,20,251,62
86,58,79,206
86,21,88,108
86,38,249,72
86,22,113,45
86,24,190,78
86,24,55,124
86,40,89,223
86,14,122,63
86,59,209,230
86,42,30,161
86,29,249,114
86,48,127,142
86,19,103,123
87,48,224,104
87,48,39,224
87,48,34,224
87,48,88,143
87,40,5,224
87,56,176,223
87,26,184,45
87,31,224,49
87,32,80,142
87,40,96,118
87,11,64,58
87,16,135,44
87,12,40,70
87,24,80,77
87,48,158,244
87,16,173,21
87,24,153,51
87,39,87,158
87,33,31,133
87,37,111,102
87,10,184,66
87,12,120,32
87,39,233,69
87,10,120,82
87,16,96,86
87,36,19,151
87,8,103,37
87,52,95,159
87,48,168,117
87,6,55,81
87,49,64,167
87,33,87,98
87,12,145,58
87,22,87,110
87,18,151,34
87,48,225,79
87,51,79,225
87,14,8,92
87,49,251,93
87,10,153,18
87,10,31,121
87,40,41,140
87,48,190,102
87,16,90,61
87,56,15,233
87,42,79,133
87,28,137,63
87,44,64,197
87,22,57,84
87,10,246,19
87,30,169,59
87,29,24,114
87,24,6,118
87,20,229,15
87,38,191,78
87,35,167,77
87,29,61,99
87,31,248,86
87,30,118,78
87,35,207,66
87,41,119,166
87,15,63,90
87,44,31,164
87,24,107,67
87,48,241,140
87,42,40,156
87,54,71,181
87,30,13,138
87,12,241,38
87,31,45,114
87,16,41,83
87,24,159,86
87,6,105,50
87,24,135,100
87,12,217,66
87,8,76,46
87,27,249,30
87,5,39,56
87,56,150,208
87,28,12,165
87,54,48,198
87,12,209,46
87,10,27,76
87,10,177,6
87,42,64,147
87,39,135,95
87,37,127,136
87,58,121,175
87,22,193,32
87,27,215,36
87,54,115,162
87,32,217,88
87,18,144,99
87,22,39,93
87,21,114,90
87,34,78,111
87,57,251,127
87,56,39,218
87,34,241,50
87,6,167,37
87,31,31,158
87,30,99,89
87,34,141,79
87,43,193,90
87,57,127,222
87,34,159,126
87,5,121,14
87,36,219,107
87,49,207,118
87,54,165,131
87,13,97,45
87,40,87,223
87,53,15,201
87,44,165,103
87,19,33,125
87,42,43,248
87,19,233,54
87,51,151,136
87,51,243,108
87,24,73,154
87,6,118,28
87,19,71,66
87,44,20,178
87,18,112,51
87,48,175,170
87,5,231,32
87,58,17,251
87,48,225,57
87,39,251,74
87,43,135,117
87,32,9,224
87,43,176,149
87,26,190,81
87,4,9,97
87,38,51,125
87,40,33,205
87,20,103,126
87,59,79,210
87,56,92,174
88,56,176,225
88,58,123,224
88,48,40,224
88,41,88,224
88,48,32,225
88,12,119,86
88,28,184,50
88,14,64,62
88,36,88,102
88,57,39,223
88,20,151,38
88,33,224,53
88,51,224,108
88,48,151,245
88,12,31,127
88,8,54,86
88,16,96,48
88,8,127,20
88,40,111,109
88,35,31,138
88,38,17,156
88,16,120,67
88,16,8,98
88,26,136,101
88,26,153,56
88,30,23,118
88,38,159,175
88,40,191,82
88,32,57,159
88,40,87,160
88,43,96,124
88,47,17,181
88,14,40,74
88,46,63,200
88,34,80,144
88,26,159,87
88,54,95,163
88,24,57,87
88,31,61,104
88,11,247,22
88,28,191,86
88,40,49,132
88,32,117,82
88,54,209,122
88,10,77,50
88,14,119,36
88,22,229,18
88,49,88,148
88,42,42,147
88,11,184,67
88,7,39,60
88,16,57,94
88,52,199,190
88,8,118,30
88,32,99,91
88,12,181,11
88,32,170,64
88,22,113,92
88,57,151,214
88,59,209,142
88,24,193,36
88,38,217,111
88,38,209,69
88,36,242,55
88,44,79,141
88,33,42,117
88,21,14,135
88,19,135,47
88,7,103,50
88,17,171,24
88,12,155,20
88,14,207,48
88,58,15,238
88,32,9,225
88,30,250,33
88,37,167,81
88,47,167,107
88,29,13,170
88,44,63,154
88,38,185,129
88,7,167,36
88,51,63,174
88,24,39,97
88,56,71,186
88,6,137,50
88,32,12,142
88,52,243,112
88,12,27,79
88,5,8,99
88,14,205,6
88,48,123,134
88,30,139,67
88,16,223,5
88,44,119,169
88,10,104,42
88,26,107,71
88,40,235,70
88,37,79,115
88,41,135,100
88,36,159,128
88,6,156,7
88,36,137,86
88,22,112,51
88,4,90,26
88,32,246,93
88,19,91,66
88,22,72,70
88,52,201,162
88,26,5,122
88,43,235,112
88,39,128,139
88,59,121,179
88,13,143,59
88,56,115,166
88,57,177,154
88,13,239,41
88,58,93,178
88,55,239,243
88,44,37,163
88,48,184,213
88,49,225,81
88,21,33,131
88,29,215,40
88,48,244,142
88,46,4,198
88,20,146,101
88,46,193,95
88,14,223,68
89,57,176,224
89,58,39,225
89,42,88,224
89,16,224,70
89,49,40,225
89,40,111,110
89,10,127,21
89,24,232,19
89,14,119,89
89,15,64,63
89,55,95,223
89,34,224,55
89,44,40,150
89,48,208,157
89,32,62,106
89,16,119,41
89,20,175,27
89,36,88,105
89,48,167,110
89,52,223,114
89,44,95,129
89,34,239,92
89,22,152,40
89,8,40,63
89,48,13,183
89,15,207,6
89,28,160,86
89,13,183,70
89,39,17,158
89,9,55,86
89,37,31,140
89,16,44,77
89,28,153,57
89,52,191,110
89,8,158,8
89,40,159,179
89,47,135,124
89,26,72,158
89,54,199,197
89,57,152,222
89,14,181,12
89,27,135,100
89,41,225,80
89,6,92,28
89,25,41,98
89,47,151,115
89,40,217,112
89,8,105,50
89,29,187,50
89,17,119,69
89,12,249,23
89,15,159,20
89,31,143,69
89,58,16,242
89,55,95,166
89,6,7,101
89,38,79,120
89,25,199,37
89,12,77,53
89,36,85,145
89,18,97,52
89,12,103,42
89,47,79,147
89,37,245,58
89,23,113,92
89,15,207,48
89,38,143,86
89,30,216,43
89,8,169,36
89,28,5,125
89,42,85,163
89,14,31,84
89,44,233,118
89,54,159,198
89,34,101,94
89,33,15,143
89,40,185,130
89,28,109,75
89,53,243,114
89,58,199,214
89,51,22,202
89,38,169,83
89,38,135,90
89,30,13,171
89,10,118,34
89,32,25,120
89,41,192,83
89,52,64,177
89,30,251,35
89,47,63,202
89,35,46,122
89,48,147,249
89,17,8,99
89,24,71,73
89,14,31,129
89,6,137,51
89,4,69,63
89,55,237,168
89,57,47,205
89,33,63,160
89,59,167,142
89,30,191,89
89,57,71,188
89,14,235,41
89,59,95,182
89,55,14,211
89,48,143,162
89,21,90,69
89,26,60,90
89,38,209,70
89,16,225,5
89,53,201,163
89,24,193,20
89,17,176,61
89,33,117,85
89,47,177,151
89,42,137,103
89,18,57,97
89,42,251,80
89,52,175,175
89,58,178,159
89,47,195,98
89,15,139,62
89,48,187,214
89,46,61,158
89,25,249,71
89,28,85,84
89,24,112,50
89,49,214,92
89,33,173,66
90,58,150,224
90,56,97,224
90,48,136,127
90,16,207,8
90,24,111,94
90,58,175,226
90,28,136,102
90,44,225,90
90,48,208,159
90,40,16,163
90,36,223,60
90,16,159,22
90,34,63,109
90,17,64,67
90,37,31,144
90,16,224,73
90,11,128,22
90,25,233,23
90,16,119,92
90,21,176,30
90,48,184,224
90,44,95,133
90,35,237,94
90,37,89,109
90,31,185,54
90,10,42,65
90,48,152,122
90,10,159,10
90,8,93,32
90,16,137,64
90,16,31,86
90,16,181,14
90,42,111,115
90,15,79,55
90,24,151,42
90,18,120,42
90,48,14,190
90,49,168,116
90,35,119,89
90,9,225,38
90,30,111,77
90,33,23,123
90,8,135,54
90,48,63,206
90,24,79,117
90,12,118,36
90,42,83,166
90,24,193,21
90,45,39,155
90,27,40,102
90,24,71,77
90,4,135,11
90,33,143,74
90,15,183,74
90,48,143,168
90,14,249,26
90,35,103,99
90,42,193,86
90,32,217,45
90,5,31,78
90,52,19,208
90,20,103,56
90,14,103,44
90,56,159,201
90,36,45,126
90,53,191,116
90,55,199,198
90,47,197,100
90,38,242,60
90,27,199,40
90,42,48,142
90,47,77,150
90,54,199,169
90,10,162,40
90,17,201,51
90,30,86,86
90,59,199,219
90,56,95,171
90,46,249,142
90,54,225,119
90,38,153,134
90,8,105,50
90,58,35,227
90,45,234,123
90,26,71,157
90,31,7,178
90,28,208,81
90,46,33,172
90,48,175,157
90,58,115,173
90,31,191,93
90,18,7,100
90,29,159,92
90,39,143,91
90,24,7,143
90,52,91,154
90,6,24,64
90,29,5,130
90,23,91,72
90,41,217,115
90,36,215,97
90,28,59,93
90,39,78,124
90,36,184,108
90,56,183,143
90,18,45,81
90,37,81,148
90,16,235,43
90,34,13,146
90,7,7,104
90,55,246,120
90,5,67,42
90,35,175,72
90,51,127,140
90,44,138,109
90,41,185,134
90,29,155,61
90,24,225,60
90,50,217,99
90,56,11,219
90,42,79,226
90,54,174,130
90,48,23,178
90,34,55,164
90,40,209,75
90,53,63,180
90,6,65,67
90,41,159,183
90,22,143,109
90,54,48,188
90,11,53,90
90,5,245,6
90,58,240,191
90,25,119,62
90,48,238,80
90,47,31,237
90,58,46,210
91,48,176,223
91,36,224,62
91,16,79,57
91,58,96,225
91,18,65,69
91,16,119,95
91,58,192,223
91,12,128,26
91,10,224,39
91,17,207,13
91,48,135,132
91,31,185,58
91,48,193,102
91,24,151,45
91,56,9,225
91,24,111,95
91,16,136,67
91,47,240,126
91,20,47,85
91,48,208,162
91,35,63,114
91,32,217,48
91,48,73,156
91,36,119,94
91,28,199,44
91,24,225,65
91,12,161,14
91,18,224,76
91,22,104,61
91,37,239,100
91,6,67,45
91,8,93,36
91,16,183,19
91,59,33,231
91,42,15,170
91,34,23,129
91,16,160,27
91,16,31,90
91,29,135,105
91,14,247,29
91,38,81,151
91,26,231,27
91,31,111,82
91,45,225,92
91,22,178,36
91,46,95,139
91,11,41,68
91,12,115,39
91,55,225,123
91,28,40,106
91,24,192,23
91,40,143,94
91,24,93,76
91,19,121,46
91,6,138,14
91,26,71,158
91,29,159,94
91,15,183,75
91,6,23,68
91,15,103,49
91,40,209,76
91,8,7,109
91,46,39,159
91,8,134,55
91,30,157,64
91,37,103,103
91,25,79,118
91,39,153,138
91,16,31,134
91,54,192,120
91,32,191,98
91,27,208,84
91,48,143,174
91,38,91,115
91,20,226,12
91,31,5,182
91,34,143,78
91,47,56,165
91,54,251,107
91,43,111,122
91,47,33,178
91,20,49,106
91,41,129,146
91,30,61,98
91,10,63,103
91,11,55,90
91,47,249,145
91,38,42,131
91,50,151,128
91,36,174,75
91,59,214,135
91,11,163,43
91,41,78,226
91,56,47,174
91,59,146,227
91,44,137,114
91,58,114,178
91,48,23,182
91,8,105,50
91,33,47,123
91,20,5,106
91,42,218,121
91,26,73,82
91,18,199,51
91,56,245,125
91,6,245,10
91,53,18,213
91,42,169,92
91,56,226,251
91,40,78,128
91,36,13,153
91,43,195,88
91,18,251,5
91,52,223,104
91,51,169,122
91,43,85,170
91,18,112,74
91,23,145,111
91,54,199,201
91,36,215,102
91,58,169,230
91,49,13,196
91,52,125,146
91,48,30,241
91,47,241,79
91,32,40,198
91,24,4,146
91,43,46,146
91,5,67,67
91,46,171,106
91,27,120,66
92,48,176,224
92,59,192,223
92,16,184,79
92,48,136,135
92,44,31,223
92,56,126,224
92,32,159,67
92,44,111,126
92,49,57,224
92,16,79,59
92,18,208,14
92,18,224,79
92,27,234,29
92,8,143,17
92,32,189,57
92,38,225,64
92,17,31,93
92,36,64,117
92,24,111,65
92,16,104,51
92,48,193,106
92,30,135,110
92,47,95,143
92,48,33,181
92,32,192,102
92,37,241,102
92,20,127,48
92,39,120,101
92,19,67,70
92,16,248,34
92,7,67,47
92,56,224,126
92,24,111,98
92,48,250,150
92,13,167,46
92,54,192,125
92,43,15,174
92,10,95,38
92,14,134,29
92,13,118,41
92,48,74,153
92,30,160,98
92,28,79,84
92,26,71,160
92,18,185,21
92,40,153,142
92,11,191,6
92,28,41,110
92,34,23,134
92,47,41,164
92,47,241,130
92,28,201,44
92,32,117,83
92,23,181,36
92,44,223,123
92,49,208,165
92,17,119,100
92,4,135,36
92,36,145,82
92,48,31,242
92,12,64,110
92,47,169,108
92,25,153,48
92,52,223,108
92,37,176,78
92,20,199,57
92,38,81,154
92,24,93,78
92,33,219,47
92,13,163,17
92,54,17,216
92,12,43,71
92,39,93,118
92,16,31,138
92,24,192,22
92,12,224,44
92,6,70,67
92,18,161,30
92,52,169,125
92,41,153,190
92,9,7,112
92,10,21,104
92,39,43,135
92,32,4,186
92,7,25,72
92,5,160,4
92,12,55,91
92,43,195,90
92,36,15,154
92,34,47,126
92,50,22,187
92,41,143,100
92,47,225,93
92,20,7,108
92,40,245,69
92,40,25,151
92,28,210,86
92,37,104,106
92,57,159,210
92,20,51,106
92,48,59,170
92,8,111,49
92,53,89,163
92,41,81,131
92,9,133,58
92,6,245,8
92,20,229,12
92,56,47,176
92,30,62,100
92,24,77,121
92,58,135,166
92,59,39,218
92,57,95,178
92,52,124,149
92,6,121,22
92,54,175,183
92,41,213,78
92,44,47,147
92,43,85,172
92,57,245,128
92,54,111,162
92,54,199,175
92,7,91,62
92,55,199,202
93,48,176,225
93,56,120,224
93,44,30,224
93,18,120,104
93,28,237,33
93,48,239,134
93,26,184,41
93,48,56,224
93,10,144,18
93,8,166,8
93,38,240,105
93,34,224,50
93,48,96,146
93,48,250,151
93,41,115,224
93,48,112,184
93,4,93,30
93,15,134,30
93,12,224,46
93,40,46,142
93,15,121,43
93,48,32,184
93,31,136,111
93,16,251,34
93,33,119,85
93,8,66,49
93,12,95,40
93,41,159,190
93,49,193,108
93,48,41,170
93,32,192,103
93,54,16,220
93,40,95,122
93,20,31,97
93,14,167,49
93,12,55,92
93,25,95,78
93,34,199,61
93,50,136,139
93,38,65,122
93,44,85,174
93,20,212,19
93,15,161,22
93,30,207,46
93,10,21,106
93,35,48,130
93,16,31,139
93,20,200,60
93,24,111,98
93,48,30,248
93,58,159,211
93,13,194,7
93,7,71,69
93,56,223,128
93,29,79,85
93,24,152,112
93,48,171,110
93,20,65,74
93,22,128,50
93,53,225,110
93,22,7,111
93,20,225,82
93,20,47,108
93,32,160,68
93,44,175,98
93,9,135,58
93,28,159,52
93,20,235,51
93,38,177,79
93,17,31,71
93,38,183,118
93,30,43,112
93,44,195,93
93,18,184,82
93,44,14,178
93,38,105,109
93,10,5,114
93,38,225,66
93,19,83,60
93,32,4,188
93,6,137,38
93,14,45,74
93,45,113,130
93,20,187,23
93,54,241,161
93,43,135,150
93,9,29,73
93,47,227,93
93,12,64,111
93,8,91,62
93,20,165,33
93,20,119,76
93,24,112,67
93,42,143,106
93,40,247,70
93,55,192,127
93,50,207,167
93,40,124,105
93,39,81,157
93,53,41,238
93,54,123,154
93,21,231,15
93,4,4,74
93,47,139,121
93,44,221,124
93,17,107,52
93,58,135,168
93,56,39,179
93,54,89,165
93,19,143,71
93,36,45,174
93,58,182,157
93,50,5,198
93,57,245,129
93,58,94,185
93,36,17,157
93,59,173,237
93,8,124,24
93,56,199,178
93,24,79,123
93,42,211,79
94,48,225,98
94,50,56,223
94,56,119,225
94,44,23,225
94,16,119,44
94,56,16,223
94,30,239,36
94,48,112,185
94,6,95,34
94,19,120,105
94,32,136,113
94,16,133,33
94,10,65,52
94,24,151,111
94,48,175,224
94,36,225,51
94,36,47,133
94,9,169,8
94,58,223,133
94,42,40,144
94,36,23,135
94,15,196,10
94,14,224,46
94,47,136,123
94,40,225,70
94,54,120,156
94,39,237,108
94,49,40,173
94,11,148,19
94,52,137,141
94,54,41,239
94,28,187,43
94,17,166,22
94,4,40,55
94,48,94,150
94,11,135,62
94,36,199,62
94,34,119,86
94,40,63,124
94,31,208,47
94,50,192,110
94,18,105,55
94,45,81,178
94,22,31,101
94,7,137,38
94,54,223,115
94,32,65,104
94,48,235,137
94,48,247,152
94,41,152,142
94,48,169,115
94,45,193,95
94,47,111,132
94,22,167,36
94,27,112,69
94,21,225,82
94,14,95,43
94,48,167,224
94,8,71,70
94,10,24,77
94,23,233,19
94,49,31,188
94,15,167,54
94,41,160,191
94,22,187,24
94,48,247,99
94,16,71,60
94,11,19,108
94,59,168,235
94,22,214,22
94,31,41,114
94,27,96,82
94,45,215,126
94,43,143,106
94,16,45,78
94,56,87,172
94,21,86,63
94,30,160,54
94,26,111,99
94,13,55,94
94,58,242,133
94,21,233,50
94,40,81,161
94,17,32,70
94,56,191,131
94,10,127,26
94,46,11,179
94,21,119,76
94,22,71,75
94,42,115,224
94,44,129,151
94,22,127,54
94,24,49,92
94,40,215,109
94,58,154,211
94,4,67,42
94,32,161,99
94,21,47,109
94,17,31,142
94,58,241,182
94,10,105,53
94,31,127,72
94,40,106,114
94,57,251,118
94,28,63,166
94,9,91,64
94,41,91,123
94,54,239,162
94,45,174,100
94,18,251,36
94,58,7,235
94,31,175,132
94,48,29,248
94,38,17,159
94,54,169,131
94,42,245,74
94,21,199,61
94,31,77,88
94,48,207,146
94,45,185,145
94,57,33,182
94,23,5,115
94,52,7,204
94,37,145,86
94,37,47,178
94,46,65,154
95,48,224,100
95,50,56,225
95,32,238,40
95,32,40,118
95,52,90,224
95,44,143,109
95,23,224,87
95,9,93,37
95,48,112,191
95,16,224,51
95,18,133,37
95,17,118,47
95,17,197,14
95,8,135,40
95,48,136,128
95,5,113,22
95,47,192,100
95,55,223,118
95,12,173,14
95,39,47,141
95,46,81,182
95,23,185,28
95,12,63,58
95,32,127,74
95,43,39,152
95,40,236,110
95,29,111,73
95,33,32,207
95,32,175,137
95,24,31,106
95,38,21,140
95,24,215,26
95,32,136,116
95,38,226,54
95,46,241,126
95,12,135,64
95,29,95,85
95,49,242,158
95,14,149,25
95,16,93,47
95,7,37,62
95,42,151,146
95,42,122,110
95,41,63,132
95,35,119,90
95,29,187,46
95,32,160,103
95,12,17,111
95,54,33,247
95,12,104,58
95,19,167,28
95,16,63,118
95,41,80,168
95,59,221,138
95,48,109,140
95,24,163,43
95,58,31,186
95,27,111,104
95,33,208,51
95,46,185,147
95,34,67,110
95,58,191,138
95,48,208,150
95,57,16,227
95,13,23,83
95,55,119,161
95,48,11,188
95,22,119,78
95,47,174,107
95,38,205,66
95,27,144,61
95,12,127,30
95,21,183,87
95,36,191,111
95,48,46,164
95,38,239,143
95,16,166,58
95,40,183,124
95,46,215,131
95,21,105,59
95,25,71,79
95,32,74,95
95,23,86,68
95,42,105,117
95,26,49,98
95,4,39,76
95,39,49,185
95,43,91,130
95,25,234,23
95,24,126,58
95,8,4,83
95,37,168,76
95,54,21,202
95,54,135,144
95,10,195,38
95,52,194,116
95,57,89,176
95,58,200,182
95,50,39,180
95,49,247,102
95,40,15,164
95,45,128,155
95,10,70,74
95,48,90,153
95,58,56,199
95,44,25,170
95,6,69,45
95,18,35,71
95,28,31,156
95,58,39,182
95,48,65,160
95,5,133,12
95,19,251,41
95,31,165,59
95,32,209,94
95,28,73,131
95,22,233,58
95,8,23,90
95,59,241,186
95,59,155,213
96,16,152,26
96,10,96,37
96,24,224,90
96,54,95,224
96,16,225,51
96,40,48,142
96,48,192,102
96,20,135,38
96,31,191,47
96,9,39,62
96,19,120,46
96,20,201,15
96,28,112,106
96,41,239,113
96,48,175,110
96,10,136,42
96,26,167,45
96,34,167,62
96,54,33,247
96,7,118,21
96,7,137,13
96,48,11,191
96,37,120,93
96,43,233,74
96,33,241,42
96,47,215,90
96,51,57,226
96,45,21,226
96,25,31,106
96,31,95,86
96,14,65,56
96,42,63,131
96,34,41,119
96,14,177,13
96,47,215,132
96,27,71,84
96,14,136,64
96,16,64,117
96,39,232,57
96,22,143,76
96,51,225,106
96,26,127,59
96,22,184,87
96,21,127,104
96,25,191,28
96,44,121,111
96,7,70,44
96,16,167,58
96,22,120,76
96,5,87,54
96,45,39,156
96,40,207,69
96,56,223,123
96,45,145,110
96,21,169,29
96,27,222,27
96,40,240,148
96,59,192,141
96,31,113,74
96,49,111,141
96,20,75,65
96,40,19,142
96,20,47,83
96,42,83,172
96,54,135,146
96,18,95,49
96,26,88,70
96,59,87,182
96,43,153,146
96,32,209,96
96,8,221,14
96,48,30,249
96,34,71,111
96,54,224,179
96,28,80,111
96,50,137,131
96,40,151,92
96,26,7,119
96,46,128,157
96,6,40,76
96,41,183,126
96,52,41,182
96,53,199,118
96,34,137,116
96,37,103,100
96,47,85,183
96,23,233,59
96,13,105,57
96,8,167,52
96,13,18,110
96,6,179,21
96,46,24,173
96,58,17,230
96,27,240,24
96,34,77,97
96,40,53,186
96,15,31,78
96,57,121,162
96,48,161,166
96,44,91,131
96,11,71,74
96,22,110,59
96,10,7,83
96,59,175,188
96,59,157,214
96,49,47,166
96,48,70,163
96,52,175,123
96,50,243,159
96,34,131,76
96,42,15,166
96,15,55,96
96,58,203,181
96,55,22,203
97,4,48,38
97,48,216,92
97,16,136,67
97,8,225,13
97,55,32,250
97,32,192,47
97,48,81,185
97,48,71,151
97,12,97,37
97,10,137,15
97,23,135,41
97,55,91,224
97,12,136,44
97,16,180,14
97,48,215,132
97,32,96,90
97,18,152,28
97,48,183,149
97,44,234,76
97,24,143,76
97,41,239,151
97,29,71,85
97,26,191,30
97,47,127,158
97,42,239,113
97,10,73,44
97,48,151,112
97,48,23,178
97,9,117,24
97,47,33,158
97,16,69,60
97,36,41,123
97,21,121,47
97,8,39,78
97,29,167,49
97,47,159,206
97,36,79,100
97,28,221,27
97,35,136,117
97,53,225,108
97,8,88,57
97,42,47,146
97,20,95,53
97,24,119,78
97,46,89,133
97,35,242,44
97,27,31,109
97,11,41,63
97,44,152,146
97,22,205,18
97,39,121,98
97,15,16,110
97,16,49,98
97,23,169,31
97,16,31,81
97,58,225,124
97,15,104,58
97,30,72,134
97,25,224,91
97,8,168,50
97,29,129,63
97,41,72,114
97,32,151,65
97,24,123,111
97,46,33,209
97,24,193,70
97,44,63,136
97,28,89,74
97,41,21,142
97,20,251,42
97,54,200,122
97,54,55,229
97,50,9,194
97,36,215,52
97,55,223,181
97,28,6,122
97,30,111,107
97,8,179,22
97,36,173,66
97,52,91,157
97,34,209,98
97,41,232,60
97,50,197,104
97,32,49,106
97,22,47,85
97,34,23,132
97,29,80,111
97,52,137,133
97,33,113,76
97,16,225,53
97,12,6,86
97,28,240,25
97,50,112,193
97,5,91,28
97,19,167,60
97,50,107,142
97,44,97,223
97,43,153,96
97,6,137,34
97,24,185,90
97,10,23,89
97,28,151,113
97,5,209,21
97,54,175,126
97,54,39,187
97,12,71,73
97,45,104,122
98,58,184,224
98,18,184,17
98,48,81,189
98,48,87,138
98,11,118,27
98,48,34,165
98,12,139,19
98,48,127,160
98,17,136,70
98,46,233,81
98,16,101,41
98,57,7,224
98,55,224,111
98,48,215,132
98,43,239,114
98,20,153,31
98,36,242,47
98,8,94,30
98,24,206,22
98,9,226,12
98,49,215,94
98,52,105,148
98,38,215,57
98,13,135,46
98,44,95,224
98,48,183,150
98,42,239,156
98,18,225,55
98,35,119,83
98,28,193,38
98,24,173,36
98,18,71,62
98,12,75,46
98,30,222,32
98,12,47,63
98,37,135,119
98,39,135,85
98,7,149,6
98,22,127,50
98,47,32,213
98,31,173,52
98,51,7,199
98,37,41,128
98,26,224,94
98,29,31,113
98,51,111,197
98,50,23,184
98,18,47,102
98,44,152,100
98,41,121,102
98,5,53,43
98,20,233,6
98,25,192,70
98,32,71,91
98,25,141,46
98,30,79,116
98,9,169,50
98,38,71,117
98,35,98,93
98,48,225,46
98,25,121,114
98,6,210,22
98,16,16,116
98,50,193,107
98,10,39,82
98,46,63,141
98,20,250,45
98,42,47,194
98,34,195,50
98,32,79,165
98,35,209,100
98,16,107,58
98,35,161,102
98,13,71,74
98,49,151,116
98,30,90,77
98,59,223,128
98,22,97,57
98,44,45,150
98,7,136,37
98,48,17,235
98,31,72,138
98,49,242,135
98,30,109,110
98,6,47,89
98,32,224,78
98,33,151,70
98,56,89,226
98,10,91,58
98,25,47,90
98,31,7,128
98,8,181,25
98,54,137,138
98,25,143,77
98,52,89,159
98,16,93,70
98,38,81,104
98,26,119,81
98,37,175,68
98,47,103,129
98,37,31,213
98,42,231,64
98,43,223,118
98,42,168,85
98,47,126,119
98,51,174,115
98,47,177,97
98,50,144,123
98,44,205,75
98,14,9,88
98,29,239,28
98,36,23,138
98,24,191,93
98,26,113,66
98,20,167,60
99,58,184,224
99,48,87,141
99,48,81,191
99,31,224,35
99,14,144,20
99,13,120,30
99,37,120,85
99,32,177,54
99,14,48,66
99,48,32,216
99,8,150,8
99,4,23,60
99,47,235,86
99,18,17,119
99,14,136,47
99,44,95,224
99,17,104,44
99,38,176,69
99,26,120,118
99,42,240,157
99,56,225,115
99,21,235,9
99,52,105,149
99,18,136,70
99,13,79,46
99,20,71,66
99,9,96,31
99,19,187,19
99,24,127,52
99,32,72,91
99,37,201,54
99,30,33,114
99,52,9,204
99,26,176,38
99,7,57,46
99,28,48,125
99,10,169,53
99,48,15,239
99,25,209,24
99,50,22,188
99,42,47,197
99,46,145,151
99,21,251,46
99,27,143,50
99,44,225,122
99,8,139,38
99,30,199,40
99,37,243,50
99,36,101,95
99,32,135,70
99,52,111,198
99,54,136,141
99,23,158,37
99,8,210,23
99,20,31,91
99,26,49,91
99,4,107,16
99,47,103,130
99,30,107,110
99,24,101,61
99,42,233,67
99,45,152,102
99,26,191,95
99,31,95,81
99,50,71,157
99,45,41,154
99,32,73,138
99,9,181,26
99,32,7,131
99,48,126,121
99,26,80,74
99,19,225,55
99,48,179,99
99,10,229,14
99,49,38,170
99,42,121,106
99,35,183,142
99,38,42,131
99,15,11,90
99,18,111,59
99,49,177,150
99,11,37,85
99,48,19,164
99,29,151,117
99,46,8,179
99,40,85,105
99,10,89,60
99,50,216,99
99,52,171,117
99,48,225,50
99,20,167,62
99,44,245,118
99,44,175,86
99,50,240,203
99,20,138,38
99,36,161,101
99,19,45,105
99,47,61,145
99,54,239,144
99,49,220,134
99,30,79,115
99,51,194,109
99,16,94,70
