frame,z,y,x
0,17,143,82
0,35,211,161
0,35,222,164
0,53,210,208
0,29,192,162
0,11,78,65
0,42,102,184
0,22,77,145
0,23,87,93
0,23,119,160
0,23,131,159
0,22,202,72
0,37,115,183
0,46,179,190
0,46,186,192
0,46,194,192
0,49,206,176
0,14,105,107
0,5,222,48
0,14,216,69
0,24,47,181
0,26,226,136
0,10,39,84
0,14,67,81
0,27,89,163
0,31,175,138
0,35,146,126
0,9,207,87
0,46,168,197
0,13,103,96
0,17,44,93
0,18,168,111
0,22,80,135
0,42,53,170
0,40,137,189
0,5,56,128
0,6,67,125
0,5,34,70
0,8,80,106
0,7,117,58
0,7,124,50
0,7,126,59
0,11,113,74
0,11,112,65
0,13,29,131
0,13,30,141
0,14,38,130
0,14,39,140
0,13,94,69
0,12,96,60
0,13,135,98
0,13,141,98
0,13,141,68
0,13,147,99
0,13,153,97
0,13,162,90
0,14,167,68
0,13,189,65
0,13,196,59
0,13,202,62
0,13,210,59
0,17,99,85
0,17,109,80
0,17,109,90
0,18,51,99
0,21,77,123
0,21,85,125
0,21,217,112
0,22,225,113
0,22,70,136
0,23,27,157
0,23,35,146
0,23,37,157
0,23,70,154
0,23,72,162
0,23,80,155
0,23,79,162
0,23,214,68
0,23,214,77
0,23,221,71
0,24,40,124
0,25,106,127
0,26,110,137
0,25,118,130
0,25,127,100
0,25,229,100
0,26,151,91
0,27,94,113
0,27,151,100
0,27,160,100
0,27,160,137
0,27,162,146
0,29,44,165
0,29,54,165
0,28,174,107
0,29,215,130
0,33,69,131
0,33,134,194
0,33,143,184
0,33,144,195
0,35,92,129
0,36,192,120
0,38,61,190
0,37,72,185
0,37,71,194
0,40,90,220
0,40,101,218
0,43,50,202
0,45,45,196
0,45,73,197
0,45,77,205
0,45,82,194
0,45,86,202
0,45,100,197
0,45,110,196
0,46,30,177
0,46,39,190
0,45,42,178
0,47,142,198
0,47,146,189
0,47,152,196
0,47,156,161
0,47,163,159
0,47,170,161
0,49,118,208
0,49,129,201
0,49,129,211
0,49,181,206
0,51,85,212
0,51,85,220
0,51,94,211
0,51,95,220
0,51,138,173
0,52,142,182
0,55,59,200
0,58,68,228
0,58,84,216
0,11,188,95
0,27,138,129
0,21,60,139
0,49,50,227
0,58,200,245
0,19,175,76
0,33,27,148
0,13,164,80
0,40,227,132
0,45,200,153
0,55,170,189
0,6,197,48
0,20,51,144
0,25,189,123
0,27,208,101
0,28,103,155
0,54,127,183
0,6,179,81
0,6,205,46
0,8,26,103
0,8,27,113
0,8,33,101
0,8,34,110
0,8,44,72
0,3,159,42
0,7,159,53
0,12,186,55
0,15,51,113
0,15,59,107
0,15,59,117
0,15,67,111
0,16,172,98
0,16,178,105
0,16,178,113
0,16,181,97
0,16,185,107
0,16,191,107
0,16,196,100
0,16,196,111
0,16,204,99
0,16,206,107
0,16,204,114
0,16,240,117
0,16,248,114
0,16,247,122
0,20,48,134
0,20,56,130
0,20,153,115
0,20,153,122
0,20,159,111
0,20,159,117
0,20,159,124
0,20,165,124
0,20,173,82
0,20,175,89
0,20,179,83
0,20,181,90
0,20,182,74
0,20,187,79
0,20,188,85
0,20,186,92
0,24,32,117
0,24,53,107
0,24,55,115
0,24,59,103
0,24,61,111
0,24,61,118
0,24,66,101
0,24,67,108
0,24,69,116
0,24,73,104
0,24,73,112
0,24,114,96
0,24,115,105
0,24,179,120
0,25,188,112
0,28,101,144
0,28,109,147
0,28,174,97
0,28,206,108
0,32,29,170
0,32,29,179
0,32,26,140
0,32,30,134
0,32,33,141
0,32,34,128
0,32,38,135
0,32,40,124
0,32,43,132
0,32,47,123
0,32,50,130
0,32,131,185
0,34,198,150
0,35,202,143
0,35,5,225
0,35,13,223
0,35,209,144
0,36,86,138
0,36,94,140
0,36,103,132
0,36,115,133
0,36,117,155
0,36,119,163
0,36,121,128
0,36,122,136
0,36,123,153
0,36,124,161
0,36,129,127
0,36,128,135
0,36,131,155
0,36,130,162
0,36,135,132
0,36,137,162
0,36,139,171
0,36,145,166
0,36,204,122
0,36,211,119
0,36,219,120
0,37,165,160
0,38,242,197
0,38,250,196
0,38,248,204
0,40,54,149
0,40,54,160
0,40,60,153
0,40,63,161
0,40,108,169
0,40,128,181
0,40,127,189
0,40,137,179
0,40,175,183
0,44,54,180
0,43,108,161
0,44,198,144
0,44,205,142
0,44,209,150
0,46,139,162
0,47,146,162
0,48,26,220
0,48,33,221
0,48,37,228
0,48,39,220
0,48,46,219
0,48,96,173
0,48,102,167
0,48,102,177
0,48,109,167
0,48,109,176
0,48,178,156
0,48,179,164
0,48,184,153
0,48,185,161
0,48,191,153
0,48,191,158
0,48,190,166
0,48,197,161
0,48,225,187
0,48,230,194
0,48,231,183
0,48,238,190
0,50,189,249
0,52,156,207
0,53,155,216
0,52,164,208
0,52,163,217
0,53,118,235
0,54,95,187
0,54,97,194
0,54,102,187
0,56,132,194
0,55,43,217
0,55,105,193
0,56,138,221
0,56,138,228
0,56,144,218
0,56,144,227
0,56,151,219
0,56,151,226
0,8,11,84
0,15,228,96
0,20,27,106
0,32,37,187
0,58,10,225
0,4,51,98
0,24,80,194
0,31,246,149
0,36,86,99
0,36,94,98
0,37,245,153
0,40,173,147
0,40,176,140
0,41,179,146
0,47,17,223
0,47,82,148
0,47,86,146
0,49,228,168
0,52,26,207
0,54,146,249
0,56,251,223
0,58,177,166
0,59,181,173
0,58,184,164
0,59,189,171
0,38,166,115
0,47,160,120
0,6,49,107
0,6,55,107
0,6,144,46
0,3,148,108
0,6,150,41
0,6,156,42
0,4,225,77
0,4,224,82
0,4,225,88
0,4,230,77
0,4,231,82
0,4,231,88
0,23,251,90
0,41,7,174
0,44,11,190
0,43,239,153
0,47,137,125
0,47,138,129
0,47,140,125
0,47,152,122
0,48,102,68
0,48,110,60
0,48,110,68
0,48,116,64
0,48,116,70
0,48,118,58
0,48,124,60
0,48,124,66
0,48,132,58
0,48,132,64
0,48,134,52
0,48,134,70
0,48,138,62
0,48,140,56
0,48,142,68
0,48,144,62
0,48,148,54
0,48,150,60
0,48,150,66
0,48,156,56
0,48,156,62
0,48,158,68
0,48,164,60
0,48,166,50
0,48,166,66
0,48,170,60
0,48,172,54
0,48,174,66
0,48,176,60
0,48,180,54
0,48,182,60
0,48,190,52
0,48,190,58
0,48,198,52
0,48,198,58
0,48,206,52
0,52,222,140
0,53,32,250
0,59,101,249
1,29,199,163
1,35,217,159
1,16,144,79
1,11,78,68
1,46,191,198
1,34,141,193
1,49,211,175
1,53,210,210
1,13,95,66
1,14,104,107
1,18,103,89
1,15,112,80
1,40,112,187
1,41,100,224
1,41,112,223
1,14,143,99
1,18,116,113
1,27,43,123
1,26,127,102
1,29,223,136
1,43,143,188
1,10,162,63
1,22,61,142
1,26,55,176
1,15,74,84
1,29,166,143
1,11,190,97
1,16,41,92
1,23,88,160
1,25,222,110
1,33,29,146
1,46,50,200
1,51,142,176
1,5,64,126
1,5,223,57
1,9,31,110
1,10,207,88
1,11,211,96
1,12,216,87
1,14,29,138
1,13,37,147
1,14,39,136
1,14,161,90
1,13,170,85
1,13,171,95
1,13,193,72
1,13,196,61
1,13,219,98
1,14,212,68
1,15,64,84
1,15,172,72
1,15,221,78
1,15,223,66
1,17,174,108
1,17,178,98
1,17,181,108
1,17,188,106
1,19,53,100
1,19,55,91
1,21,158,114
1,21,166,108
1,21,167,117
1,21,179,85
1,21,186,93
1,21,189,81
1,21,192,90
1,22,54,135
1,23,77,145
1,23,39,154
1,23,76,137
1,23,80,158
1,23,79,150
1,23,85,134
1,23,84,94
1,23,88,140
1,23,89,149
1,23,91,128
1,24,93,91
1,23,93,100
1,24,122,163
1,23,134,161
1,23,200,76
1,23,206,73
1,23,215,74
1,25,46,186
1,25,53,188
1,25,62,186
1,25,115,101
1,25,183,116
1,25,189,126
1,25,192,117
1,26,113,135
1,26,123,133
1,27,148,94
1,27,157,92
1,27,153,102
1,27,162,100
1,29,48,166
1,29,56,163
1,29,97,166
1,29,100,157
1,29,169,106
1,29,178,100
1,29,177,111
1,29,183,107
1,33,43,135
1,34,72,133
1,35,190,119
1,35,198,118
1,35,204,121
1,38,62,193
1,39,72,188
1,40,180,183
1,45,71,197
1,46,163,194
1,45,168,202
1,45,172,193
1,46,72,204
1,46,82,202
1,47,149,200
1,47,161,160
1,47,171,161
1,49,120,210
1,49,127,216
1,50,127,203
1,49,134,213
1,49,135,205
1,49,176,209
1,49,184,211
1,50,224,198
1,58,74,230
1,58,154,222
1,32,29,175
1,53,28,211
1,55,175,188
1,2,170,46
1,45,99,198
1,25,66,114
1,37,145,174
1,41,54,167
1,41,63,154
1,46,36,176
1,49,106,175
1,57,137,198
1,5,53,98
1,5,147,113
1,5,157,112
1,6,182,84
1,2,31,62
1,8,33,80
1,8,36,86
1,8,39,80
1,8,41,71
1,8,45,87
1,8,47,77
1,8,73,106
1,8,75,113
1,8,77,100
1,8,80,106
1,8,81,113
1,5,87,93
1,8,88,105
1,8,88,112
1,8,119,56
1,8,121,62
1,8,124,50
1,8,125,56
1,8,128,62
1,8,133,49
1,8,133,56
1,8,197,53
1,8,203,46
1,8,206,54
1,12,109,65
1,12,116,64
1,12,121,69
1,16,54,115
1,16,56,122
1,16,57,108
1,16,61,115
1,16,63,123
1,16,64,106
1,16,67,114
1,16,70,121
1,16,72,107
1,16,74,114
1,16,200,109
1,16,204,100
1,16,203,116
1,16,209,107
1,16,212,114
1,16,248,115
1,20,25,104
1,20,26,113
1,20,30,100
1,21,32,110
1,24,28,151
1,24,29,161
1,24,51,111
1,24,55,118
1,24,56,107
1,24,62,120
1,24,63,104
1,24,223,74
1,25,71,109
1,28,88,120
1,28,92,112
1,28,94,120
1,28,101,111
1,28,102,118
1,28,100,124
1,28,133,131
1,28,139,126
1,28,139,135
1,28,147,125
1,28,147,133
1,28,156,138
1,28,156,147
1,28,205,108
1,28,210,101
1,28,241,103
1,30,102,147
1,30,109,147
1,32,177,133
1,32,178,140
1,32,179,147
1,32,182,158
1,32,182,168
1,32,184,138
1,36,10,226
1,36,16,221
1,36,16,229
1,36,22,219
1,36,23,227
1,36,28,217
1,36,28,224
1,36,83,131
1,36,83,138
1,36,88,127
1,36,90,134
1,37,90,142
1,36,96,126
1,36,100,132
1,37,99,139
1,36,116,134
1,36,119,155
1,36,122,129
1,37,122,138
1,36,126,153
1,37,124,162
1,37,128,133
1,36,139,126
1,37,142,133
1,36,144,122
1,36,148,129
1,36,152,122
1,36,156,129
1,36,220,121
1,37,133,161
1,37,133,133
1,37,144,167
1,37,150,135
1,38,170,162
1,39,250,202
1,40,64,162
1,40,105,177
1,40,111,172
1,41,63,168
1,44,47,173
1,44,110,161
1,44,199,171
1,44,204,144
1,45,204,153
1,44,210,143
1,44,210,152
1,44,216,145
1,44,216,153
1,46,29,178
1,48,24,225
1,48,30,219
1,48,37,189
1,48,38,197
1,48,37,218
1,48,37,225
1,48,43,186
1,48,43,216
1,48,43,222
1,48,42,229
1,48,50,188
1,48,49,216
1,48,49,223
1,48,49,230
1,48,56,219
1,48,57,227
1,48,143,162
1,48,151,161
1,48,153,168
1,48,181,162
1,48,186,157
1,48,186,166
1,48,192,155
1,48,192,162
1,48,192,169
1,48,199,156
1,48,200,164
1,48,232,191
1,48,237,186
1,48,237,193
1,48,245,185
1,48,245,192
1,52,93,215
1,52,84,217
1,52,86,225
1,52,92,224
1,52,98,221
1,52,134,181
1,52,156,209
1,53,157,217
1,52,162,207
1,53,163,216
1,53,169,213
1,55,126,188
1,54,134,187
1,55,101,194
1,56,39,217
1,56,45,214
1,56,45,222
1,56,51,211
1,56,51,218
1,56,54,204
1,56,57,212
1,56,61,201
1,56,64,209
1,56,68,202
1,56,104,200
1,56,110,196
1,56,176,197
1,56,207,191
1,56,215,192
1,32,37,189
1,41,229,133
1,50,195,249
1,6,229,74
1,5,230,81
1,9,12,85
1,15,15,135
1,15,229,93
1,15,230,100
1,15,236,99
1,31,248,146
1,31,250,151
1,37,89,101
1,41,181,143
1,47,87,149
1,53,117,229
1,54,121,235
1,54,123,229
1,54,142,249
1,55,147,249
1,58,7,228
1,58,14,228
1,59,187,173
1,59,204,244
1,39,176,117
1,36,78,104
1,6,84,89
1,6,90,86
1,6,96,88
1,6,146,48
1,6,150,42
1,4,140,86
1,3,134,75
1,6,156,40
1,6,162,39
1,16,52,170
1,16,58,172
1,16,58,176
1,16,62,173
1,24,80,198
1,34,80,162
1,38,122,101
1,38,169,115
1,39,26,196
1,41,10,176
1,44,246,152
1,47,27,194
1,47,137,132
1,47,140,132
1,48,160,120
1,48,164,118
1,48,164,123
1,48,118,62
1,48,118,68
1,48,126,60
1,48,126,68
1,48,134,56
1,48,134,62
1,48,134,68
1,48,140,60
1,48,142,52
1,48,142,66
1,48,150,54
1,48,150,60
1,48,158,58
1,48,166,52
1,48,166,58
1,48,174,52
1,48,174,58
1,48,182,54
1,48,182,60
1,48,190,52
1,53,34,250
2,36,221,163
2,48,207,177
2,53,211,211
2,12,191,93
2,29,204,164
2,18,147,82
2,36,147,193
2,45,185,192
2,5,34,68
2,13,39,89
2,12,80,68
2,14,96,63
2,27,51,187
2,26,63,185
2,31,171,143
2,30,222,137
2,33,45,133
2,39,112,183
2,39,119,178
2,43,107,225
2,43,118,224
2,51,187,209
2,27,220,110
2,27,125,104
2,13,164,66
2,14,74,81
2,11,200,60
2,26,154,91
2,30,181,108
2,46,48,202
2,49,129,207
2,19,51,99
2,18,118,112
2,34,30,147
2,54,131,194
2,7,62,125
2,7,60,133
2,7,70,134
2,7,72,124
2,7,152,117
2,7,162,116
2,9,78,109
2,9,82,116
2,9,86,105
2,13,117,76
2,13,119,67
2,13,218,98
2,15,141,69
2,15,138,101
2,15,150,106
2,15,151,97
2,15,162,93
2,15,169,83
2,15,170,93
2,15,175,95
2,15,195,74
2,16,219,77
2,17,228,73
2,19,103,87
2,20,112,83
2,21,160,120
2,21,169,118
2,22,59,142
2,23,66,144
2,23,180,86
2,23,191,83
2,23,189,94
2,23,208,74
2,25,56,117
2,26,64,108
2,24,133,166
2,28,110,137
2,26,118,129
2,26,118,140
2,26,126,133
2,26,181,120
2,26,184,128
2,26,191,116
2,26,193,126
2,27,118,97
2,27,155,101
2,27,164,97
2,29,47,162
2,30,50,171
2,29,53,158
2,30,59,166
2,29,57,173
2,29,60,157
2,30,99,168
2,30,173,102
2,31,92,163
2,31,171,112
2,33,26,174
2,33,35,170
2,33,34,180
2,36,194,119
2,36,213,121
2,37,25,218
2,37,24,226
2,37,88,139
2,37,97,131
2,37,98,141
2,37,142,129
2,37,153,129
2,39,60,193
2,39,64,185
2,39,67,195
2,39,75,188
2,42,62,169
2,43,65,156
2,46,36,175
2,45,94,196
2,45,100,193
2,45,108,195
2,46,165,200
2,46,172,201
2,47,67,203
2,47,77,198
2,47,77,208
2,50,223,202
2,50,225,194
2,53,139,181
2,58,148,220
2,57,156,223
2,57,216,190
2,13,38,118
2,15,37,147
2,19,61,93
2,22,29,110
2,55,28,211
2,6,226,54
2,34,37,192
2,45,110,166
2,45,210,149
2,50,144,171
2,57,44,221
2,12,214,86
2,6,55,103
2,3,168,41
2,17,212,113
2,37,119,136
2,45,49,179
2,5,50,96
2,6,59,95
2,5,89,91
2,5,127,77
2,3,118,90
2,5,135,76
2,6,136,85
2,6,145,83
2,6,151,79
2,6,158,82
2,6,167,45
2,7,154,88
2,8,122,56
2,8,128,49
2,8,129,56
2,8,130,62
2,8,135,49
2,8,136,55
2,8,229,79
2,11,28,110
2,12,28,116
2,12,29,122
2,12,33,105
2,12,40,108
2,16,94,111
2,16,103,109
2,16,104,118
2,16,26,142
2,16,27,133
2,16,34,133
2,16,40,132
2,16,46,137
2,16,47,148
2,16,54,116
2,16,55,123
2,16,59,110
2,16,62,83
2,16,62,117
2,16,62,124
2,16,67,106
2,16,68,114
2,16,69,122
2,16,69,94
2,16,74,109
2,16,75,118
2,16,78,92
2,16,95,104
2,16,96,118
2,16,102,101
2,16,109,102
2,16,174,76
2,16,177,61
2,16,178,68
2,16,181,75
2,16,212,72
2,16,219,64
2,24,83,154
2,24,26,154
2,24,26,160
2,24,29,148
2,24,32,154
2,24,32,160
2,24,32,166
2,24,37,148
2,24,41,154
2,24,41,161
2,24,74,137
2,24,75,143
2,24,75,151
2,24,81,93
2,24,81,136
2,24,81,143
2,24,83,100
2,24,87,89
2,23,90,130
2,24,88,141
2,24,89,95
2,24,91,103
2,24,90,146
2,24,91,155
2,24,95,94
2,24,122,159
2,24,129,155
2,24,138,155
2,24,221,77
2,24,227,119
2,27,36,117
2,28,37,123
2,28,44,118
2,28,88,118
2,28,90,125
2,28,95,113
2,28,98,119
2,28,98,126
2,28,137,128
2,28,143,122
2,29,143,131
2,28,151,121
2,29,151,128
2,28,159,134
2,28,242,108
2,31,105,149
2,32,186,157
2,32,184,165
2,32,188,171
2,36,69,132
2,36,70,141
2,37,76,104
2,36,76,132
2,36,77,140
2,36,121,151
2,37,122,160
2,36,129,153
2,36,131,161
2,36,206,147
2,37,145,166
2,38,130,134
2,41,136,180
2,40,145,176
2,40,249,204
2,44,106,158
2,44,113,158
2,44,207,140
2,44,215,141
2,48,141,192
2,48,145,202
2,48,29,219
2,48,27,227
2,49,38,195
2,48,41,218
2,48,43,188
2,48,43,226
2,48,48,216
2,48,50,189
2,48,50,223
2,48,50,229
2,48,57,216
2,48,60,222
2,48,59,228
2,48,142,163
2,48,149,163
2,48,148,190
2,48,151,201
2,48,155,163
2,48,155,190
2,48,157,198
2,48,160,155
2,48,161,164
2,48,167,154
2,48,167,161
2,48,167,167
2,48,173,155
2,48,174,164
2,48,179,160
2,48,185,156
2,48,185,164
2,48,191,154
2,48,193,164
2,48,198,158
2,48,243,188
2,50,103,181
2,50,109,176
2,50,198,248
2,52,86,216
2,52,88,223
2,52,92,212
2,52,94,221
2,52,100,218
2,54,167,211
2,54,168,219
2,56,51,208
2,56,55,200
2,57,56,211
2,56,64,199
2,56,65,207
2,56,101,197
2,56,107,194
2,56,171,187
2,56,172,196
2,57,179,193
2,60,84,223
2,57,104,203
2,57,111,200
2,55,124,232
2,39,171,117
2,48,27,198
2,6,80,89
2,11,14,91
2,16,237,102
2,16,65,175
2,31,249,146
2,38,94,101
2,39,167,161
2,39,168,166
2,39,173,158
2,39,173,164
2,39,173,170
2,39,180,118
2,40,179,161
2,40,179,167
2,41,180,138
2,41,180,145
2,41,184,137
2,41,185,144
2,47,90,147
2,48,88,152
2,48,136,130
2,48,143,131
2,55,145,249
2,55,151,248
2,59,205,243
2,15,222,139
2,47,30,142
2,48,16,196
2,48,104,131
2,48,165,121
2,59,191,173
2,3,65,60
2,8,102,100
2,16,17,138
2,16,48,177
2,16,52,171
2,16,52,176
2,16,53,180
2,38,105,102
2,38,105,106
2,38,110,102
2,38,111,106
2,38,117,101
2,38,118,106
2,38,122,102
2,43,244,136
2,44,247,152
2,47,110,139
2,48,118,62
2,48,118,68
2,48,126,60
2,48,126,66
2,48,132,62
2,48,134,56
2,48,134,68
2,48,140,62
2,48,142,52
2,48,142,68
2,48,150,52
2,48,150,58
2,48,150,64
2,48,156,60
2,48,158,52
2,48,164,62
2,48,166,52
2,48,174,52
2,48,174,58
2,48,182,54
2,48,190,52
2,58,6,227
2,59,13,225
2,59,13,229
3,34,219,166
3,28,56,191
3,49,195,203
3,13,77,79
3,11,207,101
3,14,95,66
3,14,190,100
3,14,197,100
3,17,189,111
3,19,146,85
3,16,217,74
3,20,222,78
3,31,171,146
3,39,117,186
3,43,103,228
3,43,113,227
3,46,103,197
3,50,184,210
3,39,150,194
3,46,50,209
3,53,215,215
3,40,73,181
3,15,200,64
3,12,163,67
3,14,39,93
3,27,123,109
3,37,28,227
3,42,66,204
3,8,66,131
3,2,147,44
3,9,76,118
3,9,78,108
3,9,84,118
3,6,89,99
3,9,131,58
3,9,159,122
3,9,166,119
3,9,173,120
3,9,208,60
3,13,35,121
3,13,38,110
3,14,119,78
3,13,119,68
3,13,220,98
3,14,220,105
3,13,218,90
3,15,194,74
3,18,44,101
3,17,61,120
3,17,73,119
3,21,56,102
3,23,30,115
3,25,84,103
3,25,125,168
3,25,130,159
3,26,132,166
3,25,132,173
3,25,137,158
3,26,138,165
3,25,141,171
3,25,145,162
3,27,60,116
3,28,153,96
3,27,184,118
3,27,187,127
3,27,195,123
3,29,145,131
3,29,154,129
3,29,201,163
3,29,202,173
3,30,56,163
3,31,58,173
3,31,66,159
3,31,68,169
3,32,89,169
3,31,100,167
3,29,225,141
3,33,181,157
3,33,181,163
3,33,182,171
3,33,191,159
3,33,192,168
3,34,27,180
3,34,33,173
3,34,36,182
3,38,28,219
3,39,96,144
3,39,124,143
3,39,146,135
3,39,156,135
3,41,181,190
3,43,56,174
3,43,65,166
3,43,63,178
3,46,33,178
3,45,202,183
3,45,211,181
3,47,164,196
3,47,164,206
3,47,172,193
3,47,174,200
3,47,173,208
3,49,44,196
3,49,150,170
3,50,29,226
3,50,49,227
3,50,60,228
3,50,141,206
3,51,216,174
3,51,226,202
3,55,140,189
3,58,166,220
3,57,53,217
3,6,226,57
3,12,41,83
3,18,217,118
3,29,44,124
3,30,95,123
3,31,218,112
3,35,31,152
3,37,126,157
3,58,218,194
3,16,176,93
3,18,27,146
3,31,50,132
3,53,213,183
3,25,83,144
3,31,171,108
3,49,191,163
3,51,127,214
3,22,163,126
3,27,120,139
3,45,211,145
3,46,210,153
3,3,34,65
3,5,51,70
3,6,49,77
3,6,51,97
3,6,51,105
3,7,58,98
3,7,59,106
3,6,126,79
3,3,119,95
3,6,134,77
3,6,136,83
3,7,134,89
3,8,78,130
3,8,76,137
3,8,154,87
3,7,184,85
3,8,184,92
3,8,230,83
3,12,14,92
3,12,27,113
3,16,141,74
3,15,144,104
3,16,150,103
3,16,150,111
3,16,34,138
3,16,33,147
3,16,37,152
3,16,40,135
3,16,40,142
3,16,43,147
3,16,43,155
3,16,47,136
3,16,50,143
3,16,51,149
3,16,51,156
3,16,63,90
3,16,69,95
3,16,77,96
3,16,93,107
3,16,93,116
3,16,99,102
3,16,100,109
3,16,100,117
3,16,106,101
3,16,111,109
3,18,114,115
3,16,108,120
3,16,114,103
3,16,133,74
3,16,135,81
3,16,138,99
3,16,137,107
3,16,142,68
3,16,144,95
3,16,143,112
3,16,150,69
3,16,150,97
3,16,156,96
3,16,157,104
3,16,156,111
3,16,163,94
3,16,162,100
3,16,165,80
3,16,165,88
3,16,172,102
3,16,171,80
3,16,174,66
3,16,174,72
3,16,177,77
3,16,178,84
3,16,181,70
3,16,183,78
3,20,100,88
3,20,102,82
3,20,102,94
3,20,106,88
3,20,109,80
3,20,108,95
3,20,115,84
3,20,115,91
3,22,165,117
3,22,174,117
3,22,173,125
3,24,29,155
3,24,30,161
3,24,34,149
3,24,34,167
3,24,36,155
3,24,37,161
3,24,41,149
3,24,41,168
3,24,42,155
3,24,43,161
3,24,48,167
3,24,48,151
3,24,50,159
3,24,58,141
3,24,60,149
3,24,64,138
3,24,66,145
3,24,69,151
3,24,72,141
3,24,74,153
3,24,80,155
3,24,88,154
3,24,88,93
3,24,94,98
3,24,93,107
3,24,179,92
3,24,184,86
3,24,185,97
3,24,193,86
3,24,193,92
3,24,193,99
3,24,202,80
3,24,210,84
3,24,226,112
3,24,224,118
3,24,227,124
3,24,233,114
3,24,233,119
3,29,73,108
3,28,71,118
3,28,114,139
3,28,126,98
3,28,128,133
3,28,128,142
3,28,134,101
3,28,159,106
3,28,164,99
3,31,101,146
3,31,110,145
3,32,107,153
3,32,168,116
3,32,178,117
3,32,181,107
3,32,208,133
3,32,211,141
3,32,215,130
3,32,248,148
3,36,42,141
3,36,42,149
3,36,48,139
3,36,49,149
3,36,55,141
3,37,75,140
3,36,191,122
3,37,197,129
3,36,197,118
3,36,202,127
3,36,204,118
3,37,202,148
3,36,208,125
3,36,210,147
3,37,76,147
3,37,133,164
3,37,203,156
3,38,143,168
3,39,227,129
3,39,150,166
3,39,148,174
3,40,175,171
3,40,248,205
3,40,248,213
3,41,73,208
3,43,189,147
3,44,45,170
3,45,47,178
3,44,61,156
3,44,69,155
3,44,74,158
3,46,221,150
3,48,67,217
3,48,72,203
3,48,70,208
3,48,74,218
3,48,80,204
3,48,82,210
3,48,81,217
3,48,153,204
3,48,154,194
3,48,160,164
3,48,165,171
3,48,166,160
3,48,170,169
3,48,173,160
3,48,178,167
3,49,202,246
3,50,201,162
3,50,246,190
3,51,105,182
3,50,114,178
3,52,130,205
3,53,92,223
3,54,100,223
3,56,28,216
3,56,55,203
3,56,64,202
3,58,128,242
3,22,94,130
3,48,27,201
3,56,152,250
3,59,193,179
3,16,49,181
3,16,53,173
3,16,55,181
3,16,59,171
3,16,62,179
3,16,66,170
3,16,68,177
3,31,247,113
3,38,77,108
3,39,84,105
3,39,83,112
3,39,91,103
3,39,91,111
3,39,97,104
3,40,97,111
3,39,102,105
3,39,102,113
3,39,109,107
3,39,109,114
3,39,117,109
3,41,27,208
3,44,248,140
3,47,30,138
3,47,30,146
3,47,35,142
3,48,90,155
3,60,93,220
3,59,112,203
3,60,111,212
3,56,155,225
3,16,241,106
3,3,60,60
3,4,62,70
3,3,68,58
3,3,70,68
3,3,189,68
3,3,195,57
3,4,195,81
3,4,201,74
3,16,222,136
3,15,224,141
3,16,142,30
3,16,150,30
3,16,228,140
3,24,5,126
3,31,98,101
3,38,53,114
3,47,17,199
3,48,111,149
3,48,134,62
3,48,142,62
3,48,142,68
3,48,150,60
3,48,158,62
3,48,164,125
3,48,165,128
3,48,166,60
3,48,167,125
3,48,174,60
3,54,228,144
3,60,72,237
4,35,222,170
4,43,120,188
4,15,181,124
4,33,174,148
4,18,145,84
4,21,224,80
4,16,76,90
4,14,86,74
4,12,101,66
4,27,85,151
4,30,49,193
4,30,50,202
4,29,63,195
4,30,209,171
4,35,198,169
4,41,153,196
4,38,164,204
4,51,217,184
4,50,188,211
4,50,196,210
4,50,203,211
4,46,43,218
4,45,66,211
4,15,40,94
4,26,41,163
4,37,28,156
4,15,168,76
4,18,31,147
4,18,197,117
4,23,112,89
4,23,110,99
4,50,225,216
4,9,66,136
4,9,73,139
4,9,76,129
4,9,80,138
4,11,79,124
4,11,78,115
4,11,85,109
4,11,87,122
4,11,89,115
4,11,130,66
4,11,138,60
4,12,213,63
4,13,161,70
4,13,209,94
4,8,210,106
4,13,215,93
4,13,221,104
4,12,224,92
4,15,196,109
4,15,33,122
4,15,40,116
4,15,111,76
4,15,120,75
4,15,196,98
4,15,205,100
4,15,206,111
4,16,48,150
4,19,197,125
4,25,33,156
4,25,130,164
4,25,130,172
4,25,136,160
4,26,137,168
4,25,138,175
4,25,145,161
4,25,146,170
4,28,87,106
4,28,99,100
4,27,98,108
4,29,117,112
4,29,124,106
4,29,125,116
4,30,134,112
4,29,228,148
4,32,91,173
4,31,102,170
4,31,153,138
4,34,186,172
4,35,30,178
4,35,41,180
4,35,186,161
4,38,202,130
4,45,59,180
4,45,73,164
4,45,76,174
4,46,43,180
4,46,51,181
4,47,54,215
4,46,204,181
4,47,31,184
4,47,212,155
4,47,223,155
4,49,151,206
4,49,161,200
4,49,161,209
4,49,165,168
4,49,172,167
4,49,180,169
4,50,46,204
4,50,194,170
4,50,203,168
4,56,141,192
4,57,179,224
4,57,211,220
4,57,220,224
4,59,220,205
4,5,38,69
4,16,206,75
4,25,65,146
4,38,51,146
4,45,70,181
4,9,169,60
4,23,56,106
4,25,190,101
4,29,59,126
4,29,155,104
4,38,81,182
4,57,62,214
4,59,162,228
4,29,120,147
4,30,165,107
4,41,28,208
4,6,224,58
4,19,63,124
4,18,72,123
4,39,129,155
4,51,155,174
4,5,86,97
4,5,94,97
4,8,129,84
4,8,137,81
4,8,51,104
4,8,53,82
4,8,54,110
4,8,56,96
4,8,61,103
4,8,62,110
4,8,128,92
4,8,135,93
4,8,142,89
4,8,160,54
4,8,166,51
4,9,174,53
4,9,157,92
4,10,187,92
4,16,37,159
4,16,44,162
4,16,97,105
4,16,97,112
4,16,96,119
4,16,105,107
4,16,104,116
4,16,104,123
4,17,110,107
4,16,111,119
4,16,116,105
4,16,117,115
4,16,121,90
4,16,127,81
4,16,138,105
4,16,140,112
4,16,143,99
4,16,145,106
4,16,146,114
4,16,151,99
4,16,152,106
4,16,152,114
4,16,158,101
4,16,159,109
4,16,158,115
4,16,164,101
4,16,166,108
4,16,170,94
4,16,170,101
4,16,172,109
4,16,175,82
4,16,176,68
4,16,176,75
4,16,176,90
4,16,176,96
4,16,178,102
4,16,178,110
4,17,182,77
4,16,182,93
4,16,185,100
4,16,185,107
4,16,188,76
4,16,191,70
4,16,191,82
4,16,195,75
4,16,199,66
4,16,200,85
4,18,56,126
4,20,209,116
4,20,216,112
4,20,216,120
4,22,94,130
4,22,121,119
4,22,130,118
4,24,162,132
4,24,25,116
4,24,26,123
4,24,30,111
4,24,34,118
4,24,33,125
4,24,163,122
4,24,171,131
4,24,173,122
4,24,182,93
4,24,188,90
4,24,196,91
4,24,205,81
4,24,212,84
4,24,225,121
4,24,228,128
4,24,233,120
4,28,186,126
4,27,193,123
4,28,57,117
4,28,63,113
4,28,65,121
4,28,121,138
4,28,128,136
4,28,127,146
4,28,134,138
4,28,134,145
4,28,188,120
4,28,187,134
4,28,193,134
4,28,198,122
4,28,199,131
4,29,70,112
4,29,72,120
4,32,62,170
4,32,48,127
4,32,52,135
4,32,56,166
4,32,56,173
4,32,59,179
4,32,62,162
4,32,66,177
4,32,69,162
4,32,69,168
4,32,73,174
4,32,91,128
4,32,92,137
4,32,100,124
4,32,100,133
4,32,103,147
4,32,104,156
4,32,111,145
4,32,112,153
4,32,168,116
4,32,172,107
4,32,174,114
4,32,174,121
4,32,179,107
4,32,182,112
4,32,181,119
4,32,205,138
4,32,214,142
4,32,214,111
4,32,214,131
4,32,217,119
4,32,222,109
4,32,222,137
4,32,225,117
4,32,249,116
4,36,37,151
4,36,39,159
4,39,81,148
4,38,128,161
4,38,130,168
4,38,135,161
4,38,204,154
4,38,212,152
4,39,137,168
4,39,147,173
4,39,249,205
4,41,30,235
4,40,30,242
4,40,88,148
4,40,91,155
4,40,94,146
4,40,98,152
4,41,97,159
4,40,103,145
4,40,107,150
4,40,120,148
4,40,126,146
4,40,133,147
4,40,144,140
4,40,149,132
4,40,150,142
4,40,155,172
4,40,157,133
4,40,158,142
4,40,224,131
4,40,230,127
4,40,229,136
4,41,30,248
4,41,105,157
4,41,177,174
4,41,180,198
4,41,188,198
4,42,185,191
4,44,62,171
4,44,104,231
4,44,103,238
4,44,110,229
4,44,110,235
4,44,109,242
4,44,117,230
4,44,117,237
4,44,144,188
4,44,152,185
4,44,184,149
4,44,185,157
4,44,192,147
4,44,193,154
4,48,26,204
4,48,69,222
4,48,75,223
4,48,78,209
4,48,79,215
4,48,83,222
4,48,85,214
4,48,100,202
4,48,102,211
4,48,106,201
4,48,108,211
4,48,114,205
4,48,115,212
4,48,120,205
4,48,169,196
4,48,170,202
4,48,169,210
4,48,177,197
4,48,178,203
4,48,177,210
4,48,194,196
4,48,200,193
4,48,206,199
4,49,214,219
4,50,41,195
4,50,49,195
4,50,147,174
4,52,134,224
4,52,143,217
4,52,141,225
4,52,128,218
4,52,128,225
4,52,135,214
4,52,228,200
4,53,91,226
4,53,114,189
4,54,97,225
4,56,26,217
4,57,30,224
4,56,33,218
4,57,131,244
4,60,192,182
4,5,117,100
4,52,250,196
4,4,72,66
4,4,198,77
4,12,236,67
4,16,62,177
4,16,53,182
4,17,62,183
4,39,78,114
4,40,128,107
4,40,133,105
4,39,141,107
4,40,116,114
4,40,121,107
4,40,124,114
4,44,10,187
4,46,239,208
4,48,33,144
4,47,36,152
4,47,40,144
4,48,17,203
4,49,91,161
4,50,200,250
4,50,206,249
4,58,40,228
4,59,49,227
4,6,28,68
4,6,28,74
4,6,32,62
4,6,38,60
4,6,67,57
4,6,73,56
4,4,187,46
4,4,187,52
4,4,192,41
4,4,193,47
4,4,196,54
4,6,194,69
4,4,199,58
4,4,198,40
4,4,200,48
4,4,205,45
4,4,221,79
4,13,14,95
4,13,17,94
4,15,222,144
4,16,228,144
4,16,69,175
4,16,72,180
4,16,126,30
4,16,134,30
4,16,142,30
4,33,252,151
4,40,111,114
4,40,179,125
4,48,142,68
4,48,150,62
4,48,150,68
4,48,158,60
4,48,166,60
4,48,166,66
4,48,174,62
4,48,190,52
4,50,146,141
4,51,149,140
4,59,66,246
4,60,74,241
4,59,72,247
5,23,196,128
5,20,148,86
5,17,79,90
5,55,222,219
5,37,226,171
5,44,120,188
5,42,116,198
5,9,104,64
5,45,74,176
5,11,76,138
5,13,218,101
5,15,95,68
5,14,178,131
5,14,186,130
5,22,228,80
5,30,55,199
5,30,62,196
5,30,71,197
5,46,42,219
5,49,191,206
5,51,197,212
5,49,206,207
5,17,208,74
5,25,84,147
5,43,29,209
5,46,66,216
5,32,174,147
5,13,84,77
5,19,30,148
5,34,179,116
5,50,162,207
5,12,191,96
5,18,181,78
5,38,32,159
5,50,173,168
5,6,117,102
5,6,126,101
5,9,61,106
5,9,171,56
5,10,181,58
5,13,79,111
5,13,85,116
5,13,93,113
5,13,214,86
5,13,223,89
5,14,163,69
5,15,33,117
5,15,162,78
5,15,170,71
5,16,34,92
5,16,47,96
5,17,45,153
5,17,47,141
5,17,101,111
5,17,114,104
5,16,112,115
5,17,145,111
5,17,156,110
5,17,173,101
5,17,183,98
5,17,184,108
5,17,196,75
5,17,173,111
5,21,218,115
5,23,93,127
5,23,109,93
5,23,117,90
5,25,31,120
5,24,137,168
5,24,148,166
5,25,215,84
5,26,63,148
5,27,30,161
5,27,31,170
5,27,40,159
5,27,42,166
5,27,41,172
5,28,97,107
5,27,189,100
5,27,199,98
5,29,59,120
5,29,159,103
5,29,168,106
5,30,66,123
5,31,73,117
5,31,83,175
5,31,89,166
5,31,92,178
5,31,97,170
5,31,215,176
5,34,204,173
5,33,218,140
5,39,154,204
5,39,156,211
5,41,155,197
5,39,163,206
5,39,170,204
5,42,96,155
5,43,104,158
5,45,59,177
5,45,181,196
5,45,188,196
5,46,57,184
5,47,47,183
5,49,105,208
5,49,117,209
5,51,152,209
5,51,170,177
5,51,180,177
5,51,195,171
5,51,204,168
5,53,139,220
5,57,222,193
5,4,40,66
5,20,68,123
5,36,192,173
5,41,180,175
5,5,73,65
5,12,137,60
5,23,125,119
5,25,229,123
5,32,83,109
5,30,229,149
5,33,99,132
5,47,210,182
5,31,123,111
5,45,113,231
5,3,93,92
5,5,99,97
5,6,99,105
5,6,194,77
5,6,194,85
5,5,200,74
5,5,204,84
5,5,210,77
5,5,216,51
5,5,220,60
5,6,226,49
5,6,227,57
5,8,134,85
5,8,54,81
5,8,110,71
5,8,115,63
5,8,132,93
5,8,141,94
5,8,142,81
5,8,147,89
5,10,157,91
5,10,158,98
5,10,164,92
5,10,165,99
5,12,139,69
5,12,147,56
5,12,147,64
5,12,209,58
5,12,215,58
5,12,223,64
5,16,34,127
5,16,37,137
5,16,43,125
5,16,46,110
5,16,47,118
5,16,106,76
5,16,112,70
5,16,113,79
5,16,116,85
5,16,118,66
5,16,120,74
5,16,122,80
5,16,123,89
5,16,126,69
5,16,129,76
5,16,129,84
5,16,195,110
5,16,205,111
5,16,204,94
5,16,206,102
5,24,50,108
5,24,52,101
5,24,57,110
5,24,61,99
5,24,66,107
5,24,124,85
5,24,124,94
5,24,134,157
5,24,140,154
5,24,147,155
5,24,161,123
5,24,162,130
5,24,166,117
5,24,167,123
5,24,168,131
5,24,174,118
5,24,176,125
5,24,175,132
5,28,117,139
5,29,118,147
5,28,125,136
5,28,127,142
5,29,126,148
5,31,150,133
5,32,47,128
5,32,48,135
5,32,55,135
5,32,55,167
5,32,55,174
5,32,58,180
5,32,60,162
5,32,61,169
5,32,64,175
5,32,65,181
5,32,68,162
5,32,69,168
5,32,72,175
5,32,102,164
5,33,103,155
5,32,113,155
5,32,125,119
5,32,133,119
5,32,133,107
5,32,134,113
5,32,140,119
5,32,141,110
5,32,144,139
5,32,155,139
5,32,216,111
5,32,219,119
5,32,223,108
5,32,226,116
5,32,227,136
5,33,110,163
5,36,36,178
5,37,39,185
5,36,43,176
5,36,48,182
5,36,188,163
5,36,187,154
5,36,198,162
5,38,215,152
5,39,212,161
5,40,45,150
5,40,55,145
5,40,54,152
5,40,79,147
5,40,79,155
5,40,86,147
5,40,86,156
5,40,119,149
5,40,119,155
5,40,123,161
5,40,126,147
5,40,126,153
5,40,126,166
5,40,131,159
5,41,133,151
5,40,135,165
5,40,132,172
5,40,145,173
5,40,146,139
5,41,151,145
5,40,152,172
5,40,152,135
5,40,159,144
5,40,160,136
5,40,199,130
5,40,201,138
5,40,206,129
5,40,209,140
5,40,213,133
5,40,229,129
5,40,229,135
5,40,249,205
5,42,27,247
5,42,33,248
5,44,107,238
5,45,116,239
5,44,147,190
5,44,154,188
5,45,185,155
5,45,111,244
5,45,193,154
5,47,27,181
5,48,224,152
5,48,28,189
5,48,33,182
5,48,71,227
5,48,77,228
5,48,80,215
5,48,79,222
5,48,84,228
5,48,86,220
5,48,173,197
5,48,173,203
5,48,173,212
5,48,180,207
5,48,195,195
5,48,202,193
5,48,209,194
5,48,213,153
5,48,212,162
5,48,218,162
5,48,227,161
5,52,40,198
5,52,40,207
5,52,46,195
5,52,46,205
5,52,52,199
5,52,51,208
5,52,148,183
5,52,151,177
5,52,155,183
5,52,158,176
5,52,229,201
5,54,93,228
5,54,100,228
5,55,113,192
5,58,37,224
5,56,137,189
5,59,137,206
5,56,145,188
5,56,146,196
5,58,176,227
5,58,185,226
5,58,69,216
5,23,5,194
5,4,192,48
5,4,199,56
5,4,199,44
5,5,206,46
5,41,118,116
5,45,12,190
5,51,199,250
5,52,49,249
5,52,54,248
5,57,133,248
5,58,139,247
5,31,93,213
5,40,149,108
5,43,100,120
5,43,106,119
5,2,141,49
5,4,225,81
5,13,238,65
5,16,228,144
5,16,54,180
5,16,54,186
5,16,60,180
5,16,60,184
5,16,78,30
5,32,251,116
5,40,142,106
5,42,127,115
5,48,34,145
5,48,37,149
5,49,16,205
5,48,37,154
5,48,190,58
5,54,252,192
5,59,71,247
6,44,123,192
6,13,108,64
6,54,202,200
6,47,32,209
6,19,202,124
6,46,79,177
6,18,117,108
6,19,84,90
6,46,72,218
6,12,80,136
6,14,223,97
6,18,50,96
6,23,150,92
6,21,158,87
6,25,138,164
6,25,149,164
6,31,62,194
6,31,73,187
6,31,74,198
6,56,227,219
6,50,169,206
6,14,199,90
6,18,180,74
6,20,30,145
6,37,221,148
6,45,190,196
6,21,213,77
6,30,106,106
6,39,229,169
6,53,115,198
6,31,95,107
6,6,120,102
6,7,47,64
6,7,47,72
6,8,57,65
6,7,127,98
6,7,127,107
6,7,198,52
6,7,207,47
6,7,209,78
6,9,57,78
6,13,86,106
6,13,87,113
6,13,90,120
6,13,93,102
6,13,94,109
6,13,99,116
6,7,101,99
6,13,141,61
6,13,150,60
6,13,212,57
6,14,222,61
6,14,215,66
6,15,185,124
6,15,186,134
6,15,222,83
6,16,46,147
6,17,149,106
6,17,152,114
6,17,157,102
6,17,163,110
6,19,151,79
6,19,161,76
6,19,204,73
6,24,97,148
6,25,85,145
6,25,226,77
6,27,36,124
6,27,38,115
6,28,42,162
6,30,122,138
6,29,193,126
6,29,196,135
6,29,202,124
6,29,205,133
6,31,90,174
6,30,122,148
6,30,132,142
6,31,83,174
6,31,91,164
6,31,97,173
6,31,168,142
6,31,171,151
6,31,176,142
6,33,182,148
6,33,212,171
6,33,212,180
6,33,219,176
6,33,220,184
6,33,225,114
6,33,226,175
6,35,177,118
6,35,187,116
6,37,190,154
6,42,135,153
6,41,155,136
6,42,161,202
6,41,161,213
6,41,171,213
6,42,160,143
6,46,45,213
6,47,43,222
6,47,53,216
6,47,63,183
6,49,86,216
6,49,85,225
6,49,113,212
6,49,125,208
6,51,159,204
6,51,159,212
6,51,204,168
6,27,66,142
6,37,196,171
6,39,33,158
6,47,26,195
6,57,226,193
6,19,183,102
6,51,176,171
6,12,184,57
6,45,116,156
6,10,73,104
6,20,177,110
6,23,224,115
6,31,67,116
6,34,113,156
6,36,199,164
6,37,48,181
6,41,93,155
6,4,29,88
6,7,226,52
6,8,76,65
6,8,76,73
6,8,82,61
6,8,82,69
6,8,83,75
6,8,89,64
6,8,89,72
6,8,108,98
6,8,135,86
6,8,137,93
6,8,139,80
6,8,141,86
6,8,146,93
6,8,147,79
6,8,150,86
6,8,229,59
6,9,62,103
6,10,63,109
6,10,66,97
6,10,71,111
6,11,167,92
6,16,25,96
6,16,28,103
6,16,29,92
6,16,33,115
6,16,34,122
6,16,37,135
6,16,36,128
6,16,40,111
6,16,41,118
6,16,44,84
6,16,45,126
6,16,47,110
6,16,47,117
6,16,54,84
6,16,52,124
6,16,53,115
6,16,89,76
6,16,95,74
6,16,95,81
6,16,98,87
6,16,97,94
6,16,103,75
6,16,103,81
6,16,118,74
6,16,120,81
6,16,124,73
6,16,126,66
6,16,126,80
6,16,126,88
6,16,133,70
6,16,134,78
6,16,133,85
6,16,167,70
6,16,198,103
6,16,207,103
6,20,72,118
6,20,65,115
6,20,62,122
6,20,68,127
6,20,77,125
6,20,78,116
6,20,186,112
6,20,192,76
6,24,57,108
6,24,58,101
6,24,63,109
6,25,66,100
6,24,70,107
6,24,90,136
6,24,96,126
6,24,99,136
6,24,111,89
6,24,118,83
6,24,118,91
6,24,118,121
6,24,125,84
6,24,126,93
6,24,124,122
6,24,131,114
6,24,132,122
6,24,164,121
6,24,164,129
6,24,170,116
6,24,170,123
6,24,170,132
6,24,178,117
6,24,179,124
6,24,178,131
6,28,190,95
6,28,191,102
6,28,196,91
6,28,197,97
6,28,198,104
6,28,204,92
6,29,205,100
6,32,67,126
6,32,27,176
6,32,56,173
6,32,56,163
6,32,61,179
6,32,62,170
6,32,64,161
6,32,69,177
6,32,69,166
6,32,74,127
6,32,74,170
6,32,75,112
6,32,74,119
6,32,80,126
6,32,82,111
6,32,83,118
6,32,126,111
6,32,129,118
6,32,132,107
6,32,134,113
6,32,136,119
6,32,141,106
6,32,143,114
6,32,142,141
6,32,147,135
6,32,148,145
6,32,154,134
6,32,154,144
6,32,161,134
6,32,160,142
6,32,162,102
6,32,166,110
6,32,168,101
6,32,175,106
6,33,104,158
6,35,59,132
6,35,61,138
6,36,103,132
6,36,112,130
6,36,201,157
6,36,207,165
6,38,39,181
6,40,51,151
6,40,57,145
6,40,57,153
6,40,64,145
6,40,63,151
6,40,87,147
6,40,87,154
6,40,127,164
6,40,131,172
6,40,136,168
6,40,141,169
6,40,146,173
6,40,151,169
6,40,173,203
6,40,204,125
6,40,205,133
6,40,211,124
6,40,212,131
6,40,214,138
6,40,219,129
6,41,154,175
6,42,180,177
6,42,187,178
6,43,100,154
6,44,29,249
6,44,37,248
6,44,102,161
6,44,109,150
6,44,109,159
6,44,149,190
6,44,151,198
6,44,155,188
6,44,161,193
6,46,192,151
6,46,200,152
6,47,45,179
6,47,112,237
6,48,25,184
6,48,34,179
6,48,34,187
6,48,46,187
6,48,53,179
6,48,54,189
6,48,114,246
6,48,120,233
6,48,122,244
6,48,178,196
6,48,179,202
6,48,179,211
6,48,186,207
6,48,201,192
6,48,204,180
6,48,206,188
6,48,211,178
6,48,214,187
6,48,214,194
6,48,218,178
6,48,219,152
6,48,220,187
6,48,222,160
6,48,226,149
6,48,229,158
6,52,46,203
6,52,53,197
6,52,53,206
6,52,152,179
6,52,158,173
6,52,159,181
6,52,176,179
6,52,185,179
6,52,188,171
6,53,58,208
6,59,137,217
6,58,146,214
6,54,147,224
6,54,153,220
6,55,99,227
6,59,114,224
6,56,140,186
6,56,143,194
6,56,147,184
6,56,150,192
6,6,228,83
6,24,5,194
6,12,245,91
6,23,88,121
6,23,243,84
6,27,238,123
6,37,29,123
6,41,229,129
6,43,129,116
6,48,251,206
6,52,209,249
6,53,152,142
6,53,161,141
6,58,36,219
6,59,47,229
6,58,43,218
6,61,173,225
6,60,191,221
6,59,190,230
6,15,8,124
6,31,94,211
6,2,112,42
6,4,134,57
6,3,135,45
6,4,150,49
6,4,158,43
6,4,157,59
6,3,166,39
6,4,166,47
6,4,165,53
6,3,163,79
6,3,172,74
6,2,172,28
6,4,177,80
6,2,180,24
6,3,179,33
6,3,187,26
6,2,191,34
6,15,245,64
6,15,12,130
6,15,15,128
6,32,87,213
6,31,245,147
6,32,86,218
6,32,92,215
6,43,118,118
6,43,140,108
6,43,144,108
6,43,150,106
6,48,30,130
6,48,33,133
6,48,40,144
6,48,38,70
6,48,38,76
6,48,42,149
6,48,43,154
6,48,46,68
6,48,46,74
6,52,168,134
6,52,169,138
6,52,173,132
6,52,176,137
6,53,58,250
6,59,141,248
6,59,147,248
7,45,129,193
7,19,86,93
7,19,194,130
7,20,203,122
7,18,206,135
7,19,211,124
7,47,33,209
7,51,204,209
7,21,35,146
7,15,106,67
7,48,85,219
7,19,120,113
7,17,53,95
7,42,168,214
7,12,103,110
7,14,121,67
7,15,225,100
7,17,48,147
7,22,152,90
7,21,160,83
7,26,142,164
7,26,150,158
7,27,150,169
7,26,158,163
7,50,171,204
7,50,171,212
7,13,77,139
7,18,179,76
7,26,89,148
7,35,220,185
7,37,223,144
7,22,211,79
7,39,229,175
7,45,163,198
7,5,147,59
7,3,54,57
7,9,141,90
7,9,150,88
7,13,89,131
7,13,90,142
7,14,198,89
7,12,207,87
7,15,90,112
7,15,91,122
7,15,99,123
7,15,148,63
7,17,131,81
7,17,201,100
7,17,209,109
7,17,210,98
7,19,153,107
7,19,155,115
7,19,163,106
7,19,164,115
7,21,178,109
7,21,188,105
7,21,186,115
7,25,100,144
7,25,100,156
7,25,175,132
7,25,227,76
7,29,36,163
7,29,43,160
7,29,46,171
7,29,50,161
7,29,195,97
7,29,204,93
7,30,205,102
7,31,69,191
7,31,77,196
7,32,61,193
7,32,64,203
7,32,105,109
7,31,168,141
7,31,169,150
7,31,178,139
7,31,179,148
7,31,195,124
7,31,196,133
7,31,205,129
7,34,141,114
7,37,197,173
7,40,35,161
7,41,136,161
7,41,139,168
7,42,183,180
7,43,128,152
7,43,138,152
7,43,160,143
7,45,102,161
7,45,109,154
7,45,112,164
7,46,118,155
7,45,187,195
7,45,194,194
7,47,46,217
7,47,56,217
7,49,112,203
7,49,124,203
7,49,185,204
7,49,185,214
7,50,112,212
7,50,124,211
7,57,146,190
7,9,58,77
7,27,67,141
7,37,196,159
7,42,58,153
7,12,194,55
7,37,63,141
7,37,189,151
7,13,183,62
7,25,7,196
7,35,181,115
7,53,158,178
7,11,71,110
7,23,222,112
7,31,130,143
7,33,28,179
7,32,72,172
7,35,118,152
7,35,227,117
7,37,188,124
7,39,44,184
7,51,205,165
7,51,204,173
7,53,55,200
7,54,54,207
7,5,167,78
7,6,174,75
7,6,174,83
7,6,181,77
7,6,181,83
7,7,126,102
7,8,28,82
7,8,28,90
7,8,57,62
7,8,81,67
7,9,84,74
7,8,87,64
7,8,92,72
7,8,98,100
7,5,106,93
7,8,118,102
7,8,125,96
7,8,125,108
7,8,133,96
7,8,134,101
7,8,133,107
7,8,199,47
7,8,204,77
7,8,206,42
7,8,206,49
7,8,206,56
7,8,213,74
7,8,214,45
7,8,214,52
7,8,216,81
7,8,229,57
7,12,63,107
7,12,67,97
7,12,75,100
7,12,78,108
7,12,165,92
7,12,171,88
7,12,171,97
7,12,177,55
7,12,178,94
7,12,184,52
7,12,191,63
7,16,220,66
7,16,9,125
7,16,25,93
7,16,28,103
7,16,31,93
7,16,33,113
7,16,33,120
7,16,35,127
7,16,40,112
7,16,40,119
7,16,43,127
7,16,46,112
7,16,46,119
7,16,50,126
7,16,53,116
7,16,88,80
7,16,93,75
7,16,99,83
7,16,147,73
7,16,158,59
7,16,158,68
7,16,167,70
7,16,174,66
7,16,213,68
7,16,215,59
7,16,221,58
7,16,223,73
7,16,223,81
7,16,221,87
7,16,227,64
7,16,231,86
7,19,64,120
7,20,66,127
7,20,70,116
7,20,73,125
7,20,79,122
7,21,190,86
7,21,191,76
7,20,199,78
7,24,88,124
7,24,90,132
7,24,94,121
7,24,96,130
7,24,102,124
7,24,102,132
7,24,114,95
7,24,119,86
7,24,120,97
7,24,127,86
7,24,127,96
7,24,127,125
7,24,136,123
7,24,136,115
7,24,184,125
7,24,244,86
7,25,64,108
7,26,67,101
7,28,33,118
7,28,33,126
7,28,38,132
7,28,40,116
7,28,39,124
7,28,43,130
7,28,45,122
7,28,77,143
7,32,29,171
7,32,59,170
7,32,60,162
7,32,62,176
7,32,68,164
7,32,68,120
7,32,68,128
7,32,70,179
7,32,74,116
7,32,74,123
7,32,74,131
7,33,82,118
7,33,83,124
7,32,81,131
7,32,82,167
7,32,85,174
7,32,88,161
7,32,89,167
7,32,92,175
7,32,96,161
7,32,98,167
7,32,99,173
7,32,121,140
7,32,126,151
7,32,137,143
7,32,144,139
7,32,145,146
7,32,149,136
7,32,152,142
7,32,152,149
7,32,156,136
7,32,159,143
7,32,166,105
7,32,170,112
7,32,173,104
7,32,179,108
7,34,222,110
7,34,229,107
7,35,105,160
7,36,109,153
7,36,110,161
7,36,52,136
7,36,59,133
7,36,102,132
7,36,103,139
7,36,110,130
7,36,111,137
7,36,117,160
7,36,179,123
7,36,190,115
7,36,205,164
7,36,208,173
7,39,53,186
7,41,214,132
7,40,214,155
7,40,222,158
7,41,82,185
7,41,89,184
7,42,144,176
7,42,148,182
7,42,150,172
7,41,154,180
7,43,91,154
7,42,157,173
7,42,160,180
7,43,92,162
7,44,27,248
7,44,35,248
7,47,199,152
7,48,19,196
7,48,26,188
7,48,27,194
7,48,32,182
7,48,33,190
7,48,45,185
7,48,49,192
7,48,52,183
7,48,56,193
7,48,61,183
7,48,63,191
7,48,66,179
7,48,68,188
7,48,72,176
7,48,74,182
7,48,74,190
7,48,77,170
7,48,78,176
7,48,82,182
7,48,81,188
7,48,85,170
7,48,86,177
7,48,111,247
7,48,116,237
7,48,118,247
7,48,124,236
7,48,125,245
7,48,203,193
7,48,203,156
7,48,204,185
7,48,208,190
7,48,209,180
7,48,215,187
7,48,216,194
7,48,216,178
7,48,222,184
7,48,223,153
7,48,230,150
7,48,229,157
7,52,174,172
7,52,176,179
7,52,180,170
7,52,182,176
7,52,189,171
7,52,190,179
7,53,182,182
7,55,227,182
7,56,106,228
7,56,113,195
7,60,120,223
7,56,121,190
7,57,121,198
7,58,143,219
7,56,151,217
7,56,151,226
7,56,157,219
7,56,156,227
7,56,223,189
7,59,229,199
7,6,131,55
7,6,132,61
7,6,137,55
7,6,138,61
7,6,143,55
7,8,231,88
7,11,5,155
7,11,5,160
7,15,245,64
7,28,241,128
7,31,27,134
7,52,213,249
7,52,232,221
7,52,238,220
7,59,228,220
7,32,248,146
7,28,231,129
7,33,66,90
7,34,70,92
7,4,105,33
7,3,104,53
7,4,110,29
7,4,111,34
7,4,111,51
7,4,116,28
7,4,117,33
7,4,117,42
7,4,123,29
7,4,125,34
7,4,124,40
7,6,132,46
7,6,132,75
7,6,138,46
7,6,138,72
7,2,168,33
7,3,175,23
7,2,176,34
7,3,182,23
7,3,182,33
7,3,189,24
7,2,194,34
7,32,88,211
7,32,93,209
7,32,93,213
7,32,88,216
7,32,100,208
7,35,141,86
7,39,8,196
7,38,28,126
7,43,151,107
7,43,126,116
7,43,130,112
7,43,130,116
7,43,135,113
7,43,136,117
7,43,142,110
7,43,149,111
7,43,157,109
7,48,34,132
7,48,38,62
7,48,38,68
7,48,38,74
7,48,38,80
7,48,46,62
7,48,46,68
7,48,46,74
7,48,54,68
7,48,62,68
7,48,62,126
7,48,67,130
7,48,70,68
7,48,70,133
7,48,86,68
7,48,94,68
7,49,45,147
7,50,42,152
7,50,43,156
7,50,45,153
7,53,167,138
7,53,172,137
7,54,152,142
7,54,162,137
7,54,164,141
7,54,170,141
7,60,45,225
8,20,206,131
8,47,176,216
8,48,33,210
8,20,91,94
8,48,128,202
8,28,156,169
8,23,160,91
8,19,124,116
8,56,200,219
8,12,85,137
8,15,108,71
8,14,123,69
8,26,102,160
8,31,70,198
8,34,99,172
8,41,36,168
8,49,83,220
8,50,94,221
8,19,54,101
8,19,186,78
8,21,43,151
8,10,62,81
8,11,74,142
8,11,206,87
8,20,54,153
8,38,189,123
8,39,231,176
8,46,194,198
8,7,137,58
8,7,147,57
8,7,166,53
8,7,166,62
8,9,103,112
8,9,111,112
8,9,124,105
8,9,134,102
8,6,128,116
8,10,149,95
8,13,68,110
8,13,75,109
8,13,82,111
8,13,185,60
8,13,192,53
8,13,192,64
8,13,199,55
8,14,199,64
8,14,199,92
8,16,101,122
8,15,227,103
8,17,40,126
8,17,51,124
8,17,51,89
8,17,60,89
8,17,171,76
8,17,203,106
8,17,212,97
8,17,213,108
8,18,131,81
8,18,132,92
8,19,140,79
8,19,139,91
8,22,73,125
8,23,83,126
8,21,112,123
8,21,184,111
8,21,192,105
8,22,191,116
8,23,214,83
8,25,101,134
8,25,120,101
8,25,129,96
8,25,226,78
8,26,69,112
8,27,92,153
8,27,100,146
8,27,177,128
8,27,181,135
8,27,185,125
8,29,38,129
8,29,46,130
8,30,47,162
8,31,47,172
8,31,57,161
8,31,57,170
8,32,170,149
8,31,179,148
8,31,198,103
8,31,199,134
8,31,207,102
8,31,208,132
8,33,76,123
8,33,76,132
8,33,170,113
8,33,179,114
8,34,67,176
8,34,68,167
8,34,75,177
8,34,79,169
8,34,87,127
8,36,222,188
8,35,229,184
8,38,194,160
8,42,139,166
8,42,139,175
8,42,146,168
8,43,146,179
8,43,153,173
8,43,159,181
8,43,181,180
8,43,189,179
8,46,105,165
8,47,47,215
8,47,57,216
8,47,112,162
8,47,111,172
8,47,120,163
8,47,157,194
8,47,160,203
8,47,168,191
8,47,170,200
8,49,81,177
8,49,83,189
8,49,91,174
8,49,93,182
8,49,203,200
8,49,212,200
8,53,179,181
8,53,189,181
8,57,148,193
8,58,150,226
8,57,159,226
8,4,46,68
8,7,178,82
8,9,30,88
8,35,145,119
8,41,92,187
8,55,162,183
8,57,121,200
8,5,34,106
8,34,28,181
8,36,207,169
8,41,223,152
8,34,122,154
8,20,168,118
8,37,109,137
8,43,220,140
8,50,204,165
8,55,56,205
8,6,46,100
8,6,167,80
8,8,57,65
8,8,65,67
8,8,84,69
8,9,84,76
8,8,91,67
8,8,94,73
8,8,177,53
8,8,203,50
8,8,208,79
8,8,211,44
8,8,211,54
8,8,216,75
8,8,218,81
8,8,215,87
8,9,93,79
8,9,219,49
8,12,5,162
8,13,168,96
8,13,177,94
8,12,175,102
8,16,11,131
8,16,24,102
8,16,27,94
8,16,28,109
8,16,33,100
8,16,92,113
8,16,89,123
8,16,97,79
8,16,145,69
8,16,149,63
8,16,153,77
8,16,152,69
8,16,155,59
8,16,157,68
8,16,163,66
8,16,215,66
8,16,217,60
8,16,219,74
8,16,221,66
8,16,221,91
8,16,223,58
8,16,227,75
8,16,228,64
8,16,229,86
8,16,232,93
8,20,155,114
8,20,158,122
8,20,165,109
8,24,29,150
8,24,32,142
8,24,32,156
8,24,129,129
8,24,134,118
8,24,138,125
8,24,221,111
8,24,221,120
8,24,228,110
8,24,228,118
8,24,245,89
8,26,6,198
8,26,13,199
8,27,6,204
8,27,69,145
8,28,70,153
8,28,76,142
8,28,78,149
8,28,77,156
8,28,84,144
8,28,84,152
8,32,98,112
8,32,101,119
8,32,104,106
8,32,107,113
8,32,107,121
8,32,114,109
8,32,114,117
8,32,113,123
8,32,124,145
8,32,130,143
8,32,131,150
8,32,131,158
8,32,136,143
8,32,139,151
8,32,138,157
8,32,143,144
8,32,146,137
8,32,149,146
8,32,152,134
8,32,154,144
8,32,161,138
8,32,160,146
8,35,227,113
8,36,53,140
8,36,58,145
8,36,59,138
8,37,66,144
8,36,106,159
8,36,111,151
8,36,114,157
8,36,114,163
8,36,223,120
8,36,227,145
8,36,230,120
8,37,108,145
8,40,50,185
8,40,43,184
8,40,45,191
8,40,47,178
8,40,52,193
8,40,55,181
8,39,59,195
8,40,214,159
8,40,220,161
8,40,227,162
8,41,82,186
8,44,59,159
8,43,92,157
8,44,96,164
8,43,156,139
8,44,68,153
8,44,68,161
8,44,128,154
8,44,135,148
8,44,134,158
8,44,142,148
8,45,143,156
8,44,152,148
8,44,158,148
8,44,164,141
8,44,165,151
8,44,170,146
8,48,28,186
8,48,34,181
8,48,33,189
8,48,37,194
8,48,40,186
8,48,68,184
8,49,71,192
8,48,73,180
8,48,106,247
8,48,112,239
8,48,113,248
8,48,120,238
8,48,120,246
8,48,197,155
8,48,204,152
8,48,204,160
8,48,208,191
8,48,210,154
8,48,211,185
8,48,214,191
8,48,219,183
8,48,220,190
8,48,220,198
8,48,227,185
8,48,227,193
8,49,53,189
8,49,55,195
8,49,61,189
8,49,61,198
8,49,228,159
8,52,198,176
8,52,203,173
8,52,211,172
8,56,52,213
8,56,61,213
8,57,229,191
8,8,231,56
8,60,119,227
8,51,214,249
8,3,75,76
8,3,176,33
8,2,202,46
8,9,239,91
8,15,246,66
8,28,245,127
8,32,26,139
8,32,246,149
8,35,134,92
8,35,137,85
8,35,140,92
8,35,143,84
8,35,146,91
8,35,173,82
8,39,5,202
8,40,11,202
8,48,78,129
8,47,82,124
8,47,85,129
8,47,90,123
8,47,91,129
8,47,100,126
8,47,98,132
8,48,62,128
8,48,72,130
8,48,81,135
8,48,93,136
8,51,228,226
8,52,233,225
8,57,5,227
8,31,33,99
8,5,109,91
8,46,29,251
8,47,110,128
8,47,117,127
8,56,61,250
8,6,26,112
8,6,28,118
8,4,111,63
8,4,107,36
8,4,110,42
8,4,112,31
8,4,112,36
8,4,115,43
8,6,115,91
8,4,118,29
8,4,118,34
8,4,121,40
8,4,121,46
8,6,122,125
8,4,124,29
8,4,124,34
8,4,128,40
8,6,128,125
8,4,130,33
8,3,137,84
8,4,145,80
8,6,172,28
8,16,64,180
8,16,68,186
8,16,69,182
8,28,58,84
8,28,64,82
8,31,17,141
8,32,96,210
8,32,102,206
8,32,102,212
8,36,224,84
8,44,128,120
8,48,30,78
8,48,36,70
8,48,36,76
8,48,38,82
8,48,44,68
8,48,44,74
8,48,46,80
8,48,50,70
8,48,52,64
8,48,54,76
8,48,56,70
8,48,60,62
8,48,62,56
8,48,62,68
8,48,62,74
8,48,68,68
8,48,70,58
8,48,78,62
8,48,78,68
8,48,86,60
8,48,86,66
8,48,92,66
8,48,94,72
8,48,100,68
8,52,47,156
8,52,48,160
8,54,37,249
9,20,94,95
9,28,207,132
9,28,158,169
9,52,181,217
9,12,79,141
9,12,90,137
9,14,198,59
9,17,215,133
9,19,128,120
9,22,125,113
9,26,105,160
9,34,103,172
9,35,110,164
9,42,40,171
9,42,171,219
9,46,133,200
9,47,140,193
9,50,96,223
9,46,197,202
9,21,56,103
9,25,163,94
9,19,138,85
9,9,59,76
9,22,46,153
9,22,77,126
9,31,71,198
9,41,226,151
9,10,159,95
9,18,51,125
9,20,188,79
9,26,127,101
9,39,208,171
9,56,217,219
9,49,213,211
9,9,133,106
9,10,214,50
9,12,107,111
9,11,117,106
9,11,116,115
9,14,70,107
9,13,77,118
9,14,81,108
9,15,117,79
9,16,126,70
9,15,125,82
9,17,31,104
9,17,107,73
9,17,151,74
9,17,157,65
9,17,159,75
9,18,56,90
9,18,165,69
9,19,42,131
9,19,49,136
9,21,50,164
9,21,56,150
9,21,57,157
9,21,58,164
9,22,161,117
9,22,163,124
9,21,169,113
9,22,174,120
9,23,192,113
9,25,106,136
9,27,73,114
9,27,100,148
9,31,39,130
9,31,48,129
9,31,47,171
9,31,54,161
9,31,58,172
9,31,184,156
9,33,74,130
9,33,74,139
9,34,70,167
9,34,77,163
9,35,76,173
9,34,83,130
9,34,85,164
9,34,84,173
9,35,86,136
9,35,140,117
9,35,151,112
9,35,150,123
9,37,111,136
9,37,227,187
9,40,191,128
9,39,210,182
9,41,84,186
9,41,95,184
9,43,34,212
9,43,142,164
9,43,148,172
9,44,164,181
9,45,43,217
9,44,43,208
9,44,134,155
9,45,145,154
9,47,54,218
9,47,63,216
9,47,108,168
9,47,114,166
9,47,116,236
9,47,123,164
9,50,68,190
9,49,78,184
9,49,81,194
9,49,206,201
9,49,212,196
9,49,214,204
9,49,217,189
9,49,222,200
9,49,227,191
9,51,29,204
9,51,32,213
9,51,83,180
9,51,92,180
9,51,124,210
9,57,191,183
9,9,175,57
9,10,33,85
9,10,97,73
9,25,35,153
9,25,225,79
9,34,178,114
9,43,189,180
9,10,221,82
9,23,213,82
9,30,184,144
9,34,29,183
9,39,196,157
9,42,240,178
9,45,166,150
9,20,213,102
9,39,68,149
9,55,163,183
9,9,40,98
9,9,46,108
9,17,236,99
9,20,219,111
9,51,62,198
9,51,205,166
9,6,29,111
9,6,30,119
9,3,77,64
9,6,82,110
9,4,87,92
9,6,90,110
9,5,114,64
9,5,119,38
9,3,139,40
9,4,143,86
9,2,176,38
9,4,193,26
9,2,210,37
9,8,35,106
9,8,38,113
9,8,136,55
9,8,136,63
9,8,142,52
9,8,141,58
9,8,142,66
9,8,149,52
9,8,148,58
9,8,154,58
9,8,162,55
9,8,164,63
9,8,172,79
9,8,174,86
9,8,179,75
9,8,180,84
9,9,187,81
9,9,148,65
9,12,6,161
9,13,144,99
9,13,6,168
9,15,174,100
9,15,182,99
9,16,200,94
9,16,90,122
9,16,92,112
9,16,98,117
9,16,96,126
9,16,100,110
9,16,106,122
9,16,103,130
9,16,109,62
9,16,118,61
9,16,123,60
9,16,130,63
9,16,210,92
9,16,219,65
9,16,221,74
9,16,226,97
9,17,227,62
9,16,228,105
9,16,229,72
9,16,228,91
9,20,210,110
9,24,132,129
9,24,139,119
9,24,139,129
9,24,145,125
9,24,175,89
9,24,214,92
9,24,221,92
9,24,227,119
9,27,6,204
9,27,14,201
9,28,70,147
9,28,72,155
9,28,77,145
9,28,78,155
9,28,181,135
9,28,84,145
9,28,85,154
9,28,181,128
9,28,189,126
9,28,189,134
9,32,28,139
9,32,101,110
9,32,102,118
9,33,112,107
9,32,108,115
9,32,108,122
9,32,115,114
9,32,115,121
9,32,126,145
9,32,128,153
9,32,130,140
9,32,132,146
9,32,134,154
9,32,137,139
9,32,139,146
9,32,142,153
9,32,145,143
9,32,150,137
9,32,156,131
9,32,155,141
9,32,162,135
9,33,162,143
9,32,173,148
9,32,173,158
9,32,198,101
9,32,201,108
9,32,204,98
9,32,208,106
9,32,212,100
9,33,168,140
9,36,112,155
9,36,120,153
9,36,228,115
9,36,237,185
9,37,121,160
9,38,57,144
9,38,64,143
9,40,46,185
9,40,52,183
9,40,51,191
9,40,57,179
9,39,62,192
9,44,57,163
9,44,62,158
9,44,62,166
9,44,71,158
9,44,70,165
9,44,92,155
9,44,92,162
9,44,97,168
9,44,100,159
9,44,155,143
9,44,162,140
9,44,169,141
9,44,218,140
9,44,225,138
9,48,29,187
9,48,29,194
9,48,37,186
9,48,37,194
9,48,80,211
9,48,82,218
9,48,86,209
9,48,93,210
9,48,160,194
9,48,162,201
9,48,166,191
9,48,168,201
9,48,173,191
9,48,174,200
9,48,194,157
9,48,200,154
9,48,199,162
9,48,208,154
9,48,207,161
9,50,229,159
9,52,26,222
9,52,35,222
9,52,200,175
9,52,206,176
9,52,212,168
9,52,213,174
9,56,51,213
9,56,55,206
9,56,56,215
9,56,64,208
9,56,63,216
9,56,203,227
9,56,212,229
9,56,230,186
9,58,150,194
9,58,229,193
9,58,127,201
9,34,92,108
9,5,115,91
9,10,243,92
9,16,249,67
9,25,249,89
9,31,30,94
9,31,30,100
9,31,29,106
9,31,35,88
9,31,35,94
9,31,36,101
9,31,41,92
9,31,41,98
9,35,135,90
9,36,142,86
9,35,143,93
9,40,15,201
9,40,26,200
9,47,85,123
9,48,84,131
9,47,91,119
9,48,91,126
9,48,91,133
9,47,97,122
9,47,97,128
9,48,97,136
9,47,104,124
9,47,116,126
9,47,123,121
9,47,123,127
9,47,130,119
9,47,130,124
9,48,74,131
9,48,103,133
9,48,109,132
9,56,63,250
9,60,151,226
9,59,160,224
9,58,160,231
9,60,171,225
9,56,5,229
9,10,241,59
9,19,29,75
9,48,62,128
9,52,215,251
9,6,42,68
9,6,72,46
9,6,78,42
9,6,78,48
9,6,78,64
9,6,81,70
9,6,83,88
9,6,89,90
9,6,114,83
9,6,123,87
9,3,126,120
9,3,135,120
9,3,215,68
9,11,28,62
9,11,31,63
9,17,27,140
9,16,66,184
9,16,70,178
9,17,70,183
9,18,28,69
9,31,100,208
9,35,176,84
9,36,228,84
9,47,29,250
9,47,35,251
9,48,36,72
9,48,36,78
9,48,44,70
9,48,44,76
9,48,46,64
9,48,52,66
9,48,52,72
9,48,54,54
9,48,54,60
9,48,58,68
9,48,60,56
9,48,60,62
9,48,62,74
9,48,64,68
9,48,70,62
9,48,70,68
9,48,78,62
9,48,78,68
9,48,86,68
9,48,94,60
9,48,102,70
9,52,44,149
9,52,78,144
9,53,38,250
9,53,238,228
9,61,120,227
9,59,118,234
10,24,212,133
10,35,70,196
10,11,160,98
10,13,133,105
10,14,74,142
10,14,83,135
10,14,86,148
10,14,91,138
10,24,39,155
10,26,160,95
10,28,160,164
10,29,159,173
10,34,61,204
10,33,74,208
10,48,131,206
10,46,142,202
10,50,204,204
10,18,230,99
10,23,92,96
10,50,89,220
10,22,54,102
10,4,173,41
10,43,42,176
10,44,167,222
10,13,203,56
10,55,173,222
10,13,107,109
10,14,63,83
10,26,222,82
10,44,224,152
10,46,46,213
10,5,117,38
10,7,129,33
10,3,137,44
10,7,126,120
10,7,136,116
10,7,135,124
10,5,199,40
10,11,33,112
10,4,42,72
10,11,147,62
10,11,182,80
10,12,218,83
10,11,227,81
10,13,94,76
10,16,102,68
10,17,113,67
10,18,223,69
10,19,29,103
10,19,150,71
10,20,161,67
10,21,53,161
10,21,54,151
10,19,130,86
10,21,138,82
10,22,161,121
10,23,171,116
10,22,170,125
10,24,121,120
10,23,188,80
10,25,133,126
10,26,99,134
10,27,99,164
10,26,109,134
10,27,106,155
10,26,107,164
10,28,98,152
10,27,105,142
10,27,112,153
10,29,77,145
10,29,77,154
10,29,179,125
10,30,185,133
10,29,189,124
10,33,131,147
10,34,131,156
10,33,142,145
10,33,142,153
10,33,181,151
10,33,191,152
10,34,105,170
10,34,109,178
10,35,114,170
10,35,72,134
10,35,77,164
10,36,177,115
10,38,232,183
10,38,228,194
10,40,205,175
10,41,89,184
10,43,33,214
10,43,36,204
10,44,29,173
10,45,54,165
10,45,59,157
10,45,64,165
10,45,69,158
10,45,131,152
10,45,186,184
10,45,194,183
10,46,136,157
10,45,138,163
10,46,160,146
10,47,165,153
10,50,215,198
10,50,224,199
10,51,68,193
10,51,78,193
10,51,81,181
10,51,89,180
10,51,224,191
10,57,52,213
10,57,61,214
10,58,191,187
10,58,202,226
10,57,207,215
10,59,223,224
10,57,227,189
10,6,78,94
10,51,58,198
10,10,171,59
10,15,186,58
10,27,122,96
10,21,217,115
10,33,161,143
10,20,219,106
10,27,121,107
10,28,72,120
10,29,67,112
10,6,114,86
10,7,106,66
10,7,113,60
10,7,113,69
10,8,139,79
10,6,143,88
10,8,76,109
10,10,139,56
10,10,160,54
10,10,159,61
10,11,27,84
10,12,26,92
10,12,29,77
10,12,34,96
10,12,36,90
10,12,36,85
10,12,38,78
10,12,45,110
10,12,61,66
10,12,101,98
10,12,108,98
10,12,114,102
10,12,147,92
10,12,214,44
10,12,217,50
10,12,216,56
10,16,6,168
10,16,66,104
10,16,66,113
10,16,72,101
10,16,72,108
10,16,72,116
10,16,78,102
10,16,78,109
10,16,78,117
10,16,84,105
10,16,84,112
10,16,84,119
10,16,88,124
10,16,90,108
10,16,90,117
10,16,95,122
10,16,97,112
10,16,96,129
10,16,101,119
10,16,105,127
10,16,108,120
10,16,112,83
10,16,119,79
10,16,120,89
10,16,124,63
10,16,126,72
10,16,127,121
10,16,136,121
10,16,176,94
10,16,176,103
10,16,186,97
10,16,185,105
10,16,190,68
10,16,198,69
10,16,197,92
10,16,199,99
10,16,201,85
10,16,205,92
10,16,206,99
10,16,209,86
10,16,214,94
10,16,221,94
10,20,48,122
10,19,175,73
10,20,39,123
10,20,39,132
10,20,46,133
10,20,49,90
10,20,53,131
10,20,55,122
10,19,175,81
10,20,208,106
10,20,209,112
10,20,213,102
10,23,62,129
10,24,69,128
10,24,78,125
10,24,77,133
10,24,81,96
10,24,110,122
10,24,184,112
10,24,190,105
10,24,190,115
10,24,198,105
10,24,199,112
10,24,196,118
10,24,209,85
10,27,227,120
10,29,78,111
10,28,131,102
10,29,10,203
10,29,7,209
10,32,33,127
10,32,34,136
10,32,39,125
10,32,40,132
10,32,42,139
10,32,45,164
10,32,45,172
10,32,46,130
10,32,51,161
10,32,51,167
10,32,51,175
10,32,60,160
10,32,60,166
10,32,57,174
10,32,64,172
10,32,149,139
10,32,155,134
10,32,162,134
10,32,194,102
10,32,200,97
10,32,200,106
10,32,207,98
10,32,207,105
10,34,102,117
10,34,105,123
10,35,107,112
10,35,111,123
10,36,76,173
10,36,80,126
10,36,83,134
10,36,85,172
10,36,135,116
10,36,135,123
10,36,141,112
10,36,141,119
10,36,141,126
10,36,149,111
10,36,150,117
10,36,149,124
10,36,223,116
10,36,229,111
10,37,229,119
10,38,121,161
10,38,228,146
10,40,110,134
10,40,44,189
10,40,54,189
10,40,53,145
10,40,60,143
10,40,60,152
10,40,67,150
10,40,101,139
10,40,109,142
10,41,182,126
10,40,184,133
10,40,186,157
10,40,188,164
10,40,189,123
10,40,190,129
10,40,190,136
10,40,192,152
10,40,194,158
10,40,194,165
10,40,196,124
10,40,198,132
10,40,199,150
10,40,202,157
10,40,201,164
10,40,214,184
10,40,217,174
10,44,87,153
10,44,89,161
10,44,93,152
10,44,96,161
10,44,141,170
10,44,144,177
10,44,147,168
10,44,151,172
10,44,150,181
10,44,156,177
10,44,156,185
10,44,163,178
10,44,162,187
10,45,168,185
10,48,29,190
10,48,35,187
10,48,53,221
10,48,57,209
10,48,62,217
10,48,81,208
10,48,91,208
10,48,104,164
10,48,104,172
10,48,110,161
10,48,110,168
10,48,111,174
10,48,110,237
10,48,111,245
10,48,117,160
10,48,116,169
10,48,117,235
10,48,120,244
10,48,124,165
10,48,125,196
10,48,131,192
10,48,138,191
10,50,28,196
10,49,165,197
10,49,190,156
10,50,197,160
10,50,203,160
10,52,25,202
10,52,25,208
10,52,26,214
10,53,28,222
10,52,31,203
10,52,33,209
10,52,34,217
10,52,117,211
10,52,117,219
10,53,123,218
10,53,131,217
10,52,198,169
10,52,199,176
10,52,205,166
10,52,205,174
10,52,228,160
10,53,211,171
10,56,63,249
10,59,150,194
10,56,160,181
10,56,161,189
10,56,180,186
10,16,246,68
10,4,71,50
10,5,77,72
10,4,82,53
10,5,207,70
10,4,219,67
10,10,229,56
10,11,236,59
10,32,29,100
10,32,14,141
10,32,34,100
10,36,27,185
10,35,87,108
10,35,93,109
10,35,103,106
10,35,110,103
10,39,7,202
10,40,238,172
10,40,7,206
10,47,80,118
10,48,79,124
10,47,88,116
10,47,87,123
10,48,121,124
10,47,128,119
10,47,130,126
10,48,76,129
10,48,85,131
10,48,92,130
10,48,93,121
10,53,36,249
10,61,115,226
10,59,112,234
10,11,146,36
10,18,12,133
10,36,135,88
10,36,140,90
10,6,62,42
10,6,62,48
10,6,68,36
10,6,68,42
10,6,68,48
10,6,70,54
10,6,74,35
10,6,74,41
10,6,74,47
10,6,76,53
10,6,76,83
10,6,80,36
10,6,80,42
10,6,82,48
10,6,82,54
10,6,86,40
10,4,221,35
10,4,227,29
10,4,227,36
10,4,228,40
10,4,234,33
10,11,239,90
10,16,92,30
10,16,98,30
10,23,54,188
10,36,173,83
10,36,224,84
10,48,47,67
10,48,54,62
10,48,54,69
10,48,54,57
10,48,57,117
10,48,62,61
10,48,61,67
10,48,62,118
10,48,62,124
10,47,230,182
10,48,30,70
10,48,30,76
10,48,36,66
10,48,36,72
10,48,36,78
10,48,38,60
10,48,38,84
10,48,44,56
10,48,44,62
10,48,44,74
10,48,46,80
10,48,52,74
10,48,54,50
10,48,54,80
10,48,58,72
10,48,60,54
10,48,62,78
10,48,64,72
10,48,68,60
10,48,68,66
10,48,68,120
10,48,70,54
10,48,70,72
10,48,76,60
10,48,76,66
10,48,78,52
10,48,84,54
10,48,84,62
10,48,86,68
10,48,90,60
10,48,92,52
10,48,94,66
10,48,96,58
10,48,100,64
10,48,102,52
10,48,102,58
10,48,110,60
10,48,126,54
10,51,75,139
10,52,69,142
10,53,72,145
10,52,77,146
10,53,213,251
11,25,220,134
11,47,178,221
11,26,166,96
11,12,167,97
11,36,191,156
11,15,79,144
11,15,92,142
11,28,165,169
11,34,70,206
11,36,71,195
11,33,83,203
11,47,142,205
11,50,93,222
11,49,200,196
11,50,202,205
11,50,210,194
11,50,212,204
11,45,225,151
11,17,110,68
11,22,57,99
11,25,94,101
11,4,187,41
11,44,42,178
11,14,67,76
11,18,131,83
11,44,42,214
11,6,88,95
11,13,135,103
11,14,205,59
11,26,131,127
11,42,28,176
11,45,168,184
11,4,126,39
11,4,144,44
11,9,136,121
11,9,146,120
11,7,223,78
11,10,146,69
11,11,149,58
11,11,173,62
11,11,180,82
11,12,191,82
11,13,106,104
11,13,116,104
11,13,154,94
11,14,154,104
11,15,97,81
11,14,189,61
11,17,126,66
11,21,42,153
11,21,44,161
11,22,48,130
11,21,48,146
11,21,49,152
11,21,52,161
11,21,56,153
11,21,179,82
11,23,102,92
11,23,140,88
11,23,170,121
11,23,180,115
11,23,180,124
11,23,189,80
11,26,226,79
11,25,225,90
11,28,36,158
11,26,106,136
11,28,105,155
11,27,116,152
11,27,115,163
11,30,192,131
11,31,82,157
11,30,91,151
11,33,163,142
11,35,137,154
11,34,143,146
11,35,146,156
11,34,150,148
11,37,83,177
11,38,91,176
11,38,232,191
11,39,206,170
11,39,216,169
11,39,206,180
11,39,215,180
11,41,54,191
11,41,195,132
11,46,66,162
11,45,196,182
11,47,133,161
11,47,141,159
11,50,219,189
11,50,220,198
11,50,227,192
11,58,167,228
11,58,191,190
11,59,205,226
11,59,225,224
11,43,90,189
11,16,103,124
11,20,31,104
11,33,69,168
11,50,201,160
11,53,32,221
11,53,91,183
11,20,218,102
11,33,158,135
11,36,118,176
11,21,212,110
11,31,71,118
11,37,83,134
11,47,164,149
11,49,31,194
11,59,154,197
11,2,44,70
11,6,80,65
11,6,82,72
11,6,87,61
11,7,90,69
11,7,112,81
11,7,112,89
11,7,119,80
11,7,120,88
11,6,139,84
11,6,147,86
11,8,79,106
11,8,112,68
11,8,115,59
11,8,119,69
11,8,123,58
11,8,125,66
11,12,32,82
11,12,33,88
11,12,33,108
11,12,33,115
11,12,35,75
11,12,35,93
11,12,38,100
11,12,39,82
11,12,39,89
11,12,39,106
11,12,40,114
11,12,42,74
11,12,43,94
11,12,46,79
11,12,45,86
11,12,47,103
11,12,48,109
11,12,46,116
11,12,55,74
11,13,103,95
11,13,110,94
11,12,136,93
11,12,209,50
11,12,216,45
11,12,216,52
11,12,216,59
11,12,223,48
11,12,223,56
11,15,189,105
11,16,5,162
11,16,5,171
11,16,13,166
11,16,69,110
11,16,70,117
11,16,68,90
11,16,71,96
11,16,72,102
11,16,75,108
11,16,76,114
11,16,77,122
11,16,78,87
11,16,81,105
11,16,82,112
11,16,83,121
11,16,88,108
11,16,89,118
11,16,94,113
11,16,102,112
11,16,113,117
11,16,117,84
11,16,129,113
11,16,131,121
11,16,136,114
11,16,139,121
11,16,143,113
11,16,193,98
11,16,200,69
11,16,204,98
11,16,205,89
11,16,215,85
11,16,222,98
11,18,227,71
11,20,151,77
11,20,154,70
11,20,157,78
11,20,161,65
11,20,165,74
11,20,219,112
11,20,225,109
11,24,63,128
11,24,65,135
11,24,69,124
11,24,71,131
11,24,72,137
11,24,78,124
11,24,80,132
11,24,113,123
11,24,119,118
11,24,125,115
11,24,190,112
11,24,192,121
11,24,196,109
11,24,197,76
11,24,197,85
11,24,197,117
11,24,203,108
11,24,202,123
11,24,206,116
11,24,215,83
11,24,217,91
11,28,119,99
11,28,120,107
11,28,126,94
11,28,126,101
11,28,127,109
11,28,134,98
11,29,133,106
11,31,16,207
11,32,28,111
11,32,29,120
11,32,35,126
11,32,36,133
11,32,38,140
11,32,42,124
11,32,42,131
11,32,46,138
11,32,49,129
11,32,52,165
11,32,52,173
11,32,61,161
11,32,59,167
11,32,60,175
11,32,201,103
11,32,207,97
11,32,206,106
11,32,214,99
11,32,213,105
11,35,28,143
11,36,27,191
11,36,75,129
11,36,77,141
11,36,80,168
11,36,144,119
11,36,146,127
11,36,154,116
11,36,155,126
11,36,178,116
11,36,178,124
11,36,184,114
11,36,185,122
11,36,191,117
11,38,242,187
11,38,127,161
11,40,55,147
11,40,62,154
11,40,65,147
11,40,103,143
11,40,109,137
11,40,110,145
11,40,116,139
11,40,207,155
11,44,87,157
11,44,88,164
11,44,94,155
11,44,96,161
11,44,95,167
11,44,144,171
11,44,148,179
11,44,150,170
11,44,155,178
11,48,59,214
11,47,77,160
11,48,55,223
11,48,58,207
11,48,63,222
11,48,65,209
11,48,67,215
11,48,94,209
11,48,108,168
11,48,108,175
11,48,113,163
11,48,114,169
11,48,114,176
11,48,121,162
11,48,120,168
11,48,120,174
11,48,126,169
11,48,133,196
11,48,141,193
11,48,160,156
11,48,167,158
11,48,174,150
11,48,175,158
11,49,119,244
11,50,127,247
11,49,163,199
11,49,172,201
11,52,72,187
11,52,25,203
11,52,26,211
11,52,32,203
11,52,34,211
11,52,56,193
11,52,58,200
11,52,63,190
11,52,64,197
11,52,66,204
11,52,69,193
11,52,72,200
11,52,77,196
11,52,80,183
11,52,83,194
11,52,114,214
11,52,118,221
11,52,122,209
11,52,124,217
11,52,130,215
11,52,200,173
11,52,206,173
11,53,212,172
11,56,161,185
11,58,58,212
11,60,51,224
11,52,230,162
11,56,69,250
11,20,242,100
11,37,143,92
11,40,10,205
11,4,85,43
11,20,12,131
11,21,10,126
11,36,104,116
11,35,108,123
11,36,111,114
11,36,115,121
11,35,114,127
11,36,231,116
11,37,150,91
11,37,179,85
11,37,230,121
11,40,238,176
11,40,244,171
11,40,246,178
11,47,84,121
11,48,88,126
11,48,132,124
11,47,138,126
11,48,92,120
11,48,91,131
11,48,127,128
11,11,243,59
11,21,28,77
11,54,45,249
11,6,69,42
11,6,70,48
11,6,74,36
11,6,75,42
11,6,76,48
11,6,80,33
11,6,81,39
11,6,87,35
11,6,93,38
11,6,147,45
11,6,169,45
11,6,175,42
11,4,221,37
11,4,227,31
11,4,227,40
11,4,234,33
11,4,232,40
11,11,245,92
11,11,246,96
11,12,11,76
11,12,14,76
11,16,94,30
11,16,101,30
11,16,106,30
11,24,66,186
11,32,38,101
11,36,93,111
11,36,110,93
11,48,62,124
11,47,70,124
11,46,245,180
11,48,38,66
11,48,38,72
11,48,44,68
11,48,46,60
11,48,52,58
11,48,52,64
11,48,52,70
11,48,54,52
11,48,58,60
11,48,58,66
11,48,60,72
11,48,62,54
11,48,64,60
11,48,64,66
11,48,70,60
11,48,70,66
11,48,78,62
11,48,78,68
11,48,86,62
11,48,86,68
11,53,239,227
11,59,115,240
12,50,181,222
12,13,170,100
12,37,201,156
12,27,174,95
12,41,34,180
12,9,156,56
12,44,51,177
12,23,56,154
12,25,107,100
12,27,175,167
12,33,92,201
12,39,97,179
12,48,150,203
12,50,205,203
12,50,210,194
12,50,212,205
12,50,220,200
12,44,50,212
12,17,121,68
12,46,176,185
12,7,64,70
12,19,72,91
12,23,67,101
12,51,101,224
12,13,143,100
12,21,233,135
12,5,190,40
12,15,225,93
12,21,36,106
12,27,135,132
12,36,124,181
12,38,139,162
12,7,208,30
12,9,145,121
12,9,151,116
12,9,152,126
12,9,159,115
12,9,159,123
12,11,181,64
12,7,228,80
12,14,109,97
12,14,119,100
12,16,87,145
12,16,101,137
12,16,101,150
12,17,108,117
12,17,114,126
12,17,119,114
12,17,137,62
12,17,137,72
12,17,139,82
12,17,142,113
12,17,142,121
12,17,152,113
12,17,151,121
12,21,51,126
12,21,56,144
12,21,62,127
12,22,65,144
12,21,169,75
12,22,189,81
12,21,225,106
12,21,226,114
12,23,178,120
12,23,187,120
12,25,127,125
12,27,116,158
12,28,124,165
12,28,128,156
12,29,133,102
12,27,142,95
12,30,143,105
12,31,76,115
12,31,85,115
12,31,93,158
12,31,199,129
12,31,200,139
12,33,76,167
12,33,166,148
12,33,173,146
12,33,180,146
12,35,148,154
12,35,151,164
12,35,157,152
12,35,158,160
12,39,215,169
12,39,215,179
12,39,225,169
12,39,225,180
12,41,60,189
12,42,196,135
12,42,204,135
12,43,41,209
12,46,144,158
12,47,61,214
12,47,64,221
12,47,71,210
12,47,68,165
12,47,73,219
12,47,78,162
12,49,102,212
12,51,229,192
12,53,97,182
12,53,213,173
12,14,214,59
12,14,196,63
12,35,30,146
12,36,86,133
12,5,216,50
12,7,98,68
12,9,28,114
12,22,27,127
12,29,49,163
12,33,215,103
12,37,31,195
12,5,96,89
12,6,150,84
12,25,228,91
12,46,203,180
12,4,140,39
12,8,156,74
12,12,196,89
12,31,25,206
12,38,238,191
12,38,248,189
12,53,38,220
12,59,160,196
12,5,28,76
12,6,131,33
12,6,149,30
12,6,151,36
12,8,86,100
12,8,87,108
12,8,96,102
12,8,96,110
12,8,119,66
12,8,119,85
12,8,121,58
12,8,125,68
12,8,127,81
12,8,127,90
12,8,130,58
12,8,132,66
12,11,186,89
12,12,28,70
12,12,28,77
12,12,43,109
12,12,43,116
12,12,46,83
12,12,45,90
12,12,47,103
12,12,49,109
12,12,50,76
12,12,50,117
12,12,52,83
12,12,53,90
12,12,54,103
12,12,57,108
12,12,57,116
12,12,160,68
12,12,169,60
12,12,184,82
12,12,190,79
12,12,196,79
12,12,202,83
12,12,226,61
12,12,226,47
12,12,227,54
12,13,52,95
12,13,58,78
12,13,59,86
12,16,104,76
12,16,7,168
12,16,14,163
12,16,13,172
12,16,20,164
12,16,21,171
12,16,27,166
12,16,76,111
12,16,77,118
12,16,78,104
12,16,82,111
12,16,84,117
12,16,87,90
12,16,84,101
12,16,85,124
12,16,88,106
12,16,90,114
12,16,92,123
12,16,94,106
12,16,99,112
12,16,98,120
12,16,102,84
12,16,114,82
12,16,189,97
12,16,191,106
12,16,196,98
12,16,198,107
12,16,205,97
12,16,205,106
12,16,207,70
12,16,215,91
12,16,218,101
12,20,28,137
12,24,71,132
12,24,73,124
12,24,78,130
12,24,78,136
12,24,81,122
12,24,84,127
12,24,86,135
12,24,90,127
12,24,152,92
12,23,149,83
12,24,194,112
12,24,196,120
12,24,201,108
12,24,202,114
12,24,202,121
12,24,204,73
12,24,205,80
12,24,203,86
12,24,207,106
12,24,209,113
12,24,208,121
12,24,214,107
12,24,215,119
12,24,224,83
12,25,231,81
12,28,40,153
12,28,39,160
12,28,108,133
12,28,108,140
12,28,114,147
12,28,117,140
12,28,120,147
12,28,141,137
12,28,147,129
12,28,149,136
12,32,33,115
12,32,33,202
12,32,32,210
12,32,44,127
12,32,43,136
12,32,50,123
12,32,50,130
12,32,50,138
12,32,56,126
12,32,56,133
12,32,64,163
12,32,65,172
12,32,212,128
12,32,212,136
12,32,218,125
12,32,218,131
12,32,218,139
12,32,225,124
12,32,227,130
12,32,226,137
12,34,190,151
12,36,157,129
12,36,121,122
12,36,144,125
12,36,148,118
12,36,151,124
12,36,151,131
12,36,155,117
12,36,161,116
12,36,162,125
12,37,125,129
12,37,191,121
12,40,22,204
12,40,61,146
12,40,68,148
12,40,73,193
12,40,108,139
12,40,110,146
12,40,114,136
12,40,115,143
12,40,122,135
12,40,122,142
12,40,213,149
12,40,214,159
12,44,100,157
12,45,151,169
12,44,153,177
12,44,159,170
12,44,160,178
12,47,229,145
12,48,112,171
12,48,116,164
12,48,116,176
12,48,118,170
12,48,120,246
12,48,122,162
12,49,124,236
12,48,124,168
12,48,124,175
12,48,128,244
12,48,130,162
12,48,132,169
12,48,169,155
12,48,176,151
12,48,176,160
12,49,175,201
12,48,184,152
12,48,184,160
12,48,184,201
12,48,230,152
12,50,37,192
12,52,82,185
12,51,204,161
12,51,210,160
12,52,27,201
12,52,26,207
12,52,32,199
12,52,32,204
12,52,32,211
12,52,39,201
12,53,40,207
12,52,63,198
12,52,69,198
12,52,76,188
12,52,74,201
12,52,81,193
12,52,80,202
12,52,89,195
12,52,125,213
12,52,134,206
12,53,134,215
12,52,217,160
12,56,72,250
12,56,79,249
12,59,132,204
12,56,167,183
12,59,64,216
12,59,197,193
12,60,209,229
12,60,230,225
12,28,27,161
12,37,187,85
12,47,52,250
12,4,86,42
12,3,104,38
12,4,99,47
12,8,18,86
12,15,74,53
12,18,230,71
12,22,35,73
12,36,150,88
12,37,155,94
12,36,158,87
12,47,88,120
12,47,95,118
12,48,93,125
12,48,100,120
12,48,101,127
12,15,68,44
12,6,80,38
12,6,81,44
12,6,86,32
12,6,92,31
12,6,175,46
12,6,180,40
12,6,181,46
12,6,187,45
12,6,193,47
12,3,231,37
12,4,242,36
12,16,62,30
12,15,62,36
12,15,69,32
12,16,68,36
12,16,108,31
12,16,111,30
12,16,116,30
12,22,36,64
12,24,77,186
12,23,79,185
12,24,74,190
12,32,44,100
12,36,119,93
12,37,246,115
12,47,74,125
12,47,79,119
12,47,79,124
12,48,136,125
12,47,141,125
12,48,62,60
12,48,70,60
12,48,81,127
12,53,90,147
12,54,90,152
12,59,117,244
13,49,188,221
13,11,182,92
13,27,180,95
13,9,32,69
13,9,165,53
13,43,56,173
13,48,214,192
13,9,161,117
13,14,95,138
13,14,104,131
13,15,102,144
13,14,112,137
13,23,62,146
13,22,71,141
13,25,111,96
13,38,224,170
13,41,43,173
13,50,143,203
13,47,159,195
13,46,155,207
13,50,217,203
13,50,228,193
13,15,87,73
13,20,30,123
13,36,209,154
13,26,184,160
13,33,158,124
13,17,156,111
13,38,104,178
13,46,183,185
13,8,225,49
13,6,106,88
13,14,146,98
13,13,154,99
13,15,162,99
13,21,73,88
13,22,33,104
13,24,72,100
13,5,201,35
13,7,107,63
13,11,192,59
13,14,120,93
13,13,127,94
13,13,165,90
13,13,172,102
13,15,131,99
13,14,205,60
13,15,215,60
13,17,116,119
13,16,127,111
13,17,126,122
13,17,125,65
13,17,131,60
13,17,132,71
13,17,138,60
13,17,139,69
13,17,148,61
13,17,145,79
13,18,30,135
13,20,47,100
13,21,63,128
13,21,180,74
13,21,190,82
13,21,197,78
13,23,205,76
13,27,51,148
13,28,130,157
13,29,140,154
13,29,140,100
13,27,150,93
13,30,149,101
13,30,204,129
13,31,34,199
13,31,93,154
13,31,102,151
13,31,213,131
13,35,84,192
13,33,89,202
13,33,91,190
13,32,100,202
13,32,100,189
13,33,184,143
13,34,28,142
13,34,37,139
13,34,190,147
13,35,128,177
13,35,134,175
13,37,150,158
13,35,159,147
13,35,160,158
13,35,168,147
13,35,168,156
13,37,101,168
13,37,110,168
13,38,31,195
13,42,204,130
13,43,45,207
13,43,53,201
13,43,99,186
13,43,203,139
13,44,55,210
13,45,151,156
13,46,79,160
13,47,69,214
13,48,79,214
13,49,99,214
13,49,110,210
13,51,105,225
13,53,217,173
13,57,67,209
13,58,72,217
13,58,216,227
13,19,228,102
13,24,187,114
13,27,84,118
13,26,128,126
13,53,41,217
13,59,150,197
13,3,62,59
13,11,58,95
13,11,64,104
13,13,149,87
13,20,228,110
13,33,78,167
13,43,105,152
13,47,209,183
13,51,213,161
13,53,105,178
13,3,147,34
13,5,153,77
13,6,162,66
13,5,161,79
13,7,126,81
13,7,134,81
13,8,27,84
13,8,28,91
13,8,28,100
13,8,28,108
13,8,34,98
13,8,37,104
13,9,35,112
13,8,94,96
13,8,99,103
13,8,106,103
13,8,128,57
13,8,132,66
13,8,135,53
13,8,140,61
13,10,53,99
13,10,55,106
13,10,183,56
13,10,190,81
13,11,197,76
13,10,197,86
13,11,204,77
13,10,204,86
13,10,209,82
13,11,66,96
13,12,52,86
13,12,56,76
13,12,59,85
13,12,65,75
13,12,65,83
13,16,228,90
13,16,15,165
13,16,22,161
13,16,22,169
13,16,29,156
13,16,31,163
13,16,30,170
13,16,85,102
13,16,86,107
13,16,87,114
13,16,87,94
13,16,92,100
13,16,92,107
13,16,94,87
13,16,92,114
13,16,95,120
13,16,98,98
13,16,98,105
13,16,99,111
13,16,103,118
13,16,105,102
13,16,107,110
13,16,110,78
13,16,113,72
13,16,113,84
13,16,116,65
13,16,117,78
13,16,120,83
13,16,125,78
13,16,124,54
13,16,135,52
13,16,143,51
13,16,198,96
13,16,198,106
13,16,205,94
13,16,204,105
13,16,211,94
13,16,212,104
13,16,219,96
13,16,220,87
13,19,241,131
13,19,249,132
13,20,54,119
13,20,61,116
13,20,68,117
13,20,169,70
13,20,176,64
13,24,77,126
13,24,81,133
13,24,87,129
13,24,94,128
13,24,94,119
13,24,127,116
13,24,134,112
13,24,137,118
13,24,143,113
13,24,143,121
13,24,149,83
13,24,157,77
13,24,160,86
13,24,198,108
13,24,198,118
13,24,205,108
13,24,205,117
13,24,211,107
13,24,211,117
13,24,213,75
13,24,219,106
13,24,220,113
13,24,218,120
13,24,232,82
13,28,28,157
13,28,46,156
13,28,54,158
13,28,114,129
13,28,114,136
13,28,120,136
13,28,121,146
13,28,127,137
13,28,127,145
13,28,133,144
13,28,145,128
13,31,84,110
13,32,49,128
13,32,49,135
13,32,53,122
13,32,56,128
13,32,57,135
13,32,61,125
13,32,71,158
13,32,71,166
13,32,77,154
13,32,84,154
13,32,86,160
13,32,86,167
13,32,212,98
13,32,214,105
13,32,218,95
13,33,220,103
13,32,221,137
13,32,222,124
13,32,223,131
13,32,226,96
13,33,227,103
13,32,229,138
13,32,229,122
13,32,231,129
13,36,83,132
13,36,89,126
13,36,88,134
13,36,95,121
13,36,95,128
13,36,95,135
13,36,101,124
13,36,102,131
13,36,120,117
13,36,122,124
13,36,129,115
13,36,131,123
13,36,155,111
13,36,167,112
13,36,193,121
13,37,200,120
13,37,248,188
13,40,118,133
13,39,127,131
13,40,30,173
13,40,57,186
13,40,64,186
13,40,67,143
13,40,69,174
13,40,70,180
13,40,74,188
13,40,76,140
13,40,76,148
13,40,115,139
13,40,124,140
13,44,151,147
13,44,155,166
13,44,157,173
13,44,163,166
13,44,165,172
13,45,163,179
13,45,170,177
13,46,51,249
13,46,207,175
13,46,215,175
13,47,61,249
13,48,37,184
13,48,47,186
13,48,120,163
13,48,120,171
13,48,126,161
13,48,126,167
13,48,127,173
13,48,125,236
13,48,125,244
13,48,127,230
13,48,132,160
13,48,132,168
13,48,134,236
13,48,133,243
13,48,136,229
13,48,139,161
13,48,139,168
13,48,175,153
13,48,181,160
13,48,182,149
13,49,181,200
13,48,186,158
13,48,189,149
13,48,192,157
13,49,39,192
13,49,190,200
13,52,83,183
13,51,88,190
13,52,28,198
13,52,28,205
13,52,34,196
13,52,34,203
13,52,34,209
13,52,41,198
13,52,43,205
13,52,69,193
13,52,75,189
13,52,75,200
13,52,81,190
13,52,84,200
13,52,91,179
13,52,95,185
13,52,94,193
13,52,130,212
13,52,137,216
13,52,224,161
13,56,86,246
13,56,173,183
13,57,194,194
13,60,206,191
13,46,230,143
13,32,35,111
13,36,192,82
13,6,107,75
13,10,241,82
13,21,40,69
13,25,231,128
13,36,156,85
13,36,163,86
13,53,56,239
13,53,56,233
13,40,7,249
13,53,94,145
13,4,89,33
13,3,90,40
13,4,94,28
13,4,96,33
13,3,96,41
13,4,100,27
13,4,102,32
13,4,102,37
13,4,102,43
13,4,106,27
13,3,112,31
13,3,111,38
13,6,182,40
13,6,188,34
13,6,188,40
13,6,194,39
13,6,200,41
13,4,239,36
13,4,247,32
13,4,247,38
13,35,128,97
13,36,123,91
13,36,127,91
13,38,93,98
13,38,97,101
13,38,102,102
13,43,247,163
13,47,238,144
13,48,134,125
13,47,140,122
13,47,146,118
13,48,128,128
13,52,93,139
13,53,247,227
13,58,120,237
13,59,124,236
13,59,124,240
13,60,167,230
13,59,244,191
14,13,161,117
14,33,163,128
14,37,214,154
14,50,221,202
14,50,191,220
14,10,167,56
14,29,181,99
14,44,54,176
14,10,33,77
14,11,39,68
14,12,182,93
14,15,109,138
14,17,91,87
14,26,114,99
14,28,191,164
14,46,58,211
14,47,149,205
14,47,184,188
14,47,158,207
14,17,146,81
14,22,31,131
14,42,151,157
14,17,139,65
14,19,129,118
14,14,169,93
14,27,154,92
14,7,226,48
14,14,223,58
14,24,73,103
14,27,58,153
14,34,188,150
14,42,202,135
14,50,106,222
14,7,109,87
14,7,208,30
14,7,216,27
14,9,32,107
14,9,40,109
14,11,62,96
14,11,59,106
14,11,69,105
14,11,198,80
14,11,208,77
14,11,208,85
14,13,63,83
14,13,154,99
14,14,125,94
14,15,133,103
14,14,134,95
14,15,89,73
14,15,95,137
14,15,98,147
14,16,227,91
14,16,126,63
14,17,148,56
14,18,151,64
14,22,42,106
14,21,58,128
14,21,68,126
14,22,74,92
14,21,190,80
14,22,197,79
14,21,229,109
14,23,67,139
14,23,72,149
14,23,77,139
14,23,179,77
14,29,132,151
14,30,133,160
14,29,138,148
14,30,140,156
14,30,141,164
14,29,146,155
14,32,105,188
14,31,149,104
14,31,203,131
14,31,212,129
14,33,82,161
14,34,84,170
14,33,93,159
14,33,93,167
14,33,188,142
14,33,215,103
14,34,224,105
14,37,131,181
14,37,133,188
14,37,139,179
14,37,140,186
14,39,101,175
14,40,111,170
14,39,112,180
14,39,226,164
14,39,227,174
14,45,106,190
14,45,161,173
14,45,169,174
14,46,172,180
14,46,177,225
14,47,79,166
14,49,162,197
14,53,104,180
14,53,218,175
14,38,44,185
14,40,73,185
14,31,35,205
14,35,29,146
14,47,125,230
14,58,164,197
14,15,207,57
14,3,67,70
14,7,165,72
14,29,30,156
14,29,30,163
14,37,134,121
14,46,213,181
14,49,44,189
14,53,44,213
14,5,145,31
14,5,152,27
14,2,140,41
14,5,158,26
14,5,159,35
14,6,164,29
14,6,159,85
14,8,76,68
14,8,81,59
14,8,82,66
14,8,96,100
14,8,95,107
14,8,102,99
14,8,102,108
14,8,107,64
14,8,108,72
14,8,109,100
14,8,109,108
14,8,116,61
14,8,116,70
14,8,128,85
14,8,134,77
14,8,135,87
14,8,141,80
14,8,141,89
14,8,194,91
14,8,193,99
14,9,135,57
14,10,138,65
14,11,29,94
14,11,185,54
14,12,181,60
14,12,188,63
14,12,195,52
14,12,196,62
14,16,17,165
14,16,22,160
14,16,24,168
14,16,28,154
14,16,31,160
14,16,31,168
14,16,89,106
14,16,89,113
14,16,92,119
14,16,95,102
14,16,96,110
14,16,99,115
14,16,99,123
14,16,101,104
14,16,108,110
14,16,108,117
14,16,107,123
14,16,110,78
14,16,113,85
14,16,116,72
14,16,118,78
14,16,120,86
14,16,127,81
14,16,199,94
14,16,200,103
14,16,205,92
14,16,207,99
14,16,207,107
14,16,210,66
14,16,211,92
14,16,213,99
14,16,214,106
14,16,218,70
14,16,217,88
14,16,220,101
14,20,47,95
14,20,54,100
14,20,53,108
14,20,54,94
14,20,59,117
14,20,249,133
14,23,30,105
14,24,27,119
14,24,29,111
14,24,36,118
14,24,79,129
14,24,84,122
14,24,85,135
14,24,86,128
14,24,91,118
14,24,92,124
14,24,93,132
14,24,98,120
14,24,99,128
14,24,125,90
14,24,145,112
14,24,147,118
14,24,144,124
14,24,160,80
14,24,182,114
14,24,186,121
14,24,188,112
14,24,193,120
14,24,194,109
14,24,199,116
14,24,205,112
14,24,206,121
14,24,209,73
14,24,210,79
14,24,208,85
14,24,211,109
14,24,211,116
14,24,214,124
14,24,220,109
14,24,220,115
14,24,224,122
14,24,231,81
14,28,46,150
14,28,46,158
14,28,118,131
14,28,118,137
14,28,125,129
14,28,124,135
14,28,124,142
14,28,132,132
14,28,131,140
14,32,50,129
14,33,51,138
14,32,56,125
14,33,59,133
14,32,78,115
14,32,81,122
14,32,85,111
14,32,88,121
14,32,91,194
14,32,93,114
14,32,93,187
14,32,94,200
14,32,97,149
14,32,101,200
14,32,101,156
14,32,106,145
14,32,111,150
14,32,109,157
14,32,221,128
14,32,224,135
14,33,229,125
14,32,233,132
14,33,230,139
14,36,38,142
14,36,125,119
14,36,148,122
14,36,155,118
14,36,162,149
14,36,165,156
14,36,166,164
14,36,171,151
14,36,172,159
14,37,161,117
14,37,169,118
14,37,242,187
14,37,249,188
14,39,196,124
14,40,25,198
14,40,25,207
14,40,30,194
14,40,31,200
14,40,32,208
14,40,32,172
14,40,37,195
14,40,38,202
14,40,69,147
14,40,73,154
14,40,78,145
14,40,82,152
14,40,83,193
14,40,84,187
14,40,113,141
14,40,116,134
14,40,119,143
14,40,126,133
14,40,127,141
14,44,102,156
14,44,108,148
14,44,109,157
14,48,71,221
14,48,72,205
14,48,73,212
14,48,77,220
14,48,79,206
14,48,80,213
14,48,84,218
14,48,86,210
14,48,121,169
14,48,123,176
14,48,127,165
14,48,129,171
14,48,129,178
14,48,133,163
14,48,135,169
14,48,135,176
14,48,141,166
14,48,142,173
14,48,177,155
14,48,179,163
14,48,183,153
14,48,185,163
14,48,190,153
14,48,193,161
14,50,140,248
14,52,28,205
14,52,34,210
14,52,34,202
14,52,41,203
14,52,85,182
14,52,84,189
14,53,88,196
14,52,92,179
14,52,92,186
14,52,97,194
14,52,133,212
14,52,134,220
14,52,141,208
14,52,141,214
14,53,140,222
14,52,147,218
14,52,211,162
14,52,216,158
14,52,217,165
14,52,225,159
14,52,226,165
14,54,38,223
14,54,47,222
14,54,72,196
14,54,75,203
14,54,79,195
14,54,83,202
14,59,133,206
14,56,148,196
14,56,170,183
14,56,177,185
14,59,214,231
14,58,224,223
14,58,224,230
14,36,78,137
14,47,62,250
14,5,247,36
14,11,241,84
14,11,246,83
14,23,76,185
14,35,49,101
14,35,56,98
14,35,215,72
14,35,221,73
14,37,109,129
14,44,213,121
14,47,230,147
14,47,238,146
14,58,63,214
14,60,66,224
14,58,70,211
14,59,74,221
14,60,205,197
14,3,100,38
14,22,46,71
14,39,102,99
14,39,193,87
14,6,60,58
14,6,90,32
14,6,90,38
14,6,96,28
14,6,102,27
14,6,108,27
14,3,188,47
14,4,193,45
14,4,201,48
14,16,118,30
14,23,62,68
14,23,68,68
14,30,140,68
14,32,95,219
14,32,99,219
14,37,126,90
14,44,246,165
14,47,44,132
14,47,46,137
14,47,50,136
14,47,141,117
14,47,143,121
14,47,145,117
14,47,149,122
14,47,154,124
14,54,94,145
14,59,160,230
14,59,164,236
14,59,168,228
14,59,171,234
15,16,161,120
15,28,63,154
15,12,225,57
15,31,182,104
15,12,166,61
15,16,136,61
15,35,163,129
15,11,35,78
15,14,172,127
15,19,89,88
15,30,193,168
15,33,96,198
15,33,106,193
15,37,211,158
15,45,151,163
15,45,59,177
15,49,151,208
15,50,162,205
15,50,211,208
15,51,221,206
15,22,33,138
15,30,128,138
15,13,136,94
15,17,28,166
15,27,113,103
15,26,138,125
15,42,41,184
15,54,75,216
15,57,190,223
15,18,128,115
15,22,48,107
15,26,75,108
15,19,119,86
15,41,198,134
15,10,35,108
15,9,101,106
15,9,112,101
15,9,112,110
15,13,192,62
15,13,199,80
15,13,201,89
15,12,212,77
15,13,211,87
15,14,156,98
15,17,90,116
15,18,95,107
15,17,98,119
15,18,107,114
15,17,207,62
15,17,214,57
15,17,216,69
15,19,151,62
15,21,56,123
15,21,66,123
15,22,57,133
15,22,67,132
15,25,146,118
15,25,203,81
15,25,218,117
15,26,83,133
15,26,94,130
15,26,212,83
15,29,182,163
15,31,31,158
15,31,30,167
15,31,136,158
15,31,146,160
15,33,34,212
15,33,44,210
15,33,56,138
15,33,80,121
15,33,85,127
15,33,85,115
15,33,93,121
15,33,112,156
15,32,228,134
15,34,229,143
15,37,33,147
15,39,160,160
15,38,171,157
15,38,170,166
15,39,122,125
15,40,132,124
15,39,140,185
15,40,109,178
15,42,27,200
15,43,30,210
15,42,36,200
15,43,69,190
15,43,77,187
15,45,108,158
15,45,198,147
15,45,207,145
15,47,49,215
15,47,60,208
15,47,59,219
15,48,181,227
15,47,189,228
15,50,128,173
15,50,188,163
15,51,137,169
15,51,136,179
15,51,145,172
15,54,217,171
15,53,225,169
15,54,35,210
15,54,92,196
15,54,104,184
15,58,132,215
15,56,144,214
15,19,126,66
15,27,158,90
15,30,155,99
15,6,64,63
15,7,110,91
15,9,77,67
15,11,53,109
15,13,62,101
15,25,34,116
15,42,121,144
15,51,45,192
15,51,191,214
15,59,165,197
15,23,231,110
15,39,77,137
15,8,214,30
15,16,109,142
15,17,102,149
15,38,189,152
15,51,188,205
15,51,196,206
15,4,90,49
15,5,104,35
15,4,124,47
15,4,190,52
15,5,200,50
15,7,148,38
15,8,152,32
15,8,117,83
15,8,122,92
15,8,155,41
15,8,159,28
15,8,163,34
15,8,161,41
15,8,160,74
15,8,161,83
15,8,167,70
15,8,169,79
15,9,189,93
15,8,206,27
15,8,208,34
15,8,221,26
15,8,221,34
15,8,245,43
15,9,192,101
15,9,197,96
15,10,106,70
15,10,109,64
15,10,110,76
15,10,115,71
15,10,117,64
15,12,27,94
15,12,64,111
15,12,130,70
15,12,139,73
15,13,246,85
15,16,54,92
15,16,60,90
15,16,65,90
15,16,72,92
15,16,82,76
15,16,89,72
15,16,92,144
15,16,95,152
15,16,97,138
15,16,107,134
15,16,112,151
15,16,117,137
15,16,118,144
15,16,166,91
15,16,167,98
15,16,167,105
15,16,172,89
15,16,173,96
15,16,173,102
15,16,174,109
15,16,178,88
15,16,179,95
15,16,179,101
15,16,181,109
15,16,185,89
15,16,188,94
15,16,186,103
15,16,191,102
15,16,198,99
15,16,200,109
15,16,204,97
15,16,207,104
15,16,207,113
15,16,210,97
15,16,213,104
15,16,214,112
15,16,216,96
15,16,219,104
15,16,224,97
15,16,225,105
15,16,230,91
15,16,234,98
15,16,231,105
15,20,95,99
15,20,127,74
15,21,134,72
15,20,136,78
15,20,146,88
15,20,140,70
15,20,144,78
15,20,151,76
15,23,70,95
15,23,194,78
15,23,249,141
15,24,26,123
15,24,30,109
15,24,33,125
15,24,71,138
15,24,79,146
15,24,175,78
15,24,182,75
15,24,180,82
15,24,182,115
15,24,183,122
15,24,188,75
15,24,187,83
15,24,188,114
15,24,189,124
15,24,195,87
15,24,196,114
15,24,198,122
15,32,138,103
15,32,140,110
15,32,144,98
15,32,145,104
15,32,147,111
15,32,152,107
15,32,198,130
15,32,199,136
15,32,202,124
15,32,204,130
15,32,205,137
15,32,210,124
15,32,213,130
15,32,213,136
15,36,83,165
15,36,84,172
15,36,88,160
15,36,90,166
15,36,90,174
15,36,96,160
15,36,98,166
15,36,96,172
15,36,214,108
15,36,217,117
15,36,221,105
15,36,225,114
15,36,228,107
15,39,111,130
15,39,242,190
15,40,221,168
15,40,221,174
15,40,222,149
15,40,223,180
15,40,226,156
15,40,225,162
15,40,229,168
15,40,229,174
15,40,230,181
15,40,247,196
15,41,75,149
15,41,78,156
15,47,75,175
15,47,102,190
15,48,125,231
15,48,181,195
15,48,77,164
15,48,84,173
15,48,85,163
15,48,102,197
15,48,108,191
15,48,109,200
15,48,114,189
15,48,116,196
15,48,118,230
15,48,130,228
15,48,166,176
15,48,169,183
15,48,172,172
15,48,174,189
15,48,175,180
15,48,179,172
15,48,180,186
15,48,183,178
15,48,186,185
15,48,192,189
15,48,191,197
15,48,213,180
15,53,95,216
15,52,96,224
15,53,101,214
15,53,102,223
15,52,108,215
15,53,109,223
15,52,234,196
15,55,34,226
15,55,212,180
15,56,43,224
15,34,45,113
15,48,240,147
15,36,219,74
15,42,86,196
15,57,63,249
15,7,157,93
15,7,165,91
15,7,164,97
15,23,71,187
15,23,80,184
15,24,79,191
15,26,230,84
15,26,236,85
15,27,243,85
15,35,48,104
15,35,55,100
15,35,55,106
15,35,78,91
15,35,84,93
15,41,196,92
15,45,214,123
15,48,47,139
15,47,128,189
15,48,144,122
15,52,125,133
15,51,131,131
15,55,110,234
15,15,206,139
15,47,90,128
15,4,69,81
15,2,64,93
15,4,75,81
15,4,77,89
15,4,81,83
15,6,87,53
15,6,91,59
15,6,114,51
15,6,117,42
15,6,120,48
15,6,123,42
15,6,126,48
15,6,132,46
15,6,138,44
15,6,142,50
15,15,190,30
15,15,206,130
15,15,212,137
15,16,38,30
15,16,46,30
15,23,40,76
15,27,214,56
15,27,218,60
15,27,220,57
15,32,143,68
15,32,148,68
15,36,124,103
15,40,103,99
15,39,160,90
15,40,101,103
15,47,54,251
15,47,60,251
15,47,82,124
15,47,95,127
15,48,45,130
15,48,165,124
15,48,170,125
15,48,170,118
15,50,174,128
15,53,124,138
15,60,216,226
15,60,226,225
16,35,212,168
16,42,50,187
16,29,181,115
16,9,160,72
16,13,164,140
16,17,164,128
16,11,221,68
16,14,97,157
16,14,108,154
16,18,86,101
16,26,107,117
16,30,139,174
16,46,148,224
16,47,157,222
16,51,70,223
16,50,80,224
16,49,207,218
16,50,219,216
16,10,30,87
16,22,150,99
16,17,228,115
16,9,54,118
16,14,182,110
16,31,142,118
16,12,131,74
16,20,31,152
16,44,148,171
16,42,72,197
16,42,197,151
16,46,179,201
16,12,189,72
16,11,199,90
16,11,202,98
16,14,57,105
16,13,128,108
16,14,133,118
16,13,139,111
16,13,158,114
16,13,161,103
16,14,169,108
16,15,79,89
16,16,116,101
16,17,118,128
16,17,122,138
16,17,127,125
16,17,130,133
16,17,132,78
16,18,54,132
16,18,62,133
16,19,142,83
16,19,49,139
16,19,56,144
16,19,64,141
16,22,36,124
16,21,65,163
16,23,66,115
16,20,62,156
16,21,70,148
16,21,72,163
16,21,72,102
16,21,73,111
16,21,74,155
16,22,195,97
16,22,189,130
16,22,214,132
16,23,116,107
16,23,172,92
16,23,182,92
16,28,58,166
16,28,187,174
16,29,158,152
16,29,163,144
16,29,169,152
16,29,178,177
16,29,179,186
16,29,185,186
16,29,193,187
16,29,195,177
16,29,197,142
16,29,203,152
16,29,207,142
16,31,40,220
16,31,100,208
16,31,31,221
16,31,93,201
16,31,100,197
16,31,110,166
16,31,109,200
16,31,108,210
16,31,227,147
16,33,160,126
16,33,164,135
16,33,171,126
16,35,87,175
16,34,96,173
16,34,97,180
16,35,85,183
16,35,93,187
16,35,155,172
16,35,160,178
16,35,160,166
16,35,166,176
16,35,172,173
16,38,135,201
16,38,142,199
16,39,226,183
16,39,109,191
16,44,60,222
16,45,168,190
16,45,184,209
16,45,190,204
16,46,173,192
16,48,107,209
16,47,180,189
16,49,185,224
16,49,194,223
16,50,230,209
16,51,97,191
16,51,99,201
16,48,211,184
16,51,219,173
16,48,219,187
16,51,226,177
16,5,66,83
16,23,80,138
16,35,31,159
16,45,228,158
16,14,208,116
16,31,51,153
16,38,40,200
16,39,244,208
16,46,182,244
16,26,134,140
16,42,103,178
16,57,62,231
16,7,113,101
16,10,29,102
16,15,201,70
16,58,157,213
16,6,32,121
16,3,114,55
16,4,161,42
16,5,156,52
16,6,183,103
16,7,190,106
16,5,204,37
16,5,212,34
16,6,212,44
16,5,220,34
16,6,219,42
16,8,38,99
16,8,42,91
16,8,100,84
16,8,103,114
16,8,104,121
16,8,107,76
16,8,109,85
16,8,112,111
16,9,113,117
16,8,112,124
16,8,120,95
16,8,121,103
16,8,131,94
16,8,136,101
16,8,138,90
16,8,145,94
16,8,145,103
16,10,29,110
16,12,152,104
16,13,174,72
16,14,206,106
16,16,15,178
16,16,22,172
16,16,22,180
16,16,28,169
16,16,29,175
16,16,28,181
16,16,86,121
16,16,89,84
16,16,88,128
16,16,91,115
16,16,93,121
16,16,94,130
16,16,98,115
16,16,99,121
16,16,100,130
16,16,105,118
16,16,106,94
16,16,108,126
16,16,112,89
16,16,120,91
16,16,120,70
16,16,204,75
16,16,211,82
16,20,37,113
16,20,43,109
16,20,44,115
16,20,48,123
16,21,50,114
16,22,199,128
16,22,199,136
16,24,26,130
16,24,26,139
16,24,33,135
16,24,80,148
16,24,91,144
16,24,93,135
16,24,135,130
16,24,142,127
16,24,142,138
16,24,149,126
16,24,149,135
16,24,206,89
16,24,207,98
16,24,213,91
16,24,213,98
16,24,231,95
16,24,239,95
16,28,26,174
16,28,33,170
16,28,32,178
16,28,121,144
16,29,120,153
16,28,126,147
16,28,132,150
16,32,44,145
16,32,53,143
16,32,75,131
16,32,75,138
16,32,81,128
16,32,82,135
16,32,81,142
16,32,89,129
16,32,90,135
16,32,88,141
16,32,210,116
16,32,212,123
16,32,216,114
16,32,217,122
16,32,224,114
16,32,224,122
16,32,227,157
16,36,117,138
16,36,124,131
16,37,127,139
16,36,181,167
16,36,183,174
16,36,187,164
16,36,189,172
16,36,194,166
16,38,41,208
16,40,24,219
16,40,28,190
16,40,26,212
16,40,32,219
16,40,33,188
16,40,34,212
16,40,68,165
16,40,76,171
16,40,77,164
16,40,111,158
16,38,114,149
16,40,117,161
16,40,124,152
16,40,124,159
16,40,144,185
16,40,152,184
16,41,27,225
16,44,68,183
16,44,75,179
16,44,102,169
16,44,118,248
16,49,40,203
16,48,48,198
16,48,121,183
16,48,122,190
16,48,126,179
16,48,128,185
16,48,128,192
16,48,134,178
16,48,134,185
16,48,135,192
16,48,141,185
16,48,154,210
16,48,160,211
16,48,170,209
16,48,169,216
16,48,174,177
16,48,180,171
16,48,180,179
16,48,187,171
16,48,188,179
16,50,38,211
16,49,45,209
16,51,26,219
16,52,27,227
16,52,34,217
16,52,35,226
16,52,76,204
16,52,77,210
16,52,81,198
16,52,84,205
16,52,85,213
16,52,88,197
16,52,91,205
16,52,92,213
16,55,133,223
16,52,201,191
16,52,207,187
16,52,208,196
16,52,215,192
16,55,166,201
16,56,172,206
16,56,218,237
16,50,101,235
16,43,207,135
16,8,246,53
16,12,244,94
16,31,130,81
16,32,76,103
16,48,133,138
16,4,160,97
16,7,239,53
16,21,36,89
16,23,72,203
16,23,249,155
16,31,132,90
16,31,133,73
16,31,139,77
16,31,140,85
16,40,79,210
16,40,85,207
16,40,85,213
16,47,35,153
16,47,40,153
16,47,143,132
16,48,134,129
16,48,144,139
16,48,161,141
16,48,168,139
16,48,167,145
16,52,102,247
16,53,107,248
16,56,120,222
16,56,153,209
16,56,153,215
16,58,168,249
16,58,241,208
16,6,54,74
16,6,54,80
16,6,85,48
16,6,86,54
16,6,91,43
16,6,92,49
16,6,92,55
16,6,97,41
16,6,98,47
16,6,98,53
16,6,103,41
16,6,104,47
16,6,104,53
16,6,110,46
16,3,179,60
16,4,185,48
16,3,186,60
16,4,192,49
16,3,192,61
16,4,198,59
16,16,38,32
16,16,38,36
16,16,47,31
16,16,46,36
16,15,50,79
16,16,55,31
16,16,54,36
16,15,54,78
16,16,62,31
16,16,62,36
16,16,68,32
16,16,70,37
16,16,78,61
16,16,30,32
16,16,30,38
16,16,38,42
16,16,44,42
16,16,52,42
16,16,60,42
16,16,68,42
16,16,70,48
16,16,70,54
16,16,72,31
16,16,80,30
16,31,102,228
16,32,118,46
16,32,118,52
16,32,126,50
16,32,110,52
16,32,126,44
16,38,190,105
16,39,191,108
16,48,152,136
16,48,152,140
16,52,212,141
16,59,201,215
17,16,126,77
17,17,140,77
17,44,60,192
17,42,42,195
17,12,165,73
17,11,224,66
17,15,168,144
17,22,69,113
17,30,187,117
17,31,184,188
17,31,196,187
17,50,209,218
17,50,219,217
17,11,34,89
17,17,164,129
17,47,149,173
17,20,89,103
17,18,95,93
17,6,213,37
17,6,223,33
17,6,85,75
17,10,196,98
17,21,33,151
17,22,118,105
17,23,154,100
17,26,114,114
17,46,62,228
17,53,77,228
17,6,67,77
17,7,154,46
17,7,163,44
17,9,46,97
17,9,75,86
17,10,114,118
17,11,110,83
17,13,32,111
17,15,106,154
17,14,156,108
17,15,99,154
17,15,101,164
17,15,108,164
17,15,114,150
17,15,117,160
17,15,132,111
17,15,138,122
17,15,143,113
17,15,165,107
17,15,172,105
17,15,177,115
17,15,182,100
17,15,189,111
17,17,85,87
17,17,98,116
17,16,97,127
17,17,109,125
17,17,214,79
17,19,115,97
17,19,121,131
17,19,125,140
17,19,129,126
17,19,133,131
17,19,133,138
17,21,55,149
17,21,58,158
17,21,66,146
17,21,64,164
17,21,65,155
17,22,73,151
17,22,72,159
17,23,41,125
17,23,51,118
17,22,49,130
17,25,211,95
17,29,27,176
17,29,35,176
17,29,53,168
17,29,55,173
17,30,60,164
17,29,63,171
17,30,69,171
17,29,105,124
17,29,124,149
17,29,133,148
17,30,60,178
17,31,37,219
17,31,45,213
17,31,47,224
17,31,52,215
17,31,138,122
17,31,137,170
17,31,139,180
17,31,147,169
17,31,149,178
17,31,159,150
17,31,169,144
17,31,169,154
17,31,201,148
17,31,206,141
17,34,172,127
17,33,217,119
17,33,226,120
17,38,127,138
17,37,162,174
17,37,184,174
17,37,196,172
17,39,140,204
17,38,192,179
17,41,28,217
17,41,36,216
17,40,115,155
17,41,125,155
17,42,28,227
17,42,36,223
17,43,206,162
17,45,52,223
17,45,58,218
17,45,65,220
17,46,184,207
17,45,191,205
17,45,191,212
17,46,217,195
17,47,151,225
17,47,76,178
17,47,76,189
17,47,84,188
17,47,159,227
17,47,178,193
17,49,126,187
17,49,133,180
17,49,134,192
17,49,141,186
17,49,184,179
17,49,192,175
17,57,195,223
17,50,194,221
17,50,48,208
17,53,85,205
17,54,93,212
17,57,215,194
17,14,201,71
17,25,141,136
17,41,197,149
17,13,64,104
17,13,183,71
17,14,206,101
17,13,211,93
17,39,46,209
17,41,79,168
17,41,75,200
17,53,102,200
17,7,115,101
17,34,106,171
17,10,143,97
17,10,150,98
17,25,32,133
17,32,105,211
17,33,55,148
17,33,85,137
17,35,97,176
17,37,32,165
17,4,71,100
17,6,167,85
17,5,191,51
17,4,191,64
17,9,124,99
17,9,126,106
17,9,51,112
17,10,57,112
17,10,52,119
17,10,58,121
17,10,65,115
17,10,135,98
17,12,191,65
17,12,191,73
17,13,247,93
17,14,61,95
17,16,207,121
17,16,17,180
17,16,22,185
17,16,26,174
17,16,30,179
17,16,29,187
17,16,204,112
17,16,211,108
17,16,215,114
17,16,217,122
17,16,217,106
17,16,222,114
17,16,224,106
17,16,230,114
17,16,231,104
17,20,52,139
17,20,59,132
17,19,60,140
17,20,67,136
17,20,143,88
17,22,49,86
17,23,191,130
17,23,199,135
17,23,191,139
17,24,197,95
17,24,27,140
17,24,27,125
17,24,34,123
17,24,77,140
17,24,80,148
17,24,83,136
17,24,87,142
17,24,87,149
17,24,91,133
17,24,95,138
17,24,94,145
17,24,150,127
17,24,152,134
17,24,151,140
17,24,177,95
17,24,184,90
17,25,184,98
17,24,190,91
17,24,190,100
17,24,198,103
17,24,204,131
17,24,207,138
17,24,210,127
17,24,213,133
17,24,213,141
17,24,216,124
17,24,219,130
17,24,221,136
17,24,220,143
17,24,225,123
17,24,227,130
17,28,68,123
17,32,45,147
17,32,44,155
17,32,50,157
17,32,59,157
17,32,97,198
17,32,98,206
17,32,102,195
17,32,106,161
17,32,110,199
17,32,113,156
17,32,112,163
17,32,116,169
17,32,115,210
17,32,120,161
17,32,125,86
17,32,133,76
17,32,134,89
17,32,142,86
17,32,148,115
17,32,149,123
17,32,204,164
17,32,204,171
17,32,206,179
17,32,210,161
17,32,212,168
17,32,212,177
17,32,218,165
17,32,218,175
17,32,223,151
17,32,224,158
17,32,230,146
17,32,233,152
17,32,231,159
17,36,32,157
17,36,90,176
17,36,92,185
17,36,99,186
17,36,104,180
17,36,171,170
17,36,172,179
17,38,75,148
17,38,75,155
17,40,221,184
17,40,102,190
17,40,104,198
17,40,108,187
17,40,109,203
17,40,110,194
17,40,115,187
17,40,116,200
17,40,118,193
17,40,144,184
17,40,152,181
17,40,212,171
17,40,219,160
17,40,220,166
17,40,218,175
17,40,225,171
17,40,225,177
17,40,227,191
17,40,230,183
17,40,241,211
17,40,249,207
17,40,249,215
17,44,212,132
17,45,106,172
17,45,118,249
17,48,104,216
17,48,105,208
17,48,111,215
17,48,112,221
17,48,112,208
17,48,117,215
17,48,153,215
17,48,159,209
17,48,160,216
17,48,166,207
17,48,166,214
17,48,166,222
17,48,174,206
17,48,175,212
17,48,174,219
17,50,125,142
17,49,133,142
17,51,230,206
17,51,235,211
17,52,26,220
17,52,28,228
17,52,32,218
17,52,33,226
17,52,40,220
17,52,40,228
17,52,96,192
17,52,104,192
17,53,109,246
17,52,134,228
17,58,134,225
17,52,144,231
17,52,211,176
17,52,212,184
17,52,218,174
17,52,218,183
17,52,224,173
17,52,224,183
17,52,230,179
17,58,165,210
17,42,90,213
17,47,188,247
17,8,243,55
17,15,206,45
17,25,242,96
17,5,35,119
17,4,92,50
17,4,98,44
17,3,100,56
17,4,108,48
17,4,113,65
17,3,134,64
17,4,221,112
17,4,230,107
17,4,231,116
17,7,214,81
17,7,218,83
17,15,176,43
17,15,197,41
17,23,39,93
17,34,82,106
17,35,216,86
17,35,222,83
17,35,223,89
17,47,45,153
17,47,181,248
17,47,230,158
17,48,231,162
17,48,133,132
17,48,140,133
17,48,145,139
17,58,218,237
17,58,223,234
17,58,223,240
17,34,45,124
17,48,239,161
17,15,188,38
17,19,88,68
17,23,74,203
17,27,216,69
17,27,221,70
17,3,37,150
17,3,42,142
17,3,45,152
17,3,50,146
17,6,116,43
17,6,133,58
17,6,139,56
17,6,140,62
17,6,146,59
17,4,161,99
17,4,164,105
17,6,215,109
17,6,215,115
17,6,226,100
17,15,202,150
17,16,38,32
17,16,44,30
17,16,46,36
17,16,50,30
17,16,54,36
17,16,56,30
17,16,62,30
17,16,70,30
17,16,78,30
17,18,85,63
17,31,102,91
17,31,106,86
17,31,106,92
17,32,108,78
17,32,152,78
17,32,110,70
17,35,164,95
17,48,96,140
17,48,98,134
17,49,165,147
17,52,199,241
17,52,199,247
17,53,27,190
18,17,135,80
18,12,225,66
18,14,36,94
18,13,165,77
18,18,215,77
18,44,48,203
18,46,61,195
18,50,210,221
18,50,219,220
18,34,182,127
18,24,117,112
18,6,167,47
18,11,73,88
18,17,26,184
18,19,89,103
18,17,167,140
18,31,63,174
18,12,109,127
18,25,155,106
18,24,67,124
18,26,78,123
18,30,33,180
18,30,105,126
18,39,198,179
18,46,189,219
18,4,136,64
18,7,82,107
18,6,193,62
18,7,209,40
18,7,216,38
18,7,220,116
18,8,224,38
18,7,227,124
18,7,230,115
18,8,116,105
18,9,121,104
18,10,124,111
18,11,46,104
18,11,115,120
18,11,116,130
18,11,149,102
18,13,200,97
18,13,206,94
18,14,204,104
18,14,191,74
18,14,214,95
18,14,214,103
18,15,32,118
18,17,92,121
18,17,101,131
18,17,104,120
18,16,213,119
18,17,225,115
18,19,51,138
18,19,52,147
18,19,58,137
18,19,60,146
18,19,66,140
18,20,128,138
18,21,60,155
18,21,61,161
18,21,64,168
18,21,66,152
18,22,68,159
18,22,73,167
18,22,73,152
18,22,77,159
18,25,74,113
18,25,149,138
18,27,30,135
18,27,38,136
18,27,212,102
18,33,32,219
18,31,41,216
18,31,41,227
18,31,44,180
18,31,47,214
18,31,48,224
18,31,54,219
18,31,132,153
18,32,136,181
18,32,146,181
18,32,193,194
18,33,47,151
18,33,53,158
18,33,83,139
18,33,84,148
18,32,95,205
18,32,106,209
18,33,206,174
18,33,204,182
18,33,214,178
18,32,230,153
18,34,228,163
18,38,164,183
18,38,174,184
18,38,191,178
18,39,33,169
18,39,137,210
18,39,143,218
18,39,146,208
18,39,184,182
18,41,195,152
18,42,28,225
18,42,35,225
18,42,41,225
18,42,116,162
18,43,126,161
18,45,203,158
18,46,187,212
18,46,204,166
18,47,174,199
18,47,180,193
18,48,153,224
18,49,168,216
18,49,166,227
18,51,127,188
18,51,128,197
18,51,135,186
18,51,136,196
18,51,142,192
18,51,182,183
18,51,191,181
18,51,190,228
18,19,132,128
18,29,73,132
18,15,59,103
18,25,86,150
18,25,94,146
18,36,98,190
18,41,71,206
18,51,53,210
18,53,216,187
18,57,216,197
18,5,36,153
18,5,46,148
18,5,46,157
18,5,93,51
18,5,99,46
18,3,100,60
18,5,105,45
18,5,106,54
18,6,112,45
18,5,112,52
18,8,83,75
18,8,88,84
18,7,114,72
18,8,53,117
18,8,58,123
18,8,59,113
18,8,62,81
18,9,66,119
18,8,90,75
18,8,122,71
18,8,152,45
18,8,155,53
18,8,163,89
18,8,170,89
18,8,194,105
18,8,216,85
18,13,100,88
18,13,101,95
18,12,103,82
18,12,107,88
18,13,108,95
18,12,111,81
18,12,113,87
18,15,59,114
18,15,69,113
18,14,245,96
18,16,98,160
18,16,99,168
18,16,102,154
18,16,104,160
18,16,104,167
18,16,105,172
18,16,109,153
18,16,110,159
18,16,110,165
18,16,112,171
18,16,115,151
18,16,116,158
18,16,118,166
18,16,122,154
18,16,123,161
18,16,131,121
18,16,134,113
18,16,139,120
18,16,142,112
18,16,144,128
18,16,147,120
18,16,150,116
18,16,156,114
18,16,158,153
18,16,162,116
18,16,164,157
18,16,162,103
18,16,169,110
18,16,169,118
18,16,170,157
18,16,174,85
18,16,172,103
18,16,175,110
18,16,175,117
18,16,178,151
18,16,178,103
18,16,181,109
18,16,181,118
18,16,184,101
18,16,187,108
18,16,187,117
18,16,190,102
18,16,195,108
18,16,194,115
18,19,29,155
18,19,35,154
18,20,29,163
18,20,35,163
18,20,42,152
18,20,43,158
18,20,41,165
18,20,111,98
18,20,119,131
18,20,121,97
18,24,40,124
18,24,45,133
18,24,49,120
18,24,53,128
18,24,81,147
18,24,84,139
18,24,92,136
18,24,185,137
18,24,186,144
18,24,191,133
18,24,192,139
18,24,193,146
18,25,196,103
18,24,199,134
18,24,198,142
18,24,204,140
18,24,208,145
18,24,210,136
18,24,212,151
18,24,214,143
18,24,216,134
18,24,218,151
18,24,224,137
18,24,225,147
18,28,26,151
18,28,26,159
18,28,29,145
18,28,33,152
18,28,32,159
18,32,196,146
18,32,204,145
18,32,107,165
18,32,107,173
18,32,112,160
18,32,113,166
18,32,114,173
18,32,119,157
18,32,121,164
18,32,121,170
18,32,125,89
18,32,129,81
18,33,134,91
18,32,134,121
18,32,135,130
18,32,141,84
18,32,140,118
18,32,140,128
18,32,147,119
18,32,147,127
18,32,157,149
18,32,157,156
18,32,163,146
18,32,163,153
18,32,163,160
18,32,169,146
18,32,169,152
18,32,170,159
18,32,175,147
18,32,176,154
18,32,180,193
18,31,192,116
18,32,195,124
18,32,196,154
18,32,202,155
18,32,208,154
18,32,210,145
18,36,90,179
18,36,91,187
18,36,96,176
18,36,96,183
18,36,103,175
18,36,104,182
18,36,159,128
18,36,162,135
18,36,169,132
18,36,214,123
18,36,214,130
18,36,220,121
18,36,220,130
18,36,228,122
18,36,228,130
18,40,68,153
18,39,124,142
18,40,49,216
18,40,75,149
18,40,76,156
18,40,102,196
18,40,105,203
18,40,106,190
18,40,108,196
18,40,111,203
18,40,112,189
18,40,114,195
18,40,119,202
18,40,121,193
18,40,124,149
18,40,132,141
18,40,133,150
18,41,143,189
18,40,154,184
18,40,150,191
18,41,210,178
18,40,217,167
18,41,217,172
18,40,220,179
18,40,222,187
18,40,222,194
18,40,228,200
18,40,228,185
18,40,230,192
18,41,243,216
18,41,250,216
18,42,246,222
18,43,37,197
18,44,28,195
18,44,213,139
18,46,102,180
18,46,106,171
18,46,108,179
18,46,215,194
18,47,218,202
18,48,72,194
18,48,74,186
18,48,78,192
18,48,78,198
18,48,81,184
18,48,84,190
18,48,86,197
18,48,90,189
18,48,104,214
18,48,104,221
18,48,110,211
18,48,110,217
18,48,110,224
18,48,118,213
18,48,119,221
18,48,141,179
18,48,148,173
18,48,148,183
18,48,155,172
18,48,155,181
18,48,176,210
18,48,242,167
18,52,113,249
18,52,46,215
18,52,53,218
18,52,210,180
18,52,216,178
18,52,224,179
18,52,225,186
18,52,227,212
18,52,235,212
18,53,31,228
18,53,37,228
18,57,138,228
18,54,43,228
18,54,102,199
18,55,103,206
18,56,86,212
18,56,89,220
18,56,76,229
18,56,82,228
18,56,94,210
18,56,99,219
18,59,167,216
18,27,245,101
18,42,77,176
18,48,26,205
18,48,58,229
18,5,32,119
18,5,38,117
18,6,38,123
18,6,163,101
18,6,163,107
18,16,76,117
18,15,181,45
18,15,187,42
18,15,192,39
18,15,192,49
18,15,198,41
18,15,199,49
18,16,206,44
18,16,206,51
18,16,175,48
18,23,49,91
18,23,75,206
18,27,184,103
18,27,184,73
18,27,191,72
18,27,198,73
18,31,99,95
18,31,106,93
18,31,116,86
18,40,138,159
18,42,93,216
18,48,16,205
18,47,59,238
18,47,66,237
18,47,69,230
18,47,186,250
18,48,49,156
18,49,84,230
18,49,89,229
18,56,42,248
18,58,222,239
18,10,245,57
18,19,86,76
18,31,149,80
18,35,82,112
18,45,123,250
18,52,201,250
18,5,11,106
18,4,32,77
18,4,39,70
18,4,39,80
18,4,45,73
18,4,45,81
18,4,139,88
18,9,6,140
18,16,118,40
18,16,118,46
18,16,120,32
18,16,125,37
18,16,124,45
18,15,124,50
18,16,126,32
18,15,127,52
18,15,130,48
18,15,130,54
18,16,179,33
18,15,184,31
18,15,190,30
18,16,200,154
18,16,203,159
18,16,205,149
18,15,206,154
18,15,206,159
18,16,38,30
18,16,38,36
18,16,44,32
18,16,46,38
18,16,54,30
18,16,53,84
18,16,62,30
18,16,78,128
18,16,132,30
18,28,218,72
18,28,221,74
18,28,223,71
18,31,152,86
18,36,222,89
18,36,224,92
18,40,98,122
18,40,104,116
18,40,111,113
18,40,115,112
18,48,57,151
18,50,142,144
18,52,134,145
18,52,128,146
18,52,132,148
19,17,104,129
19,35,47,222
19,12,225,67
19,5,101,59
19,19,141,83
19,19,168,154
19,18,179,154
19,34,91,218
19,34,100,219
19,46,46,204
19,46,56,197
19,46,67,198
19,51,217,223
19,14,37,103
19,17,126,87
19,18,218,80
19,25,116,115
19,35,187,130
19,13,203,106
19,22,128,140
19,29,204,147
19,47,184,217
19,50,156,228
19,20,27,191
19,7,168,51
19,10,67,87
19,22,91,108
19,21,164,139
19,28,156,112
19,26,156,138
19,34,208,175
19,41,215,173
19,9,227,124
19,11,121,109
19,13,73,97
19,13,117,120
19,13,119,130
19,13,128,114
19,13,160,79
19,15,100,95
19,15,109,92
19,15,195,74
19,15,215,99
19,16,99,165
19,17,108,159
19,17,108,172
19,17,116,158
19,17,116,168
19,18,215,126
19,20,54,148
19,19,61,143
19,19,67,147
19,19,80,104
19,19,226,120
19,21,34,162
19,21,113,105
19,21,171,136
19,22,40,167
19,23,64,163
19,25,67,117
19,25,74,110
19,25,85,147
19,29,76,127
19,27,146,136
19,27,147,146
19,27,215,143
19,27,224,140
19,29,30,159
19,32,107,204
19,33,137,132
19,33,146,127
19,33,184,200
19,33,187,190
19,33,191,201
19,33,200,193
19,33,199,202
19,33,201,186
19,34,200,175
19,35,83,144
19,35,83,154
19,34,106,178
19,35,228,159
19,37,220,130
19,37,228,129
19,39,186,183
19,39,194,179
19,41,108,193
19,41,113,201
19,41,120,193
19,41,135,217
19,41,144,216
19,42,217,182
19,43,34,228
19,46,205,164
19,50,54,213
19,51,164,224
19,50,170,221
19,50,170,230
19,50,186,227
19,53,216,187
19,58,216,202
19,26,40,141
19,29,116,126
19,32,61,179
19,47,169,196
19,6,137,62
19,13,148,109
19,13,155,104
19,15,246,99
19,31,32,182
19,37,162,137
19,42,69,210
19,49,149,187
19,27,201,105
19,52,179,188
19,8,35,156
19,9,65,124
19,41,116,160
19,45,116,173
19,47,211,201
19,6,164,107
19,7,208,63
19,8,33,163
19,8,36,149
19,8,45,149
19,8,48,154
19,8,45,162
19,8,55,116
19,8,62,117
19,8,74,108
19,8,75,116
19,8,80,105
19,8,82,115
19,8,81,77
19,8,83,87
19,8,87,106
19,8,89,114
19,8,88,77
19,8,90,85
19,8,110,71
19,9,112,78
19,8,115,69
19,9,120,76
19,8,128,73
19,8,134,75
19,5,140,87
19,8,155,48
19,8,207,40
19,8,208,47
19,8,212,35
19,8,214,42
19,8,214,50
19,8,219,34
19,8,220,41
19,9,221,48
19,8,226,36
19,8,227,43
19,9,54,124
19,9,184,66
19,12,49,108
19,12,145,102
19,16,27,115
19,16,27,125
19,16,36,119
19,16,36,128
19,16,31,88
19,16,42,88
19,16,55,108
19,16,56,116
19,17,61,106
19,16,62,117
19,16,68,107
19,16,71,121
19,16,133,127
19,16,139,113
19,16,136,120
19,16,139,126
19,16,144,133
19,16,144,118
19,16,145,125
19,16,151,118
19,16,152,126
19,16,159,118
19,16,162,104
19,16,162,111
19,16,165,119
19,16,169,106
19,16,170,112
19,16,171,120
19,16,170,90
19,16,172,76
19,16,172,83
19,16,175,106
19,16,177,113
19,16,180,77
19,16,179,85
19,16,181,119
19,16,181,104
19,16,183,110
19,16,185,84
19,16,186,118
19,16,188,103
19,16,193,108
19,16,192,84
19,16,194,117
19,16,201,83
19,24,37,129
19,24,43,124
19,24,45,132
19,24,51,125
19,24,51,134
19,24,59,123
19,24,60,132
19,24,67,173
19,24,73,155
19,24,74,171
19,24,77,162
19,24,98,115
19,24,139,111
19,24,143,103
19,28,29,139
19,28,29,146
19,28,177,108
19,28,186,107
19,28,210,95
19,28,210,106
19,28,218,97
19,28,218,105
19,28,242,103
19,32,100,127
19,32,127,153
19,32,136,150
19,32,28,191
19,32,35,192
19,32,42,191
19,32,44,181
19,32,53,182
19,32,57,155
19,32,64,155
19,32,70,186
19,32,72,176
19,32,96,137
19,32,102,137
19,32,108,131
19,32,108,166
19,32,114,162
19,32,118,170
19,32,120,161
19,32,126,162
19,32,132,184
19,32,136,159
19,32,133,190
19,32,135,178
19,32,136,196
19,32,139,184
19,32,140,190
19,32,144,177
19,32,144,197
19,32,147,182
19,32,148,190
19,32,153,153
19,32,159,150
19,32,158,159
19,32,165,147
19,32,166,154
19,32,166,161
19,32,172,149
19,32,173,157
19,32,203,160
19,32,212,160
19,35,100,188
19,36,42,163
19,36,46,170
19,36,92,181
19,36,93,190
19,37,49,163
19,40,164,190
19,39,171,190
19,40,26,177
19,40,33,170
19,40,34,178
19,40,75,158
19,40,124,144
19,40,124,152
19,40,131,142
19,40,133,150
19,40,157,186
19,40,165,181
19,40,176,185
19,40,221,192
19,40,222,199
19,40,228,188
19,40,230,195
19,40,229,202
19,41,143,195
19,41,150,192
19,44,77,186
19,44,26,201
19,44,33,201
19,44,36,207
19,44,70,180
19,44,76,176
19,44,83,178
19,44,84,185
19,44,124,161
19,44,124,168
19,44,239,227
19,44,248,225
19,48,77,196
19,48,93,190
19,48,97,198
19,48,100,186
19,48,102,219
19,48,103,195
19,48,104,179
19,48,107,186
19,49,105,226
19,48,110,217
19,48,110,192
19,48,112,182
19,48,116,223
19,48,139,186
19,48,142,180
19,48,150,178
19,48,166,205
19,48,176,206
19,48,180,198
19,52,48,223
19,52,123,196
19,52,125,203
19,52,128,192
19,52,131,199
19,52,132,205
19,52,136,192
19,52,140,200
19,52,185,181
19,52,187,190
19,52,193,183
19,52,194,191
19,52,231,215
19,53,144,240
19,56,86,217
19,56,86,225
19,56,92,212
19,56,92,219
19,56,92,227
19,56,98,207
19,56,98,214
19,56,99,220
19,56,98,227
19,56,105,206
19,56,105,213
19,32,118,92
19,34,131,93
19,40,136,161
19,48,15,212
19,52,110,248
19,54,35,229
19,46,217,141
19,6,32,120
19,8,214,86
19,4,35,80
19,5,37,88
19,10,166,93
19,9,171,93
19,12,247,60
19,16,182,46
19,16,183,31
19,16,182,38
19,16,188,45
19,16,191,31
19,16,190,38
19,16,190,50
19,16,195,43
19,16,196,50
19,16,203,46
19,16,203,52
19,16,203,153
19,16,203,163
19,16,211,153
19,16,211,162
19,24,75,209
19,32,101,96
19,32,107,94
19,44,127,250
19,47,44,150
19,47,45,155
19,46,48,147
19,47,51,152
19,48,52,159
19,47,56,146
19,47,58,152
19,47,60,230
19,47,62,237
19,47,63,244
19,47,66,228
19,47,68,234
19,47,69,240
19,47,68,246
19,47,129,217
19,48,46,163
19,49,242,169
19,52,239,216
19,58,77,234
19,60,163,221
19,28,231,102
19,31,155,85
19,35,81,110
19,39,224,95
19,6,132,90
19,5,143,121
19,5,144,126
19,3,150,119
19,4,150,126
19,4,178,83
19,4,183,83
19,15,97,68
19,16,46,30
19,16,77,136
19,16,80,131
19,15,101,66
19,16,124,32
19,16,194,154
19,16,196,160
19,17,176,51
19,30,241,157
19,32,150,80
19,35,63,117
19,35,68,113
19,36,74,114
19,48,85,145
19,48,88,150
19,48,90,145
19,53,134,147
19,52,139,147
19,53,196,250
19,53,199,250
19,58,222,237
19,58,222,242
20,46,66,202
20,15,172,92
20,20,138,86
20,38,90,224
20,6,101,61
20,10,44,165
20,14,160,80
20,12,198,111
20,18,101,167
20,19,101,127
20,17,110,131
20,18,109,159
20,18,110,171
20,18,119,163
20,18,190,118
20,16,225,76
20,22,170,158
20,22,175,169
20,22,181,159
20,49,182,224
20,15,37,106
20,52,218,226
20,16,78,101
20,26,157,137
20,29,201,145
20,35,189,132
20,42,138,220
20,47,48,205
20,18,165,118
20,20,31,192
20,24,91,111
20,26,78,171
20,28,157,115
20,26,118,117
20,27,150,146
20,30,33,148
20,37,46,226
20,46,147,194
20,8,175,60
20,9,46,154
20,9,54,158
20,8,63,121
20,9,159,52
20,9,170,50
20,9,213,45
20,9,224,43
20,11,63,91
20,11,230,125
20,11,231,133
20,13,46,113
20,13,120,117
20,11,127,107
20,14,128,119
20,14,136,114
20,13,145,110
20,13,153,113
20,13,157,106
20,15,213,101
20,16,214,111
20,17,137,128
20,17,148,123
20,17,147,133
20,18,174,113
20,18,175,123
20,19,214,130
20,19,222,130
20,21,29,201
20,22,123,138
20,22,125,149
20,23,134,138
20,23,33,167
20,23,44,164
20,23,111,110
20,23,134,148
20,23,169,144
20,25,44,138
20,25,70,112
20,25,69,165
20,25,79,162
20,26,74,115
20,26,86,155
20,26,88,146
20,27,76,122
20,26,146,136
20,27,221,150
20,29,121,125
20,31,29,163
20,31,104,202
20,31,112,199
20,31,112,207
20,33,107,172
20,33,117,169
20,33,134,133
20,33,138,124
20,34,144,133
20,33,196,202
20,33,205,182
20,37,92,183
20,37,102,181
20,37,99,191
20,37,220,131
20,38,227,134
20,39,169,186
20,42,217,178
20,45,35,207
20,45,118,169
20,45,126,168
20,47,118,179
20,49,103,222
20,49,113,222
20,49,149,183
20,50,55,214
20,51,159,228
20,51,167,226
20,53,126,203
20,53,137,202
20,57,218,204
20,41,31,177
20,45,198,163
20,6,140,64
20,31,77,135
20,31,187,114
20,37,162,138
20,7,39,84
20,52,177,189
20,9,93,115
20,9,133,75
20,20,63,149
20,21,61,141
20,39,192,178
20,41,116,161
20,47,216,143
20,6,141,86
20,5,140,95
20,7,164,111
20,8,78,112
20,8,79,119
20,9,85,108
20,8,86,118
20,8,144,76
20,8,172,112
20,9,86,86
20,10,114,77
20,10,122,77
20,11,179,69
20,12,185,74
20,16,27,117
20,16,26,124
20,16,27,95
20,16,30,130
20,16,35,122
20,16,33,90
20,16,39,129
20,16,41,90
20,16,97,99
20,16,100,91
20,16,101,105
20,16,103,98
20,16,106,88
20,16,111,95
20,16,110,102
20,16,114,89
20,16,125,93
20,16,130,100
20,16,138,98
20,16,189,78
20,16,191,85
20,16,196,75
20,16,198,81
20,16,197,88
20,16,204,75
20,16,207,81
20,16,206,87
20,17,247,105
20,18,61,120
20,18,66,112
20,18,69,121
20,20,51,153
20,20,61,156
20,20,229,119
20,24,54,127
20,24,57,134
20,24,61,124
20,24,63,131
20,24,139,109
20,24,139,116
20,24,144,103
20,28,199,107
20,28,199,116
20,28,206,101
20,28,207,108
20,28,207,115
20,28,212,98
20,28,213,108
20,28,219,99
20,28,220,107
20,28,246,107
20,30,176,114
20,32,28,182
20,32,27,191
20,32,33,179
20,32,33,186
20,32,34,193
20,32,42,180
20,32,43,186
20,32,42,193
20,32,54,177
20,32,55,151
20,32,54,185
20,32,60,173
20,32,62,153
20,32,60,180
20,32,61,187
20,32,67,174
20,32,67,180
20,32,68,188
20,32,73,181
20,32,95,136
20,32,98,129
20,32,100,142
20,32,103,136
20,32,106,127
20,32,109,134
20,32,125,162
20,32,127,154
20,32,131,163
20,32,131,180
20,32,132,186
20,32,134,151
20,32,135,192
20,32,138,160
20,32,137,175
20,32,138,182
20,32,141,187
20,32,142,195
20,32,143,153
20,32,145,177
20,32,148,183
20,32,148,190
20,32,149,156
20,32,155,153
20,32,156,162
20,32,161,154
20,32,163,162
20,32,164,148
20,32,169,155
20,32,169,161
20,32,185,195
20,32,192,190
20,32,192,152
20,32,195,159
20,32,200,154
20,32,202,161
20,32,208,156
20,36,76,149
20,36,81,156
20,35,222,163
20,36,83,146
20,36,89,155
20,36,90,145
20,36,227,156
20,36,228,169
20,36,232,162
20,37,28,221
20,38,40,171
20,38,46,170
20,40,52,215
20,40,72,160
20,40,108,198
20,40,111,190
20,40,115,200
20,41,118,187
20,40,117,154
20,40,120,197
20,40,122,147
20,40,125,188
20,40,126,154
20,40,126,196
20,40,130,142
20,40,133,150
20,40,157,185
20,40,185,185
20,40,194,186
20,40,220,194
20,40,223,202
20,40,229,195
20,40,230,202
20,40,229,189
20,44,29,233
20,44,36,232
20,44,69,181
20,44,76,177
20,44,79,184
20,44,85,181
20,44,246,227
20,48,96,194
20,48,99,201
20,48,100,188
20,48,103,178
20,48,103,194
20,48,106,201
20,48,108,185
20,48,111,192
20,48,150,231
20,48,164,196
20,48,166,205
20,48,171,193
20,48,172,204
20,48,178,196
20,48,178,205
20,48,203,175
20,48,204,200
20,48,208,208
20,48,213,168
20,48,216,202
20,52,180,181
20,52,185,190
20,52,188,181
20,52,193,188
20,52,198,227
20,52,231,217
20,53,51,224
20,53,142,245
20,53,207,184
20,53,215,185
20,54,222,189
20,54,212,192
20,56,102,207
20,56,83,221
20,56,87,228
20,56,88,215
20,56,90,222
20,56,95,227
20,56,94,211
20,56,96,219
20,56,103,214
20,48,50,158
20,56,36,237
20,7,213,67
20,25,78,214
20,34,132,95
20,49,245,176
20,3,156,123
20,7,28,121
20,8,29,127
20,7,35,123
20,8,35,129
20,16,208,160
20,17,76,124
20,32,158,85
20,31,166,85
20,35,86,109
20,39,225,98
20,42,147,169
20,43,129,250
20,43,135,249
20,47,51,149
20,48,62,230
20,48,68,238
20,48,68,231
20,47,89,141
20,48,67,246
20,48,205,123
20,49,16,213
20,52,107,250
20,52,238,218
20,53,112,248
20,53,197,250
20,12,248,62
20,16,188,31
20,16,194,31
20,19,171,60
20,32,176,83
20,37,78,115
20,48,89,149
20,3,58,75
20,1,44,63
20,4,65,77
20,4,67,67
20,4,71,74
20,4,178,88
20,12,5,148
20,12,12,119
20,16,126,30
20,16,190,36
20,16,190,46
20,16,198,50
20,24,3,218
20,32,182,82
20,32,96,98
20,32,101,99
20,32,186,84
20,34,98,104
20,36,64,118
20,37,69,116
20,38,71,118
20,44,30,146
20,44,34,140
20,44,34,146
20,44,39,143
20,44,46,138
20,47,81,147
20,48,170,125
20,48,170,129
20,47,172,134
20,47,174,125
20,47,174,130
20,47,178,129
20,48,54,70
20,48,54,76
20,48,62,70
20,48,62,76
20,48,70,70
20,48,70,76
20,48,118,54
20,48,118,60
20,48,126,50
20,48,126,56
20,48,126,62
20,52,136,148
20,52,142,147
20,53,142,152
20,52,147,149
20,52,148,153
20,52,158,156
20,52,165,156
20,53,171,155
20,53,136,153
20,60,164,222
21,46,69,206
21,16,170,94
21,18,111,135
21,5,37,83
21,10,52,169
21,10,63,166
21,18,135,88
21,22,29,193
21,22,32,205
21,23,179,164
21,34,189,207
21,33,199,196
21,34,201,207
21,43,140,222
21,49,148,194
21,51,57,218
21,17,227,80
21,21,115,172
21,27,119,121
21,19,138,138
21,22,127,145
21,46,47,213
21,27,160,147
21,34,71,188
21,18,79,108
21,5,97,71
21,4,125,57
21,13,160,118
21,10,131,111
21,23,61,145
21,26,48,148
21,26,51,139
21,39,217,181
21,38,187,140
21,42,118,198
21,9,142,73
21,9,164,54
21,9,175,54
21,9,212,49
21,9,219,47
21,9,226,46
21,11,136,80
21,13,75,96
21,13,125,120
21,13,132,121
21,13,150,112
21,14,149,118
21,13,159,109
21,13,230,135
21,14,124,126
21,15,139,123
21,15,37,110
21,15,39,117
21,15,46,105
21,15,46,112
21,15,47,124
21,15,52,116
21,17,25,126
21,17,28,102
21,17,33,120
21,17,36,131
21,17,37,97
21,17,189,85
21,17,196,79
21,17,197,90
21,17,206,85
21,19,169,129
21,19,167,119
21,19,177,125
21,19,185,120
21,19,195,120
21,21,40,197
21,21,57,155
21,21,64,155
21,21,71,152
21,21,91,111
21,25,142,117
21,25,151,114
21,27,83,121
21,27,86,155
21,27,95,147
21,27,96,157
21,27,148,141
21,28,219,153
21,28,81,173
21,30,161,116
21,29,210,109
21,29,220,108
21,32,101,207
21,32,110,205
21,33,66,181
21,33,106,138
21,33,141,194
21,33,151,192
21,35,112,178
21,34,121,173
21,35,144,135
21,34,199,132
21,36,204,185
21,35,206,177
21,38,227,135
21,39,100,194
21,39,108,199
21,39,109,188
21,42,33,182
21,41,45,226
21,41,54,223
21,41,133,153
21,41,227,196
21,41,229,206
21,43,120,208
21,43,128,201
21,45,126,172
21,46,39,210
21,46,74,187
21,47,80,185
21,47,122,182
21,47,87,186
21,47,179,224
21,50,190,226
21,50,106,227
21,50,116,226
21,51,182,194
21,51,217,226
21,57,222,206
21,31,163,124
21,37,226,171
21,10,85,115
21,11,60,130
21,11,71,127
21,29,201,117
21,36,226,161
21,39,30,224
21,41,120,162
21,45,198,165
21,47,29,210
21,55,220,191
21,10,179,67
21,15,206,108
21,54,135,208
21,10,95,117
21,30,78,131
21,37,81,161
21,38,165,139
21,39,173,140
21,43,91,226
21,47,212,141
21,48,220,148
21,6,138,94
21,6,140,101
21,7,145,92
21,6,147,101
21,7,161,131
21,5,188,87
21,8,168,116
21,8,172,110
21,8,177,116
21,8,215,62
21,8,217,69
21,9,36,129
21,6,66,118
21,10,85,83
21,10,89,92
21,10,91,82
21,12,63,90
21,13,185,74
21,12,199,113
21,12,238,129
21,12,239,137
21,12,246,133
21,16,99,100
21,16,101,93
21,16,102,107
21,16,105,99
21,16,110,92
21,16,110,107
21,16,114,99
21,16,126,99
21,16,134,102
21,16,152,129
21,16,153,138
21,16,160,81
21,16,208,115
21,16,209,100
21,16,213,106
21,16,213,113
21,16,220,103
21,16,222,109
21,16,220,116
21,19,63,118
21,18,70,122
21,20,214,125
21,20,214,133
21,20,220,121
21,20,220,128
21,20,221,135
21,21,227,127
21,24,37,163
21,24,34,172
21,24,41,173
21,24,46,159
21,24,49,165
21,24,48,173
21,24,63,132
21,24,141,99
21,24,142,107
21,25,191,148
21,25,197,143
21,25,198,153
21,26,204,147
21,28,75,164
21,31,77,140
21,32,26,163
21,32,26,170
21,32,29,189
21,32,29,156
21,32,31,195
21,32,32,162
21,32,34,169
21,32,32,175
21,32,32,183
21,32,38,149
21,32,35,189
21,32,41,155
21,32,37,196
21,32,40,162
21,32,39,181
21,32,41,188
21,32,45,196
21,32,48,187
21,33,59,156
21,32,84,136
21,32,125,159
21,32,128,167
21,32,131,154
21,32,135,160
21,32,136,167
21,32,138,152
21,32,137,183
21,32,142,159
21,32,147,181
21,32,152,161
21,32,160,162
21,32,168,155
21,32,166,164
21,32,185,119
21,32,189,83
21,32,190,151
21,32,190,157
21,32,196,147
21,32,196,154
21,32,195,162
21,32,203,148
21,32,205,155
21,32,204,161
21,33,66,158
21,36,78,154
21,37,84,151
21,36,87,157
21,36,89,164
21,37,87,230
21,37,91,151
21,37,94,157
21,40,49,173
21,40,47,180
21,40,131,144
21,40,160,185
21,40,160,192
21,40,166,181
21,40,167,188
21,40,167,195
21,40,172,182
21,40,174,191
21,40,179,186
21,40,186,186
21,40,195,185
21,41,73,165
21,44,83,217
21,46,52,139
21,48,101,195
21,48,100,183
21,48,107,203
21,48,111,192
21,48,109,180
21,48,171,199
21,48,172,207
21,48,180,205
21,48,204,200
21,48,205,209
21,48,206,176
21,48,211,165
21,48,211,198
21,48,211,208
21,48,212,174
21,48,219,165
21,48,219,200
21,48,218,208
21,48,220,174
21,51,27,222
21,52,161,230
21,52,166,233
21,52,170,227
21,52,182,185
21,52,191,187
21,56,36,245
21,56,42,246
21,56,86,221
21,56,86,228
21,56,92,217
21,56,93,224
21,56,98,213
21,56,101,222
21,56,105,213
21,57,94,230
21,53,143,249
21,2,62,69
21,9,26,119
21,10,215,90
21,15,15,126
21,17,202,54
21,16,206,159
21,16,213,166
21,16,216,159
21,17,202,60
21,17,208,55
21,17,247,107
21,21,84,79
21,27,37,111
21,27,43,110
21,27,50,107
21,29,248,109
21,32,160,90
21,35,134,101
21,35,138,97
21,35,146,96
21,36,54,242
21,39,227,100
21,45,34,237
21,45,39,235
21,47,56,150
21,47,61,134
21,47,63,143
21,47,69,140
21,47,89,139
21,48,97,144
21,47,98,138
21,48,247,184
21,48,60,250
21,48,66,249
21,48,88,148
21,48,89,155
21,48,97,150
21,48,96,156
21,54,125,187
21,12,10,149
21,47,178,130
21,35,88,110
21,35,94,107
21,48,206,125
21,48,212,122
21,3,108,97
21,3,112,106
21,4,116,97
21,2,190,46
21,3,202,53
21,16,28,62
21,16,150,28
21,16,188,30
21,16,193,31
21,16,198,30
21,26,4,221
21,26,4,225
21,32,28,123
21,34,101,104
21,36,85,114
21,36,90,115
21,45,151,170
21,47,76,141
21,48,54,76
21,48,56,158
21,48,60,80
21,48,62,74
21,48,62,86
21,48,70,78
21,47,173,139
21,48,177,138
21,48,198,126
21,52,239,219
22,48,70,207
22,21,137,93
22,18,114,140
22,27,118,124
22,4,47,76
22,13,136,117
22,18,170,93
22,35,202,198
22,38,196,184
22,49,187,227
22,50,55,219
22,23,64,147
22,35,104,209
22,3,130,60
22,29,209,151
22,18,144,139
22,23,30,202
22,42,227,206
22,10,141,76
22,20,178,134
22,10,76,123
22,18,150,130
22,18,200,85
22,17,233,78
22,25,96,120
22,22,226,88
22,25,166,146
22,29,157,149
22,51,183,197
22,9,99,64
22,10,110,60
22,10,166,51
22,9,168,60
22,9,175,117
22,9,177,55
22,4,197,50
22,9,217,44
22,9,225,43
22,11,48,174
22,11,56,168
22,11,56,177
22,11,64,174
22,10,218,55
22,10,225,51
22,11,50,165
22,11,63,165
22,11,90,120
22,14,129,126
22,14,151,114
22,14,161,114
22,15,42,112
22,15,39,120
22,15,49,126
22,15,50,115
22,13,77,97
22,15,84,102
22,15,124,131
22,15,152,124
22,15,161,124
22,18,37,103
22,17,108,101
22,18,32,131
22,18,31,98
22,18,154,139
22,19,166,125
22,19,172,127
22,20,107,174
22,20,114,169
22,21,116,179
22,20,84,113
22,21,107,183
22,21,115,185
22,21,123,170
22,21,124,179
22,22,60,159
22,22,70,158
22,23,40,167
22,23,40,203
22,23,125,145
22,23,136,141
22,23,132,152
22,23,141,150
22,24,175,170
22,24,186,170
22,25,144,115
22,27,48,143
22,27,50,151
22,28,93,156
22,30,217,111
22,33,35,196
22,33,45,194
22,33,104,137
22,34,108,146
22,33,112,136
22,33,135,186
22,33,138,196
22,33,145,184
22,33,148,191
22,33,146,199
22,33,158,162
22,33,169,160
22,35,65,191
22,34,70,184
22,35,73,194
22,35,80,188
22,35,110,187
22,35,119,185
22,37,83,159
22,37,91,165
22,37,93,156
22,37,228,168
22,39,101,196
22,39,111,196
22,38,191,143
22,39,228,139
22,41,123,166
22,41,134,154
22,41,226,197
22,42,28,186
22,43,37,188
22,44,121,213
22,44,131,207
22,42,135,216
22,45,68,223
22,45,80,221
22,46,122,179
22,46,130,180
22,47,74,187
22,47,77,195
22,47,84,188
22,51,151,192
22,55,214,225
22,57,224,207
22,12,184,71
22,13,174,103
22,30,76,134
22,31,160,122
22,42,219,183
22,45,93,228
22,9,216,65
22,15,230,139
22,15,242,138
22,42,54,226
22,46,200,168
22,51,113,229
22,54,134,210
22,55,219,194
22,57,95,230
22,21,224,128
22,29,202,117
22,13,200,116
22,17,221,114
22,33,70,166
22,37,148,144
22,47,41,211
22,6,64,77
22,6,158,129
22,6,165,126
22,7,183,93
22,7,71,77
22,8,110,102
22,8,111,111
22,8,116,99
22,8,117,106
22,8,119,114
22,8,123,104
22,8,140,94
22,8,140,101
22,8,145,106
22,8,145,92
22,8,147,99
22,8,152,104
22,8,153,95
22,5,198,88
22,10,37,129
22,12,63,125
22,12,67,133
22,12,76,134
22,12,86,87
22,12,92,82
22,12,94,90
22,12,99,128
22,12,101,118
22,13,119,85
22,12,229,70
22,16,56,116
22,16,159,84
22,16,166,80
22,16,206,106
22,16,211,99
22,16,212,105
22,16,211,113
22,16,218,100
22,16,219,107
22,16,225,105
22,20,64,114
22,20,66,123
22,20,71,116
22,20,180,120
22,20,184,93
22,20,186,115
22,20,187,122
22,20,194,113
22,20,193,119
22,20,192,128
22,20,200,122
22,24,173,155
22,24,175,145
22,27,73,171
22,28,71,123
22,28,75,178
22,28,80,120
22,28,77,164
22,28,80,175
22,28,86,165
22,28,85,175
22,28,151,140
22,28,159,136
22,28,222,144
22,28,228,149
22,28,228,157
22,32,26,163
22,32,26,170
22,32,32,158
22,32,32,164
22,32,34,171
22,32,38,152
22,32,38,159
22,32,39,168
22,33,46,159
22,32,79,148
22,32,84,140
22,32,125,159
22,32,127,168
22,32,130,154
22,32,131,161
22,32,134,168
22,32,138,154
22,32,139,161
22,32,178,120
22,32,185,115
22,33,186,124
22,32,193,84
22,32,192,118
22,32,201,160
22,33,208,165
22,33,31,177
22,34,64,160
22,35,192,131
22,36,138,134
22,36,139,143
22,36,144,133
22,36,151,134
22,36,201,132
22,36,204,138
22,39,32,226
22,39,169,136
22,40,46,177
22,40,49,184
22,40,138,225
22,40,145,224
22,40,146,216
22,40,155,188
22,40,155,195
22,40,162,186
22,40,162,192
22,40,162,200
22,40,168,186
22,40,168,193
22,40,169,200
22,40,169,144
22,40,175,188
22,40,175,195
22,40,177,136
22,40,177,143
22,40,178,150
22,40,184,152
22,40,186,188
22,42,75,166
22,44,140,200
22,44,146,201
22,47,217,143
22,48,28,213
22,48,100,196
22,48,102,203
22,48,103,187
22,48,107,193
22,48,108,203
22,48,110,182
22,48,115,188
22,48,114,195
22,48,173,203
22,48,174,210
22,48,182,208
22,48,205,200
22,48,205,208
22,48,214,198
22,48,216,207
22,48,212,167
22,48,210,174
22,48,219,230
22,48,216,152
22,48,220,168
22,48,225,150
22,49,212,179
22,49,221,176
22,52,149,203
22,52,161,191
22,52,160,199
22,52,161,228
22,52,164,235
22,52,169,228
22,52,185,187
22,52,193,190
22,53,196,197
22,56,39,249
22,56,98,218
22,56,105,214
22,56,106,222
22,16,16,130
22,48,61,155
22,38,52,248
22,48,62,147
22,48,97,150
22,48,151,246
22,53,141,249
22,11,217,90
22,19,196,58
22,19,199,64
22,19,202,55
22,19,206,62
22,19,210,56
22,19,216,54
22,19,222,53
22,24,27,147
22,36,149,95
22,34,156,90
22,35,156,95
22,36,132,100
22,36,141,96
22,37,139,105
22,40,227,101
22,47,46,141
22,47,46,147
22,47,49,135
22,47,51,153
22,47,53,140
22,47,54,146
22,47,55,132
22,47,57,164
22,47,58,138
22,47,61,132
22,47,64,137
22,48,70,144
22,47,71,137
22,47,94,137
22,47,103,132
22,47,103,140
22,48,150,239
22,51,26,227
22,4,131,136
22,46,38,243
22,47,246,190
22,13,46,73
22,16,214,166
22,27,100,88
22,27,106,85
22,28,43,113
22,48,209,124
22,6,16,86
22,6,17,92
22,6,22,82
22,6,23,88
22,6,23,94
22,6,28,81
22,6,29,87
22,6,29,93
22,6,119,135
22,6,121,141
22,6,142,134
22,4,190,122
22,6,191,51
22,6,194,57
22,4,195,121
22,6,197,47
22,6,199,80
22,6,200,60
22,6,200,86
22,6,200,92
22,4,201,121
22,4,207,120
22,12,40,71
22,14,70,64
22,15,85,69
22,16,54,30
22,16,60,30
22,16,62,36
22,15,78,68
22,16,54,36
22,16,70,32
22,16,158,30
22,16,219,164
22,28,4,227
22,27,37,112
22,27,45,108
22,28,50,106
22,27,113,84
22,28,49,111
22,30,116,90
22,31,210,82
22,31,216,78
22,32,100,96
22,34,29,122
22,34,29,126
22,34,32,124
22,34,100,104
22,36,87,111
22,35,92,110
22,36,90,114
22,39,206,107
22,46,116,128
22,47,28,142
22,47,148,144
22,48,54,72
22,48,54,78
22,48,62,72
22,48,62,78
22,48,62,84
22,48,70,70
22,48,86,70
22,48,94,68
22,48,102,62
22,48,110,64
22,53,132,163
22,54,135,154
22,54,135,162
22,54,141,155
22,54,170,162
22,54,176,160
23,4,53,74
23,20,113,143
23,19,173,94
23,10,92,121
23,21,134,94
23,31,210,155
23,34,143,193
23,37,204,185
23,50,56,220
23,50,187,227
23,52,216,226
23,21,144,146
23,36,203,209
23,49,71,209
23,13,62,171
23,22,185,128
23,22,227,88
23,33,110,219
23,4,149,56
23,10,102,71
23,6,116,69
23,14,49,131
23,18,195,85
23,18,221,113
23,22,177,137
23,26,63,148
23,28,117,124
23,30,73,140
23,30,160,152
23,34,169,163
23,38,195,143
23,42,228,203
23,50,184,197
23,6,125,136
23,6,133,138
23,6,187,123
23,6,194,119
23,6,203,122
23,7,194,129
23,9,115,107
23,9,124,107
23,9,153,98
23,11,165,54
23,11,176,50
23,11,174,59
23,11,176,118
23,11,182,60
23,13,184,71
23,11,183,118
23,11,213,49
23,11,219,49
23,11,227,47
23,13,50,172
23,13,69,127
23,14,70,135
23,13,79,123
23,13,81,130
23,13,142,83
23,13,172,112
23,14,180,109
23,14,81,137
23,15,133,127
23,15,181,101
23,15,202,118
23,17,215,106
23,18,105,108
23,17,142,135
23,17,150,131
23,18,157,139
23,19,111,99
23,19,113,108
23,21,171,129
23,21,177,126
23,23,101,184
23,23,110,176
23,23,109,187
23,23,119,180
23,22,197,120
23,24,33,205
23,21,83,115
23,23,103,173
23,23,117,172
23,23,117,187
23,23,198,130
23,27,95,123
23,25,169,148
23,25,178,145
23,25,178,153
23,27,146,118
23,29,73,132
23,29,76,177
23,29,77,124
23,30,85,174
23,29,151,146
23,30,159,142
23,30,84,183
23,30,227,147
23,30,228,156
23,33,80,146
23,35,29,173
23,35,38,172
23,35,106,142
23,35,108,150
23,35,112,137
23,35,115,145
23,39,94,162
23,39,148,145
23,41,50,185
23,41,139,223
23,41,146,225
23,44,33,188
23,43,132,156
23,43,140,157
23,43,214,183
23,43,223,181
23,45,63,223
23,45,76,220
23,45,119,211
23,46,122,219
23,45,126,208
23,45,131,218
23,45,136,211
23,45,67,229
23,47,129,180
23,49,213,174
23,49,222,173
23,53,195,196
23,55,137,210
23,57,101,229
23,57,226,208
23,19,33,106
23,24,175,174
23,34,40,200
23,38,230,168
23,47,203,166
23,13,91,95
23,35,46,162
23,45,146,202
23,42,127,166
23,15,77,101
23,16,162,125
23,28,94,153
23,34,37,161
23,53,161,202
23,6,200,89
23,6,207,89
23,8,62,79
23,8,70,74
23,8,70,81
23,8,183,89
23,8,187,97
23,8,191,87
23,8,195,94
23,9,98,83
23,11,218,65
23,10,218,72
23,12,27,121
23,12,27,127
23,12,109,57
23,12,117,57
23,12,134,109
23,12,141,110
23,12,214,92
23,12,221,91
23,13,69,92
23,13,90,86
23,13,122,62
23,14,229,72
23,15,116,86
23,16,36,118
23,16,42,117
23,16,44,110
23,16,49,116
23,16,55,117
23,16,116,129
23,16,123,126
23,16,122,134
23,16,127,141
23,16,142,121
23,16,150,119
23,16,155,114
23,16,164,114
23,16,162,81
23,16,184,84
23,16,236,139
23,16,242,135
23,16,242,144
23,16,249,135
23,16,249,142
23,20,28,128
23,20,27,136
23,20,35,127
23,20,34,133
23,20,34,140
23,20,34,96
23,20,41,136
23,20,64,120
23,20,64,127
23,20,71,118
23,20,70,125
23,20,199,94
23,20,205,92
23,20,206,82
23,20,207,58
23,20,212,89
23,22,221,124
23,22,222,130
23,22,228,122
23,22,229,129
23,22,227,135
23,24,64,159
23,24,30,164
23,24,30,171
23,24,35,159
23,24,37,166
23,24,36,174
23,24,43,160
23,24,45,168
23,24,44,174
23,24,50,163
23,24,58,160
23,24,72,158
23,24,129,146
23,24,130,153
23,24,136,159
23,24,144,158
23,24,149,87
23,25,151,96
23,24,155,89
23,24,173,162
23,24,181,161
23,24,187,167
23,24,187,175
23,25,28,154
23,28,43,141
23,28,46,147
23,28,50,153
23,28,48,138
23,28,55,142
23,28,86,155
23,29,89,164
23,28,97,164
23,28,102,156
23,31,202,117
23,31,219,106
23,32,125,136
23,32,126,160
23,32,126,167
23,32,131,155
23,32,132,162
23,32,132,170
23,32,139,158
23,32,139,166
23,32,154,127
23,32,160,129
23,32,161,120
23,32,206,124
23,32,209,115
23,32,214,111
23,32,215,120
23,32,224,114
23,34,38,154
23,34,184,122
23,34,191,120
23,36,56,159
23,36,64,156
23,35,64,164
23,36,66,191
23,36,73,191
23,35,190,126
23,36,63,199
23,36,70,200
23,36,77,200
23,36,79,191
23,36,110,180
23,36,110,187
23,36,116,178
23,36,116,187
23,36,122,180
23,36,122,187
23,36,189,132
23,36,196,131
23,36,203,132
23,39,35,226
23,39,100,246
23,39,167,137
23,40,101,209
23,40,103,199
23,40,111,209
23,40,109,196
23,40,116,199
23,40,157,189
23,40,157,197
23,40,163,185
23,40,163,191
23,40,163,199
23,40,169,183
23,40,169,190
23,40,169,197
23,40,170,143
23,40,175,135
23,40,176,185
23,40,176,192
23,40,179,141
23,40,178,149
23,40,181,155
23,40,188,154
23,40,189,181
23,40,189,189
23,40,222,138
23,40,228,144
23,40,231,137
23,47,214,143
23,48,28,213
23,48,28,221
23,48,41,213
23,48,41,221
23,48,73,189
23,48,74,196
23,48,79,185
23,48,80,192
23,48,81,199
23,48,86,187
23,48,87,194
23,48,106,185
23,48,106,193
23,48,112,182
23,48,113,192
23,48,119,187
23,48,150,245
23,48,172,199
23,48,173,206
23,48,181,206
23,48,204,206
23,48,205,198
23,48,210,207
23,48,212,156
23,48,212,197
23,48,218,205
23,48,216,150
23,48,224,147
23,48,224,155
23,49,105,198
23,50,108,205
23,52,151,193
23,53,152,201
23,50,158,187
23,52,164,194
23,56,214,192
23,56,220,190
23,56,219,198
23,56,228,193
23,28,95,87
23,28,103,85
23,36,191,92
23,47,39,247
23,47,50,162
23,48,56,150
23,48,58,158
23,48,66,149
23,55,141,250
23,4,65,145
23,2,186,46
23,3,201,61
23,4,202,50
23,17,213,166
23,20,195,53
23,21,198,60
23,28,111,84
23,31,60,96
23,31,67,98
23,36,152,91
23,35,158,87
23,35,159,95
23,35,166,92
23,35,173,90
23,35,179,87
23,35,179,93
23,35,186,84
23,36,29,130
23,38,59,249
23,39,136,109
23,39,142,106
23,47,28,141
23,47,27,148
23,47,28,154
23,47,33,140
23,48,34,147
23,47,39,142
23,48,44,154
23,47,46,139
23,48,45,147
23,47,51,138
23,47,52,146
23,47,57,135
23,47,57,142
23,47,63,135
23,47,63,142
23,47,69,135
23,47,76,138
23,47,96,133
23,47,97,228
23,48,161,177
23,47,248,192
23,48,30,159
23,48,35,154
23,48,72,143
23,48,203,119
23,28,7,228
23,30,54,87
23,39,85,115
23,39,90,117
23,48,103,141
23,48,104,147
23,6,146,56
23,6,152,52
23,5,157,121
23,5,159,126
23,5,162,118
23,5,164,123
23,15,11,157
23,15,15,156
23,15,39,70
23,15,53,76
23,15,44,70
23,16,54,30
23,16,62,31
23,16,62,36
23,16,70,32
23,16,206,166
23,22,172,62
23,23,177,67
23,28,87,84
23,31,4,164
23,32,118,94
23,32,112,94
23,34,116,100
23,34,122,100
23,35,28,141
23,36,103,106
23,35,106,105
23,47,108,136
23,47,192,119
23,47,195,114
23,48,46,68
23,48,54,68
23,48,54,74
23,48,62,68
23,48,62,76
23,48,93,141
23,48,94,60
23,48,94,68
23,48,102,62
23,53,165,238
23,54,174,162
23,57,35,250
23,58,39,250
24,13,83,132
24,32,214,157
24,10,40,100
24,10,50,100
24,11,110,75
24,16,48,133
24,19,53,123
24,23,114,178
24,23,185,137
24,36,202,209
24,36,213,205
24,38,205,182
24,39,199,189
24,39,200,197
24,46,123,219
24,46,136,221
24,4,140,59
24,19,167,94
24,21,132,98
24,41,113,213
24,34,115,222
24,50,188,229
24,9,187,97
24,14,56,175
24,18,155,133
24,17,193,81
24,22,202,90
24,30,75,181
24,34,134,173
24,35,151,201
24,38,115,197
24,38,195,142
24,43,30,193
24,7,194,124
24,4,188,52
24,7,202,119
24,7,202,129
24,5,204,62
24,7,211,118
24,7,211,127
24,10,120,111
24,11,212,52
24,12,223,48
24,13,47,173
24,14,65,172
24,14,181,118
24,13,142,81
24,14,146,89
24,15,135,89
24,17,120,136
24,19,42,116
24,19,220,114
24,21,151,145
24,21,34,139
24,24,111,146
24,26,29,201
24,25,36,213
24,25,136,151
24,25,139,160
24,25,145,149
24,25,148,157
24,25,148,94
24,25,180,161
24,26,40,172
24,26,176,153
24,26,183,151
24,29,48,153
24,28,57,153
24,29,90,161
24,29,99,160
24,31,83,175
24,31,84,186
24,31,119,132
24,33,129,130
24,34,78,149
24,35,140,200
24,35,141,211
24,37,112,188
24,37,122,189
24,41,107,206
24,41,161,198
24,41,172,192
24,41,172,203
24,42,146,228
24,43,230,205
24,47,77,227
24,49,43,220
24,49,111,195
24,49,119,190
24,49,216,173
24,48,225,174
24,50,51,219
24,50,51,226
24,52,62,222
24,54,163,200
24,53,216,229
24,55,139,213
24,57,225,205
24,12,167,54
24,13,93,115
24,14,28,131
24,30,76,131
24,34,164,165
24,37,172,172
24,43,141,159
24,45,42,192
24,50,186,203
24,54,196,200
24,7,48,89
24,12,186,70
24,17,82,112
24,21,66,127
24,25,90,124
24,41,182,154
24,47,130,178
24,49,180,214
24,9,212,91
24,22,229,87
24,37,76,203
24,8,136,139
24,13,136,110
24,13,158,112
24,24,182,171
24,29,151,123
24,7,158,123
24,6,163,126
24,8,25,98
24,8,30,92
24,8,31,101
24,8,69,82
24,8,129,142
24,8,145,133
24,8,144,142
24,8,203,87
24,8,204,95
24,12,100,65
24,12,106,61
24,12,113,59
24,12,145,106
24,12,147,99
24,12,149,111
24,12,150,105
24,12,154,97
24,13,159,104
24,12,166,63
24,12,174,63
24,12,175,70
24,12,177,50
24,12,179,56
24,12,180,63
24,12,187,61
24,12,213,65
24,12,214,73
24,12,219,60
24,12,221,67
24,12,222,74
24,14,220,90
24,14,221,97
24,16,88,94
24,16,66,98
24,16,68,106
24,16,72,95
24,16,74,104
24,16,79,94
24,16,80,102
24,16,86,102
24,16,95,103
24,16,95,92
24,16,114,92
24,16,118,84
24,16,123,91
24,16,126,125
24,16,128,144
24,16,130,131
24,16,131,137
24,16,132,122
24,16,137,129
24,16,138,136
24,16,139,122
24,16,144,120
24,16,150,121
24,16,156,120
24,16,162,120
24,16,168,118
24,16,168,126
24,16,180,103
24,16,183,80
24,16,202,117
24,16,204,125
24,17,246,140
24,20,27,101
24,20,28,109
24,20,32,96
24,20,37,103
24,20,36,110
24,20,40,98
24,20,103,112
24,20,105,105
24,20,110,117
24,20,112,111
24,20,113,104
24,22,204,60
24,22,227,124
24,23,228,129
24,23,228,137
24,24,38,200
24,24,45,204
24,24,64,165
24,24,65,151
24,24,65,158
24,24,73,164
24,24,74,151
24,24,75,157
24,24,88,114
24,24,121,154
24,24,123,145
24,24,167,109
24,24,172,168
24,24,173,109
24,24,173,176
24,24,180,106
24,24,178,180
24,24,182,98
24,24,187,179
24,24,191,169
24,24,192,123
24,24,199,120
24,24,199,127
24,24,202,134
24,24,207,120
24,24,208,128
24,25,227,95
24,27,29,162
24,28,46,143
24,28,138,123
24,28,145,117
24,28,144,125
24,30,96,133
24,31,65,149
24,32,152,159
24,32,152,151
24,33,158,125
24,32,159,147
24,32,159,155
24,32,167,149
24,32,167,156
24,32,202,123
24,32,207,117
24,32,208,125
24,32,214,113
24,32,214,120
24,32,220,109
24,32,220,118
24,32,227,111
24,32,227,117
24,33,164,124
24,36,27,173
24,36,28,180
24,36,32,204
24,36,33,169
24,36,34,176
24,36,35,182
24,36,35,211
24,36,39,200
24,36,39,164
24,36,40,171
24,36,41,178
24,36,44,206
24,36,45,162
24,36,46,169
24,36,47,176
24,36,52,165
24,37,58,159
24,36,58,166
24,37,65,158
24,36,65,165
24,36,66,193
24,36,67,201
24,36,72,193
24,36,80,194
24,36,105,149
24,36,109,141
24,36,107,156
24,36,113,148
24,36,114,155
24,36,186,127
24,36,193,125
24,37,53,173
24,38,232,170
24,40,34,228
24,40,42,227
24,40,89,163
24,40,89,171
24,40,95,160
24,40,95,166
24,40,95,174
24,40,101,162
24,40,102,170
24,40,105,248
24,40,143,148
24,40,152,149
24,40,167,142
24,40,174,136
24,40,173,145
24,40,180,143
24,40,224,138
24,40,225,144
24,40,230,137
24,40,231,145
24,43,53,189
24,44,129,169
24,44,218,187
24,44,227,188
24,47,149,204
24,48,26,217
24,48,28,226
24,48,33,219
24,48,50,157
24,48,60,165
24,48,61,154
24,48,63,207
24,48,68,202
24,48,69,209
24,50,72,217
24,48,71,196
24,48,75,190
24,48,75,202
24,48,76,209
24,48,78,196
24,48,83,188
24,48,82,202
24,48,87,196
24,48,126,188
24,48,135,189
24,48,139,180
24,48,149,212
24,48,157,207
24,49,163,184
24,48,174,205
24,48,195,173
24,48,201,168
24,48,201,177
24,48,208,167
24,48,207,175
24,48,207,203
24,48,207,210
24,48,218,201
24,48,219,207
24,48,216,214
24,48,215,149
24,48,224,151
24,50,104,203
24,50,109,210
24,50,154,248
24,56,215,195
24,56,221,193
24,56,228,194
24,57,105,220
24,58,106,227
24,15,232,75
24,44,82,177
24,7,162,93
24,38,31,138
24,48,42,250
24,5,67,102
24,4,225,82
24,5,226,91
24,15,15,159
24,27,27,154
24,28,97,85
24,29,105,87
24,31,82,226
24,35,153,91
24,35,160,94
24,37,188,92
24,37,195,92
24,39,59,250
24,48,29,154
24,48,34,147
24,48,48,145
24,48,51,173
24,48,55,143
24,48,61,142
24,48,64,147
24,48,70,140
24,48,69,154
24,48,94,136
24,49,73,146
24,49,204,123
24,53,165,245
24,54,165,239
24,54,171,247
24,24,172,69
24,15,26,156
24,15,63,57
24,15,63,63
24,15,68,62
24,31,50,111
24,31,53,103
24,31,63,102
24,31,59,108
24,32,7,170
24,41,142,112
24,2,53,59
24,6,66,97
24,4,71,143
24,2,84,68
24,6,148,52
24,16,30,32
24,16,30,38
24,16,38,30
24,16,38,36
24,16,46,30
24,16,54,30
24,16,62,31
24,16,62,44
24,16,68,30
24,16,132,50
24,15,135,55
24,16,46,36
24,16,62,36
24,16,70,36
24,16,78,32
24,19,17,138
24,20,158,62
24,28,88,83
24,27,90,86
24,30,34,119
24,30,42,113
24,31,43,117
24,30,52,94
24,31,48,117
24,32,118,92
24,34,118,98
24,35,103,103
24,35,108,101
24,35,124,102
24,36,103,108
24,36,106,105
24,38,39,129
24,38,52,127
24,38,57,124
24,38,63,117
24,38,62,121
24,40,86,119
24,40,90,121
24,42,84,124
24,42,130,116
24,42,135,118
24,48,122,133
24,48,38,72
24,48,46,66
24,48,46,72
24,48,46,78
24,48,52,68
24,48,52,74
24,48,60,70
24,48,62,76
24,48,70,64
24,48,70,70
24,48,86,60
24,48,86,68
24,48,94,52
24,48,94,58
24,48,94,64
24,48,94,70
24,48,100,56
24,48,100,62
24,48,102,68
24,48,108,136
24,48,118,136
24,48,206,44
24,48,214,36
24,48,214,42
24,48,214,48
24,48,220,40
24,48,220,46
24,49,102,140
25,13,85,139
25,10,114,84
25,9,149,74
25,10,46,102
25,14,50,179
25,15,63,172
25,15,62,183
25,17,51,137
25,19,58,130
25,21,170,99
25,20,129,101
25,27,30,213
25,26,34,205
25,26,182,177
25,26,192,176
25,43,116,220
25,34,166,170
25,42,116,212
25,25,147,98
25,51,54,226
25,52,197,204
25,35,117,226
25,47,179,210
25,19,84,119
25,14,188,76
25,18,147,130
25,38,207,205
25,43,29,201
25,17,122,145
25,18,124,135
25,21,155,138
25,22,151,153
25,30,205,159
25,34,63,160
25,34,213,166
25,34,223,167
25,39,157,201
25,45,49,194
25,7,197,127
25,4,189,55
25,7,205,125
25,5,204,68
25,8,212,126
25,9,133,142
25,9,145,139
25,9,189,100
25,10,117,114
25,11,102,86
25,13,133,113
25,13,96,123
25,13,104,71
25,13,115,69
25,13,171,66
25,13,180,66
25,13,187,66
25,13,221,59
25,14,181,130
25,14,189,130
25,15,68,143
25,15,138,90
25,15,148,92
25,15,181,121
25,17,131,127
25,17,134,138
25,17,139,122
25,17,140,131
25,17,157,125
25,17,164,135
25,17,167,124
25,21,104,114
25,21,112,110
25,21,112,120
25,21,149,144
25,22,159,148
25,23,180,141
25,24,119,186
25,23,190,141
25,25,43,217
25,25,45,207
25,25,72,163
25,25,84,131
25,25,94,124
25,26,181,153
25,27,40,177
25,28,51,177
25,27,135,157
25,27,138,165
25,27,144,154
25,27,147,161
25,27,179,160
25,29,50,147
25,29,89,162
25,29,100,160
25,29,140,128
25,30,149,127
25,30,53,154
25,30,95,170
25,31,73,182
25,31,80,190
25,31,119,133
25,33,163,130
25,33,217,122
25,34,107,226
25,36,125,144
25,35,135,181
25,37,37,210
25,37,44,178
25,37,47,209
25,37,70,201
25,37,80,197
25,38,79,207
25,37,111,155
25,37,139,212
25,37,141,205
25,37,144,218
25,37,147,211
25,37,146,200
25,37,154,210
25,38,172,180
25,37,201,213
25,37,203,220
25,37,207,213
25,37,209,220
25,37,214,179
25,37,213,212
25,37,215,204
25,38,217,219
25,37,221,210
25,38,54,178
25,38,115,202
25,38,124,198
25,39,207,185
25,39,213,192
25,39,217,186
25,42,97,172
25,42,150,159
25,41,182,157
25,41,190,157
25,41,197,196
25,41,204,196
25,45,35,195
25,46,37,204
25,47,126,228
25,47,131,220
25,47,139,224
25,50,72,221
25,50,114,196
25,50,122,196
25,51,110,209
25,17,190,88
25,21,34,107
25,32,83,141
25,37,33,182
25,39,196,148
25,55,166,207
25,9,210,96
25,13,158,113
25,23,71,130
25,48,80,228
25,51,225,178
25,12,167,58
25,21,226,127
25,23,230,91
25,40,167,194
25,45,81,187
25,58,225,208
25,13,148,107
25,23,27,146
25,25,226,98
25,41,229,147
25,49,29,227
25,57,221,239
25,6,63,108
25,6,69,108
25,6,75,109
25,5,158,57
25,5,226,92
25,8,28,98
25,8,27,106
25,9,28,148
25,8,164,127
25,9,166,133
25,8,171,127
25,9,71,87
25,13,156,102
25,12,177,54
25,12,212,69
25,12,215,78
25,12,217,49
25,12,218,68
25,13,223,76
25,12,228,49
25,16,28,155
25,16,26,132
25,16,26,141
25,16,26,165
25,16,33,131
25,16,34,140
25,16,65,101
25,16,68,110
25,16,72,97
25,16,75,107
25,16,78,98
25,16,84,98
25,16,86,105
25,16,92,93
25,16,94,100
25,16,94,109
25,16,100,96
25,16,100,105
25,16,114,96
25,16,176,111
25,16,182,101
25,16,183,108
25,16,190,109
25,16,199,127
25,16,221,98
25,16,224,106
25,17,204,121
25,17,207,128
25,18,211,123
25,18,248,147
25,20,217,115
25,20,218,123
25,19,223,114
25,20,229,117
25,23,39,141
25,24,38,149
25,24,108,180
25,24,109,146
25,24,108,154
25,24,109,193
25,24,115,150
25,24,114,159
25,24,122,150
25,24,121,159
25,24,168,113
25,24,175,114
25,24,192,129
25,24,195,95
25,24,198,102
25,24,197,124
25,24,197,131
25,24,198,139
25,24,202,64
25,24,202,91
25,24,204,100
25,24,204,124
25,24,206,132
25,24,206,138
25,24,208,91
25,24,210,100
25,24,211,126
25,24,216,96
25,24,227,136
25,24,228,144
25,25,127,157
25,25,182,106
25,28,29,162
25,28,30,171
25,32,85,179
25,32,155,157
25,32,154,165
25,32,162,157
25,32,169,157
25,32,220,152
25,32,227,149
25,32,230,156
25,36,84,161
25,36,85,149
25,36,87,155
25,36,179,131
25,36,189,126
25,36,187,134
25,37,62,171
25,40,106,249
25,40,113,250
25,40,157,190
25,40,168,144
25,41,173,148
25,40,205,149
25,44,125,175
25,44,126,182
25,44,132,169
25,44,133,175
25,44,132,181
25,44,137,162
25,44,140,171
25,44,151,232
25,44,227,183
25,44,226,189
25,44,230,206
25,44,232,213
25,45,225,195
25,48,45,162
25,48,53,157
25,48,53,168
25,48,60,159
25,48,61,168
25,48,68,211
25,48,76,211
25,48,77,196
25,48,79,204
25,48,83,195
25,48,88,206
25,48,90,196
25,48,129,187
25,48,132,196
25,48,135,185
25,48,140,196
25,48,142,187
25,48,150,212
25,48,150,220
25,48,156,208
25,48,158,218
25,48,163,211
25,48,186,219
25,48,194,216
25,48,197,179
25,48,201,172
25,48,203,181
25,48,210,173
25,48,210,181
25,48,210,214
25,48,212,207
25,48,213,220
25,48,217,214
25,48,221,154
25,48,222,206
25,48,220,221
25,48,225,215
25,49,164,185
25,49,164,192
25,49,216,177
25,49,194,234
25,56,133,216
25,56,135,223
25,56,140,212
25,56,142,222
25,56,148,217
25,56,214,200
25,56,220,196
25,56,227,197
25,38,33,150
25,48,31,155
25,48,68,154
25,48,29,166
25,50,154,249
25,7,162,93
25,8,168,90
25,8,167,97
25,15,61,69
25,15,68,65
25,15,231,78
25,16,240,77
25,36,104,105
25,37,108,109
25,43,127,119
25,43,134,127
25,43,135,119
25,43,140,126
25,43,142,117
25,43,149,122
25,43,240,211
25,48,37,162
25,48,38,170
25,48,39,152
25,48,46,151
25,49,51,149
25,48,221,245
25,49,47,177
25,49,53,177
25,49,58,147
25,49,60,176
25,49,74,146
25,49,82,143
25,54,175,241
25,55,166,250
25,55,171,248
25,55,176,249
25,59,108,229
25,31,110,94
25,31,115,98
25,48,39,251
25,6,246,76
25,27,91,90
25,28,101,90
25,31,46,111
25,31,53,112
25,31,62,109
25,41,36,229
25,49,91,142
25,2,42,64
25,2,43,74
25,2,53,60
25,4,58,69
25,2,62,58
25,5,61,147
25,3,64,67
25,4,65,76
25,5,68,142
25,4,67,152
25,4,71,147
25,3,70,70
25,4,75,74
25,4,82,69
25,4,83,76
25,4,88,81
25,2,97,59
25,4,93,72
25,4,240,46
25,16,46,31
25,15,46,70
25,16,54,30
25,16,38,32
25,16,46,36
25,16,54,36
25,16,62,32
25,16,78,30
25,24,126,63
25,23,124,68
25,24,174,72
25,30,48,103
25,31,43,117
25,31,48,117
25,31,54,100
25,31,68,106
25,33,9,175
25,35,157,96
25,35,158,102
25,36,121,106
25,36,154,99
25,36,188,98
25,38,86,121
25,39,239,171
25,39,242,172
25,43,86,130
25,42,124,110
25,42,158,112
25,42,158,117
25,43,90,130
25,43,118,120
25,44,84,134
25,44,89,133
25,48,38,70
25,48,38,76
25,48,38,82
25,48,44,76
25,48,44,82
25,48,46,68
25,48,52,70
25,48,52,76
25,48,54,82
25,48,60,76
25,48,62,68
25,48,70,72
25,48,94,60
25,48,94,66
25,48,94,72
25,48,102,60
25,48,102,66
25,48,102,72
25,48,206,124
25,52,240,223
25,57,57,249
26,26,34,212
26,13,47,110
26,33,209,163
26,13,88,142
26,11,169,62
26,26,186,179
26,27,179,157
26,38,203,219
26,38,215,217
26,47,181,216
26,17,83,119
26,21,171,100
26,11,165,137
26,13,146,82
26,44,30,202
26,34,165,170
26,45,125,223
26,11,113,88
26,19,50,123
26,8,188,102
26,14,132,114
26,18,120,144
26,35,70,161
26,38,80,206
26,38,169,182
26,38,212,196
26,46,39,196
26,47,44,199
26,9,30,105
26,8,46,95
26,9,132,146
26,9,144,143
26,10,118,120
26,11,57,99
26,13,94,130
26,13,95,121
26,13,101,74
26,14,114,67
26,14,112,77
26,13,150,106
26,14,153,116
26,13,161,110
26,13,215,59
26,13,225,55
26,15,51,148
26,18,54,136
26,16,51,184
26,16,65,178
26,16,64,189
26,15,176,125
26,15,185,122
26,15,181,75
26,15,185,132
26,15,192,72
26,17,122,99
26,17,128,129
26,17,134,126
26,17,135,136
26,17,141,123
26,17,142,132
26,17,151,127
26,17,158,123
26,17,157,133
26,17,166,122
26,17,166,130
26,17,190,87
26,18,120,134
26,18,129,143
26,22,35,110
26,22,100,181
26,22,101,190
26,21,110,115
26,21,107,178
26,22,110,184
26,22,109,192
26,20,217,124
26,21,227,126
26,23,155,143
26,23,150,152
26,23,174,143
26,23,183,141
26,25,86,129
26,25,97,122
26,25,97,132
26,25,118,185
26,25,121,194
26,25,127,181
26,25,130,190
26,25,141,101
26,25,148,95
26,25,178,109
26,26,197,177
26,27,144,158
26,29,48,186
26,29,49,149
26,30,55,158
26,29,89,164
26,29,97,159
26,30,96,172
26,29,104,163
26,30,144,129
26,30,67,184
26,30,76,181
26,30,75,191
26,31,83,186
26,33,217,122
26,33,227,121
26,34,162,131
26,35,127,142
26,35,135,188
26,35,136,179
26,37,35,214
26,38,45,213
26,37,107,157
26,37,115,150
26,37,115,161
26,37,139,213
26,37,140,220
26,37,144,205
26,38,146,212
26,37,148,220
26,38,154,206
26,37,154,215
26,37,212,184
26,37,219,190
26,38,70,205
26,39,55,182
26,41,178,156
26,42,186,163
26,41,196,204
26,41,202,197
26,41,207,203
26,42,94,174
26,42,102,172
26,43,113,224
26,45,55,190
26,45,56,198
26,45,132,173
26,45,142,169
26,47,133,220
26,47,131,229
26,46,144,226
26,49,73,218
26,49,69,226
26,49,138,193
26,49,192,212
26,50,42,226
26,50,52,226
26,51,57,228
26,51,112,209
26,51,224,181
26,55,197,209
26,50,114,196
26,7,152,68
26,23,199,97
26,44,226,192
26,45,78,191
26,45,129,182
26,51,125,198
26,31,78,138
26,38,32,183
26,49,29,228
26,3,53,70
26,5,73,151
26,6,168,98
26,5,187,55
26,28,146,165
26,34,115,230
26,39,192,148
26,57,218,204
26,58,227,210
26,7,66,109
26,6,73,110
26,5,226,95
26,7,70,116
26,4,201,77
26,8,205,58
26,8,29,148
26,8,158,77
26,8,198,124
26,8,198,131
26,8,204,121
26,8,204,128
26,8,204,135
26,8,210,121
26,8,210,127
26,8,210,135
26,8,217,121
26,8,218,127
26,8,216,133
26,9,70,87
26,10,203,100
26,10,208,98
26,10,215,98
26,12,99,87
26,12,210,72
26,13,218,76
26,16,19,165
26,16,25,135
26,16,26,144
26,16,29,155
26,16,29,161
26,16,28,169
26,16,32,135
26,16,34,142
26,16,64,146
26,16,66,103
26,16,67,112
26,16,67,139
26,16,68,152
26,16,73,145
26,16,72,99
26,16,73,108
26,16,75,137
26,16,74,152
26,16,78,100
26,16,81,154
26,16,84,103
26,16,90,97
26,16,90,105
26,16,97,110
26,16,98,95
26,16,99,102
26,16,134,90
26,16,135,98
26,16,146,97
26,16,176,114
26,16,181,108
26,16,189,111
26,16,222,101
26,18,206,132
26,20,44,132
26,20,219,115
26,20,227,115
26,20,247,151
26,22,26,150
26,23,70,129
26,24,30,143
26,24,32,150
26,24,38,141
26,24,41,146
26,24,41,153
26,24,66,168
26,24,68,155
26,24,66,161
26,24,75,168
26,24,75,156
26,24,76,130
26,24,81,162
26,24,111,148
26,25,113,158
26,24,119,151
26,25,125,153
26,24,132,111
26,24,140,114
26,24,189,132
26,24,193,138
26,24,195,127
26,24,197,62
26,24,199,134
26,24,199,141
26,24,203,126
26,24,207,61
26,24,204,68
26,24,207,134
26,24,206,103
26,24,208,93
26,24,213,99
26,24,226,135
26,24,227,143
26,24,228,92
26,25,228,99
26,24,236,94
26,28,27,163
26,28,27,172
26,28,38,180
26,28,44,176
26,28,50,177
26,29,115,133
26,28,134,155
26,28,135,163
26,29,33,170
26,32,93,140
26,32,101,141
26,32,154,156
26,32,152,164
26,32,161,153
26,32,161,160
26,32,168,154
26,32,167,161
26,32,219,152
26,32,226,149
26,32,225,156
26,32,225,163
26,32,231,153
26,32,231,160
26,34,207,128
26,37,86,154
26,37,87,163
26,36,182,131
26,36,191,130
26,36,205,176
26,36,213,175
26,38,34,157
26,38,29,152
26,38,28,161
26,38,40,154
26,38,41,184
26,38,48,177
26,40,117,196
26,40,160,197
26,40,111,199
26,40,114,207
26,40,121,206
26,40,124,194
26,40,127,201
26,40,154,193
26,40,167,196
26,40,199,156
26,40,201,147
26,40,206,154
26,41,170,148
26,42,229,146
26,42,153,157
26,42,153,165
26,42,169,155
26,42,228,152
26,44,231,211
26,47,156,210
26,48,37,164
26,48,44,160
26,48,43,170
26,48,51,160
26,48,51,169
26,49,60,159
26,49,60,171
26,48,76,200
26,49,79,209
26,48,83,228
26,48,83,199
26,49,87,211
26,48,89,197
26,48,92,205
26,48,150,216
26,48,156,220
26,48,163,210
26,48,163,219
26,48,201,180
26,48,203,186
26,48,209,178
26,48,209,211
26,48,211,186
26,48,213,155
26,48,212,219
26,48,215,206
26,48,216,213
26,49,221,156
26,48,220,220
26,48,223,208
26,48,226,215
26,50,166,190
26,54,215,232
26,55,133,214
26,56,80,226
26,56,134,222
26,56,140,214
26,56,142,223
26,56,147,218
26,56,160,212
26,56,167,208
26,56,167,217
26,56,174,209
26,56,174,216
26,56,218,198
26,16,230,78
26,48,29,155
26,48,29,166
26,4,85,72
26,5,89,81
26,3,97,65
26,25,171,69
26,26,180,69
26,25,184,66
26,27,88,87
26,27,180,76
26,30,106,90
26,31,45,109
26,31,45,117
26,31,49,102
26,31,52,112
26,31,55,100
26,31,57,108
26,31,63,106
26,38,182,99
26,37,189,98
26,39,30,143
26,41,38,229
26,43,125,119
26,43,132,119
26,43,134,128
26,43,139,120
26,43,139,132
26,43,141,127
26,43,145,118
26,43,146,132
26,43,147,126
26,43,152,117
26,43,153,125
26,43,160,120
26,43,239,210
26,43,239,215
26,49,68,157
26,49,69,166
26,49,220,245
26,49,35,155
26,49,41,153
26,49,45,180
26,49,47,151
26,49,52,179
26,49,55,149
26,49,74,157
26,49,76,165
26,51,192,240
26,52,192,246
26,51,197,238
26,52,198,245
26,53,172,232
26,59,110,233
26,24,127,62
26,37,108,110
26,51,158,250
26,24,127,54
26,43,117,117
26,52,240,225
26,6,42,68
26,6,45,74
26,6,48,64
26,6,51,70
26,6,54,62
26,6,56,76
26,6,57,68
26,6,60,62
26,6,63,68
26,4,121,67
26,3,125,75
26,6,184,48
26,6,194,78
26,6,200,78
26,15,38,70
26,16,64,54
26,16,66,61
26,16,70,66
26,16,70,51
26,16,70,57
26,16,74,62
26,15,74,68
26,16,77,53
26,16,38,32
26,16,38,38
26,16,44,32
26,16,44,38
26,16,52,30
26,16,62,70
26,16,76,46
26,16,78,32
26,16,86,30
26,16,134,52
26,23,214,176
26,31,70,104
26,36,155,95
26,36,159,100
26,36,159,94
26,35,164,99
26,36,164,105
26,36,119,107
26,36,124,108
26,36,153,99
26,36,198,98
26,38,56,128
26,39,60,127
26,38,238,172
26,39,34,137
26,39,241,172
26,43,86,127
26,43,91,127
26,42,110,117
26,42,120,112
26,42,126,111
26,42,160,112
26,42,166,117
26,44,86,132
26,44,90,132
26,48,38,76
26,48,46,74
26,48,46,80
26,48,54,68
26,48,54,76
26,50,70,146
26,50,76,146
26,48,214,38
26,48,214,44
26,48,214,52
26,48,220,38
26,48,220,44
26,48,220,52
26,50,83,146
26,50,81,150
26,50,88,146
26,50,93,144
26,50,100,144
26,50,208,126
26,50,212,125
26,52,210,131
26,52,214,129
26,52,220,125
26,52,221,128
26,52,226,126
26,54,117,249
26,59,226,246
27,11,168,64
27,27,34,214
27,15,161,137
27,13,185,109
27,10,134,146
27,14,31,151
27,15,87,136
27,14,94,145
27,18,76,152
27,18,87,156
27,20,122,145
27,22,97,194
27,27,129,193
27,30,72,188
27,30,180,160
27,45,32,207
27,14,127,115
27,26,142,105
27,14,106,81
27,14,214,100
27,18,191,85
27,29,144,162
27,34,208,170
27,18,135,137
27,25,177,106
27,14,45,111
27,14,224,57
27,18,157,124
27,25,178,149
27,35,66,157
27,42,201,211
27,13,213,57
27,18,48,122
27,26,85,166
27,29,93,136
27,34,122,141
27,34,165,167
27,46,137,174
27,50,73,227
27,50,84,207
27,7,226,96
27,9,151,76
27,9,199,128
27,9,207,124
27,9,207,134
27,9,215,123
27,9,215,131
27,11,29,109
27,11,115,118
27,14,105,93
27,12,115,92
27,13,209,71
27,15,155,112
27,14,215,78
27,15,140,82
27,15,150,84
27,15,152,105
27,15,158,118
27,17,30,141
27,17,27,167
27,16,52,190
27,16,66,190
27,17,69,108
27,18,80,110
27,17,95,110
27,17,136,98
27,17,146,96
27,18,129,129
27,17,134,124
27,19,125,137
27,19,143,128
27,18,204,131
27,22,222,126
27,23,33,113
27,23,52,131
27,25,33,151
27,25,75,164
27,25,112,153
27,25,117,159
27,25,124,156
27,25,174,139
27,25,185,136
27,25,192,131
27,25,193,141
27,25,202,135
27,25,209,101
27,28,182,185
27,28,194,181
27,30,46,183
27,29,136,157
27,29,192,190
27,31,46,155
27,31,55,157
27,31,90,171
27,31,96,165
27,31,103,168
27,33,218,161
27,33,226,159
27,35,158,163
27,35,225,126
27,38,71,164
27,36,135,185
27,38,140,209
27,37,141,218
27,38,146,203
27,37,149,210
27,37,150,218
27,38,155,208
27,38,85,161
27,38,113,156
27,38,166,176
27,39,206,226
27,39,68,208
27,39,76,204
27,39,77,215
27,39,84,207
27,39,112,166
27,40,173,182
27,39,199,220
27,39,200,228
27,39,208,217
27,39,211,191
27,39,215,227
27,39,217,218
27,43,184,161
27,43,196,204
27,42,205,200
27,47,62,196
27,45,74,195
27,45,112,226
27,46,122,226
27,46,127,183
27,45,141,166
27,45,148,172
27,45,219,188
27,45,221,198
27,45,227,191
27,47,132,226
27,46,143,227
27,48,179,222
27,49,178,212
27,49,190,214
27,50,212,185
27,51,132,198
27,51,141,196
27,6,167,97
27,6,40,91
27,51,117,202
27,41,195,158
27,57,141,225
27,11,70,86
27,30,80,135
27,57,168,218
27,8,71,157
27,8,79,157
27,20,120,102
27,25,238,97
27,27,98,126
27,27,229,100
27,33,153,136
27,35,158,134
27,39,40,213
27,44,96,182
27,45,103,228
27,50,75,169
27,50,109,198
27,51,164,191
27,4,57,68
27,5,120,76
27,6,126,76
27,5,179,56
27,6,188,55
27,8,62,110
27,8,62,117
27,8,68,110
27,8,68,119
27,8,75,111
27,8,75,119
27,8,89,79
27,8,87,87
27,8,88,93
27,8,166,106
27,8,195,58
27,8,203,66
27,8,205,57
27,12,57,107
27,13,59,98
27,12,64,94
27,12,73,93
27,16,180,131
27,15,180,137
27,16,37,121
27,16,44,143
27,16,44,152
27,16,50,141
27,16,51,148
27,16,51,156
27,16,56,140
27,16,57,147
27,16,57,155
27,16,63,141
27,16,65,179
27,16,64,147
27,16,63,154
27,16,113,68
27,16,123,65
27,16,121,73
27,16,138,114
27,16,174,126
27,16,178,76
27,16,182,144
27,16,184,71
27,16,188,125
27,16,189,132
27,16,190,139
27,16,190,70
27,16,197,73
27,16,225,75
27,16,226,102
27,16,229,82
27,16,231,75
27,20,196,96
27,21,240,155
27,21,248,154
27,23,104,114
27,24,63,127
27,24,62,136
27,24,69,127
27,24,69,137
27,24,76,133
27,24,105,120
27,24,106,126
27,24,110,111
27,24,114,116
27,24,113,124
27,24,144,145
27,24,150,142
27,24,157,147
27,24,197,101
27,24,218,136
27,24,221,144
27,24,228,136
27,24,228,144
27,25,203,63
27,25,215,64
27,26,173,65
27,26,204,71
27,26,214,71
27,28,89,126
27,29,86,92
27,31,30,173
27,31,35,177
27,31,71,136
27,32,73,144
27,32,80,145
27,32,88,145
27,32,94,146
27,32,97,153
27,32,102,144
27,32,140,132
27,32,141,140
27,32,148,129
27,32,146,138
27,34,111,231
27,34,202,129
27,35,209,126
27,35,210,133
27,36,129,153
27,36,162,141
27,36,165,132
27,36,171,136
27,36,180,132
27,36,186,126
27,37,187,134
27,36,194,127
27,40,28,181
27,40,31,189
27,40,34,179
27,40,36,188
27,40,39,221
27,40,41,182
27,40,41,191
27,40,47,221
27,40,48,182
27,40,48,190
27,40,51,209
27,40,53,216
27,40,56,182
27,40,58,190
27,40,112,200
27,40,113,207
27,40,118,195
27,40,119,202
27,40,120,210
27,40,126,197
27,40,127,206
27,41,153,197
27,40,159,189
27,40,160,199
27,40,167,191
27,40,166,198
27,40,191,149
27,40,199,148
27,41,204,155
27,43,171,151
27,44,89,176
27,44,94,172
27,44,100,171
27,44,105,178
27,44,151,161
27,44,155,167
27,44,156,173
27,44,159,161
27,44,164,167
27,44,179,170
27,44,182,176
27,44,188,171
27,44,225,153
27,44,231,207
27,45,231,213
27,44,231,152
27,48,51,195
27,48,45,202
27,48,54,204
27,48,145,219
27,48,151,213
27,48,151,219
27,48,151,226
27,48,157,211
27,48,157,218
27,48,158,225
27,48,164,213
27,48,165,221
27,48,209,216
27,49,218,213
27,48,219,222
27,49,200,180
27,49,214,155
27,50,202,187
27,50,219,161
27,52,102,212
27,52,108,218
27,52,110,212
27,52,222,179
27,53,222,188
27,52,229,181
27,52,229,189
27,56,131,221
27,56,137,217
27,56,194,206
27,56,191,213
27,40,231,173
27,52,47,230
27,56,213,231
27,59,223,211
27,4,200,85
27,39,29,160
27,6,45,71
27,6,51,68
27,7,245,51
27,7,246,79
27,17,131,60
27,25,160,70
27,27,126,69
27,27,133,69
27,27,176,77
27,27,183,72
27,31,52,103
27,31,60,102
27,31,68,99
27,40,30,150
27,39,37,156
27,40,238,173
27,41,30,138
27,49,30,155
27,49,47,164
27,49,53,161
27,49,52,167
27,49,60,161
27,49,59,167
27,51,108,166
27,52,195,241
27,52,197,246
27,26,130,58
27,36,151,92
27,36,158,91
27,37,158,98
27,6,27,86
27,6,29,92
27,6,33,82
27,4,40,119
27,4,93,63
27,4,94,108
27,4,99,115
27,4,99,58
27,4,100,64
27,4,102,108
27,4,100,70
27,16,94,32
27,16,58,66
27,16,62,60
27,16,86,30
27,16,94,36
27,18,62,72
27,19,68,74
27,24,158,36
27,26,126,50
27,26,132,49
27,26,139,60
27,26,142,69
27,26,150,70
27,26,166,38
27,26,172,46
27,26,181,53
27,26,188,55
27,26,189,64
27,30,62,86
27,32,46,108
27,36,134,90
27,36,141,91
27,36,197,98
27,36,202,99
27,36,117,106
27,36,121,99
27,37,122,104
27,36,126,99
27,36,144,94
27,36,166,105
27,36,190,96
27,36,208,98
27,38,118,110
27,38,124,110
27,38,158,106
27,40,38,134
27,44,158,116
27,43,164,116
27,44,164,119
27,44,205,112
27,44,210,110
27,47,61,250
27,46,136,134
27,46,140,134
27,46,142,137
27,46,204,121
27,46,210,121
27,48,54,70
27,48,214,38
27,48,214,44
27,48,220,46
27,48,222,40
27,50,217,250
27,50,38,155
27,52,44,155
27,52,51,152
27,52,58,152
27,52,64,152
27,52,71,152
27,52,78,151
27,52,84,148
27,52,82,153
27,52,90,146
27,52,159,251
27,52,210,128
27,52,216,128
27,54,212,134
27,57,58,247
27,59,108,231
27,59,110,236
28,16,162,134
28,26,34,215
28,13,172,65
28,34,211,170
28,13,133,151
28,19,30,148
28,11,192,104
28,14,129,117
28,16,49,117
28,18,53,194
28,18,61,187
28,18,61,199
28,18,70,193
28,18,86,150
28,22,90,196
28,22,99,198
28,27,124,202
28,31,72,188
28,30,83,191
28,30,142,164
28,30,184,159
28,6,169,101
28,18,30,162
28,21,124,146
28,26,181,142
28,38,71,164
28,46,35,209
28,14,141,143
28,14,219,102
28,23,140,96
28,26,120,157
28,25,131,103
28,31,96,139
28,4,62,71
28,12,213,59
28,14,92,133
28,14,155,83
28,18,186,115
28,18,148,96
28,42,205,200
28,6,39,90
28,15,224,56
28,17,202,133
28,26,181,108
28,30,189,192
28,33,120,140
28,43,200,160
28,46,223,196
28,46,68,196
28,45,119,228
28,7,185,57
28,9,73,160
28,9,82,158
28,9,81,166
28,9,90,86
28,9,199,59
28,10,206,63
28,11,156,75
28,11,204,130
28,11,212,126
28,11,211,137
28,12,220,131
28,13,31,111
28,13,53,104
28,15,116,93
28,15,213,75
28,17,48,151
28,17,59,147
28,17,59,156
28,16,187,123
28,17,193,81
28,17,150,106
28,19,28,171
28,19,75,111
28,19,76,148
28,19,131,132
28,18,139,125
28,19,140,136
28,21,126,139
28,21,200,90
28,23,226,128
28,25,152,153
28,25,150,144
28,25,158,143
28,25,205,99
28,27,211,103
28,27,38,151
28,27,75,166
28,27,141,110
28,27,144,116
28,27,146,122
28,27,194,133
28,27,195,144
28,27,204,139
28,29,183,184
28,29,194,183
28,33,226,162
28,34,107,231
28,35,160,165
28,36,172,170
28,37,130,150
28,37,131,180
28,37,133,188
28,37,140,177
28,38,142,209
28,38,144,218
28,38,151,206
28,37,153,214
28,38,140,186
28,39,77,206
28,39,87,162
28,39,215,198
28,41,116,205
28,41,126,200
28,41,125,209
28,41,199,152
28,40,206,227
28,41,217,226
28,43,196,207
28,45,92,176
28,45,94,184
28,45,101,176
28,45,103,183
28,45,152,167
28,46,161,169
28,45,182,170
28,45,188,168
28,45,194,170
28,45,227,187
28,45,229,213
28,47,127,187
28,47,138,174
28,47,147,174
28,49,89,208
28,49,175,216
28,49,182,222
28,49,183,210
28,49,192,216
28,51,79,228
28,51,109,201
28,51,119,200
28,58,193,214
28,30,46,186
28,33,148,135
28,19,97,114
28,31,55,189
28,37,165,140
28,37,188,131
28,50,218,159
28,25,86,128
28,4,200,87
28,7,46,70
28,7,52,69
28,7,202,75
28,8,66,117
28,8,68,109
28,8,75,117
28,8,76,110
28,8,124,74
28,8,128,81
28,8,131,75
28,8,223,93
28,8,230,94
28,12,69,89
28,12,115,113
28,12,116,121
28,12,205,101
28,13,70,98
28,13,76,89
28,13,77,96
28,16,150,117
28,16,157,111
28,16,102,90
28,16,103,98
28,16,103,74
28,16,103,83
28,16,109,71
28,16,109,79
28,16,118,69
28,16,117,77
28,16,141,83
28,16,163,108
28,16,165,116
28,16,179,78
28,16,178,129
28,16,182,139
28,16,185,73
28,16,186,131
28,16,188,140
28,16,192,72
28,16,225,68
28,16,228,74
28,16,227,81
28,20,97,105
28,22,87,117
28,22,237,158
28,22,247,158
28,24,27,113
28,24,33,119
28,24,37,109
28,24,53,130
28,24,59,125
28,24,62,131
28,24,62,137
28,24,109,119
28,25,110,127
28,24,117,115
28,25,118,122
28,24,118,128
28,24,171,103
28,24,220,136
28,24,226,147
28,24,229,139
28,25,78,131
28,27,159,69
28,27,169,71
28,27,175,62
28,27,94,125
28,28,102,127
28,28,148,101
28,28,156,101
28,28,192,114
28,28,194,106
28,27,238,99
28,29,154,108
28,31,52,152
28,31,61,159
28,31,90,166
28,32,96,164
28,32,95,171
28,32,34,174
28,32,51,161
28,32,71,135
28,32,74,143
28,32,78,133
28,32,81,141
28,32,89,176
28,32,95,179
28,32,103,177
28,32,103,162
28,32,105,169
28,36,208,134
28,36,213,130
28,36,214,138
28,36,220,127
28,36,220,135
28,36,228,123
28,36,228,131
28,40,30,181
28,40,32,188
28,40,36,180
28,40,38,186
28,40,38,192
28,40,43,184
28,40,45,192
28,40,44,219
28,40,45,211
28,40,55,186
28,40,51,220
28,40,53,209
28,41,57,193
28,40,59,215
28,40,106,162
28,40,109,169
28,40,112,154
28,40,117,160
28,40,118,168
28,40,155,197
28,40,162,190
28,40,162,196
28,40,162,203
28,40,167,185
28,40,170,192
28,40,170,199
28,40,177,186
28,40,198,222
28,40,231,177
28,44,169,157
28,44,173,149
28,44,175,159
28,44,182,155
28,44,230,154
28,44,237,213
28,48,48,196
28,48,49,204
28,48,55,194
28,48,56,200
28,48,56,207
28,48,76,206
28,48,80,199
28,48,134,221
28,48,135,229
28,48,141,219
28,48,142,225
28,48,142,231
28,48,147,219
28,48,148,227
28,48,152,212
28,48,153,218
28,48,155,226
28,48,158,209
28,48,159,215
28,48,160,223
28,48,165,208
28,48,166,214
28,48,167,221
28,49,208,214
28,48,214,224
28,48,220,217
28,50,79,174
28,52,68,228
28,52,108,215
28,52,115,216
28,52,127,201
28,52,134,197
28,52,134,206
28,52,141,194
28,52,142,203
28,52,160,197
28,52,167,195
28,52,209,184
28,52,209,191
28,54,223,187
28,54,229,188
28,58,142,224
28,27,199,63
28,26,208,64
28,27,134,60
28,40,30,155
28,59,173,227
28,4,102,108
28,4,98,67
28,5,102,74
28,2,118,59
28,8,245,52
28,8,249,79
28,27,127,68
28,27,128,59
28,27,132,68
28,27,133,52
28,27,140,67
28,27,141,57
28,27,174,50
28,27,181,52
28,28,181,73
28,28,188,68
28,27,188,54
28,27,190,60
28,27,204,72
28,27,211,72
28,27,214,64
28,27,215,77
28,27,217,70
28,27,222,63
28,27,224,68
28,28,188,74
28,37,124,106
28,39,28,164
28,40,37,158
28,41,29,145
28,41,30,137
28,47,130,129
28,47,134,134
28,47,137,127
28,48,138,139
28,47,141,133
28,47,143,127
28,47,145,140
28,47,150,131
28,47,152,138
28,49,54,162
28,49,47,163
28,49,54,169
28,52,43,229
28,53,49,228
28,53,48,234
28,53,196,246
28,55,214,229
28,55,219,229
28,59,164,220
28,59,173,217
28,58,214,205
28,60,224,213
28,48,97,137
28,48,30,156
28,49,37,155
28,5,39,124
28,5,43,121
28,4,136,69
28,4,142,70
28,3,145,44
28,3,147,54
28,2,161,35
28,3,153,52
28,16,94,30
28,24,210,178
28,24,213,178
28,26,52,97
28,26,142,49
28,26,156,38
28,26,163,38
28,26,166,45
28,26,167,39
28,26,174,40
28,27,52,100
28,28,80,85
28,28,86,85
28,28,87,88
28,32,44,110
28,32,46,100
28,32,49,105
28,37,206,102
28,38,110,108
28,38,156,105
28,38,161,108
28,44,204,114
28,46,170,126
28,46,208,119
28,47,62,250
28,48,38,72
28,48,38,78
28,48,46,76
28,48,54,72
28,48,54,78
28,50,46,153
28,57,59,247
29,36,218,167
29,29,37,216
29,23,148,99
29,29,83,196
29,5,58,68
29,15,136,150
29,14,168,68
29,14,176,66
29,14,183,65
29,14,222,99
29,19,162,126
29,18,191,114
29,19,63,197
29,26,136,104
29,28,186,147
29,30,115,203
29,30,126,198
29,30,126,207
29,39,154,213
29,41,207,226
29,42,218,224
29,50,182,215
29,50,194,212
29,50,192,220
29,34,101,143
29,7,170,100
29,12,195,102
29,35,178,163
29,38,171,171
29,14,156,79
29,17,152,89
29,19,203,134
29,7,76,78
29,26,159,139
29,14,159,138
29,14,209,139
29,14,216,62
29,14,221,133
29,16,169,140
29,21,30,149
29,18,31,162
29,19,51,120
29,22,168,135
29,25,125,150
29,28,187,109
29,26,210,100
29,32,83,138
29,45,63,195
29,45,199,161
29,13,88,160
29,18,184,124
29,19,188,122
29,38,130,149
29,39,139,184
29,10,193,59
29,13,77,162
29,13,85,169
29,13,207,128
29,14,27,112
29,14,93,147
29,14,167,79
29,15,37,109
29,15,36,119
29,15,89,137
29,15,102,141
29,16,115,95
29,17,185,129
29,17,185,140
29,18,53,147
29,19,63,151
29,19,134,118
29,19,54,155
29,19,75,194
29,19,193,80
29,21,25,173
29,21,34,172
29,22,132,137
29,21,141,128
29,21,141,136
29,25,29,115
29,25,39,113
29,27,151,147
29,27,160,149
29,29,146,109
29,29,150,124
29,29,153,115
29,29,199,133
29,29,200,143
29,30,100,130
29,31,140,158
29,31,145,167
29,31,150,157
29,31,189,163
29,31,187,192
29,31,197,191
29,33,102,175
29,41,115,163
29,41,163,199
29,41,171,195
29,42,53,216
29,42,125,203
29,43,58,222
29,45,199,201
29,45,205,210
29,45,207,200
29,46,113,228
29,47,124,227
29,45,31,214
29,47,189,170
29,49,55,203
29,51,82,207
29,51,95,211
29,14,53,103
29,26,226,135
29,32,47,188
29,50,215,215
29,6,202,86
29,9,46,94
29,13,86,94
29,17,108,80
29,23,203,89
29,27,63,139
29,35,150,137
29,37,216,134
29,50,167,207
29,39,187,134
29,41,38,186
29,10,75,116
29,17,229,62
29,20,92,153
29,21,85,158
29,27,117,119
29,29,45,152
29,29,67,164
29,29,113,162
29,29,121,163
29,39,164,141
29,46,233,213
29,7,42,124
29,4,31,82
29,6,32,94
29,8,43,84
29,8,98,72
29,8,101,78
29,8,104,66
29,8,107,73
29,8,183,100
29,11,119,112
29,12,120,120
29,11,128,109
29,10,130,117
29,10,129,79
29,10,135,80
29,12,85,85
29,12,92,79
29,12,91,86
29,12,93,92
29,12,93,99
29,12,97,83
29,12,206,59
29,13,100,90
29,16,64,116
29,16,64,106
29,16,70,104
29,16,71,94
29,16,79,101
29,16,79,91
29,16,82,129
29,16,87,124
29,16,93,124
29,16,100,126
29,16,110,70
29,16,117,68
29,16,119,82
29,16,127,96
29,16,149,112
29,16,150,120
29,16,156,110
29,16,162,113
29,16,164,106
29,16,170,114
29,16,211,74
29,16,214,82
29,16,218,75
29,16,223,83
29,16,225,71
29,16,229,52
29,16,228,76
29,17,120,73
29,20,73,150
29,20,77,156
29,20,79,144
29,20,79,150
29,21,101,106
29,21,75,116
29,21,86,147
29,21,102,114
29,24,125,108
29,24,223,124
29,24,230,123
29,24,247,159
29,28,38,146
29,28,39,154
29,28,71,170
29,28,74,162
29,28,79,170
29,28,118,129
29,28,124,117
29,28,126,125
29,28,166,70
29,28,171,76
29,28,174,64
29,29,182,75
29,28,180,62
29,28,189,63
29,28,210,133
29,28,209,141
29,28,222,96
29,28,221,104
29,29,84,167
29,30,158,106
29,32,53,146
29,32,52,153
29,32,52,159
29,32,59,186
29,32,57,194
29,32,61,150
29,32,62,157
29,32,61,163
29,32,90,170
29,32,96,165
29,32,105,164
29,36,109,230
29,36,109,237
29,36,155,144
29,38,228,130
29,40,75,163
29,40,217,192
29,40,68,163
29,41,68,170
29,40,70,204
29,40,72,213
29,40,76,170
29,40,75,198
29,40,77,205
29,40,78,213
29,40,81,163
29,40,82,197
29,40,86,203
29,40,86,211
29,41,88,158
29,40,87,168
29,41,95,163
29,40,117,110
29,40,129,163
29,40,172,142
29,40,176,184
29,40,184,180
29,40,197,132
29,40,210,189
29,40,217,185
29,40,216,199
29,44,200,153
29,44,209,154
29,46,179,156
29,47,222,193
29,47,229,156
29,48,41,203
29,48,43,210
29,48,43,217
29,48,76,190
29,48,77,198
29,48,94,179
29,48,96,187
29,48,100,177
29,48,102,184
29,48,102,191
29,48,108,180
29,48,109,187
29,48,121,187
29,49,122,195
29,48,127,184
29,48,128,193
29,48,134,184
29,48,133,220
29,48,135,191
29,48,135,227
29,48,137,174
29,48,139,181
29,48,139,217
29,48,142,223
29,48,142,230
29,48,144,171
29,48,145,180
29,48,146,216
29,48,148,222
29,48,148,229
29,48,150,171
29,48,151,179
29,48,153,219
29,48,156,228
29,48,156,169
29,48,157,178
29,48,159,216
29,48,163,169
29,48,163,223
29,48,163,175
29,48,163,182
29,48,169,218
29,48,170,173
29,48,170,180
29,48,222,202
29,48,227,187
29,48,230,194
29,48,229,202
29,49,89,229
29,50,49,168
29,50,86,219
29,52,109,205
29,52,118,199
29,52,119,209
29,53,204,188
29,52,215,162
29,52,222,161
29,53,213,186
29,53,212,193
29,41,30,160
29,48,61,249
29,53,77,229
29,56,228,191
29,39,130,111
29,5,100,109
29,29,132,71
29,29,134,61
29,40,109,105
29,5,143,71
29,3,145,48
29,2,173,39
29,5,162,49
29,8,27,130
29,24,7,178
29,28,156,72
29,28,199,60
29,29,198,68
29,28,206,66
29,30,90,90
29,29,141,55
29,29,143,61
29,29,144,70
29,32,247,108
29,32,30,173
29,33,36,176
29,33,52,108
29,39,127,102
29,41,39,161
29,43,30,145
29,47,211,117
29,48,139,127
29,48,150,125
29,48,149,131
29,49,31,156
29,49,139,133
29,49,143,139
29,49,151,138
29,53,141,203
29,54,113,219
29,56,119,249
29,56,203,244
29,56,223,235
29,6,146,50
29,24,214,178
29,31,85,94
29,46,37,249
29,49,73,138
29,49,78,138
29,49,84,137
29,49,89,134
29,49,96,134
29,49,103,135
29,49,108,132
29,49,114,131
29,53,48,230
29,3,56,150
29,4,59,156
29,3,63,149
29,2,128,80
29,6,144,43
29,4,227,66
29,4,228,60
29,4,247,39
29,4,249,44
29,16,102,30
29,28,215,69
29,28,222,69
29,30,102,94
29,31,12,168
29,34,64,104
29,34,70,100
29,35,70,106
29,39,206,100
29,39,139,100
29,39,146,99
29,39,150,100
29,39,158,100
29,39,210,100
29,40,157,104
29,40,162,107
29,40,166,109
29,42,29,136
29,47,168,118
29,47,171,117
29,48,213,125
29,48,219,128
29,47,220,114
29,48,54,64
29,48,114,124
29,48,119,126
29,49,120,130
29,48,128,124
29,49,128,128
29,48,134,50
29,48,134,56
29,48,142,48
29,48,142,54
29,48,142,60
29,48,150,54
29,48,158,127
29,48,172,126
29,48,182,46
29,48,190,44
29,48,190,50
29,48,198,44
29,48,198,50
29,48,207,123
29,48,214,130
29,48,219,121
29,49,27,177
29,50,39,155
29,50,98,146
29,52,43,156
29,52,100,141
29,53,30,246
29,54,50,235
29,55,53,237
29,60,184,218
30,20,165,122
30,28,91,197
30,37,217,167
30,43,212,226
30,15,223,101
30,9,173,99
30,10,74,82
30,16,224,57
30,13,216,65
30,18,121,98
30,18,190,114
30,22,57,198
30,22,70,193
30,22,69,202
30,27,31,150
30,31,30,218
30,30,38,215
30,30,38,227
30,30,47,215
30,30,46,225
30,51,196,215
30,18,152,87
30,35,102,143
30,38,174,165
30,37,230,168
30,15,88,163
30,34,102,173
30,46,117,226
30,47,127,224
30,43,216,200
30,7,206,85
30,22,139,124
30,25,211,96
30,28,138,106
30,29,188,145
30,47,203,164
30,7,58,148
30,7,66,147
30,8,49,68
30,8,62,70
30,11,49,94
30,12,72,118
30,10,81,120
30,11,194,59
30,16,85,95
30,15,91,140
30,15,99,87
30,15,98,99
30,15,102,139
30,15,101,149
30,15,159,138
30,15,161,78
30,16,169,137
30,15,169,85
30,16,170,66
30,15,175,77
30,16,183,65
30,15,183,76
30,16,211,131
30,16,224,130
30,17,217,75
30,17,223,83
30,18,226,73
30,17,107,90
30,18,180,131
30,17,185,140
30,19,188,128
30,18,196,139
30,18,197,131
30,19,113,87
30,19,116,76
30,23,27,173
30,23,37,169
30,23,85,147
30,23,85,157
30,23,94,154
30,24,149,99
30,23,156,103
30,27,35,117
30,27,182,108
30,29,119,153
30,27,129,154
30,29,194,138
30,30,219,103
30,31,118,163
30,30,129,163
30,30,205,132
30,30,205,142
30,31,45,147
30,31,44,156
30,31,117,209
30,31,124,202
30,31,126,213
30,31,133,207
30,31,156,110
30,31,157,121
30,33,53,154
30,34,62,151
30,34,61,161
30,35,110,229
30,38,158,212
30,40,137,179
30,39,147,179
30,39,150,213
30,39,155,205
30,39,157,219
30,39,165,210
30,41,72,168
30,41,78,210
30,41,88,209
30,41,136,157
30,41,182,177
30,42,124,199
30,42,134,195
30,43,119,166
30,44,169,193
30,44,28,216
30,45,204,202
30,45,206,154
30,45,210,161
30,49,73,199
30,49,156,172
30,49,160,179
30,49,169,179
30,51,168,210
30,51,140,180
30,50,150,179
30,5,143,53
30,29,93,130
30,38,128,145
30,6,72,62
30,17,63,114
30,19,191,80
30,24,51,122
30,29,157,152
30,37,155,140
30,41,87,166
30,43,97,164
30,45,63,196
30,46,166,229
30,51,56,206
30,29,72,166
30,21,58,157
30,21,201,84
30,50,126,191
30,15,26,116
30,26,228,127
30,29,85,170
30,32,194,198
30,39,217,133
30,43,60,219
30,50,92,228
30,3,34,79
30,6,82,68
30,6,98,107
30,6,99,115
30,6,106,105
30,6,107,114
30,7,28,94
30,6,56,59
30,8,38,131
30,8,44,124
30,8,45,132
30,8,85,72
30,4,96,63
30,8,144,68
30,8,147,74
30,8,178,51
30,9,105,73
30,10,107,81
30,10,110,68
30,10,114,77
30,10,192,99
30,12,126,113
30,12,134,112
30,12,119,112
30,13,119,120
30,12,125,122
30,13,130,76
30,13,131,84
30,12,134,121
30,12,138,75
30,12,139,83
30,12,206,55
30,12,205,64
30,16,26,155
30,16,27,165
30,16,35,154
30,16,33,109
30,16,33,116
30,16,35,164
30,16,34,123
30,16,39,108
30,16,39,115
30,16,41,122
30,16,44,108
30,16,45,116
30,16,52,109
30,16,51,117
30,16,60,125
30,16,86,130
30,16,88,121
30,16,92,129
30,16,96,121
30,16,98,128
30,16,105,125
30,16,106,133
30,16,124,150
30,16,127,157
30,16,128,143
30,16,132,150
30,16,133,158
30,16,135,140
30,16,137,146
30,16,139,152
30,16,139,160
30,16,142,139
30,16,143,146
30,16,147,152
30,16,146,158
30,16,150,144
30,16,177,57
30,16,203,112
30,16,201,103
30,16,212,143
30,16,221,143
30,16,228,141
30,18,112,68
30,18,123,67
30,20,51,150
30,20,57,147
30,20,64,148
30,20,68,154
30,20,199,76
30,22,207,134
30,22,216,130
30,22,214,137
30,24,75,115
30,24,78,123
30,24,82,116
30,24,107,112
30,24,122,144
30,24,129,139
30,24,134,147
30,24,136,138
30,24,141,137
30,24,149,132
30,24,209,87
30,28,55,132
30,28,56,140
30,28,62,132
30,28,62,139
30,28,67,145
30,28,69,136
30,28,76,174
30,28,80,164
30,28,151,144
30,28,156,140
30,28,165,140
30,28,166,147
30,28,229,138
30,29,173,77
30,29,176,70
30,29,181,76
30,29,184,63
30,29,190,59
30,30,126,126
30,30,186,73
30,30,191,68
30,30,199,63
30,31,191,110
30,32,42,194
30,32,43,201
30,32,46,187
30,32,49,194
30,32,50,202
30,32,54,187
30,32,56,196
30,32,60,193
30,32,67,187
30,32,67,195
30,32,73,184
30,32,74,191
30,32,74,198
30,32,80,185
30,32,109,131
30,32,139,161
30,32,142,168
30,32,145,154
30,32,145,161
30,32,148,168
30,32,151,159
30,32,154,168
30,32,157,160
30,32,185,195
30,32,189,187
30,32,188,162
30,32,192,114
30,32,194,120
30,32,195,186
30,32,198,160
30,32,198,114
30,32,200,107
30,32,201,120
30,32,203,188
30,32,203,197
30,32,205,113
30,34,33,174
30,36,75,139
30,36,76,147
30,36,83,137
30,36,85,145
30,40,114,101
30,41,117,108
30,40,126,100
30,40,124,108
30,40,127,113
30,40,130,106
30,41,136,111
30,40,167,138
30,40,167,145
30,41,175,141
30,40,183,138
30,40,187,130
30,40,189,138
30,40,195,129
30,40,196,136
30,40,221,187
30,40,227,194
30,40,228,130
30,41,173,149
30,43,29,165
30,43,36,182
30,43,37,190
30,43,45,189
30,43,35,160
30,43,43,162
30,44,52,218
30,44,52,225
30,44,55,192
30,44,59,227
30,44,66,226
30,44,68,218
30,48,40,206
30,48,37,215
30,48,45,215
30,48,95,182
30,49,96,189
30,48,101,179
30,48,102,186
30,48,102,193
30,48,109,182
30,48,110,190
30,48,135,216
30,48,138,222
30,48,139,228
30,48,142,214
30,48,145,220
30,48,145,227
30,48,149,213
30,48,154,219
30,48,154,226
30,48,172,161
30,48,178,155
30,48,178,164
30,48,184,157
30,48,184,165
30,48,186,170
30,48,189,177
30,48,191,160
30,48,193,166
30,48,197,173
30,48,221,190
30,48,226,199
30,48,228,183
30,48,231,190
30,48,231,156
30,51,51,164
30,51,59,161
30,51,55,172
30,52,78,211
30,52,83,205
30,52,83,218
30,52,86,211
30,52,89,219
30,52,91,206
30,52,98,211
30,52,98,220
30,52,183,211
30,52,215,211
30,52,223,213
30,54,110,205
30,54,118,202
30,54,118,209
30,55,207,189
30,55,215,190
30,56,115,221
30,56,141,209
30,25,249,161
30,32,249,106
30,48,63,250
30,10,28,133
30,29,208,63
30,29,217,68
30,29,225,70
30,49,28,179
30,4,29,155
30,3,118,51
30,2,131,91
30,5,249,37
30,24,7,179
30,28,216,62
30,30,143,61
30,31,87,87
30,31,94,88
30,30,134,67
30,47,240,215
30,48,230,213
30,47,240,155
30,51,102,152
30,53,222,160
30,55,79,231
30,56,248,227
30,58,228,190
30,20,8,129
30,45,37,248
30,51,150,138
30,55,51,237
30,57,206,242
30,16,135,55
30,30,143,52
30,43,171,107
30,48,214,110
30,49,148,146
30,6,96,60
30,2,172,40
30,6,218,140
30,11,192,30
30,12,246,53
30,15,4,186
30,15,3,191
30,16,158,30
30,16,30,44
30,16,38,32
30,16,38,38
30,16,44,141
30,16,62,30
30,16,70,30
30,16,78,30
30,16,84,30
30,18,138,55
30,24,214,178
30,30,190,48
30,30,196,48
30,41,29,247
30,44,28,134
30,44,29,140
30,48,180,44
30,48,182,32
30,48,182,38
30,48,188,36
30,48,188,42
30,48,190,48
30,48,196,36
30,48,196,42
30,48,196,48
30,48,204,44
30,48,206,32
30,48,206,38
30,48,206,50
30,48,210,120
30,48,212,44
30,48,214,32
30,48,214,38
30,48,220,102
30,48,222,36
30,48,222,42
30,48,222,48
30,50,94,148
30,50,142,131
30,50,147,129
30,52,44,152
30,52,51,149
30,52,57,144
30,53,56,148
30,52,62,144
30,52,68,143
30,52,74,142
30,52,79,172
30,52,80,141
30,52,80,164
30,52,86,140
30,52,92,138
30,52,98,138
30,52,140,139
30,56,121,249
30,58,224,231
30,58,226,235
30,58,229,231
31,38,221,167
31,20,55,119
31,27,32,150
31,3,162,46
31,14,221,59
31,18,192,115
31,25,100,196
31,38,147,211
31,38,159,213
31,46,122,223
31,50,196,220
31,50,195,212
31,22,140,128
31,26,151,99
31,41,222,227
31,10,169,101
31,15,227,97
31,18,157,89
31,28,217,101
31,30,125,161
31,37,180,165
31,30,29,219
31,35,107,144
31,21,58,199
31,26,213,136
31,30,42,222
31,33,53,153
31,18,120,72
31,18,224,82
31,18,68,120
31,46,207,159
31,7,63,151
31,7,103,110
31,11,81,120
31,15,85,163
31,15,82,173
31,15,93,175
31,15,96,163
31,16,150,150
31,15,159,136
31,15,215,105
31,17,91,132
31,17,103,127
31,17,102,136
31,17,157,119
31,17,163,126
31,17,164,113
31,17,172,120
31,18,180,133
31,18,187,138
31,19,191,128
31,18,195,139
31,18,219,74
31,18,85,103
31,21,57,154
31,21,66,153
31,21,70,197
31,20,121,101
31,21,198,82
31,23,33,170
31,23,80,149
31,23,89,158
31,23,90,147
31,29,37,211
31,29,45,211
31,29,72,169
31,29,79,168
31,29,85,170
31,29,155,152
31,29,164,149
31,29,188,148
31,29,196,147
31,29,195,138
31,30,202,131
31,30,204,141
31,31,45,153
31,32,118,211
31,31,125,204
31,31,127,214
31,31,134,208
31,33,153,169
31,33,189,197
31,33,195,192
31,33,197,203
31,33,199,117
31,33,204,194
31,34,92,172
31,34,101,169
31,35,102,179
31,34,108,170
31,34,108,178
31,35,61,162
31,35,63,152
31,35,94,181
31,35,100,229
31,35,106,227
31,35,112,228
31,38,130,146
31,39,137,179
31,39,146,176
31,39,147,184
31,41,72,165
31,41,74,173
31,41,77,211
31,41,87,209
31,41,131,162
31,41,135,155
31,41,140,190
31,41,211,226
31,41,222,193
31,42,130,198
31,42,135,195
31,43,28,223
31,43,93,164
31,43,173,189
31,45,29,213
31,45,118,172
31,45,163,228
31,45,170,228
31,45,205,202
31,44,213,198
31,51,57,207
31,51,136,181
31,51,146,180
31,50,160,180
31,51,171,177
31,51,170,186
31,8,205,83
31,9,47,132
31,14,190,63
31,17,143,90
31,30,97,132
31,32,153,115
31,35,85,139
31,42,171,147
31,14,55,99
31,29,138,108
31,44,63,222
31,46,65,199
31,29,70,140
31,27,31,118
31,55,114,208
31,5,98,67
31,9,49,69
31,8,55,64
31,9,60,68
31,12,45,93
31,37,88,150
31,43,29,163
31,49,197,175
31,50,93,228
31,51,224,217
31,5,122,69
31,3,135,93
31,8,28,91
31,8,28,98
31,4,34,80
31,8,34,96
31,8,44,66
31,8,63,78
31,8,64,85
31,8,67,62
31,8,69,69
31,8,69,75
31,8,72,82
31,8,71,88
31,8,75,64
31,8,75,72
31,8,76,78
31,8,81,66
31,8,82,74
31,8,88,68
31,8,88,74
31,9,85,81
31,9,92,81
31,10,189,97
31,11,106,75
31,12,106,84
31,12,128,115
31,12,114,81
31,12,120,113
31,12,118,119
31,13,123,124
31,12,131,124
31,12,134,112
31,12,137,120
31,12,198,55
31,12,201,62
31,12,200,68
31,15,76,87
31,15,132,79
31,15,133,87
31,14,140,80
31,16,98,146
31,16,174,69
31,16,180,69
31,16,26,110
31,16,26,119
31,16,26,152
31,16,27,161
31,16,32,110
31,16,32,117
31,16,32,123
31,16,36,149
31,16,35,159
31,16,40,112
31,16,39,118
31,16,40,125
31,16,87,91
31,16,90,144
31,16,94,86
31,16,94,93
31,16,95,99
31,16,94,107
31,16,95,153
31,16,102,86
31,16,103,92
31,16,103,98
31,16,102,105
31,16,102,153
31,16,104,144
31,16,109,151
31,16,110,141
31,16,116,154
31,16,116,160
31,16,122,151
31,16,122,167
31,16,123,158
31,16,129,166
31,16,129,154
31,16,135,160
31,16,164,147
31,16,164,79
31,16,168,84
31,16,170,92
31,16,170,75
31,16,171,143
31,16,171,64
31,16,172,135
31,16,176,81
31,16,177,89
31,16,179,60
31,16,181,77
31,16,188,74
31,16,200,102
31,16,205,107
31,16,205,115
31,16,213,134
31,16,214,141
31,16,217,128
31,16,220,134
31,16,221,142
31,16,227,126
31,16,226,133
31,16,229,141
31,16,233,133
31,20,113,89
31,20,121,87
31,24,27,180
31,24,35,180
31,24,76,115
31,25,77,123
31,24,107,109
31,24,108,118
31,24,126,147
31,24,132,144
31,24,134,151
31,24,137,158
31,24,139,143
31,24,141,149
31,24,148,135
31,24,154,109
31,24,160,130
31,24,160,136
31,24,166,126
31,24,167,132
31,24,167,139
31,24,172,126
31,24,175,132
31,24,174,139
31,24,209,87
31,25,83,116
31,28,40,117
31,28,59,137
31,28,179,112
31,28,184,139
31,28,187,109
31,29,186,116
31,32,41,190
31,32,41,199
31,32,48,188
31,32,48,195
31,32,48,203
31,32,54,189
31,32,54,198
31,32,60,189
31,32,60,197
31,32,66,186
31,32,66,194
31,32,71,199
31,32,72,184
31,32,72,191
31,32,79,198
31,32,78,185
31,32,80,192
31,32,109,131
31,32,122,131
31,32,130,126
31,32,131,135
31,32,147,160
31,32,163,113
31,32,163,124
31,32,197,155
31,32,198,165
31,32,204,158
31,32,204,165
31,32,249,107
31,37,78,149
31,39,155,139
31,40,151,147
31,40,159,147
31,40,183,136
31,41,183,142
31,40,186,179
31,40,188,130
31,40,189,136
31,40,213,133
31,40,220,131
31,40,218,139
31,40,228,132
31,41,191,142
31,41,196,134
31,43,36,183
31,43,39,191
31,43,40,161
31,43,46,189
31,45,30,176
31,44,57,194
31,45,115,162
31,48,41,205
31,48,38,214
31,48,47,215
31,48,75,193
31,49,75,201
31,48,96,181
31,48,96,188
31,48,102,180
31,48,102,187
31,48,101,194
31,48,109,182
31,48,109,190
31,48,136,213
31,48,139,222
31,48,142,209
31,48,145,216
31,48,145,224
31,48,149,209
31,48,151,215
31,48,154,224
31,48,158,214
31,48,167,205
31,48,168,213
31,48,174,199
31,48,176,209
31,48,175,161
31,48,175,168
31,48,181,159
31,48,182,165
31,48,188,162
31,48,188,170
31,48,195,166
31,48,224,196
31,48,230,188
31,48,228,202
31,48,233,195
31,48,245,156
31,49,181,173
31,51,52,169
31,50,102,149
31,50,121,188
31,50,123,196
31,50,128,187
31,50,130,194
31,52,78,209
31,52,79,216
31,53,85,209
31,52,86,218
31,52,91,213
31,52,98,215
31,52,224,160
31,56,115,217
31,57,116,225
31,56,141,206
31,56,166,205
31,56,207,192
31,56,215,193
31,60,143,223
31,4,30,156
31,16,164,31
31,17,136,56
31,29,208,63
31,44,37,248
31,10,27,132
31,9,146,72
31,9,150,76
31,24,9,181
31,26,227,129
31,29,218,64
31,31,190,70
31,31,201,68
31,34,34,172
31,36,239,166
31,41,116,102
31,41,125,101
31,43,29,150
31,43,36,150
31,48,59,250
31,48,66,249
31,47,208,104
31,48,216,105
31,55,80,231
31,25,251,162
31,30,137,63
31,30,182,75
31,30,137,70
31,41,135,99
31,43,172,103
31,56,124,250
31,6,25,76
31,6,31,71
31,6,31,77
31,6,37,79
31,6,96,59
31,6,102,58
31,6,132,81
31,5,251,37
31,15,4,188
31,15,3,193
31,16,71,31
31,16,78,31
31,16,38,30
31,16,38,36
31,16,46,30
31,16,54,30
31,16,60,30
31,16,78,36
31,16,85,33
31,16,84,37
31,20,10,131
31,24,216,180
31,24,220,178
31,30,128,70
31,30,130,76
31,30,145,62
31,40,108,102
31,42,110,107
31,42,114,109
31,42,129,108
31,42,136,108
31,42,141,106
31,42,146,95
31,42,144,100
31,42,151,95
31,42,151,99
31,42,158,96
31,43,46,126
31,43,162,104
31,43,178,98
31,44,28,134
31,44,28,128
31,44,30,133
31,44,170,109
31,46,246,212
31,46,30,141
31,48,142,44
31,48,142,52
31,48,150,36
31,48,150,44
31,48,174,32
31,48,174,38
31,48,174,44
31,48,180,30
31,48,180,36
31,48,180,42
31,48,182,48
31,48,186,30
31,48,186,36
31,48,186,42
31,48,188,48
31,48,190,32
31,48,190,38
31,48,192,42
31,48,194,48
31,48,198,32
31,48,198,36
31,48,198,44
31,48,200,48
31,48,204,30
31,48,206,36
31,48,204,42
31,48,206,48
31,48,210,30
31,48,210,36
31,48,212,44
31,48,216,30
31,48,216,36
31,48,222,30
31,48,222,36
31,50,172,118
31,52,76,140
31,52,80,160
31,52,82,138
31,52,132,128
31,55,49,237
31,58,228,230
32,43,221,166
32,19,203,115
32,21,56,123
32,12,180,101
32,16,120,76
32,27,35,150
32,4,176,49
32,18,120,163
32,18,133,165
32,23,71,198
32,22,127,101
32,22,148,128
32,28,155,105
32,28,100,199
32,28,109,200
32,31,35,222
32,30,44,221
32,30,52,219
32,34,194,200
32,34,204,199
32,36,93,142
32,43,213,227
32,42,225,225
32,46,173,227
32,51,197,216
32,50,209,215
32,18,108,133
32,17,171,144
32,35,113,144
32,42,77,170
32,45,221,199
32,14,205,99
32,38,181,164
32,18,96,102
32,19,229,145
32,33,159,167
32,38,191,162
32,19,161,90
32,17,176,110
32,29,223,102
32,41,132,151
32,43,138,159
32,46,31,216
32,47,116,223
32,48,72,203
32,6,28,155
32,7,74,147
32,7,35,159
32,7,65,148
32,7,130,69
32,4,143,86
32,7,151,126
32,7,156,118
32,7,157,128
32,7,164,122
32,9,76,83
32,10,93,119
32,11,92,78
32,12,100,82
32,13,52,95
32,14,60,98
32,13,131,117
32,14,205,63
32,15,220,61
32,15,225,69
32,16,231,59
32,16,40,117
32,17,171,81
32,17,173,91
32,17,183,82
32,17,180,67
32,17,191,69
32,20,226,138
32,19,67,114
32,17,149,88
32,19,164,117
32,19,165,124
32,19,170,114
32,18,174,127
32,19,180,118
32,19,188,132
32,19,195,138
32,19,202,136
32,22,65,155
32,22,74,153
32,23,59,198
32,23,204,84
32,25,133,152
32,25,140,146
32,25,140,158
32,25,147,150
32,25,174,131
32,25,178,139
32,25,182,127
32,25,185,135
32,30,169,148
32,29,193,138
32,30,194,147
32,30,203,143
32,31,78,171
32,31,87,169
32,31,210,138
32,31,219,135
32,33,201,160
32,33,211,163
32,33,94,172
32,33,199,117
32,35,99,177
32,35,108,175
32,35,209,121
32,37,108,230
32,37,115,229
32,39,154,208
32,39,161,204
32,39,162,215
32,39,170,212
32,39,169,203
32,41,79,206
32,41,89,202
32,42,84,214
32,41,94,209
32,41,186,178
32,41,195,175
32,42,196,141
32,43,30,227
32,43,136,196
32,42,146,187
32,43,145,197
32,43,177,150
32,45,95,174
32,46,101,164
32,45,104,174
32,45,182,189
32,46,119,166
32,47,124,218
32,47,125,228
32,46,127,164
32,46,129,172
32,47,122,178
32,47,131,216
32,47,133,226
32,49,45,212
32,49,77,198
32,49,83,199
32,50,108,188
32,49,205,170
32,49,213,173
32,51,202,178
32,10,59,68
32,16,101,168
32,47,30,179
32,45,65,198
32,53,94,216
32,9,70,61
32,11,87,71
32,11,216,84
32,29,191,113
32,31,66,139
32,52,57,207
32,11,53,131
32,12,52,139
32,13,81,122
32,16,156,155
32,30,77,140
32,32,134,212
32,49,183,163
32,50,180,210
32,50,184,172
32,50,99,231
32,57,173,208
32,5,32,75
32,5,35,84
32,5,46,80
32,6,103,66
32,6,107,73
32,6,109,66
32,8,213,93
32,9,35,97
32,8,105,106
32,8,106,114
32,8,110,103
32,8,112,113
32,8,117,104
32,8,118,111
32,8,217,100
32,8,222,92
32,9,42,97
32,10,29,128
32,10,78,72
32,10,81,64
32,10,160,73
32,11,30,135
32,13,28,105
32,12,61,133
32,12,78,113
32,12,143,125
32,12,143,112
32,12,145,119
32,12,212,76
32,12,220,76
32,16,7,190
32,16,7,198
32,16,26,154
32,16,27,161
32,16,29,113
32,16,29,120
32,16,29,147
32,16,32,154
32,16,34,162
32,16,35,108
32,16,39,149
32,16,40,157
32,16,67,106
32,16,79,87
32,16,82,93
32,16,89,91
32,16,90,170
32,16,96,144
32,16,102,153
32,16,107,91
32,16,109,100
32,16,110,148
32,16,109,155
32,16,142,82
32,16,150,147
32,16,156,139
32,16,223,103
32,16,227,111
32,16,229,99
32,16,233,106
32,20,226,75
32,19,227,84
32,20,75,127
32,20,76,118
32,24,26,173
32,24,28,180
32,24,29,167
32,24,32,173
32,24,34,181
32,24,37,166
32,24,38,173
32,24,41,180
32,24,44,170
32,24,86,149
32,24,89,156
32,24,91,142
32,24,94,149
32,24,95,157
32,24,100,144
32,24,101,150
32,24,103,157
32,24,107,150
32,24,154,138
32,27,85,115
32,27,85,124
32,27,115,113
32,28,30,120
32,28,36,115
32,28,36,124
32,28,44,114
32,28,44,121
32,32,27,215
32,32,42,188
32,32,43,196
32,32,48,185
32,32,47,147
32,32,47,153
32,32,48,160
32,32,49,192
32,32,50,200
32,32,56,149
32,32,56,158
32,32,55,187
32,32,56,196
32,32,61,189
32,32,62,197
32,32,67,187
32,32,67,194
32,32,70,200
32,32,73,185
32,32,74,192
32,32,77,200
32,32,80,184
32,32,82,190
32,32,84,198
32,32,125,157
32,32,124,167
32,32,125,206
32,32,126,214
32,32,129,126
32,32,130,134
32,32,131,163
32,32,133,202
32,32,136,124
32,32,139,133
32,32,138,163
32,32,142,205
32,32,142,213
32,32,155,112
32,32,159,119
32,32,163,111
32,32,166,125
32,32,169,117
32,35,26,167
32,36,64,160
32,36,73,158
32,39,135,144
32,39,141,144
32,40,149,174
32,40,148,146
32,40,155,143
32,40,158,179
32,40,161,149
32,40,164,139
32,40,220,133
32,40,227,131
32,41,225,139
32,44,39,183
32,44,29,164
32,44,31,155
32,44,35,162
32,44,36,169
32,44,38,154
32,45,47,162
32,44,42,192
32,44,47,184
32,44,49,193
32,44,56,189
32,44,56,196
32,44,56,219
32,44,58,226
32,44,62,215
32,44,64,222
32,44,64,229
32,44,70,214
32,44,72,220
32,45,71,227
32,48,140,213
32,48,141,221
32,48,145,208
32,48,147,215
32,48,146,223
32,48,152,207
32,48,153,214
32,48,153,220
32,48,154,226
32,48,160,210
32,48,162,216
32,48,162,223
32,48,249,156
32,49,172,210
32,52,147,178
32,52,58,170
32,52,65,209
32,52,94,225
32,52,129,191
32,52,133,198
32,52,137,191
32,52,140,181
32,52,146,186
32,52,153,186
32,52,154,179
32,52,160,181
32,52,163,186
32,52,166,177
32,52,169,184
32,52,168,191
32,52,173,177
32,52,177,184
32,52,176,191
32,56,113,210
32,56,122,207
32,57,121,216
32,57,166,209
32,48,68,249
32,60,148,219
32,59,221,200
32,53,27,227
32,4,218,36
32,4,227,35
32,12,243,96
32,31,178,83
32,31,186,77
32,31,187,85
32,31,214,69
32,43,114,111
32,43,121,110
32,43,145,103
32,43,150,97
32,43,157,98
32,43,166,97
32,45,30,148
32,47,30,135
32,47,30,142
32,49,237,196
32,49,242,196
32,52,97,152
32,52,108,154
32,53,228,216
32,53,229,222
32,55,53,238
32,56,54,243
32,56,129,250
32,57,215,247
32,58,120,227
32,44,181,103
32,48,213,131
32,15,112,47
32,15,201,31
32,20,152,54
32,35,100,97
32,6,132,96
32,6,138,91
32,6,138,97
32,6,144,91
32,6,144,98
32,6,168,30
32,6,174,30
32,6,186,42
32,6,192,40
32,6,196,46
32,6,213,34
32,6,219,29
32,6,225,28
32,16,79,30
32,16,87,31
32,16,38,30
32,16,70,30
32,16,86,36
32,16,92,30
32,16,134,30
32,17,163,36
32,17,167,32
32,17,167,35
32,17,172,30
32,18,159,43
32,18,164,40
32,24,4,149
32,24,212,180
32,24,218,178
32,32,155,63
32,31,190,70
32,32,151,62
32,32,151,67
32,32,156,68
32,31,196,64
32,31,196,70
32,31,202,68
32,43,134,106
32,44,143,111
32,44,172,103
32,43,175,96
32,43,181,96
32,44,46,127
32,44,54,123
32,44,51,126
32,44,58,124
32,44,138,113
32,44,149,111
32,44,178,110
32,46,38,139
32,46,58,130
32,46,182,112
32,48,182,32
32,48,190,30
32,48,190,36
32,48,196,30
32,48,198,36
32,48,206,30
32,48,206,36
32,48,212,32
32,48,214,38
32,48,220,32
32,52,28,154
32,52,87,154
32,52,87,160
32,53,86,172
32,52,86,166
32,52,154,148
32,52,156,151
32,52,176,124
32,52,182,125
32,52,187,126
32,53,84,138
32,53,85,176
32,53,90,138
32,53,96,137
32,53,99,138
32,60,89,237
33,20,210,110
33,22,68,118
33,20,229,138
33,29,164,100
33,4,182,47
33,17,117,69
33,16,126,71
33,37,97,143
33,18,99,99
33,18,112,130
33,23,132,99
33,27,105,194
33,39,163,203
33,39,227,167
33,45,223,197
33,51,205,213
33,47,177,217
33,22,151,126
33,27,39,147
33,46,31,172
33,11,91,114
33,18,177,141
33,35,199,203
33,42,75,168
33,44,33,218
33,42,189,178
33,13,213,91
33,45,215,225
33,43,225,229
33,7,217,93
33,18,45,116
33,18,184,84
33,30,204,148
33,33,95,171
33,34,112,136
33,34,199,161
33,38,115,148
33,39,183,166
33,39,192,164
33,42,139,154
33,41,150,186
33,47,206,227
33,7,74,144
33,5,146,74
33,10,65,65
33,5,71,64
33,13,54,93
33,13,64,88
33,14,139,112
33,13,148,119
33,15,64,98
33,16,173,131
33,15,212,61
33,17,110,87
33,17,112,97
33,17,115,160
33,17,121,167
33,17,120,153
33,17,127,163
33,17,134,161
33,18,152,86
33,17,154,148
33,17,161,139
33,17,162,152
33,17,169,151
33,17,183,63
33,17,185,75
33,16,191,57
33,17,191,66
33,17,194,74
33,17,198,58
33,17,199,66
33,18,175,83
33,17,176,93
33,19,169,87
33,18,174,123
33,19,177,111
33,19,185,121
33,19,196,136
33,21,161,89
33,23,74,149
33,24,60,196
33,24,72,196
33,25,138,151
33,25,149,144
33,25,148,154
33,25,159,134
33,25,177,127
33,25,182,135
33,25,187,128
33,29,170,145
33,29,175,152
33,29,174,138
33,29,182,144
33,29,198,140
33,30,210,139
33,31,37,221
33,31,50,213
33,31,51,224
33,33,49,194
33,33,59,193
33,32,136,206
33,33,159,165
33,33,169,163
33,33,207,156
33,33,209,164
33,35,106,175
33,37,73,154
33,37,109,228
33,37,117,228
33,37,187,157
33,42,124,212
33,42,140,191
33,43,45,181
33,43,125,204
33,43,133,207
33,42,178,146
33,45,95,170
33,46,104,165
33,45,104,174
33,47,121,171
33,47,131,172
33,48,152,210
33,49,45,209
33,49,97,209
33,50,77,199
33,50,106,189
33,50,115,188
33,51,86,199
33,51,203,174
33,58,171,209
33,7,32,159
33,9,32,126
33,30,147,112
33,43,199,140
33,50,55,206
33,10,79,81
33,9,187,93
33,25,39,163
33,30,227,99
33,32,84,167
33,31,195,113
33,32,76,143
33,34,205,117
33,13,31,103
33,42,79,212
33,17,9,194
33,33,223,111
33,7,157,122
33,9,43,95
33,11,83,74
33,20,209,136
33,34,27,168
33,46,67,196
33,45,182,155
33,44,181,193
33,49,183,163
33,49,102,229
33,50,184,172
33,5,36,72
33,5,39,80
33,5,46,69
33,5,52,82
33,3,118,46
33,6,109,67
33,8,40,163
33,8,43,155
33,8,110,103
33,8,109,111
33,8,116,99
33,8,116,106
33,8,116,113
33,8,122,101
33,8,123,108
33,8,154,130
33,8,161,132
33,8,166,120
33,8,168,127
33,8,226,97
33,11,55,127
33,12,102,77
33,11,164,69
33,12,53,133
33,12,61,134
33,12,62,125
33,12,80,109
33,12,85,67
33,12,92,65
33,12,91,73
33,12,94,80
33,12,98,68
33,12,109,77
33,16,28,151
33,16,30,115
33,16,33,158
33,16,32,145
33,16,39,154
33,16,40,145
33,16,47,150
33,16,83,88
33,16,87,94
33,17,89,85
33,16,91,164
33,16,93,171
33,16,95,158
33,16,98,164
33,16,100,172
33,16,103,155
33,16,105,162
33,16,107,170
33,16,104,145
33,16,114,146
33,16,149,77
33,16,179,99
33,16,189,97
33,16,190,105
33,16,226,57
33,16,226,66
33,16,231,105
33,16,232,55
33,16,233,63
33,16,238,57
33,20,199,126
33,20,206,127
33,20,227,74
33,20,227,81
33,24,200,83
33,24,30,170
33,25,29,178
33,24,36,171
33,24,36,179
33,24,45,170
33,24,43,177
33,24,88,149
33,24,93,155
33,24,93,142
33,24,94,148
33,24,99,156
33,24,100,141
33,24,101,147
33,24,106,155
33,24,107,143
33,24,111,152
33,24,206,77
33,24,207,86
33,24,213,78
33,24,214,85
33,28,31,118
33,28,38,113
33,28,39,121
33,28,46,115
33,28,65,135
33,28,73,134
33,28,86,117
33,28,93,112
33,28,93,120
33,28,120,114
33,32,27,208
33,32,27,215
33,32,56,146
33,32,57,155
33,32,72,186
33,32,73,193
33,32,77,179
33,32,79,186
33,32,80,195
33,32,85,179
33,32,86,185
33,32,88,193
33,32,128,157
33,32,129,165
33,32,134,152
33,32,136,159
33,32,136,167
33,32,142,155
33,32,144,161
33,32,143,168
33,32,160,113
33,32,163,122
33,32,168,113
33,33,172,122
33,32,213,129
33,32,219,126
33,32,220,132
33,32,223,140
33,32,227,131
33,33,134,126
33,33,140,127
33,33,231,109
33,35,27,155
33,34,33,173
33,35,40,174
33,36,212,123
33,36,216,112
33,36,219,119
33,40,79,201
33,40,85,196
33,40,84,205
33,40,92,196
33,40,91,202
33,40,92,210
33,40,98,203
33,40,120,156
33,40,148,144
33,40,150,173
33,40,158,171
33,40,157,143
33,40,162,177
33,40,165,136
33,40,165,145
33,40,226,133
33,41,228,139
33,44,62,213
33,44,70,213
33,44,30,159
33,44,33,150
33,44,37,161
33,44,39,150
33,44,44,157
33,44,54,186
33,44,62,222
33,44,69,223
33,44,76,222
33,44,141,165
33,46,32,133
33,48,125,229
33,48,69,246
33,48,115,222
33,48,117,229
33,48,122,220
33,48,130,219
33,48,134,227
33,48,145,222
33,48,154,222
33,48,162,219
33,48,211,162
33,48,221,157
33,48,221,166
33,53,28,226
33,52,67,207
33,52,130,192
33,52,134,199
33,52,138,189
33,52,141,196
33,52,143,179
33,52,149,185
33,52,150,175
33,52,156,182
33,52,161,177
33,52,164,184
33,52,167,175
33,52,170,182
33,52,170,189
33,52,174,175
33,52,178,181
33,52,178,189
33,58,88,230
33,56,97,222
33,56,115,211
33,56,124,208
33,58,122,221
33,61,192,224
33,47,30,144
33,4,142,99
33,4,224,33
33,4,230,30
33,5,230,38
33,12,12,99
33,15,117,44
33,16,240,106
33,24,5,147
33,32,189,82
33,39,26,184
33,48,55,161
33,50,60,167
33,49,241,196
33,49,246,195
33,49,250,156
33,51,82,154
33,51,84,162
33,50,90,158
33,55,55,237
33,56,133,248
33,60,148,220
33,60,156,218
33,59,221,199
33,31,187,75
33,32,156,64
33,43,124,111
33,43,146,110
33,47,68,125
33,15,209,29
33,20,154,53
33,45,59,123
33,49,84,144
33,60,216,246
33,6,141,86
33,6,147,82
33,6,151,89
33,6,153,81
33,6,153,95
33,6,153,101
33,6,172,30
33,6,172,38
33,6,178,27
33,6,178,33
33,6,178,39
33,6,190,42
33,6,192,48
33,4,195,78
33,6,196,36
33,6,196,42
33,6,198,48
33,4,202,80
33,6,202,38
33,6,207,107
33,16,46,32
33,16,46,36
33,16,54,31
33,16,84,30
33,16,86,36
33,16,90,31
33,16,92,37
33,16,96,30
33,18,170,32
33,18,174,31
33,24,214,178
33,24,216,184
33,32,166,68
33,32,221,68
33,32,86,228
33,35,104,95
33,36,106,97
33,39,246,169
33,42,134,108
33,42,154,98
33,43,159,99
33,43,155,104
33,43,166,98
33,44,44,126
33,44,51,122
33,44,50,125
33,44,134,115
33,46,56,128
33,48,182,32
33,48,190,32
33,48,198,32
33,48,206,32
33,48,212,32
33,48,214,38
33,48,220,32
33,49,222,106
33,49,228,106
33,50,80,128
33,52,29,153
33,52,66,136
33,52,71,135
33,52,77,134
33,52,86,171
33,52,156,146
33,52,160,144
33,52,161,148
33,52,178,124
33,52,182,123
33,53,183,127
33,52,187,123
33,52,188,128
33,52,190,134
33,52,193,137
33,52,193,128
33,53,195,132
33,56,37,250
34,21,119,155
34,6,166,46
34,45,220,227
34,51,209,216
34,24,69,122
34,12,92,115
34,18,186,62
34,18,196,63
34,21,230,141
34,20,217,108
34,23,158,128
34,30,40,153
34,31,161,100
34,30,168,109
34,30,171,98
34,29,181,137
34,39,96,144
34,48,178,220
34,18,113,136
34,37,196,205
34,15,212,92
34,18,125,72
34,42,189,174
34,46,189,185
34,7,72,63
34,35,166,172
34,42,71,166
34,46,100,211
34,37,198,161
34,42,155,183
34,51,63,208
34,6,154,76
34,14,30,106
34,18,38,117
34,20,156,86
34,17,162,142
34,33,95,173
34,33,108,137
34,38,117,228
34,42,89,203
34,43,173,149
34,46,72,222
34,6,145,99
34,7,44,76
34,7,69,145
34,7,77,143
34,5,213,105
34,8,29,160
34,9,38,160
34,9,157,128
34,9,166,123
34,9,224,94
34,14,60,130
34,13,82,111
34,13,225,82
34,15,56,94
34,15,63,90
34,15,71,90
34,15,132,109
34,15,140,120
34,15,145,110
34,16,172,128
34,15,83,89
34,17,48,149
34,17,93,158
34,17,94,168
34,17,100,155
34,17,104,166
34,17,107,156
34,17,150,140
34,17,157,151
34,18,180,140
34,19,187,75
34,21,197,82
34,20,199,75
34,21,51,120
34,21,96,97
34,21,101,103
34,21,176,87
34,21,185,84
34,21,192,132
34,21,196,123
34,21,199,134
34,22,206,124
34,21,207,135
34,26,41,172
34,25,102,147
34,25,211,83
34,27,32,175
34,26,48,172
34,27,101,189
34,27,106,196
34,27,110,189
34,27,144,148
34,31,177,150
34,33,131,163
34,33,132,203
34,33,141,162
34,32,141,201
34,33,153,108
34,33,228,108
34,34,161,164
34,34,170,163
34,34,204,154
34,35,207,162
34,37,104,177
34,38,113,173
34,39,117,149
34,37,212,122
34,40,165,208
34,39,181,164
34,39,188,157
34,40,229,168
34,41,165,144
34,44,126,209
34,46,33,165
34,46,36,156
34,45,62,218
34,45,72,175
34,46,183,151
34,47,33,176
34,47,187,193
34,49,40,211
34,49,49,206
34,50,212,168
34,49,222,165
34,49,51,214
34,50,131,229
34,51,183,170
34,53,173,184
34,13,108,79
34,33,198,115
34,43,28,224
34,47,35,221
34,58,121,220
34,19,111,90
34,25,69,200
34,32,41,223
34,31,202,141
34,35,53,192
34,42,144,150
34,45,140,164
34,47,66,197
34,47,230,199
34,51,77,203
34,21,169,88
34,29,91,120
34,43,227,140
34,6,229,35
34,10,117,103
34,18,8,196
34,24,141,103
34,33,87,181
34,47,31,147
34,51,105,185
34,53,152,184
34,7,109,65
34,8,52,88
34,8,134,66
34,8,155,118
34,10,193,93
34,10,29,126
34,10,36,123
34,10,108,107
34,10,116,112
34,10,184,90
34,12,42,97
34,12,75,74
34,12,82,70
34,12,82,77
34,12,84,62
34,12,88,68
34,12,88,76
34,12,94,64
34,12,96,71
34,12,95,78
34,12,157,66
34,12,162,73
34,12,164,64
34,12,170,71
34,16,31,145
34,16,31,152
34,16,37,158
34,16,38,142
34,16,37,150
34,16,60,106
34,16,70,107
34,16,123,89
34,16,129,82
34,16,186,97
34,16,191,104
34,16,192,93
34,16,199,101
34,16,198,92
34,16,206,61
34,16,208,68
34,16,212,58
34,16,215,67
34,16,218,58
34,16,221,67
34,16,224,58
34,16,227,64
34,16,229,70
34,16,232,57
34,16,235,63
34,20,107,122
34,20,114,99
34,20,114,120
34,20,121,121
34,20,173,117
34,21,178,108
34,20,180,117
34,20,186,107
34,20,188,113
34,20,187,121
34,24,76,146
34,24,60,198
34,24,68,189
34,24,74,153
34,24,78,192
34,24,79,201
34,24,81,155
34,24,84,143
34,24,87,151
34,24,126,97
34,25,129,104
34,24,132,95
34,24,139,95
34,24,203,114
34,28,30,115
34,29,32,122
34,28,39,111
34,29,38,120
34,29,116,114
34,29,44,118
34,32,28,203
34,32,26,212
34,32,32,210
34,32,32,216
34,32,53,157
34,32,52,216
34,32,55,146
34,32,55,225
34,32,60,151
34,32,60,158
34,32,82,172
34,32,142,122
34,32,144,114
34,32,149,122
34,32,210,133
34,32,212,139
34,32,213,146
34,32,217,131
34,32,220,141
34,32,223,129
34,32,227,139
34,32,229,131
34,34,167,117
34,34,167,125
34,36,83,190
34,35,133,131
34,35,141,127
34,36,141,135
34,35,173,125
34,37,27,157
34,36,27,167
34,36,28,174
34,36,34,174
34,36,41,174
34,36,41,180
34,36,53,201
34,36,61,201
34,36,64,194
34,36,75,192
34,36,81,200
34,36,90,192
34,40,67,157
34,40,76,156
34,40,155,200
34,40,163,197
34,44,193,137
34,44,45,177
34,44,47,184
34,45,47,190
34,44,85,170
34,44,85,180
34,45,91,174
34,44,139,190
34,44,139,198
34,44,147,197
34,44,196,146
34,44,202,134
34,44,204,142
34,44,238,197
34,48,32,138
34,48,30,211
34,48,97,170
34,48,96,179
34,48,103,166
34,48,103,172
34,48,104,180
34,48,110,168
34,48,110,175
34,48,119,170
34,48,120,177
34,48,127,165
34,48,127,172
34,48,126,181
34,48,135,172
34,48,134,181
34,48,145,216
34,48,146,224
34,48,149,210
34,48,151,216
34,48,152,225
34,48,156,209
34,48,157,216
34,48,158,224
34,48,163,213
34,48,215,200
34,48,222,194
34,48,222,201
34,48,225,209
34,49,72,249
34,52,83,194
34,52,87,200
34,52,86,207
34,52,104,193
34,52,110,195
34,52,114,186
34,52,117,194
34,52,192,173
34,52,200,172
34,53,203,180
34,53,136,196
34,53,160,184
34,24,26,140
34,54,28,228
34,23,228,78
34,40,248,168
34,5,194,44
34,5,201,39
34,24,17,139
34,34,193,74
34,35,194,81
34,35,198,70
34,35,201,78
34,35,206,73
34,35,213,72
34,35,221,72
34,36,211,80
34,47,29,126
34,47,35,126
34,47,42,129
34,47,45,248
34,47,53,125
34,47,60,124
34,47,65,123
34,47,71,124
34,52,103,238
34,52,106,231
34,52,109,237
34,57,55,240
34,59,90,231
34,58,192,228
34,61,199,226
34,13,11,100
34,6,176,30
34,15,46,31
34,15,108,43
34,40,25,187
34,2,109,44
34,4,122,56
34,2,135,37
34,4,127,52
34,6,162,85
34,6,166,38
34,6,168,85
34,6,169,32
34,6,172,39
34,6,174,45
34,6,178,39
34,6,180,45
34,6,183,27
34,6,183,33
34,6,184,39
34,4,194,78
34,5,199,74
34,4,199,82
34,5,205,76
34,4,205,84
34,4,207,59
34,4,208,65
34,4,212,58
34,4,213,65
34,4,218,59
34,4,219,64
34,16,38,31
34,16,38,36
34,16,47,37
34,15,53,32
34,16,54,36
34,16,92,30
34,16,98,31
34,16,100,36
34,16,208,29
34,16,213,29
34,16,104,30
34,17,239,108
34,24,214,178
34,32,87,228
34,42,78,112
34,43,120,108
34,43,124,108
34,43,154,115
34,44,157,113
34,43,160,97
34,44,125,111
34,44,157,107
34,44,162,103
34,48,182,32
34,48,190,30
34,48,198,32
34,48,206,32
34,48,214,30
34,48,214,36
34,48,220,30
34,51,250,198
34,52,109,144
34,52,110,148
34,52,113,145
34,53,158,151
34,52,214,119
34,52,220,115
34,52,226,114
34,53,162,147
34,53,162,151
35,15,195,97
35,54,209,219
35,24,123,153
35,14,224,94
35,31,43,154
35,9,35,162
35,14,92,114
35,17,98,170
35,18,106,162
35,18,109,171
35,18,126,79
35,18,196,65
35,20,131,162
35,21,220,111
35,22,229,146
35,26,63,124
35,26,73,125
35,26,110,149
35,26,113,158
35,28,117,190
35,34,137,207
35,34,146,205
35,40,98,150
35,38,195,209
35,38,204,203
35,38,204,212
35,45,75,175
35,44,154,194
35,47,100,214
35,49,164,225
35,11,167,128
35,22,160,90
35,27,141,107
35,11,158,126
35,43,119,161
35,47,128,213
35,37,113,146
35,18,43,155
35,24,163,131
35,39,88,200
35,37,166,174
35,42,185,173
35,42,197,171
35,9,146,75
35,17,33,115
35,19,168,148
35,22,182,89
35,29,46,170
35,30,184,137
35,33,158,107
35,34,98,179
35,35,145,163
35,36,218,136
35,38,82,160
35,37,203,165
35,45,176,154
35,45,32,227
35,47,38,163
35,45,230,219
35,7,162,56
35,7,205,86
35,7,208,107
35,7,219,108
35,9,45,81
35,5,64,67
35,12,76,64
35,12,117,107
35,14,86,90
35,13,157,61
35,14,67,129
35,17,70,111
35,17,123,90
35,17,175,133
35,17,184,129
35,18,184,137
35,19,157,152
35,18,163,158
35,19,171,156
35,19,53,150
35,19,112,145
35,19,123,142
35,22,111,105
35,21,107,137
35,22,106,128
35,21,117,128
35,21,191,143
35,21,192,81
35,23,204,83
35,22,180,111
35,22,182,122
35,22,191,111
35,22,191,121
35,23,195,134
35,23,197,125
35,23,203,134
35,23,209,134
35,25,66,199
35,25,69,206
35,25,72,195
35,26,76,201
35,25,77,208
35,25,78,194
35,25,84,201
35,25,86,153
35,25,211,119
35,29,144,155
35,29,148,146
35,29,153,155
35,29,155,138
35,29,165,139
35,31,95,127
35,32,174,103
35,31,172,114
35,33,41,227
35,33,47,225
35,33,55,225
35,33,85,176
35,33,95,173
35,33,148,124
35,34,58,159
35,35,134,168
35,35,141,171
35,37,57,199
35,37,212,166
35,38,107,176
35,40,116,178
35,39,116,229
35,39,122,178
35,39,124,228
35,40,166,218
35,43,166,149
35,46,64,139
35,45,186,183
35,45,195,147
35,45,198,182
35,45,203,143
35,45,145,158
35,47,47,189
35,48,148,169
35,49,129,172
35,49,133,182
35,49,225,206
35,50,103,225
35,50,217,166
35,49,37,216
35,51,48,215
35,53,59,214
35,51,181,221
35,51,189,217
35,52,215,176
35,55,174,187
35,5,175,44
35,8,75,147
35,13,98,79
35,27,213,88
35,7,201,44
35,13,48,100
35,19,9,200
35,41,141,151
35,41,230,172
35,46,68,224
35,47,72,216
35,49,74,207
35,34,200,119
35,37,139,139
35,49,105,185
35,4,184,31
35,17,229,64
35,33,229,107
35,6,120,58
35,3,120,43
35,7,127,58
35,5,169,83
35,7,175,40
35,6,208,68
35,6,214,65
35,6,214,73
35,6,220,68
35,7,229,35
35,3,98,54
35,8,107,71
35,8,113,61
35,8,115,69
35,8,138,96
35,8,139,103
35,8,143,89
35,8,145,96
35,8,146,104
35,8,152,88
35,8,154,94
35,8,153,101
35,8,228,43
35,8,236,40
35,9,54,92
35,12,30,133
35,12,34,128
35,12,41,127
35,12,77,80
35,12,76,87
35,12,78,73
35,12,84,64
35,12,85,74
35,12,92,70
35,12,182,95
35,13,40,97
35,13,41,105
35,15,171,72
35,16,57,94
35,16,57,100
35,16,59,106
35,16,64,92
35,16,64,99
35,16,71,92
35,16,72,99
35,16,132,111
35,16,133,118
35,16,136,124
35,16,137,108
35,16,139,114
35,16,142,120
35,16,142,127
35,16,145,110
35,16,151,115
35,16,152,121
35,16,149,129
35,16,208,59
35,16,211,93
35,16,209,102
35,16,213,68
35,16,217,57
35,16,219,66
35,20,50,128
35,20,50,119
35,20,183,61
35,20,206,75
35,24,27,133
35,24,28,142
35,24,76,148
35,24,85,144
35,24,94,107
35,24,96,115
35,24,229,84
35,28,27,180
35,28,33,176
35,28,39,181
35,28,47,182
35,28,128,105
35,28,131,113
35,30,36,121
35,30,42,115
35,30,42,124
35,30,48,116
35,31,48,123
35,31,111,119
35,32,26,204
35,32,26,212
35,32,33,203
35,32,34,209
35,32,33,215
35,32,116,115
35,32,118,123
35,32,176,148
35,32,182,151
35,32,189,150
35,32,205,140
35,32,205,150
35,36,132,133
35,36,159,166
35,36,166,125
35,36,167,164
35,37,172,131
35,36,224,116
35,36,230,118
35,37,36,178
35,38,42,183
35,40,154,216
35,40,157,209
35,40,163,205
35,40,172,208
35,40,181,161
35,40,193,158
35,44,223,144
35,44,229,139
35,44,229,148
35,48,29,183
35,48,30,133
35,48,30,146
35,48,35,143
35,48,38,134
35,48,37,181
35,48,42,143
35,48,47,137
35,48,54,134
35,48,64,202
35,48,63,210
35,48,64,126
35,48,74,128
35,48,97,179
35,48,104,171
35,48,104,178
35,48,111,170
35,48,112,178
35,48,183,163
35,48,184,189
35,48,184,197
35,48,188,203
35,48,190,158
35,48,190,191
35,48,195,199
35,48,197,191
35,50,75,249
35,52,85,203
35,52,85,211
35,52,105,193
35,52,110,200
35,52,114,191
35,52,118,199
35,52,185,172
35,53,183,180
35,53,191,178
35,55,139,203
35,54,151,186
35,54,160,187
35,55,153,193
35,38,27,166
35,19,243,60
35,36,201,79
35,47,209,244
35,6,170,79
35,6,170,85
35,16,16,106
35,35,192,84
35,35,199,88
35,36,207,75
35,45,239,204
35,47,28,249
35,47,36,125
35,47,42,125
35,48,45,248
35,47,47,123
35,47,54,122
35,48,128,148
35,48,32,249
35,48,40,248
35,48,50,249
35,52,138,234
35,53,109,248
35,59,118,219
35,59,126,218
35,15,46,31
35,15,45,39
35,15,52,32
35,15,54,37
35,36,220,73
35,47,150,125
35,48,117,125
35,48,185,115
35,51,115,147
35,3,27,109
35,4,33,109
35,16,31,32
35,16,30,35
35,16,30,44
35,16,37,30
35,16,38,36
35,16,36,42
35,16,46,46
35,16,54,46
35,15,62,30
35,15,62,36
35,16,70,176
35,15,90,46
35,16,94,31
35,16,94,40
35,16,96,46
35,16,101,31
35,16,101,37
35,16,102,42
35,16,103,46
35,16,107,42
35,15,108,46
35,16,38,48
35,16,112,45
35,20,182,30
35,23,158,58
35,46,156,121
35,47,179,115
35,48,70,52
35,48,78,52
35,48,86,52
35,48,111,124
35,48,124,125
35,48,182,32
35,48,190,32
35,48,198,32
35,48,214,30
35,48,220,32
35,52,110,147
35,53,227,116
35,55,29,237
35,58,58,247
35,59,62,247
36,28,68,132
36,15,41,163
36,11,74,153
36,13,192,98
36,23,122,156
36,39,97,153
36,31,41,160
36,46,76,181
36,11,70,70
36,14,96,120
36,13,163,134
36,18,178,137
36,18,106,173
36,19,198,65
36,22,216,112
36,26,71,204
36,26,83,203
36,39,209,208
36,42,196,173
36,47,97,217
36,18,163,159
36,48,229,211
36,39,165,177
36,14,224,94
36,18,122,84
36,19,131,81
36,34,147,208
36,19,69,114
36,30,187,136
36,10,146,74
36,22,160,90
36,29,125,193
36,33,158,108
36,38,211,167
36,42,123,177
36,43,158,192
36,47,30,172
36,46,65,145
36,47,179,155
36,48,191,155
36,6,174,42
36,4,91,61
36,7,172,53
36,7,200,85
36,7,209,83
36,9,224,111
36,11,41,87
36,11,51,87
36,13,88,79
36,14,96,81
36,13,157,63
36,14,79,90
36,14,86,90
36,15,83,122
36,18,152,157
36,21,42,122
36,22,51,131
36,22,106,128
36,21,109,140
36,21,119,135
36,21,125,174
36,21,132,173
36,21,136,160
36,21,137,167
36,21,191,78
36,21,198,78
36,26,207,88
36,21,205,80
36,22,191,85
36,23,107,109
36,23,116,105
36,23,177,90
36,23,178,114
36,23,181,121
36,23,187,89
36,23,185,108
36,23,191,118
36,23,225,147
36,23,227,157
36,23,237,149
36,25,28,143
36,25,76,155
36,25,83,154
36,25,90,154
36,27,141,109
36,27,29,182
36,27,48,173
36,27,110,154
36,29,116,193
36,29,146,152
36,29,151,159
36,29,153,147
36,29,158,155
36,30,163,137
36,32,174,107
36,31,172,116
36,33,42,228
36,33,49,223
36,33,49,232
36,33,58,223
36,33,57,231
36,34,85,173
36,33,93,174
36,33,92,184
36,33,100,177
36,33,178,145
36,33,181,154
36,33,190,150
36,33,217,144
36,35,225,138
36,35,57,163
36,35,137,169
36,35,147,167
36,37,56,198
36,37,65,199
36,37,95,193
36,38,112,152
36,39,113,182
36,44,121,165
36,41,141,154
36,40,167,217
36,41,188,164
36,41,198,162
36,43,168,150
36,46,41,189
36,45,187,185
36,45,195,181
36,45,199,146
36,45,203,181
36,46,49,191
36,46,71,224
36,47,128,219
36,47,145,204
36,46,154,201
36,46,198,188
36,46,32,226
36,48,40,163
36,47,40,173
36,47,130,210
36,47,143,168
36,47,149,164
36,49,103,185
36,50,129,177
36,50,137,184
36,51,167,225
36,50,41,220
36,51,48,218
36,53,59,217
36,51,128,189
36,51,157,226
36,51,217,174
36,52,226,172
36,15,66,131
36,17,227,66
36,23,191,149
36,48,66,211
36,53,113,201
36,55,172,189
36,15,29,114
36,17,137,120
36,37,204,125
36,55,211,185
36,13,31,138
36,33,154,129
36,37,140,143
36,8,213,113
36,23,171,126
36,24,200,136
36,33,229,107
36,34,145,129
36,53,189,185
36,56,181,190
36,56,214,222
36,4,119,46
36,6,169,33
36,7,213,67
36,7,215,74
36,7,222,67
36,5,169,84
36,7,224,74
36,8,112,71
36,8,119,62
36,8,124,60
36,8,131,54
36,8,131,62
36,8,139,98
36,8,142,105
36,8,143,92
36,8,146,98
36,8,148,106
36,8,149,89
36,8,154,93
36,8,156,101
36,8,155,84
36,8,193,48
36,8,198,39
36,8,199,46
36,8,200,52
36,8,204,34
36,8,207,41
36,8,207,48
36,8,230,40
36,8,237,41
36,12,29,129
36,12,35,128
36,12,40,136
36,12,42,126
36,12,109,107
36,12,110,114
36,12,116,103
36,12,117,110
36,12,117,117
36,12,123,105
36,12,124,113
36,14,44,103
36,13,46,98
36,14,40,110
36,14,48,111
36,14,171,71
36,14,179,71
36,16,54,101
36,16,55,108
36,16,59,99
36,16,65,98
36,16,73,99
36,16,108,79
36,16,108,88
36,16,131,111
36,16,137,108
36,16,144,127
36,16,146,110
36,16,149,116
36,16,151,123
36,16,212,63
36,16,215,69
36,16,219,58
36,20,5,200
36,20,5,207
36,20,14,199
36,20,14,206
36,20,34,127
36,20,91,101
36,20,183,59
36,21,185,67
36,23,163,128
36,24,97,109
36,25,98,115
36,24,100,120
36,24,159,100
36,24,198,125
36,24,205,124
36,24,212,127
36,24,213,133
36,24,211,140
36,25,227,86
36,28,47,184
36,28,56,181
36,28,61,175
36,28,127,107
36,28,131,115
36,30,32,124
36,30,39,118
36,31,39,128
36,30,46,118
36,31,46,125
36,32,27,203
36,32,27,211
36,32,33,200
36,32,33,207
36,32,34,214
36,32,39,201
36,32,40,208
36,32,88,127
36,32,89,134
36,32,96,124
36,32,98,131
36,32,95,139
36,32,112,121
36,32,118,128
36,32,119,121
36,32,171,98
36,32,207,142
36,33,143,121
36,34,150,119
36,36,85,194
36,36,86,200
36,36,93,202
36,36,132,138
36,36,140,134
36,36,168,124
36,36,168,130
36,36,175,124
36,37,175,133
36,36,229,117
36,37,36,183
36,38,43,186
36,39,123,230
36,39,123,237
36,40,124,153
36,40,216,125
36,40,223,127
36,40,223,174
36,40,230,171
36,42,235,176
36,44,224,145
36,44,230,141
36,44,229,149
36,48,28,136
36,48,28,145
36,48,27,154
36,48,30,187
36,48,34,131
36,48,34,140
36,48,34,146
36,48,34,153
36,48,40,128
36,48,40,137
36,48,40,143
36,48,40,150
36,48,49,156
36,48,46,126
36,48,47,134
36,48,46,140
36,48,48,147
36,48,55,125
36,48,54,139
36,48,62,135
36,48,72,129
36,48,78,147
36,48,148,179
36,48,177,231
36,48,185,164
36,48,185,199
36,48,186,207
36,48,191,194
36,48,194,204
36,52,80,211
36,53,87,210
36,53,182,224
36,53,191,177
36,55,150,190
36,54,158,190
36,56,140,204
36,56,141,210
36,56,204,220
36,56,204,227
36,48,64,122
36,16,15,108
36,20,244,61
36,36,196,79
36,47,208,249
36,6,89,61
36,6,89,67
36,16,101,49
36,19,241,68
36,23,85,64
36,23,156,56
36,23,160,48
36,23,164,56
36,36,193,87
36,36,199,87
36,36,203,71
36,36,205,76
36,36,213,72
36,36,220,74
36,36,225,72
36,38,27,161
36,37,27,180
36,37,206,82
36,37,214,78
36,48,44,250
36,47,214,249
36,48,50,250
36,51,78,250
36,51,83,249
36,52,85,155
36,52,217,138
36,56,28,245
36,15,33,51
36,15,38,46
36,15,45,38
36,15,46,46
36,15,90,50
36,4,26,111
36,4,32,106
36,4,33,114
36,4,106,130
36,3,106,86
36,3,111,127
36,4,112,136
36,4,115,85
36,3,118,125
36,4,118,133
36,6,171,89
36,6,173,80
36,16,29,36
36,15,30,43
36,15,28,48
36,16,31,32
36,16,35,37
36,15,37,31
36,15,42,31
36,15,48,31
36,15,53,33
36,15,53,40
36,16,53,45
36,15,60,30
36,15,60,36
36,15,70,181
36,16,70,186
36,15,70,30
36,15,74,178
36,15,74,182
36,16,73,187
36,22,82,55
36,22,88,55
36,22,166,30
36,22,174,30
36,22,180,30
36,36,156,68
36,36,162,66
36,36,148,66
36,36,151,70
36,36,156,62
36,36,162,70
36,36,164,62
36,36,166,67
36,47,15,209
36,48,66,111
36,47,144,126
36,48,30,68
36,48,30,76
36,48,32,62
36,48,38,50
36,48,38,56
36,48,38,62
36,48,38,68
36,48,46,52
36,48,46,58
36,48,46,64
36,48,54,50
36,48,54,56
36,48,60,110
36,48,62,52
36,48,62,58
36,48,70,54
36,48,182,32
36,48,190,32
36,48,190,38
36,48,214,32
36,48,222,32
36,52,110,155
36,52,113,154
36,52,221,130
36,52,226,127
36,52,226,132
36,53,226,117
36,53,229,114
36,55,17,250
36,60,109,228
36,59,127,220
36,60,127,227
37,13,196,97
37,45,73,179
37,28,73,131
37,48,102,216
37,34,46,160
37,13,79,155
37,15,36,176
37,15,47,171
37,15,166,137
37,15,177,134
37,19,106,176
37,19,116,174
37,21,164,163
37,22,129,174
37,22,140,167
37,22,139,176
37,27,77,202
37,26,90,198
37,26,88,208
37,30,127,197
37,34,155,208
37,39,217,208
37,42,200,167
37,47,137,218
37,21,222,109
37,22,189,146
37,39,96,155
37,43,125,176
37,6,116,54
37,14,100,117
37,17,68,111
37,33,58,228
37,10,158,77
37,33,166,105
37,9,82,62
37,30,157,152
37,46,200,184
37,12,67,71
37,10,78,74
37,20,73,118
37,19,209,64
37,21,202,68
37,34,97,179
37,38,217,163
37,39,222,172
37,43,147,155
37,46,178,156
37,47,37,227
37,50,77,210
37,6,110,135
37,5,119,130
37,6,119,138
37,7,180,43
37,11,213,116
37,12,226,107
37,11,220,119
37,11,227,116
37,13,157,64
37,13,165,61
37,15,65,130
37,16,30,113
37,17,59,103
37,17,70,100
37,17,138,112
37,17,147,124
37,16,150,112
37,19,123,145
37,19,125,81
37,19,135,91
37,21,41,126
37,21,47,157
37,21,112,138
37,22,119,130
37,21,130,73
37,21,138,73
37,23,164,90
37,21,191,59
37,22,193,68
37,22,199,77
37,23,54,133
37,24,205,83
37,26,30,139
37,26,31,149
37,27,30,181
37,26,81,156
37,26,87,154
37,26,94,154
37,27,29,190
37,27,147,107
37,29,136,112
37,30,145,115
37,29,188,135
37,29,197,136
37,33,32,210
37,33,42,208
37,33,181,143
37,33,184,154
37,33,191,142
37,33,194,151
37,33,216,144
37,35,149,165
37,35,150,124
37,35,157,127
37,37,60,197
37,37,70,195
37,38,71,204
37,38,61,206
37,41,165,222
37,41,167,212
37,40,176,222
37,41,178,212
37,42,171,185
37,43,162,185
37,44,164,193
37,43,174,145
37,46,146,200
37,46,157,197
37,48,36,171
37,47,49,192
37,47,76,223
37,48,149,169
37,47,153,207
37,47,202,155
37,47,206,145
37,49,69,210
37,49,101,187
37,49,110,178
37,49,112,188
37,51,44,218
37,52,57,217
37,51,130,185
37,51,139,184
37,51,156,227
37,51,167,226
37,50,229,206
37,51,228,214
37,53,87,213
37,57,209,223
37,7,170,54
37,25,103,110
37,36,175,174
37,37,41,182
37,37,207,123
37,39,28,185
37,38,114,151
37,13,53,94
37,27,110,149
37,33,99,140
37,35,228,141
37,38,179,131
37,41,217,134
37,48,90,185
37,51,181,226
37,54,220,180
37,15,47,106
37,37,101,193
37,13,30,135
37,13,37,140
37,14,96,85
37,14,103,85
37,22,7,211
37,31,43,121
37,31,172,141
37,36,92,202
37,47,67,144
37,51,85,155
37,6,94,66
37,8,132,53
37,9,134,61
37,8,147,92
37,8,147,100
37,8,153,88
37,8,153,95
37,8,153,103
37,8,160,89
37,8,161,95
37,9,160,102
37,5,173,83
37,8,169,75
37,8,179,54
37,8,185,53
37,8,191,43
37,8,192,50
37,8,202,47
37,8,203,82
37,8,207,39
37,8,206,89
37,8,209,48
37,8,209,78
37,8,213,32
37,8,215,39
37,8,215,84
37,8,214,91
37,8,214,69
37,8,216,46
37,8,215,77
37,8,220,66
37,8,221,72
37,8,222,79
37,8,228,71
37,12,34,128
37,12,40,125
37,12,40,132
37,12,43,85
37,12,46,126
37,13,49,132
37,12,49,82
37,12,57,79
37,12,60,87
37,12,118,106
37,12,120,113
37,12,125,101
37,12,127,111
37,12,132,105
37,12,141,68
37,13,146,75
37,12,147,66
37,16,85,87
37,16,80,97
37,16,81,123
37,16,86,116
37,16,90,97
37,16,88,126
37,16,90,132
37,16,97,130
37,16,113,78
37,16,113,87
37,16,174,69
37,16,182,69
37,16,218,61
37,16,221,96
37,16,224,54
37,16,224,62
37,16,230,58
37,17,227,67
37,20,247,65
37,21,8,204
37,21,14,204
37,22,19,209
37,23,165,127
37,23,174,126
37,24,185,114
37,24,112,102
37,24,113,108
37,24,112,117
37,24,120,99
37,24,122,105
37,24,121,112
37,24,178,90
37,24,182,120
37,24,186,83
37,24,185,92
37,24,189,121
37,24,188,108
37,24,192,89
37,24,196,113
37,24,197,121
37,24,204,126
37,24,206,133
37,24,206,140
37,24,211,120
37,24,211,127
37,24,216,133
37,24,215,140
37,24,218,125
37,24,226,146
37,24,226,155
37,24,231,146
37,24,232,156
37,24,238,147
37,24,239,155
37,24,246,150
37,28,42,180
37,28,48,181
37,28,54,182
37,28,54,171
37,28,61,181
37,28,62,172
37,28,109,157
37,28,116,158
37,28,119,147
37,28,123,152
37,28,122,159
37,28,187,127
37,28,195,127
37,28,216,92
37,28,222,87
37,31,163,137
37,31,169,132
37,32,45,129
37,32,54,122
37,32,91,131
37,32,98,126
37,32,99,132
37,32,121,121
37,32,124,128
37,32,171,118
37,32,178,118
37,32,182,106
37,32,182,113
37,36,85,197
37,36,91,193
37,36,99,202
37,36,149,175
37,36,164,168
37,36,171,163
37,36,179,162
37,37,137,134
37,37,144,133
37,38,139,143
37,38,145,140
37,40,113,185
37,40,122,159
37,40,126,150
37,40,220,124
37,42,241,222
37,42,248,222
37,44,225,143
37,45,224,150
37,45,230,146
37,48,28,154
37,48,28,162
37,48,29,180
37,48,37,144
37,48,34,154
37,48,34,161
37,48,37,182
37,48,40,152
37,48,40,159
37,48,46,151
37,48,47,160
37,48,48,166
37,48,54,153
37,48,79,148
37,48,181,234
37,48,185,164
37,48,189,151
37,48,191,158
37,48,191,194
37,48,192,202
37,48,201,196
37,48,200,203
37,50,30,189
37,49,192,166
37,52,222,172
37,52,229,169
37,52,230,177
37,53,110,199
37,53,118,199
37,54,111,206
37,54,119,206
37,54,191,183
37,55,159,190
37,56,140,207
37,56,146,208
37,56,170,188
37,56,175,195
37,56,179,186
37,56,183,193
37,56,206,186
37,56,214,187
37,10,246,42
37,47,213,249
37,16,98,52
37,38,222,77
37,39,126,231
37,44,245,175
37,48,29,136
37,48,50,142
37,48,56,141
37,12,239,101
37,16,230,86
37,23,91,60
37,39,122,238
37,39,128,238
37,47,242,202
37,47,243,208
37,48,21,211
37,48,39,129
37,49,48,133
37,48,45,128
37,48,54,126
37,48,53,250
37,49,70,128
37,56,26,249
37,16,45,47
37,16,47,38
37,16,52,44
37,16,55,38
37,36,154,69
37,36,160,69
37,37,206,78
37,37,230,117
37,47,152,122
37,3,24,76
37,4,25,82
37,4,28,69
37,4,29,112
37,4,30,76
37,4,30,87
37,4,34,82
37,4,33,106
37,4,36,114
37,3,43,72
37,4,41,106
37,4,42,113
37,4,107,82
37,4,108,89
37,4,114,80
37,4,114,88
37,6,116,46
37,6,120,40
37,4,121,81
37,4,121,87
37,6,126,37
37,6,132,39
37,6,180,80
37,16,30,31
37,16,31,37
37,16,31,42
37,16,31,47
37,16,36,53
37,16,38,30
37,16,38,37
37,16,38,42
37,15,37,48
37,15,40,54
37,16,45,31
37,15,46,54
37,16,50,31
37,16,55,32
37,16,61,31
37,16,60,36
37,16,68,30
37,16,69,187
37,16,74,180
37,15,74,186
37,15,78,180
37,15,80,184
37,16,79,189
37,16,60,41
37,16,70,36
37,16,72,190
37,16,78,30
37,19,7,165
37,18,109,49
37,24,161,53
37,24,165,47
37,23,166,52
37,24,169,47
37,24,171,52
37,24,165,56
37,38,70,102
37,38,76,100
37,38,82,98
37,48,68,119
37,47,74,118
37,48,78,121
37,47,146,122
37,48,150,128
37,47,157,123
37,48,38,60
37,48,46,52
37,48,62,52
37,48,71,112
37,48,140,127
37,48,158,30
37,48,158,36
37,48,166,30
37,48,174,32
37,48,182,32
37,48,190,30
37,48,190,36
37,48,196,32
37,53,226,131
37,54,111,250
37,53,221,139
37,60,130,224
38,12,201,94
38,43,76,177
38,47,105,214
38,18,49,166
38,15,74,161
38,15,85,159
38,16,65,102
38,19,185,142
38,29,74,134
38,30,120,198
38,30,130,197
38,34,157,213
38,39,211,166
38,38,219,204
38,38,228,204
38,42,168,215
38,42,178,220
38,42,180,212
38,42,202,172
38,22,160,163
38,34,50,162
38,21,109,175
38,44,165,192
38,14,224,110
38,22,117,136
38,33,63,228
38,43,123,175
38,47,139,218
38,14,100,121
38,25,222,118
38,29,143,114
38,34,99,180
38,39,99,152
38,46,202,151
38,6,106,58
38,10,82,62
38,12,71,71
38,17,27,115
38,18,66,112
38,17,120,81
38,21,170,162
38,21,72,120
38,26,86,201
38,26,193,126
38,27,96,204
38,29,154,157
38,45,148,161
38,46,150,200
38,46,159,202
38,46,182,155
38,46,198,190
38,47,37,227
38,51,68,214
38,7,92,67
38,7,116,134
38,7,125,133
38,9,79,80
38,9,122,63
38,9,163,80
38,12,223,121
38,13,49,90
38,13,58,87
38,13,141,71
38,13,149,67
38,13,151,76
38,13,157,69
38,13,157,59
38,13,165,62
38,15,35,176
38,15,44,180
38,15,65,132
38,15,166,138
38,15,174,129
38,15,174,141
38,15,182,131
38,16,145,121
38,19,128,85
38,19,137,92
38,18,212,66
38,21,111,147
38,21,134,75
38,21,168,171
38,21,198,63
38,21,202,72
38,23,7,214
38,23,17,212
38,23,132,173
38,23,142,169
38,23,199,147
38,23,197,81
38,24,206,84
38,26,82,154
38,26,91,150
38,27,30,144
38,27,30,154
38,27,77,201
38,27,78,210
38,27,87,212
38,27,91,158
38,30,154,147
38,29,168,139
38,29,164,150
38,33,35,209
38,33,45,207
38,33,53,228
38,33,98,138
38,33,167,101
38,34,164,111
38,33,190,150
38,36,89,197
38,35,95,190
38,35,98,199
38,35,143,172
38,35,150,166
38,35,167,169
38,35,172,178
38,35,174,165
38,35,181,171
38,37,39,184
38,37,61,201
38,37,68,199
38,37,78,199
38,37,207,124
38,38,68,209
38,41,212,135
38,41,221,130
38,43,173,186
38,46,72,225
38,45,193,183
38,45,202,180
38,46,82,224
38,46,208,145
38,46,207,188
38,47,37,172
38,47,49,196
38,49,105,189
38,49,113,183
38,51,44,218
38,51,52,217
38,51,133,185
38,50,140,190
38,52,155,227
38,51,166,227
38,51,229,209
38,53,89,215
38,54,193,186
38,9,156,102
38,23,162,92
38,22,42,129
38,25,103,113
38,28,197,136
38,33,217,145
38,14,37,139
38,35,154,130
38,35,174,125
38,37,143,144
38,39,28,185
38,43,175,146
38,49,196,201
38,6,177,85
38,35,228,143
38,56,220,225
38,14,99,88
38,15,105,86
38,22,176,127
38,23,167,129
38,23,189,112
38,28,28,185
38,37,116,150
38,53,224,182
38,57,209,228
38,5,125,45
38,9,135,58
38,8,152,92
38,9,162,92
38,8,168,51
38,8,171,57
38,8,175,43
38,8,176,50
38,8,180,56
38,8,181,40
38,8,182,48
38,8,189,41
38,8,190,49
38,8,200,45
38,8,205,51
38,8,206,39
38,8,211,46
38,9,215,34
38,8,218,86
38,9,219,69
38,9,227,72
38,9,214,80
38,9,221,77
38,12,32,129
38,12,39,128
38,12,121,107
38,12,122,115
38,12,127,104
38,12,128,110
38,12,129,116
38,12,134,108
38,13,47,129
38,16,35,111
38,16,34,120
38,16,41,112
38,16,46,119
38,16,48,107
38,16,53,118
38,16,80,92
38,16,80,129
38,16,82,100
38,16,82,120
38,16,86,85
38,16,90,92
38,16,88,126
38,16,91,99
38,16,89,116
38,16,110,78
38,16,110,86
38,16,171,71
38,16,179,69
38,16,198,110
38,16,207,110
38,16,214,55
38,16,216,101
38,16,222,52
38,16,221,60
38,16,223,66
38,16,223,95
38,16,228,59
38,16,229,94
38,17,89,133
38,20,125,150
38,20,247,66
38,24,55,139
38,24,56,129
38,24,112,104
38,24,114,110
38,24,113,118
38,24,120,102
38,24,122,108
38,24,121,115
38,24,176,93
38,24,183,89
38,24,183,97
38,24,183,117
38,24,189,87
38,24,189,95
38,24,195,91
38,24,198,114
38,24,209,131
38,24,209,142
38,24,219,135
38,24,219,142
38,24,228,147
38,24,228,155
38,24,235,149
38,24,235,157
38,24,241,148
38,24,242,156
38,24,249,151
38,28,45,179
38,28,52,180
38,28,57,180
38,27,55,170
38,28,64,177
38,28,109,153
38,28,116,158
38,28,118,148
38,28,124,154
38,28,210,92
38,28,216,88
38,28,216,96
38,29,123,160
38,29,222,93
38,32,39,125
38,32,46,120
38,32,47,129
38,32,53,121
38,32,93,128
38,32,121,122
38,32,122,128
38,32,179,117
38,32,182,108
38,32,183,141
38,33,100,127
38,36,158,69
38,36,158,173
38,37,177,133
38,39,30,157
38,40,113,187
38,40,120,190
38,40,119,156
38,40,128,188
38,40,128,151
38,40,128,160
38,44,95,165
38,44,102,165
38,44,167,148
38,44,169,156
38,45,222,148
38,44,228,142
38,45,229,150
38,44,248,227
38,45,108,163
38,48,29,152
38,48,29,160
38,48,29,168
38,48,37,146
38,48,35,154
38,48,35,161
38,48,41,154
38,48,41,161
38,48,47,153
38,48,49,161
38,48,48,168
38,48,55,155
38,48,84,189
38,48,90,182
38,48,93,192
38,48,145,176
38,48,152,178
38,48,158,173
38,48,175,230
38,48,183,230
38,48,186,165
38,49,193,165
38,52,222,174
38,52,228,170
38,52,230,178
38,54,111,201
38,55,113,208
38,54,119,201
38,54,121,209
38,54,186,227
38,55,159,189
38,56,138,209
38,56,145,210
38,56,156,195
38,56,171,188
38,56,173,195
38,56,179,185
38,56,182,194
38,56,207,188
38,56,206,220
38,56,216,187
38,56,215,219
38,47,215,248
38,48,56,143
38,47,69,147
38,48,29,137
38,48,47,143
38,48,65,140
38,48,78,152
38,50,29,191
38,4,25,80
38,5,28,88
38,4,40,73
38,4,41,81
38,4,112,85
38,5,115,91
38,5,120,83
38,5,124,88
38,11,240,45
38,11,246,42
38,11,246,47
38,13,238,101
38,16,34,50
38,16,42,55
38,16,230,85
38,27,229,88
38,35,145,68
38,37,69,103
38,37,75,99
38,37,82,99
38,37,88,95
38,37,93,95
38,39,124,238
38,39,128,232
38,40,131,238
38,39,216,79
38,39,225,74
38,39,224,82
38,40,234,173
38,44,245,177
38,48,19,216
38,47,69,116
38,47,76,114
38,47,82,111
38,47,85,118
38,47,141,110
38,47,141,118
38,47,177,239
38,47,183,239
38,47,241,204
38,48,29,185
38,48,35,185
38,48,38,130
38,48,38,137
38,48,46,129
38,48,51,126
38,48,55,250
38,48,59,126
38,48,63,153
38,48,68,124
38,48,70,154
38,48,72,139
38,48,78,124
38,48,77,145
38,49,45,136
38,49,51,133
38,49,60,134
38,49,72,132
38,49,83,156
38,36,141,79
38,48,184,116
38,16,30,43
38,16,46,39
38,16,49,46
38,16,53,37
38,23,90,61
38,37,134,85
38,37,140,86
38,47,149,115
38,47,156,117
38,48,151,127
38,54,110,249
38,4,32,110
38,4,34,116
38,4,38,106
38,4,40,112
38,4,40,118
38,6,41,71
38,4,45,107
38,4,45,114
38,6,47,68
38,6,117,42
38,6,123,37
38,6,129,38
38,6,160,29
38,16,28,30
38,15,28,81
38,16,31,38
38,15,32,66
38,16,34,31
38,16,38,38
38,15,38,64
38,16,40,31
38,15,46,31
38,16,62,30
38,16,71,187
38,16,77,185
38,16,76,190
38,16,52,30
38,16,70,192
38,24,157,57
38,23,163,53
38,23,167,51
38,24,161,57
38,24,167,55
38,47,164,107
38,47,98,120
38,48,132,122
38,47,158,108
38,48,159,123
38,47,164,113
38,47,170,107
38,47,172,112
38,47,177,111
38,47,184,109
38,47,190,108
38,48,38,52
38,48,38,58
38,48,38,64
38,48,44,52
38,48,44,58
38,48,54,52
38,48,62,118
38,48,62,52
38,48,136,124
38,48,142,126
38,48,150,32
38,48,150,38
38,48,156,32
38,48,158,38
38,48,164,32
38,48,174,32
38,48,174,119
38,48,182,32
38,48,190,32
38,48,198,32
38,48,198,38
38,53,222,138
38,56,28,249
39,37,160,218
39,46,170,224
39,9,118,66
39,48,107,217
39,18,31,119
39,18,67,107
39,18,183,141
39,22,105,183
39,22,114,181
39,23,153,169
39,22,165,168
39,29,74,135
39,39,226,204
39,42,204,167
39,44,202,179
39,46,75,185
39,52,70,220
39,19,52,168
39,26,105,115
39,26,225,119
39,7,77,71
39,29,146,116
39,34,46,166
39,33,169,107
39,10,159,105
39,15,206,106
39,22,116,146
39,25,173,133
39,28,89,210
39,43,168,193
39,14,158,78
39,10,170,88
39,28,198,139
39,18,215,68
39,23,162,92
39,37,208,126
39,41,93,154
39,56,215,226
39,7,31,86
39,7,130,53
39,10,168,57
39,11,164,83
39,11,215,86
39,13,71,72
39,14,126,114
39,14,135,115
39,13,193,99
39,13,200,94
39,13,208,93
39,13,217,119
39,13,227,114
39,13,227,122
39,15,82,165
39,14,164,67
39,15,92,162
39,16,101,93
39,15,106,120
39,15,147,75
39,17,44,182
39,17,52,184
39,17,51,120
39,17,61,182
39,17,85,127
39,17,96,126
39,17,140,123
39,17,142,130
39,17,149,116
39,17,151,123
39,17,152,132
39,17,157,126
39,18,93,134
39,20,125,82
39,21,136,78
39,26,85,154
39,27,91,158
39,26,218,131
39,29,30,190
39,29,50,183
39,29,60,182
39,29,114,159
39,29,124,158
39,29,166,145
39,29,174,144
39,31,122,203
39,31,132,198
39,31,132,208
39,31,151,152
39,34,152,163
39,31,158,150
39,31,161,159
39,31,163,150
39,33,38,209
39,33,47,204
39,33,47,213
39,34,60,232
39,34,69,231
39,33,184,148
39,33,186,157
39,33,193,147
39,33,195,155
39,38,89,198
39,38,94,206
39,37,96,193
39,37,102,203
39,37,174,177
39,37,184,173
39,38,68,201
39,37,104,193
39,39,69,210
39,39,79,203
39,39,220,171
39,40,117,158
39,41,127,158
39,41,210,135
39,41,218,131
39,42,172,186
39,43,218,138
39,45,94,166
39,45,105,164
39,46,180,156
39,46,194,189
39,47,203,192
39,47,74,229
39,47,84,226
39,47,136,223
39,48,145,223
39,48,153,204
39,47,163,205
39,47,204,157
39,47,209,147
39,49,187,164
39,49,194,165
39,50,193,210
39,50,193,202
39,51,140,191
39,51,228,208
39,53,226,179
39,7,121,90
39,46,151,165
39,55,94,219
39,7,182,87
39,17,113,89
39,21,70,118
39,21,205,64
39,22,202,71
39,29,218,93
39,34,99,138
39,35,222,145
39,45,227,149
39,51,84,161
39,14,42,133
39,14,41,142
39,25,209,87
39,37,176,132
39,43,177,146
39,47,127,169
39,50,113,189
39,8,119,134
39,16,173,132
39,17,88,91
39,24,133,182
39,25,229,158
39,43,146,157
39,6,43,80
39,6,97,63
39,5,102,58
39,6,111,90
39,7,49,82
39,8,94,77
39,8,97,69
39,8,112,133
39,8,112,141
39,8,119,143
39,8,126,130
39,8,128,138
39,8,180,43
39,8,180,49
39,8,186,41
39,8,186,47
39,9,186,54
39,9,193,44
39,9,193,52
39,9,202,46
39,8,211,42
39,9,210,50
39,9,179,54
39,9,202,53
39,10,227,69
39,11,228,76
39,12,247,46
39,16,49,97
39,16,52,103
39,16,53,92
39,16,57,130
39,16,58,136
39,16,62,93
39,16,60,144
39,16,64,131
39,16,71,137
39,16,69,145
39,16,90,102
39,16,90,115
39,16,174,73
39,16,182,68
39,16,183,74
39,16,179,81
39,16,215,57
39,16,223,54
39,16,221,106
39,16,227,59
39,16,226,67
39,17,228,102
39,20,126,96
39,20,132,92
39,20,133,101
39,20,140,90
39,20,139,98
39,20,167,80
39,24,5,218
39,24,12,213
39,24,12,221
39,24,18,212
39,24,18,220
39,24,25,212
39,24,25,219
39,24,35,132
39,24,36,141
39,24,42,129
39,24,43,136
39,24,43,143
39,24,48,130
39,24,49,136
39,24,50,144
39,25,56,133
39,24,57,141
39,24,111,134
39,24,115,107
39,24,118,132
39,24,120,114
39,24,122,105
39,24,126,135
39,25,127,111
39,24,131,174
39,24,139,170
39,24,144,176
39,24,143,184
39,24,182,93
39,24,183,124
39,24,185,115
39,24,189,89
39,25,188,98
39,24,190,125
39,24,192,112
39,24,195,82
39,24,195,93
39,24,197,119
39,24,201,81
39,24,202,92
39,24,202,124
39,24,213,145
39,24,225,148
39,24,232,149
39,24,240,155
39,25,220,143
39,28,26,146
39,28,25,152
39,29,27,159
39,28,32,146
39,28,33,152
39,29,35,158
39,28,230,91
39,32,41,128
39,32,43,155
39,32,47,122
39,32,48,130
39,32,50,155
39,32,55,123
39,32,178,121
39,32,185,115
39,34,29,206
39,36,97,181
39,36,104,181
39,36,39,175
39,36,47,177
39,36,58,173
39,36,61,163
39,36,65,171
39,36,92,177
39,36,110,182
39,36,144,172
39,36,150,128
39,36,151,174
39,36,153,135
39,36,156,126
39,36,158,172
39,36,161,133
39,36,171,169
39,37,108,152
39,38,36,184
39,39,38,191
39,38,42,183
39,38,87,167
39,39,46,190
39,39,139,143
39,40,28,184
39,40,28,195
39,40,115,187
39,40,121,180
39,40,121,188
39,40,123,193
39,40,127,178
39,40,127,185
39,40,131,191
39,40,134,179
39,40,135,186
39,40,145,147
39,44,156,156
39,44,169,151
39,48,32,176
39,49,33,163
39,48,39,176
39,48,40,195
39,48,44,163
39,48,43,203
39,48,46,171
39,48,46,194
39,48,50,202
39,48,53,194
39,48,56,202
39,48,61,195
39,48,58,150
39,48,62,185
39,48,66,145
39,48,65,155
39,48,73,148
39,48,74,156
39,48,86,194
39,48,90,187
39,48,96,192
39,48,94,199
39,48,117,176
39,48,123,180
39,48,130,178
39,48,145,174
39,48,149,182
39,48,152,175
39,48,157,182
39,48,159,172
39,50,29,146
39,50,36,142
39,52,38,229
39,52,43,222
39,52,45,229
39,52,50,219
39,52,53,227
39,54,189,188
39,54,188,227
39,54,196,187
39,55,112,208
39,55,118,202
39,56,120,210
39,56,91,226
39,56,139,212
39,56,146,213
39,56,154,195
39,56,162,195
39,56,170,195
39,56,172,188
39,56,176,196
39,56,180,186
39,56,183,195
39,56,204,191
39,56,212,185
39,56,210,194
39,56,217,191
39,10,218,29
39,48,136,155
39,17,33,51
39,17,40,55
39,36,150,75
39,36,160,72
39,40,30,159
39,4,38,113
39,5,46,109
39,5,46,117
39,9,162,32
39,14,242,103
39,16,29,150
39,20,107,54
39,33,120,130
39,33,124,135
39,33,125,129
39,36,168,72
39,39,125,240
39,39,128,234
39,39,130,240
39,39,225,79
39,39,240,178
39,43,32,230
39,43,37,230
39,47,88,114
39,47,182,238
39,47,215,248
39,47,240,201
39,49,41,152
39,48,48,150
39,48,48,155
39,48,53,159
39,48,71,120
39,48,82,119
39,48,95,121
39,48,103,123
39,50,46,137
39,49,50,131
39,49,51,142
39,49,55,164
39,52,29,196
39,53,221,141
39,49,112,126
39,49,121,126
39,54,137,250
39,56,31,249
39,16,30,30
39,16,30,37
39,16,36,30
39,16,37,36
39,16,43,31
39,16,46,39
39,18,29,84
39,21,246,68
39,39,86,102
39,49,129,125
39,4,144,44
39,4,147,48
39,2,159,36
39,4,150,54
39,3,158,45
39,4,193,65
39,4,199,64
39,4,199,71
39,16,52,30
39,16,52,35
39,16,62,30
39,16,70,30
39,16,72,196
39,16,78,190
39,16,78,194
39,21,10,172
39,24,166,56
39,24,160,56
39,24,166,30
39,37,140,84
39,39,230,123
39,39,239,124
39,40,18,201
39,45,251,230
39,47,160,115
39,48,188,114
39,48,38,46
39,48,38,52
39,48,38,58
39,48,38,64
39,48,44,52
39,48,44,58
39,48,46,46
39,48,46,64
39,48,52,52
39,48,52,58
39,49,57,128
39,48,62,48
39,48,62,54
39,48,62,60
39,48,70,44
39,48,70,50
39,48,70,56
39,48,76,54
39,48,131,120
39,48,137,121
39,48,138,114
39,48,148,120
39,48,154,119
39,48,154,123
39,48,158,32
39,48,158,38
39,48,160,121
39,48,166,32
39,48,166,38
39,48,166,114
39,48,165,119
39,48,172,115
39,48,174,32
39,48,178,113
39,48,183,116
39,48,187,118
39,51,58,133
39,54,225,131
40,40,166,223
40,13,224,118
40,32,72,147
40,18,46,186
40,19,52,177
40,18,55,190
40,18,63,184
40,17,172,145
40,18,184,141
40,18,183,152
40,20,194,145
40,23,114,185
40,26,76,133
40,25,142,185
40,28,93,212
40,35,51,170
40,39,227,208
40,42,171,194
40,13,76,76
40,26,225,121
40,20,66,117
40,25,173,137
40,43,127,190
40,43,164,199
40,19,30,124
40,25,194,131
40,30,149,115
40,29,195,144
40,34,46,214
40,46,73,187
40,52,71,226
40,10,114,72
40,18,140,123
40,34,191,156
40,45,200,166
40,18,97,101
40,13,211,92
40,30,168,151
40,34,171,110
40,9,91,78
40,11,171,91
40,14,227,73
40,16,203,108
40,18,150,120
40,22,132,82
40,24,164,95
40,42,208,174
40,43,182,227
40,43,199,178
40,46,125,173
40,44,93,165
40,47,182,161
40,46,199,194
40,7,44,117
40,7,114,94
40,9,115,139
40,9,125,138
40,9,169,59
40,9,180,50
40,5,200,39
40,13,154,113
40,14,157,85
40,13,165,107
40,15,125,119
40,14,135,115
40,15,36,147
40,15,47,137
40,15,48,146
40,15,102,119
40,17,55,102
40,17,62,144
40,17,71,144
40,18,110,95
40,18,216,69
40,19,141,133
40,18,149,133
40,18,154,127
40,19,47,128
40,19,86,96
40,19,88,106
40,19,95,130
40,21,123,89
40,21,131,101
40,21,136,93
40,23,51,167
40,23,167,175
40,25,9,225
40,25,21,224
40,25,35,141
40,25,45,137
40,25,44,147
40,26,53,144
40,25,51,153
40,25,117,142
40,25,128,141
40,25,192,95
40,27,99,119
40,27,114,120
40,27,120,118
40,27,127,118
40,29,93,163
40,29,105,126
40,31,30,195
40,30,29,163
40,31,53,188
40,31,64,186
40,31,116,168
40,31,120,208
40,31,120,159
40,31,126,169
40,31,130,202
40,31,130,212
40,34,61,232
40,35,70,231
40,36,32,213
40,38,45,180
40,37,96,185
40,38,106,188
40,37,147,177
40,37,156,175
40,37,173,181
40,37,180,176
40,37,184,185
40,38,188,175
40,37,206,129
40,39,218,170
40,39,223,178
40,41,28,200
40,41,123,162
40,43,214,137
40,46,150,165
40,45,176,155
40,45,195,185
40,45,213,147
40,46,102,165
40,47,97,177
40,47,103,224
40,47,106,173
40,48,114,223
40,47,155,209
40,47,204,152
40,50,30,174
40,49,36,174
40,49,44,176
40,49,43,207
40,49,51,164
40,49,53,209
40,49,60,194
40,49,89,199
40,49,190,167
40,50,188,213
40,50,194,208
40,58,209,227
40,57,219,223
40,57,218,230
40,16,86,170
40,21,210,75
40,51,109,193
40,55,225,185
40,15,161,69
40,35,222,147
40,45,226,145
40,55,96,222
40,51,34,149
40,49,232,203
40,5,122,52
40,27,216,134
40,30,218,98
40,33,180,124
40,37,97,150
40,57,138,212
40,25,232,155
40,26,230,161
40,31,156,164
40,38,178,135
40,3,62,69
40,4,154,47
40,6,195,68
40,8,24,91
40,8,27,98
40,8,29,86
40,8,33,94
40,8,38,89
40,8,46,83
40,8,45,92
40,8,96,63
40,8,101,71
40,8,103,64
40,8,183,86
40,8,184,93
40,9,51,89
40,9,131,61
40,9,199,49
40,9,207,45
40,10,126,68
40,10,156,37
40,10,200,57
40,10,208,53
40,10,213,33
40,11,220,31
40,12,70,93
40,12,76,94
40,12,82,93
40,12,122,80
40,12,150,104
40,12,157,100
40,16,45,99
40,16,67,102
40,16,140,77
40,16,143,85
40,16,148,74
40,16,170,74
40,16,178,72
40,16,178,81
40,16,213,60
40,16,220,58
40,16,227,58
40,17,226,105
40,20,50,120
40,21,88,140
40,20,98,140
40,22,199,66
40,24,110,153
40,24,123,156
40,24,155,171
40,24,158,181
40,24,186,121
40,24,192,116
40,24,192,85
40,24,198,78
40,24,199,120
40,24,199,86
40,24,207,88
40,26,215,146
40,25,242,158
40,26,124,131
40,28,85,157
40,28,91,154
40,28,99,154
40,32,38,130
40,32,44,125
40,33,43,135
40,32,52,124
40,33,51,132
40,32,53,198
40,32,136,120
40,32,141,125
40,32,149,125
40,32,152,154
40,36,93,139
40,36,100,137
40,36,102,144
40,36,123,133
40,38,155,137
40,39,92,204
40,40,30,163
40,40,36,191
40,40,38,202
40,40,45,198
40,40,65,217
40,40,69,208
40,40,71,218
40,40,76,206
40,40,77,213
40,40,77,221
40,40,82,157
40,40,84,164
40,40,85,170
40,40,82,206
40,40,84,178
40,40,84,215
40,40,88,152
40,40,89,211
40,40,95,214
40,40,99,201
40,40,102,207
40,40,102,214
40,40,109,156
40,40,109,165
40,40,142,151
40,40,149,151
40,44,171,147
40,44,179,146
40,46,184,191
40,46,227,155
40,48,134,228
40,48,142,228
40,48,31,187
40,48,47,151
40,49,52,145
40,48,61,149
40,48,60,158
40,48,70,161
40,48,85,229
40,48,113,175
40,48,116,182
40,48,132,221
40,48,140,218
40,48,143,177
40,48,146,219
40,48,148,227
40,48,150,180
40,48,157,179
40,48,179,244
40,48,213,159
40,50,30,160
40,49,39,155
40,52,132,193
40,53,137,200
40,52,139,189
40,52,144,196
40,52,160,229
40,52,220,204
40,52,219,211
40,52,227,213
40,55,45,229
40,54,53,228
40,54,186,190
40,54,193,190
40,56,112,210
40,56,114,216
40,56,118,207
40,56,122,215
40,56,151,198
40,56,157,196
40,56,163,197
40,56,169,189
40,56,169,197
40,56,177,187
40,56,175,195
40,56,181,195
40,56,201,194
40,56,207,188
40,56,207,196
40,56,213,186
40,56,214,194
40,12,243,48
40,21,192,62
40,40,230,128
40,48,84,119
40,52,82,170
40,60,184,224
40,4,67,106
40,14,247,106
40,15,138,44
40,37,156,77
40,37,162,75
40,37,169,76
40,39,238,177
40,40,243,177
40,47,204,104
40,47,212,103
40,47,218,103
40,48,67,121
40,48,73,118
40,49,73,126
40,51,42,140
40,53,29,203
40,39,226,80
40,40,76,110
40,40,86,106
40,16,31,32
40,16,38,32
40,40,66,112
40,48,217,250
40,5,34,167
40,6,58,104
40,3,69,152
40,6,192,33
40,6,198,33
40,16,46,31
40,15,234,154
40,16,31,37
40,16,46,36
40,22,102,31
40,24,164,30
40,24,170,30
40,24,176,30
40,24,182,30
40,26,165,64
40,40,94,101
40,40,58,114
40,40,102,100
40,40,128,246
40,40,131,246
40,48,116,122
40,48,122,123
40,47,144,112
40,47,150,108
40,47,150,113
40,47,156,112
40,47,163,109
40,47,166,124
40,47,189,126
40,47,192,108
40,47,195,104
40,48,36,62
40,48,38,54
40,48,38,68
40,48,42,60
40,48,44,66
40,48,46,54
40,48,48,60
40,48,54,54
40,48,54,60
40,48,54,131
40,48,62,52
40,48,62,58
40,48,70,54
40,48,96,124
40,48,104,124
40,48,110,122
40,48,110,127
40,48,116,129
40,48,122,129
40,48,128,122
40,48,128,128
40,48,132,124
40,48,142,118
40,48,150,32
40,48,150,38
40,48,150,44
40,48,150,118
40,48,156,32
40,48,156,38
40,48,156,44
40,48,156,117
40,48,162,36
40,48,162,115
40,48,164,42
40,48,166,30
40,48,168,36
40,48,174,32
40,48,174,38
40,48,186,113
40,48,197,109
40,51,16,227
40,50,56,135
40,54,227,137
41,40,172,223
41,19,193,147
41,33,73,149
41,35,76,156
41,27,77,136
41,45,164,204
41,14,161,110
41,18,178,150
41,21,57,184
41,19,68,188
41,26,145,192
41,26,154,189
41,26,164,182
41,26,198,131
41,34,49,215
41,38,228,208
41,14,80,76
41,9,127,143
41,14,215,92
41,26,179,141
41,31,172,151
41,14,170,91
41,26,27,225
41,28,210,142
41,46,197,190
41,18,221,71
41,27,165,97
41,6,123,55
41,35,172,111
41,13,228,118
41,19,99,102
41,18,143,124
41,18,208,109
41,26,229,118
41,30,107,126
41,38,185,184
41,42,28,205
41,44,122,197
41,41,150,157
41,46,126,176
41,9,27,98
41,9,28,149
41,9,36,96
41,9,184,94
41,9,185,51
41,4,206,38
41,14,76,96
41,11,79,87
41,13,226,127
41,16,103,120
41,15,130,120
41,15,202,101
41,17,51,99
41,17,61,106
41,16,87,173
41,16,97,170
41,19,65,147
41,19,73,147
41,19,147,131
41,19,156,127
41,20,29,124
41,21,31,133
41,21,53,130
41,21,89,140
41,24,69,121
41,25,17,226
41,24,119,192
41,26,120,144
41,26,130,142
41,25,176,180
41,25,185,98
41,25,194,94
41,25,197,120
41,25,199,88
41,25,207,88
41,27,35,147
41,27,39,139
41,27,42,153
41,27,45,144
41,27,52,150
41,27,53,158
41,28,96,122
41,30,86,214
41,30,88,220
41,29,89,162
41,29,91,208
41,29,95,215
41,29,95,222
41,29,99,162
41,29,100,207
41,29,104,213
41,29,102,220
41,29,221,130
41,29,228,130
41,30,27,191
41,30,197,146
41,31,29,202
41,31,35,196
41,33,184,123
41,33,218,148
41,34,225,152
41,36,37,215
41,35,47,166
41,35,49,174
41,37,100,151
41,38,40,185
41,38,175,183
41,39,47,186
41,39,106,190
41,39,155,180
41,40,42,203
41,41,70,218
41,41,80,215
41,44,131,194
41,43,174,195
41,43,195,177
41,43,208,177
41,46,149,163
41,45,173,153
41,45,180,156
41,45,211,149
41,45,223,146
41,47,151,171
41,47,181,163
41,47,194,201
41,47,204,200
41,50,29,178
41,49,31,189
41,50,36,174
41,49,39,185
41,49,44,172
41,49,39,159
41,49,53,165
41,49,56,198
41,49,67,198
41,49,88,204
41,49,187,167
41,49,196,168
41,50,189,218
41,50,193,209
41,50,197,215
41,57,213,197
41,57,212,230
41,57,221,229
41,5,67,76
41,31,221,102
41,31,151,121
41,33,50,135
41,35,70,236
41,38,206,130
41,41,86,161
41,43,122,165
41,43,211,138
41,46,82,191
41,47,65,188
41,47,228,157
41,50,229,206
41,5,159,48
41,9,99,68
41,9,169,60
41,9,203,62
41,22,127,89
41,21,198,64
41,23,135,104
41,25,244,159
41,49,150,181
41,51,49,212
41,55,227,188
41,10,156,40
41,10,49,90
41,53,71,228
41,53,139,201
41,11,219,31
41,31,130,214
41,32,138,214
41,36,29,216
41,51,108,198
41,51,116,197
41,5,69,109
41,6,78,107
41,7,77,113
41,7,199,71
41,8,39,117
41,8,41,124
41,8,45,113
41,8,47,122
41,8,53,113
41,8,55,120
41,8,109,96
41,8,112,102
41,8,113,90
41,8,116,96
41,8,120,103
41,8,121,89
41,8,125,97
41,10,110,72
41,10,134,64
41,10,179,61
41,10,206,50
41,12,94,86
41,11,114,78
41,11,140,62
41,11,212,55
41,12,122,79
41,16,39,145
41,15,46,142
41,16,36,151
41,16,42,138
41,16,43,153
41,16,51,151
41,16,53,141
41,16,71,114
41,16,143,79
41,16,144,86
41,16,149,75
41,16,152,81
41,16,153,88
41,16,155,75
41,16,160,65
41,16,161,76
41,16,167,62
41,16,167,68
41,16,167,76
41,16,173,69
41,16,173,77
41,16,179,71
41,16,179,80
41,16,186,74
41,16,185,82
41,20,41,126
41,20,86,96
41,20,85,103
41,20,87,110
41,20,98,134
41,20,114,91
41,20,115,98
41,24,51,169
41,24,62,165
41,24,116,154
41,24,122,156
41,24,130,157
41,24,138,84
41,28,118,115
41,28,120,124
41,28,126,114
41,28,126,121
41,28,126,128
41,28,132,120
41,31,120,162
41,32,25,172
41,32,28,179
41,32,28,164
41,32,33,171
41,32,42,130
41,32,52,127
41,32,52,191
41,32,54,199
41,32,56,185
41,32,58,192
41,32,61,199
41,32,63,183
41,32,64,190
41,32,66,196
41,32,71,183
41,32,72,191
41,32,117,169
41,32,120,177
41,32,122,208
41,32,123,217
41,32,124,170
41,32,126,177
41,32,128,161
41,32,132,167
41,32,130,204
41,32,133,174
41,32,139,122
41,32,142,129
41,32,157,155
41,32,156,164
41,32,163,163
41,32,169,163
41,36,65,245
41,36,94,141
41,36,100,140
41,36,120,134
41,36,124,141
41,36,127,135
41,36,186,157
41,36,190,149
41,36,192,163
41,36,193,157
41,36,201,153
41,36,200,161
41,39,177,135
41,40,56,182
41,40,63,182
41,40,82,178
41,40,89,173
41,40,90,182
41,40,90,208
41,40,93,215
41,40,95,203
41,40,99,209
41,41,99,216
41,40,102,200
41,40,106,206
41,40,105,214
41,40,111,163
41,40,146,149
41,40,157,141
41,40,179,143
41,40,185,135
41,40,186,144
41,40,218,170
41,40,218,178
41,40,226,170
41,40,227,179
41,43,225,134
41,48,95,170
41,48,96,178
41,48,47,152
41,48,54,152
41,48,63,153
41,48,66,162
41,48,89,174
41,48,92,184
41,48,100,185
41,48,101,168
41,48,102,175
41,48,103,226
41,48,106,183
41,48,105,231
41,48,108,171
41,48,109,223
41,48,112,178
41,48,112,230
41,48,115,184
41,48,116,222
41,48,120,229
41,48,121,186
41,48,138,224
41,48,142,230
41,48,145,220
41,48,150,227
41,48,149,205
41,48,150,213
41,48,157,216
41,48,177,247
41,48,183,247
41,48,202,155
41,48,206,164
41,48,214,157
41,48,213,167
41,50,40,208
41,50,76,172
41,52,68,222
41,52,142,194
41,52,225,216
41,53,102,217
41,54,101,223
41,55,191,193
41,56,50,229
41,56,50,236
41,56,94,228
41,56,154,200
41,56,159,198
41,56,165,197
41,56,171,191
41,56,171,199
41,56,178,188
41,56,177,196
41,56,183,195
41,57,99,230
41,58,115,218
41,58,123,219
41,53,160,231
41,58,141,219
41,16,143,42
41,51,35,145
41,13,245,51
41,15,136,41
41,15,248,109
41,25,174,30
41,39,169,78
41,40,246,179
41,42,31,167
41,42,133,249
41,45,245,183
41,47,44,249
41,47,200,103
41,47,205,99
41,47,208,105
41,47,214,110
41,47,214,100
41,47,221,105
41,48,74,121
41,48,80,119
41,48,88,120
41,48,189,125
41,48,192,131
41,48,198,109
41,48,239,204
41,49,68,128
41,49,75,129
41,49,81,128
41,49,89,127
41,52,163,237
41,53,30,155
41,55,193,229
41,48,143,112
41,9,26,129
41,16,140,30
41,6,32,172
41,5,74,153
41,5,78,153
41,4,140,86
41,6,169,40
41,6,194,33
41,6,200,30
41,6,201,36
41,16,6,169
41,16,37,31
41,16,40,31
41,16,47,31
41,16,54,30
41,16,60,30
41,16,134,31
41,16,31,31
41,16,30,34
41,16,36,36
41,16,42,36
41,16,48,34
41,16,54,34
41,23,10,181
41,26,167,30
41,25,182,30
41,27,168,64
41,26,172,36
41,26,172,58
41,27,173,62
41,31,220,68
41,34,28,100
41,40,84,110
41,48,140,104
41,47,146,103
41,47,152,104
41,47,152,108
41,48,158,37
41,48,159,43
41,47,158,104
41,47,158,108
41,48,164,98
41,47,165,104
41,48,166,39
41,47,170,126
41,48,169,95
41,47,171,100
41,48,182,99
41,48,187,103
41,48,36,62
41,48,38,56
41,48,38,68
41,48,46,54
41,48,46,60
41,48,52,60
41,48,54,54
41,48,70,54
41,48,70,60
41,48,78,54
41,48,86,46
41,48,94,46
41,48,94,52
41,48,102,40
41,48,102,46
41,48,102,126
41,48,108,126
41,48,110,42
41,48,114,124
41,48,118,38
41,48,118,44
41,48,120,124
41,48,126,32
41,48,126,38
41,48,126,44
41,48,132,36
41,48,132,120
41,48,134,42
41,48,138,36
41,48,138,119
41,48,140,42
41,48,142,30
41,48,144,36
41,48,148,30
41,48,148,42
41,48,151,38
41,48,153,114
41,48,154,30
41,48,156,48
41,48,159,114
41,48,159,32
41,48,162,48
41,48,166,33
41,48,168,44
41,48,172,30
41,48,174,36
41,48,172,106
41,48,174,42
41,48,176,96
41,48,178,36
41,48,177,104
41,48,182,30
41,48,182,42
41,48,184,36
41,48,186,110
41,48,190,30
41,48,190,36
41,48,190,42
41,48,192,96
41,48,198,30
41,48,206,32
41,48,222,32
41,50,47,139
41,50,56,138
42,41,181,217
42,20,195,145
42,33,76,147
42,10,129,140
42,11,138,139
42,14,180,88
42,18,151,131
42,19,62,184
42,19,74,183
42,20,68,193
42,26,27,222
42,27,82,131
42,26,171,176
42,25,179,180
42,28,216,139
42,30,91,215
42,30,103,209
42,30,102,219
42,31,172,99
42,34,48,211
42,34,58,209
42,46,167,199
42,14,85,71
42,38,230,205
42,21,225,71
42,19,108,99
42,31,154,118
42,46,206,181
42,18,65,102
42,29,112,123
42,30,181,143
42,47,63,191
42,46,127,175
42,14,84,92
42,12,98,65
42,14,223,86
42,22,30,125
42,25,57,158
42,27,157,188
42,26,206,129
42,35,75,233
42,41,36,198
42,45,210,173
42,47,95,191
42,50,39,171
42,54,77,227
42,6,126,52
42,7,157,51
42,6,169,42
42,9,30,140
42,10,36,92
42,7,74,75
42,9,191,88
42,11,193,48
42,11,203,49
42,9,211,63
42,13,229,116
42,13,238,120
42,14,227,125
42,15,107,114
42,15,133,118
42,15,144,115
42,16,162,106
42,15,210,97
42,17,91,169
42,17,101,162
42,17,101,172
42,18,56,98
42,18,67,142
42,18,76,139
42,18,75,147
42,18,159,120
42,19,161,128
42,19,220,102
42,21,93,96
42,21,92,137
42,21,96,105
42,21,102,136
42,22,203,60
42,25,118,193
42,25,127,186
42,25,128,195
42,25,132,147
42,25,140,143
42,25,191,95
42,25,202,91
42,25,208,87
42,25,216,84
42,25,217,93
42,26,130,136
42,27,201,119
42,26,212,119
42,27,38,141
42,27,38,151
42,27,45,147
42,27,50,147
42,27,58,149
42,27,148,190
42,27,227,137
42,30,29,185
42,29,94,155
42,29,102,155
42,29,108,157
42,29,227,124
42,30,27,194
42,31,36,197
42,30,37,186
42,30,98,163
42,31,123,160
42,31,134,155
42,32,135,166
42,31,131,210
42,31,142,203
42,31,142,214
42,31,203,138
42,31,206,145
42,34,187,117
42,35,193,121
42,35,32,210
42,35,50,160
42,35,51,168
42,35,185,109
42,35,227,149
42,37,100,143
42,37,206,155
42,37,210,125
42,37,218,122
42,38,47,176
42,38,46,185
42,39,188,181
42,39,58,178
42,39,105,188
42,39,115,186
42,39,160,175
42,39,177,179
42,39,184,173
42,41,75,213
42,41,84,161
42,41,84,208
42,41,98,206
42,41,108,205
42,41,225,172
42,42,85,217
42,42,124,162
42,43,127,193
42,43,136,190
42,43,178,190
42,43,197,174
42,45,147,164
42,46,148,158
42,46,155,167
42,42,157,155
42,45,173,152
42,46,181,155
42,45,215,146
42,45,224,146
42,45,228,141
42,47,97,169
42,47,195,192
42,48,208,196
42,50,31,176
42,49,38,181
42,49,90,201
42,49,147,178
42,49,156,179
42,49,188,161
42,49,216,161
42,51,39,161
42,50,45,181
42,50,45,155
42,50,50,167
42,50,51,175
42,50,50,161
42,52,51,145
42,50,56,159
42,50,63,150
42,50,64,158
42,50,70,162
42,50,198,166
42,50,202,205
42,51,53,207
42,51,61,171
42,51,167,223
42,51,195,211
42,51,203,212
42,57,122,218
42,57,217,229
42,57,226,228
42,11,113,68
42,19,55,130
42,33,54,132
42,51,76,172
42,59,191,226
42,22,127,92
42,53,102,217
42,57,142,215
42,10,28,122
42,11,141,60
42,14,129,74
42,15,168,87
42,40,67,178
42,49,121,186
42,5,77,104
42,6,87,148
42,6,88,104
42,8,34,170
42,8,41,169
42,8,45,111
42,8,47,119
42,8,51,108
42,8,53,117
42,8,58,107
42,8,60,115
42,8,121,92
42,8,124,98
42,9,125,87
42,8,130,95
42,8,133,87
42,8,137,94
42,10,175,52
42,10,178,59
42,11,49,87
42,11,185,56
42,12,28,109
42,12,55,82
42,12,56,91
42,12,61,83
42,12,96,86
42,12,101,84
42,12,107,76
42,12,107,84
42,12,123,81
42,12,211,48
42,12,220,45
42,12,222,53
42,12,226,30
42,16,38,143
42,16,40,150
42,16,42,136
42,16,44,142
42,16,46,151
42,16,50,142
42,16,53,150
42,16,57,143
42,16,72,113
42,16,77,103
42,16,81,110
42,16,147,76
42,16,149,82
42,16,154,73
42,16,155,79
42,16,158,86
42,16,160,72
42,16,163,80
42,16,165,65
42,16,166,73
42,16,170,59
42,16,171,66
42,16,172,73
42,16,174,98
42,16,177,105
42,16,175,113
42,16,177,62
42,16,178,68
42,16,178,75
42,16,186,66
42,16,184,75
42,16,191,74
42,20,41,119
42,20,46,125
42,24,73,122
42,23,137,72
42,24,53,168
42,24,60,169
42,24,67,166
42,24,66,121
42,24,69,158
42,24,69,114
42,24,78,115
42,24,132,104
42,24,132,154
42,24,134,80
42,24,138,106
42,24,138,152
42,24,138,159
42,24,140,95
42,24,142,79
42,24,143,103
42,24,144,152
42,24,146,159
42,24,148,145
42,24,151,152
42,24,247,152
42,28,122,110
42,28,129,110
42,28,130,117
42,28,130,124
42,32,27,163
42,32,28,173
42,32,34,161
42,32,36,170
42,32,43,131
42,32,47,125
42,32,57,123
42,32,60,183
42,32,60,191
42,32,66,180
42,32,66,186
42,33,65,195
42,32,73,178
42,32,72,184
42,32,72,192
42,32,79,177
42,32,80,182
42,32,79,189
42,32,162,152
42,32,162,161
42,33,169,153
42,32,169,162
42,32,175,159
42,31,226,97
42,32,227,105
42,36,123,133
42,36,129,140
42,36,131,133
42,40,84,174
42,40,92,174
42,40,112,155
42,40,111,164
42,40,147,147
42,40,153,144
42,40,162,135
42,40,160,143
42,40,182,135
42,40,184,142
42,40,188,130
42,40,191,137
42,40,190,143
42,44,27,213
42,48,88,229
42,48,94,179
42,48,102,181
42,48,108,179
42,48,109,168
42,49,110,227
42,48,115,175
42,48,114,219
42,48,116,227
42,48,123,221
42,48,123,228
42,48,142,217
42,48,144,225
42,48,147,213
42,48,152,220
42,48,153,227
42,48,152,198
42,48,153,207
42,48,155,214
42,48,181,238
42,48,207,154
42,52,30,151
42,52,36,146
42,52,71,218
42,52,78,218
42,52,107,190
42,52,109,198
42,52,116,195
42,52,137,187
42,53,137,195
42,52,145,189
42,52,145,198
42,54,187,184
42,54,190,191
42,54,194,184
42,56,48,228
42,56,56,228
42,57,94,227
42,57,102,228
42,57,159,199
42,56,166,196
42,56,172,188
42,56,172,197
42,56,179,187
42,56,181,195
42,56,223,187
42,56,230,184
42,56,229,191
42,58,208,197
42,58,217,194
42,48,248,207
42,51,238,212
42,4,217,33
42,23,26,179
42,40,250,177
42,42,29,165
42,42,35,161
42,42,134,247
42,47,45,249
42,48,51,249
42,47,144,103
42,48,205,98
42,47,209,94
42,48,211,101
42,47,215,93
42,48,215,107
42,48,218,100
42,47,221,105
42,47,223,96
42,47,227,101
42,48,79,119
42,48,86,119
42,48,91,120
42,48,145,114
42,48,189,105
42,48,195,97
42,48,196,106
42,48,195,111
42,49,199,120
42,48,203,107
42,48,203,113
42,48,209,106
42,48,209,113
42,48,215,112
42,48,222,112
42,48,227,108
42,49,75,125
42,49,81,126
42,49,89,127
42,51,231,214
42,55,142,250
42,55,146,249
42,15,62,30
42,16,39,31
42,16,149,43
42,40,27,229
42,47,152,102
42,47,158,102
42,47,164,101
42,47,170,102
42,52,23,227
42,4,145,80
42,4,147,86
42,4,152,77
42,4,153,84
42,4,159,77
42,4,159,84
42,6,175,32
42,6,177,38
42,6,4,174
42,16,46,32
42,16,53,31
42,16,70,30
42,16,30,30
42,16,46,40
42,16,52,36
42,23,241,117
42,26,182,30
42,26,189,30
42,26,176,30
42,38,174,72
42,47,160,92
42,47,172,96
42,47,178,100
42,47,239,152
42,48,36,60
42,48,38,54
42,48,38,66
42,48,42,60
42,48,44,66
42,48,46,52
42,48,48,58
42,48,50,64
42,48,54,52
42,48,54,58
42,48,56,64
42,48,62,50
42,48,62,56
42,48,62,62
42,48,70,54
42,48,85,136
42,48,89,137
42,48,106,124
42,48,112,125
42,48,117,121
42,48,117,125
42,48,124,123
42,48,136,123
42,48,140,123
42,48,142,32
42,48,142,38
42,48,150,32
42,48,158,32
42,48,158,38
42,48,159,110
42,48,164,32
42,48,164,38
42,48,164,44
42,48,169,109
42,48,170,36
42,48,170,42
42,48,174,30
42,48,174,48
42,48,176,36
42,48,176,42
42,48,177,106
42,48,181,97
42,48,182,30
42,48,182,36
42,48,188,32
42,48,190,38
42,48,196,32
42,48,196,38
42,48,204,32
42,48,212,32
42,48,220,32
42,48,228,251
42,50,110,129
42,51,18,228
42,52,68,136
42,52,76,133
42,54,28,202
43,22,195,142
43,35,77,146
43,47,187,223
43,28,222,139
43,13,134,141
43,18,97,170
43,18,106,168
43,18,164,80
43,17,222,104
43,22,66,188
43,22,77,186
43,26,29,221
43,26,178,178
43,26,189,176
43,27,127,192
43,28,154,191
43,43,62,186
43,51,31,176
43,51,42,180
43,30,109,124
43,13,191,89
43,42,181,193
43,50,94,199
43,26,137,141
43,36,44,211
43,11,79,73
43,14,182,57
43,27,85,131
43,29,173,96
43,17,151,121
43,30,184,140
43,51,51,147
43,49,156,174
43,15,84,89
43,13,109,70
43,22,104,102
43,31,102,215
43,31,110,215
43,32,158,119
43,38,52,173
43,45,210,178
43,47,224,149
43,49,214,170
43,51,205,205
43,10,34,137
43,9,57,117
43,11,218,64
43,11,200,48
43,11,200,86
43,14,126,75
43,13,141,66
43,13,149,59
43,14,150,68
43,14,107,111
43,15,102,79
43,15,111,120
43,15,118,111
43,15,225,87
43,18,70,141
43,18,80,137
43,18,79,146
43,19,152,133
43,19,159,131
43,19,163,119
43,19,165,128
43,21,43,122
43,21,95,133
43,21,101,132
43,21,108,133
43,22,95,141
43,22,105,141
43,23,27,127
43,23,34,126
43,23,206,60
43,25,144,153
43,27,195,96
43,27,204,94
43,27,203,118
43,27,204,126
43,27,209,91
43,27,213,115
43,27,215,124
43,25,220,82
43,27,218,92
43,29,103,152
43,30,108,157
43,31,40,187
43,31,94,212
43,31,95,222
43,31,126,123
43,31,177,148
43,31,207,136
43,31,210,146
43,32,135,212
43,33,145,205
43,33,146,215
43,35,61,206
43,34,61,215
43,35,79,230
43,37,183,207
43,37,174,208
43,37,175,217
43,37,184,215
43,37,203,157
43,37,213,155
43,38,227,204
43,38,235,203
43,39,186,176
43,39,218,124
43,42,81,212
43,43,102,209
43,42,111,202
43,43,39,202
43,43,47,200
43,43,85,220
43,43,92,213
43,43,112,211
43,45,28,213
43,46,129,170
43,45,217,141
43,45,225,139
43,47,158,164
43,48,165,200
43,47,179,155
43,49,119,227
43,49,211,159
43,50,220,163
43,51,61,158
43,52,68,195
43,51,72,155
43,51,154,183
43,51,195,164
43,57,100,227
43,58,124,218
43,58,224,228
43,8,133,55
43,11,31,118
43,14,236,120
43,18,71,105
43,23,58,126
43,33,54,128
43,44,132,189
43,53,144,194
43,57,142,215
43,42,228,173
43,54,78,227
43,22,228,73
43,26,60,157
43,6,172,42
43,10,31,90
43,18,190,75
43,7,91,103
43,7,93,144
43,9,44,169
43,19,229,65
43,23,124,93
43,33,171,156
43,43,27,197
43,42,82,159
43,43,87,167
43,49,124,187
43,53,103,213
43,54,105,219
43,58,223,193
43,6,83,100
43,5,226,32
43,7,212,42
43,8,54,109
43,8,63,109
43,9,129,91
43,9,130,98
43,8,136,88
43,8,137,97
43,8,143,93
43,8,158,46
43,8,158,54
43,8,166,51
43,9,170,54
43,11,41,85
43,12,40,97
43,12,47,93
43,12,50,86
43,13,56,83
43,13,63,84
43,12,210,52
43,12,218,49
43,12,226,50
43,13,57,91
43,16,162,102
43,15,170,100
43,16,178,84
43,16,41,143
43,16,45,136
43,16,45,149
43,16,48,142
43,16,53,134
43,16,55,149
43,16,58,140
43,16,82,99
43,16,84,109
43,16,92,97
43,16,133,112
43,16,134,121
43,16,139,74
43,16,137,82
43,16,139,109
43,16,141,116
43,16,141,123
43,16,146,109
43,16,159,109
43,16,165,110
43,16,167,95
43,16,170,64
43,16,171,106
43,16,173,113
43,16,174,91
43,16,176,98
43,16,178,70
43,16,178,77
43,16,179,105
43,16,180,89
43,16,183,97
43,16,212,95
43,20,59,99
43,20,58,107
43,24,27,173
43,24,27,181
43,24,60,168
43,24,67,119
43,24,68,126
43,24,67,169
43,24,69,156
43,24,69,162
43,24,73,117
43,24,74,168
43,24,77,159
43,24,81,116
43,24,128,100
43,24,135,95
43,24,135,102
43,24,137,76
43,24,142,100
43,24,145,69
43,24,146,77
43,25,136,109
43,25,143,108
43,26,248,155
43,26,247,163
43,28,40,146
43,29,41,153
43,29,45,142
43,28,47,149
43,28,48,156
43,28,52,143
43,28,53,150
43,28,59,143
43,28,61,149
43,32,27,161
43,32,27,167
43,32,29,176
43,32,33,157
43,32,33,164
43,32,36,173
43,32,39,162
43,32,42,198
43,32,64,180
43,32,64,188
43,32,70,176
43,32,71,183
43,32,71,191
43,32,76,175
43,32,77,182
43,32,78,189
43,32,84,178
43,32,84,184
43,32,92,147
43,32,121,162
43,32,124,156
43,32,126,169
43,32,128,162
43,32,131,154
43,32,133,170
43,32,134,160
43,32,140,167
43,32,141,157
43,32,163,153
43,32,228,103
43,36,187,115
43,36,195,115
43,36,51,163
43,36,69,238
43,36,77,240
43,36,169,107
43,37,176,108
43,36,182,109
43,36,188,108
43,36,187,121
43,36,190,127
43,36,191,102
43,36,194,109
43,36,197,122
43,38,100,139
43,38,99,146
43,38,106,137
43,39,108,142
43,39,107,150
43,38,132,135
43,38,134,141
43,40,109,186
43,39,158,173
43,40,46,185
43,40,68,173
43,40,106,193
43,40,114,195
43,41,117,158
43,40,116,183
43,40,121,190
43,40,157,180
43,40,158,133
43,40,161,140
43,40,163,181
43,40,164,132
43,40,163,167
43,40,166,174
43,40,169,140
43,40,171,180
43,40,171,133
43,40,172,170
43,40,180,134
43,40,183,141
43,40,188,132
43,41,191,138
43,41,150,147
43,41,189,145
43,42,28,228
43,42,156,155
43,42,158,147
43,44,133,199
43,44,139,197
43,44,142,187
43,44,145,192
43,48,93,171
43,48,96,165
43,48,97,178
43,48,100,187
43,48,100,172
43,48,104,165
43,48,103,179
43,48,109,170
43,48,110,178
43,48,120,178
43,48,150,215
43,48,151,224
43,48,156,228
43,48,157,212
43,48,157,219
43,48,164,225
43,48,164,212
43,48,166,218
43,48,199,189
43,48,204,192
43,48,211,193
43,48,216,199
43,48,218,191
43,52,31,156
43,52,41,165
43,52,45,206
43,52,48,165
43,52,51,211
43,52,52,173
43,52,53,203
43,52,55,164
43,52,58,211
43,52,58,172
43,52,66,206
43,52,64,167
43,52,64,175
43,52,70,168
43,52,70,175
43,52,72,216
43,52,77,168
43,52,78,175
43,52,78,216
43,52,112,191
43,52,111,200
43,52,119,198
43,56,53,230
43,56,60,230
43,56,173,189
43,57,170,198
43,56,179,186
43,57,181,195
43,56,186,189
43,56,192,187
43,56,195,194
43,56,199,187
43,60,191,225
43,56,203,227
43,36,230,149
43,41,130,245
43,48,53,249
43,50,75,121
43,49,87,119
43,51,247,210
43,7,6,172
43,5,152,85
43,5,157,80
43,5,157,89
43,5,164,80
43,5,164,88
43,12,227,29
43,15,71,31
43,17,27,157
43,17,27,162
43,41,89,178
43,43,29,167
43,48,143,101
43,47,151,96
43,47,158,96
43,49,86,129
43,49,89,135
43,48,94,128
43,48,96,136
43,48,136,114
43,48,142,147
43,48,144,109
43,48,146,134
43,48,154,105
43,48,181,240
43,48,241,152
43,49,98,118
43,49,143,155
43,53,26,228
43,53,28,145
43,53,35,138
43,53,62,134
43,55,147,248
43,58,160,200
43,56,215,194
43,15,62,31
43,15,112,31
43,15,134,180
43,16,54,32
43,48,122,133
43,48,203,100
43,48,212,101
43,48,226,105
43,4,193,71
43,3,199,65
43,3,201,73
43,6,237,30
43,16,40,30
43,16,46,29
43,16,119,31
43,16,119,35
43,16,125,31
43,16,142,30
43,17,16,160
43,16,47,33
43,27,184,31
43,27,189,30
43,27,181,60
43,27,188,54
43,28,186,59
43,28,182,64
43,43,37,161
43,48,12,224
43,48,166,93
43,47,167,99
43,47,172,96
43,48,173,101
43,47,177,98
43,47,204,94
43,47,209,93
43,47,215,93
43,47,219,97
43,47,225,99
43,48,30,52
43,48,30,58
43,48,30,64
43,48,36,52
43,48,36,58
43,48,36,64
43,48,38,44
43,48,42,54
43,48,42,60
43,48,44,48
43,48,44,66
43,48,48,54
43,48,46,59
43,48,52,46
43,48,52,66
43,48,54,54
43,48,54,60
43,48,60,46
43,48,60,52
43,48,60,58
43,48,68,52
43,48,70,44
43,48,70,58
43,48,76,52
43,48,78,40
43,48,78,46
43,48,84,44
43,48,86,38
43,48,86,50
43,49,90,230
43,48,92,38
43,48,92,44
43,48,92,50
43,48,98,38
43,48,98,44
43,48,98,50
43,48,102,32
43,48,102,56
43,48,104,38
43,48,102,45
43,48,104,50
43,48,110,34
43,48,110,40
43,48,110,46
43,48,110,52
43,48,116,44
43,48,118,32
43,48,118,38
43,48,122,118
43,48,126,32
43,48,126,38
43,48,128,114
43,48,132,32
43,48,134,38
43,48,134,44
43,48,138,32
43,48,140,38
43,48,140,124
43,48,144,30
43,48,144,126
43,48,150,30
43,48,150,36
43,48,158,30
43,48,158,36
43,48,165,105
43,48,166,30
43,48,166,36
43,48,172,30
43,48,172,104
43,48,174,36
43,48,180,32
43,48,190,30
43,48,196,102
43,48,198,30
43,48,198,109
43,48,203,106
43,48,219,104
43,50,63,127
44,34,78,144
44,40,38,206
44,17,210,102
44,19,222,102
44,19,96,170
44,19,104,168
44,21,197,147
44,26,178,177
44,26,188,177
44,29,123,193
44,28,133,192
44,29,170,96
44,32,161,108
44,33,133,165
44,34,140,207
44,38,179,212
44,44,60,186
44,48,189,222
44,28,29,224
44,13,189,87
44,50,35,176
44,29,216,145
44,29,182,139
44,11,132,58
44,12,217,60
44,18,162,82
44,30,131,135
44,39,159,132
44,50,213,165
44,18,149,125
44,27,59,156
44,35,155,121
44,50,44,149
44,50,57,154
44,51,92,198
44,10,78,77
44,10,37,136
44,10,38,172
44,10,45,170
44,10,58,115
44,11,32,142
44,10,204,43
44,14,85,86
44,13,120,141
44,13,122,134
44,13,123,148
44,13,127,141
44,14,131,132
44,14,129,148
44,14,132,139
44,14,136,146
44,13,139,137
44,13,176,58
44,13,183,52
44,13,186,61
44,13,210,52
44,15,110,118
44,15,234,125
44,17,171,66
44,17,172,74
44,17,180,65
44,17,180,75
44,19,76,144
44,19,83,139
44,19,191,74
44,21,228,68
44,24,62,192
44,23,75,185
44,24,75,196
44,23,95,138
44,23,105,137
44,25,65,124
44,25,72,119
44,25,71,128
44,25,79,120
44,26,80,129
44,25,141,76
44,26,134,155
44,27,142,145
44,26,141,157
44,26,148,148
44,26,225,81
44,28,131,146
44,27,148,156
44,28,221,90
44,30,52,149
44,29,147,189
44,30,149,197
44,29,154,185
44,29,155,194
44,29,162,188
44,29,161,195
44,31,41,147
44,30,44,157
44,31,106,126
44,33,67,189
44,33,69,179
44,34,77,189
44,33,81,180
44,33,89,149
44,34,168,159
44,33,173,153
44,35,55,208
44,38,50,174
44,37,206,155
44,38,215,154
44,39,228,201
44,39,236,201
44,43,80,216
44,44,90,215
44,43,186,188
44,45,130,192
44,45,139,196
44,45,180,196
44,45,189,196
44,44,120,162
44,47,28,215
44,47,127,173
44,51,49,173
44,50,155,222
44,50,159,229
44,50,163,219
44,50,166,227
44,51,48,162
44,51,66,160
44,51,152,180
44,53,74,221
44,59,224,230
44,9,162,53
44,10,31,121
44,18,77,105
44,23,37,125
44,30,205,133
44,37,189,121
44,6,228,33
44,7,168,43
44,13,47,91
44,15,225,83
44,23,109,103
44,23,203,60
44,33,50,128
44,37,180,108
44,41,229,174
44,14,111,73
44,43,199,171
44,45,208,176
44,49,122,186
44,56,145,200
44,7,83,102
44,8,87,144
44,6,31,84
44,13,39,98
44,14,121,79
44,17,52,148
44,17,132,77
44,31,103,156
44,32,101,220
44,33,27,167
44,33,115,131
44,36,71,230
44,39,190,131
44,44,156,157
44,47,216,147
44,50,188,162
44,50,207,202
44,58,100,228
44,57,178,194
44,7,149,86
44,6,154,91
44,6,158,81
44,6,161,88
44,7,68,68
44,8,91,104
44,9,127,93
44,9,129,100
44,8,133,89
44,8,135,98
44,8,141,90
44,8,142,97
44,8,212,37
44,12,35,87
44,12,172,31
44,12,192,44
44,12,198,53
44,14,58,82
44,14,58,88
44,16,27,112
44,16,45,135
44,16,43,145
44,16,51,131
44,16,51,139
44,16,59,132
44,16,59,141
44,16,67,74
44,16,74,70
44,16,78,69
44,16,88,69
44,16,87,97
44,16,94,74
44,16,96,81
44,16,101,74
44,16,99,88
44,16,103,80
44,16,108,87
44,16,127,111
44,16,127,118
44,16,130,125
44,16,134,107
44,16,135,114
44,16,137,121
44,16,141,110
44,16,141,71
44,16,149,74
44,16,149,60
44,16,150,67
44,16,158,106
44,16,159,113
44,16,162,100
44,16,164,106
44,16,164,114
44,16,166,94
44,16,170,101
44,16,170,107
44,16,171,115
44,16,174,89
44,16,178,96
44,16,178,102
44,16,177,110
44,16,215,90
44,16,229,93
44,20,53,105
44,20,55,111
44,20,61,99
44,20,61,105
44,21,60,112
44,20,68,111
44,20,159,134
44,20,161,121
44,23,25,124
44,24,27,132
44,24,28,170
44,24,28,177
44,24,51,123
44,24,51,130
44,24,57,121
44,24,59,133
44,24,56,170
44,24,64,169
44,24,71,157
44,24,71,165
44,24,91,101
44,24,92,108
44,24,98,98
44,24,98,104
44,24,99,111
44,24,118,100
44,24,121,93
44,24,126,100
44,24,129,92
44,24,203,66
44,24,216,60
44,26,134,101
44,27,140,109
44,27,248,158
44,28,18,227
44,28,188,98
44,28,194,92
44,29,194,101
44,28,199,120
44,28,201,90
44,29,200,99
44,28,205,116
44,28,207,87
44,29,207,96
44,28,211,117
44,28,214,93
44,28,215,123
44,28,228,137
44,28,230,144
44,28,228,151
44,32,32,188
44,32,28,158
44,32,30,175
44,32,30,195
44,32,31,181
44,32,35,160
44,32,35,169
44,32,36,197
44,32,37,182
44,32,42,186
44,32,43,195
44,32,93,213
44,32,93,222
44,32,96,159
44,32,100,166
44,32,102,208
44,32,106,166
44,32,112,154
44,32,110,209
44,32,110,215
44,32,109,222
44,32,113,162
44,32,119,123
44,32,125,123
44,32,132,123
44,34,228,101
44,35,229,108
44,36,50,163
44,36,62,232
44,36,62,241
44,36,70,238
44,36,79,231
44,36,185,97
44,36,229,147
44,36,229,153
44,40,98,143
44,40,188,177
44,40,39,177
44,40,40,184
44,40,46,189
44,40,97,152
44,40,103,153
44,40,106,143
44,40,106,187
44,40,106,195
44,40,109,152
44,40,112,184
44,40,112,194
44,40,119,186
44,40,119,194
44,40,128,141
44,40,128,149
44,40,135,143
44,40,135,152
44,40,154,178
44,40,160,171
44,40,161,177
44,40,167,171
44,40,168,177
44,40,178,177
44,40,210,126
44,40,219,121
44,40,218,128
44,41,159,184
44,41,167,183
44,42,186,140
44,44,77,163
44,44,82,173
44,44,84,160
44,44,89,171
44,44,103,209
44,44,108,204
44,44,109,213
44,44,117,204
44,44,117,212
44,48,91,173
44,48,92,184
44,48,94,166
44,48,97,173
44,48,97,179
44,48,99,187
44,48,102,167
44,48,106,173
44,49,107,180
44,48,148,163
44,48,147,171
44,48,154,169
44,48,157,197
44,48,157,204
44,48,161,171
44,48,164,195
44,48,164,201
44,48,163,209
44,48,166,164
44,48,170,156
44,48,172,197
44,48,173,203
44,48,171,209
44,48,172,164
44,48,176,153
44,48,179,163
44,48,184,158
44,48,198,186
44,48,200,194
44,48,205,185
44,48,206,194
44,48,211,186
44,48,213,195
44,48,217,184
44,48,220,193
44,48,225,154
44,48,227,143
44,50,113,228
44,49,120,227
44,50,126,229
44,49,83,119
44,52,47,207
44,52,52,212
44,52,53,205
44,52,60,213
44,52,59,172
44,52,59,203
44,52,65,172
44,52,66,204
44,52,72,176
44,52,73,168
44,52,69,192
44,52,71,199
44,53,117,200
44,52,147,189
44,52,155,190
44,52,196,161
44,52,196,168
44,52,200,209
44,52,207,209
44,51,246,210
44,57,107,219
44,56,191,188
44,59,194,227
44,57,55,230
44,57,196,193
44,8,7,172
44,31,228,123
44,59,220,196
44,16,59,31
44,16,69,31
44,17,28,157
44,29,183,60
44,43,34,155
44,48,49,249
44,49,54,248
44,48,88,131
44,48,114,133
44,48,118,139
44,48,120,133
44,48,141,147
44,48,142,138
44,48,145,100
44,48,148,140
44,48,151,97
44,48,158,99
44,48,217,92
44,48,225,88
44,48,226,96
44,49,67,117
44,49,95,115
44,49,135,155
44,49,142,153
44,49,141,109
44,49,150,107
44,49,226,104
44,53,29,138
44,53,30,144
44,53,31,154
44,53,34,138
44,53,39,137
44,53,46,135
44,53,54,135
44,55,146,250
44,55,152,250
44,59,141,218
44,15,128,177
44,48,9,223
44,49,172,104
44,16,52,31
44,35,40,96
44,48,167,98
44,48,194,101
44,2,96,48
44,2,128,37
44,2,133,46
44,4,143,34
44,4,146,43
44,4,194,72
44,4,197,64
44,5,224,76
44,5,229,65
44,4,229,70
44,4,230,76
44,14,239,69
44,16,38,30
44,16,46,30
44,16,78,30
44,16,86,30
44,16,116,30
44,16,124,30
44,26,246,124
44,30,190,30
44,43,131,247
44,48,206,92
44,47,252,183
44,48,30,52
44,48,30,58
44,48,36,46
44,48,37,53
44,48,36,58
44,48,36,64
44,48,42,52
44,48,42,60
44,48,44,44
44,48,48,50
44,48,48,56
44,48,48,62
44,48,54,42
44,48,54,48
44,48,54,54
44,48,54,60
44,48,60,46
44,48,60,52
44,48,70,44
44,48,70,52
44,48,76,46
44,48,78,40
44,48,84,44
44,48,86,138
44,48,90,44
44,49,90,138
44,48,94,36
44,48,94,50
44,48,96,42
44,48,100,36
44,48,100,48
44,48,102,42
44,48,108,36
44,48,108,42
44,48,110,48
44,48,118,32
44,48,118,38
44,48,126,32
44,48,126,38
44,48,132,32
44,48,135,105
44,48,142,30
44,48,148,32
44,48,177,119
44,48,200,92
44,48,204,98
44,50,56,124
44,50,184,105
44,50,190,122
44,50,190,128
44,50,192,109
44,51,177,239
44,52,49,128
44,52,61,127
44,52,68,125
44,52,182,113
44,52,189,115
44,52,192,123
44,57,158,202
44,57,164,207
45,20,217,103
45,20,218,111
45,37,71,148
45,48,186,222
45,14,118,144
45,14,129,142
45,21,96,172
45,22,183,149
45,22,186,140
45,23,196,147
45,31,118,197
45,30,129,192
45,30,128,200
45,30,129,143
45,34,107,128
45,34,130,130
45,34,133,165
45,39,34,212
45,38,48,207
45,38,47,216
45,28,140,153
45,46,182,196
45,22,133,77
45,44,57,186
45,14,214,68
45,14,78,78
45,34,228,147
45,32,177,146
45,35,96,222
45,15,189,91
45,18,175,69
45,21,154,133
45,30,214,92
45,34,171,101
45,41,185,181
45,51,91,196
45,9,83,149
45,9,161,48
45,10,136,97
45,10,145,96
45,12,50,115
45,12,60,112
45,11,157,55
45,11,165,56
45,13,35,173
45,13,43,170
45,14,189,51
45,14,197,81
45,13,196,45
45,13,196,55
45,14,200,89
45,12,204,47
45,14,31,95
45,15,42,97
45,15,104,116
45,15,176,55
45,17,74,98
45,17,84,99
45,17,103,82
45,17,134,111
45,17,135,122
45,18,45,137
45,19,45,146
45,19,53,140
45,21,72,141
45,21,81,139
45,21,145,125
45,21,151,121
45,21,160,122
45,21,160,83
45,23,54,109
45,22,68,109
45,25,28,128
45,25,55,192
45,25,59,202
45,25,63,190
45,25,69,201
45,24,72,191
45,25,92,102
45,25,98,107
45,28,75,127
45,29,176,172
45,28,182,171
45,29,22,226
45,29,170,174
45,29,173,181
45,29,180,182
45,29,187,177
45,29,204,119
45,29,212,122
45,31,202,127
45,31,219,145
45,32,144,195
45,32,155,194
45,33,29,191
45,33,38,189
45,35,63,189
45,35,75,186
45,33,84,144
45,35,106,216
45,35,107,225
45,38,65,242
45,37,131,211
45,37,133,219
45,37,139,208
45,37,141,216
45,37,153,126
45,38,42,168
45,39,49,171
45,41,41,182
45,41,159,176
45,46,32,154
45,46,33,165
45,45,76,165
45,45,79,217
45,45,84,163
45,45,86,215
45,45,107,207
45,45,114,206
45,45,131,189
45,45,139,191
45,45,156,158
45,45,192,193
45,45,199,175
45,45,210,172
45,46,210,181
45,46,87,223
45,46,86,176
45,46,107,216
45,46,118,212
45,46,133,198
45,49,95,174
45,49,102,170
45,49,154,169
45,49,174,163
45,48,205,194
45,49,217,194
45,50,215,160
45,49,224,154
45,50,122,185
45,15,133,64
45,26,225,79
45,51,154,179
45,9,227,30
45,27,60,161
45,27,122,100
45,35,29,168
45,34,30,177
45,39,211,153
45,43,185,135
45,42,160,136
45,51,167,224
45,12,33,139
45,21,188,75
45,41,110,194
45,44,114,162
45,3,83,50
45,13,171,32
45,16,230,117
45,23,94,133
45,33,105,165
45,40,176,213
45,40,176,222
45,42,228,173
45,46,32,201
45,58,184,194
45,5,197,70
45,6,228,74
45,8,152,90
45,8,157,96
45,8,27,82
45,8,76,102
45,8,83,96
45,8,83,105
45,8,91,95
45,8,91,103
45,8,152,84
45,8,162,82
45,8,163,89
45,8,163,39
45,8,170,42
45,8,215,37
45,8,221,40
45,8,231,38
45,9,8,170
45,9,125,55
45,10,6,177
45,12,26,118
45,12,26,127
45,12,33,116
45,12,34,125
45,16,118,76
45,16,50,85
45,16,51,93
45,16,56,82
45,16,57,90
45,16,63,84
45,16,74,64
45,16,84,62
45,16,103,69
45,16,111,70
45,16,116,85
45,16,117,109
45,16,116,119
45,16,141,73
45,16,142,57
45,16,143,64
45,17,149,71
45,16,150,62
45,16,164,100
45,16,164,106
45,16,166,113
45,16,168,93
45,16,170,102
45,16,172,108
45,16,173,116
45,16,173,85
45,16,177,90
45,16,178,97
45,16,181,103
45,16,180,111
45,16,212,51
45,16,221,49
45,16,218,82
45,16,218,91
45,16,224,57
45,16,222,120
45,16,223,129
45,16,226,80
45,16,225,88
45,16,227,97
45,16,230,129
45,16,231,87
45,16,238,122
45,20,150,81
45,24,37,122
45,24,37,129
45,24,94,142
45,24,101,142
45,24,104,131
45,24,107,99
45,24,108,139
45,24,110,107
45,24,193,61
45,24,200,55
45,24,199,64
45,24,206,54
45,24,206,62
45,24,209,146
45,24,212,57
45,24,228,70
45,26,49,168
45,26,55,127
45,26,59,168
45,28,129,107
45,28,133,99
45,28,135,106
45,28,136,114
45,28,141,104
45,29,143,112
45,32,34,146
45,32,33,152
45,32,35,158
45,32,40,145
45,32,40,151
45,32,42,158
45,32,46,146
45,32,48,154
45,32,55,145
45,32,56,153
45,32,98,158
45,32,105,155
45,32,113,157
45,32,153,116
45,32,157,108
45,32,161,116
45,32,191,101
45,32,195,135
45,32,196,143
45,32,197,106
45,32,199,97
45,32,202,136
45,32,202,145
45,32,204,104
45,32,210,135
45,32,208,145
45,32,228,116
45,32,227,123
45,34,29,160
45,35,44,126
45,35,53,124
45,36,163,160
45,36,222,107
45,36,229,102
45,36,229,110
45,40,93,149
45,40,94,158
45,40,100,145
45,40,102,151
45,41,102,158
45,40,107,186
45,40,118,187
45,40,176,175
45,40,183,172
45,40,185,125
45,40,192,125
45,40,204,162
45,40,214,162
45,40,223,202
45,40,224,209
45,40,227,196
45,40,230,202
45,40,231,209
45,40,236,198
45,40,237,206
45,41,131,145
45,41,133,153
45,42,208,129
45,42,215,123
45,43,215,131
45,44,179,142
45,44,188,143
45,47,145,150
45,45,184,149
45,47,42,202
45,48,27,213
45,48,27,222
45,48,31,178
45,48,127,172
45,47,126,165
45,48,158,201
45,48,159,209
45,48,164,198
45,48,165,204
45,48,165,212
45,48,167,155
45,48,171,197
45,48,172,203
45,48,173,210
45,48,177,153
45,48,211,149
45,48,217,144
45,48,224,144
45,52,154,220
45,52,158,227
45,52,161,218
45,52,206,163
45,52,206,170
45,53,213,171
45,53,37,181
45,53,64,199
45,53,150,190
45,53,196,165
45,54,48,211
45,54,54,210
45,54,54,217
45,54,59,170
45,54,61,209
45,55,60,216
45,54,64,221
45,54,68,172
45,54,66,215
45,54,71,221
45,54,195,172
45,55,74,227
45,55,113,201
45,56,93,216
45,58,98,223
45,57,135,201
45,56,143,197
45,60,141,216
45,60,195,227
45,52,118,228
45,52,48,168
45,56,189,192
45,50,84,117
45,30,248,164
45,48,86,128
45,48,117,133
45,53,209,210
45,6,105,49
45,6,111,50
45,4,126,40
45,4,136,34
45,4,137,44
45,5,143,35
45,5,145,41
45,5,143,48
45,15,229,72
45,16,47,31
45,16,54,31
45,16,59,28
45,16,62,34
45,16,65,30
45,16,71,31
45,25,28,172
45,25,27,178
45,31,175,63
45,31,181,68
45,31,182,55
45,31,183,62
45,31,190,31
45,32,192,46
45,32,188,56
45,32,188,63
45,36,36,94
45,44,126,249
45,47,45,152
45,47,51,148
45,47,51,155
45,48,45,161
45,48,53,161
45,48,56,151
45,48,59,158
45,48,226,82
45,48,57,116
45,49,68,116
45,49,75,115
45,49,92,114
45,49,143,140
45,49,225,90
45,52,49,249
45,52,54,249
45,52,180,241
45,52,179,246
45,53,62,159
45,54,33,167
45,56,146,249
45,31,198,32
45,48,113,109
45,16,38,30
45,5,39,74
45,5,39,79
45,6,76,58
45,6,82,54
45,6,82,60
45,6,88,50
45,6,88,56
45,6,88,62
45,6,94,48
45,6,94,54
45,6,94,60
45,6,119,41
45,16,30,30
45,16,118,31
45,15,239,72
45,16,92,30
45,16,100,30
45,16,108,30
45,26,240,151
45,26,243,151
45,32,157,63
45,32,164,64
45,44,180,76
45,43,188,70
45,48,28,130
45,48,30,54
45,48,36,52
45,48,38,46
45,48,38,58
45,48,44,52
45,48,46,44
45,48,54,48
45,48,70,42
45,48,70,48
45,48,76,44
45,48,76,50
45,48,84,44
45,48,86,50
45,48,92,44
45,48,94,50
45,48,100,44
45,48,102,38
45,48,102,50
45,48,104,108
45,48,110,32
45,48,110,38
45,48,118,32
45,48,121,110
45,49,146,102
45,50,141,105
45,50,134,110
45,50,140,110
45,50,146,105
45,50,224,97
45,52,224,107
45,57,40,246
45,59,53,232
45,60,221,199
46,21,212,113
46,46,173,225
46,22,182,146
46,15,108,145
46,14,120,138
46,15,120,148
46,22,181,156
46,26,49,202
46,25,62,202
46,30,110,205
46,30,118,197
46,30,120,206
46,31,125,153
46,34,128,169
46,35,100,135
46,34,164,106
46,38,66,153
46,38,121,224
46,38,130,223
46,46,44,190
46,45,53,190
46,46,178,200
46,26,129,83
46,15,71,78
46,10,83,111
46,21,87,178
46,18,105,84
46,26,228,152
46,13,209,74
46,35,126,140
46,32,174,148
46,41,154,137
46,41,179,186
46,9,230,40
46,16,125,114
46,34,100,168
46,42,34,186
46,42,103,198
46,49,82,177
46,50,215,157
46,53,82,204
46,5,115,49
46,7,122,56
46,7,124,48
46,7,130,49
46,7,138,50
46,7,193,76
46,9,70,151
46,9,77,152
46,12,218,38
46,12,33,176
46,13,28,134
46,14,185,87
46,15,183,96
46,15,190,54
46,15,193,91
46,17,158,114
46,17,161,122
46,17,162,101
46,17,161,107
46,17,165,114
46,17,165,93
46,17,171,100
46,17,173,106
46,17,174,114
46,17,174,91
46,17,177,99
46,18,125,125
46,18,134,123
46,18,169,121
46,19,37,147
46,19,45,139
46,20,46,148
46,19,72,109
46,19,77,106
46,22,72,142
46,23,137,131
46,23,138,140
46,23,144,127
46,23,146,135
46,23,147,143
46,23,153,128
46,23,154,139
46,23,154,91
46,25,94,144
46,27,47,174
46,27,49,167
46,27,60,164
46,27,58,173
46,27,83,109
46,27,94,111
46,29,61,134
46,29,71,133
46,29,124,111
46,29,167,181
46,29,169,189
46,29,172,177
46,29,175,187
46,29,180,177
46,29,182,185
46,31,201,127
46,34,220,150
46,32,143,203
46,33,30,194
46,33,39,156
46,33,48,162
46,33,50,153
46,33,93,164
46,35,87,227
46,35,95,222
46,35,95,232
46,35,102,226
46,37,161,163
46,38,29,175
46,40,28,219
46,40,38,217
46,42,153,185
46,41,153,177
46,41,183,134
46,41,221,212
46,41,230,208
46,42,229,218
46,42,93,157
46,44,218,180
46,43,227,180
46,46,143,158
46,45,174,150
46,45,181,148
46,46,193,181
46,46,205,181
46,47,97,217
46,47,107,211
46,47,108,220
46,47,124,198
46,47,132,198
46,50,116,187
46,49,197,195
46,49,210,194
46,48,230,151
46,50,199,204
46,50,211,203
46,50,228,165
46,51,92,183
46,50,163,167
46,51,173,166
46,51,210,167
46,53,205,174
46,11,159,54
46,21,169,81
46,30,212,93
46,33,30,155
46,51,147,175
46,51,150,183
46,17,133,70
46,21,168,73
46,25,30,137
46,39,58,248
46,55,189,174
46,46,106,173
46,11,118,62
46,12,49,122
46,17,78,97
46,23,182,83
46,36,58,191
46,46,150,168
46,4,154,109
46,12,140,103
46,16,165,36
46,19,142,71
46,25,222,85
46,26,104,111
46,33,191,110
46,36,69,195
46,47,227,140
46,6,35,79
46,5,80,60
46,6,81,68
46,6,88,57
46,6,90,65
46,6,94,58
46,7,100,55
46,6,225,82
46,7,102,62
46,7,106,55
46,8,26,83
46,6,64,68
46,8,145,95
46,8,151,88
46,8,150,98
46,8,158,88
46,8,158,97
46,12,45,114
46,12,55,112
46,12,124,104
46,12,132,99
46,12,148,59
46,12,199,48
46,12,205,47
46,16,229,122
46,16,26,97
46,16,26,103
46,16,28,109
46,16,32,94
46,16,32,101
46,16,35,108
46,16,38,96
46,16,40,102
46,16,45,94
46,16,53,88
46,16,51,96
46,16,84,86
46,16,92,120
46,16,96,111
46,16,99,117
46,16,99,126
46,16,107,110
46,16,108,116
46,16,107,125
46,16,116,74
46,16,118,80
46,16,118,86
46,16,123,68
46,16,124,78
46,16,168,58
46,16,167,67
46,16,175,57
46,16,174,65
46,16,178,72
46,16,181,58
46,16,181,64
46,16,187,66
46,16,194,66
46,16,199,56
46,16,199,64
46,16,205,56
46,16,205,63
46,16,211,54
46,16,211,62
46,16,215,129
46,16,216,135
46,16,218,56
46,16,219,66
46,16,218,93
46,16,218,100
46,16,221,123
46,16,222,131
46,16,222,138
46,16,221,88
46,16,224,107
46,16,227,94
46,16,228,100
46,16,228,82
46,16,230,75
46,16,230,130
46,16,229,137
46,16,231,88
46,17,87,94
46,20,97,94
46,24,46,109
46,24,49,117
46,24,52,106
46,24,54,113
46,24,60,105
46,24,63,111
46,24,65,119
46,24,88,135
46,24,96,132
46,24,103,135
46,25,198,63
46,24,198,150
46,24,201,58
46,24,215,73
46,24,222,71
46,24,222,79
46,24,229,77
46,25,203,153
46,28,44,132
46,28,46,139
46,28,52,130
46,28,53,139
46,31,241,178
46,31,249,176
46,32,82,138
46,32,84,146
46,32,148,122
46,32,154,116
46,32,156,124
46,32,185,106
46,32,191,102
46,32,190,146
46,32,191,138
46,32,194,152
46,32,199,97
46,32,197,145
46,32,198,139
46,32,198,104
46,32,199,112
46,32,202,152
46,32,203,145
46,32,206,138
46,32,205,105
46,32,213,104
46,32,224,125
46,32,226,134
46,32,230,125
46,36,33,129
46,36,34,137
46,36,40,126
46,37,43,136
46,36,48,126
46,36,49,132
46,36,68,183
46,36,74,163
46,36,75,189
46,36,116,133
46,36,125,130
46,37,79,158
46,37,217,111
46,38,222,114
46,40,39,168
46,40,44,175
46,40,171,178
46,40,179,176
46,40,195,163
46,40,197,171
46,40,201,159
46,40,202,167
46,40,209,158
46,40,210,165
46,40,209,172
46,43,125,150
46,43,127,158
46,44,151,149
46,44,161,149
46,44,201,136
46,44,208,141
46,44,210,132
46,47,69,169
46,46,70,187
46,46,77,190
46,47,68,227
46,47,75,222
46,48,45,153
46,48,46,162
46,48,53,150
46,48,54,162
46,48,75,230
46,48,82,222
46,48,83,229
46,48,115,206
46,48,120,169
46,48,122,209
46,48,130,209
46,48,156,209
46,48,157,216
46,48,163,205
46,48,164,211
46,48,163,218
46,48,171,213
46,48,224,86
46,48,225,103
46,52,154,228
46,53,201,217
46,55,56,225
46,55,61,227
46,55,140,193
46,56,45,219
46,58,46,231
46,56,99,206
46,56,103,213
46,56,106,206
46,56,139,200
46,56,147,195
46,60,126,218
46,60,142,217
46,30,11,229
46,50,77,122
46,8,246,64
46,11,4,179
46,17,45,31
46,17,51,29
46,17,51,35
46,17,57,30
46,17,57,36
46,17,65,30
46,17,63,35
46,24,10,131
46,33,178,66
46,47,28,167
46,47,41,147
46,47,49,136
46,48,29,154
46,48,35,152
46,48,34,159
46,48,41,121
46,48,49,121
46,49,57,122
46,49,67,122
46,48,73,132
46,48,77,137
46,49,84,137
46,48,102,139
46,48,109,137
46,49,108,144
46,48,248,215
46,49,80,129
46,49,82,142
46,49,85,120
46,49,102,118
46,49,108,115
46,49,246,189
46,54,31,188
46,57,84,220
46,58,86,227
46,58,166,203
46,59,172,196
46,59,173,204
46,60,206,203
46,34,186,56
46,35,245,102
46,53,177,250
46,16,36,30
46,18,102,50
46,47,172,86
46,52,78,250
46,6,63,59
46,5,96,95
46,4,98,90
46,4,102,95
46,5,102,100
46,4,103,88
46,4,108,93
46,4,108,98
46,5,109,89
46,6,153,113
46,3,154,36
46,3,162,34
46,3,168,34
46,4,173,30
46,4,174,36
46,4,175,41
46,4,180,28
46,4,180,33
46,4,181,40
46,4,185,31
46,4,186,38
46,16,225,155
46,16,228,154
46,16,118,40
46,16,124,40
46,16,228,158
46,18,110,48
46,32,189,31
46,32,192,32
46,36,29,101
46,36,29,106
46,36,102,80
46,42,247,187
46,44,176,78
46,47,30,122
46,48,182,78
46,48,28,128
46,48,30,60
46,48,36,50
46,48,36,56
46,48,36,62
46,48,38,44
46,48,44,54
46,48,46,48
46,48,46,60
46,48,54,52
46,48,62,48
46,48,62,54
46,48,70,46
46,48,70,52
46,48,94,119
46,48,190,30
46,48,198,30
46,48,206,30
46,48,214,30
46,52,94,127
46,52,136,118
46,52,202,107
46,52,208,105
46,57,142,250
46,58,193,235
46,58,197,232
46,58,198,238
47,34,151,112
47,14,199,82
47,18,210,139
47,18,215,146
47,19,224,138
47,22,201,123
47,34,104,212
47,34,135,214
47,38,89,143
47,44,224,222
47,46,163,210
47,43,169,200
47,11,109,66
47,19,66,81
47,19,69,97
47,14,131,109
47,38,53,205
47,46,36,197
47,51,74,186
47,22,92,101
47,24,175,160
47,27,120,91
47,31,213,158
47,41,28,227
47,45,193,185
47,23,152,101
47,31,225,142
47,33,118,174
47,38,155,172
47,40,55,162
47,46,181,191
47,7,222,45
47,12,62,160
47,14,214,49
47,14,82,121
47,14,121,113
47,14,146,67
47,14,193,60
47,18,167,75
47,28,38,213
47,28,50,213
47,34,187,160
47,34,195,155
47,6,139,119
47,6,147,119
47,9,114,54
47,7,126,54
47,10,141,102
47,13,40,117
47,13,66,122
47,13,74,116
47,14,73,127
47,14,36,123
47,14,48,118
47,15,28,184
47,15,43,130
47,14,55,91
47,17,90,126
47,16,98,156
47,17,111,150
47,16,110,161
47,17,156,72
47,17,203,70
47,17,225,91
47,18,95,133
47,18,100,124
47,19,102,92
47,19,112,87
47,19,212,109
47,18,217,100
47,18,222,109
47,20,28,113
47,19,93,86
47,19,151,116
47,20,154,127
47,19,161,113
47,19,164,124
47,20,167,106
47,21,61,112
47,21,112,127
47,21,119,135
47,21,122,126
47,22,32,152
47,23,33,161
47,23,42,155
47,23,160,86
47,23,164,160
47,24,78,190
47,26,185,162
47,26,38,122
47,26,51,123
47,27,84,151
47,27,93,150
47,27,214,92
47,27,223,155
47,27,221,162
47,29,34,182
47,29,41,179
47,29,49,179
47,29,71,118
47,29,77,127
47,29,80,118
47,31,112,167
47,31,123,167
47,31,162,190
47,31,164,200
47,31,172,188
47,32,174,197
47,33,111,155
47,33,121,157
47,33,201,108
47,35,185,120
47,38,33,138
47,37,106,177
47,37,109,185
47,37,118,181
47,37,123,183
47,39,118,232
47,40,218,163
47,41,156,232
47,41,164,230
47,41,194,175
47,43,29,182
47,44,96,208
47,43,135,196
47,43,135,189
47,43,142,183
47,43,145,194
47,43,150,188
47,44,211,186
47,45,216,193
47,46,194,193
47,49,103,180
47,49,152,219
47,49,183,205
47,49,190,202
47,49,197,199
47,49,230,199
47,50,189,210
47,50,199,207
47,51,107,190
47,19,39,107
47,19,43,100
47,38,111,144
47,43,144,148
47,46,171,154
47,51,221,167
47,41,163,121
47,45,229,143
47,55,195,183
47,56,227,225
47,59,125,211
47,35,165,159
47,47,198,149
47,50,71,148
47,13,206,58
47,34,68,150
47,37,84,184
47,50,163,169
47,7,58,74
47,7,173,49
47,4,38,67
47,8,64,70
47,8,64,79
47,8,70,68
47,8,71,77
47,8,76,67
47,8,77,76
47,8,82,66
47,8,83,76
47,9,91,65
47,8,91,72
47,8,89,101
47,8,91,109
47,8,95,98
47,8,97,107
47,8,103,101
47,8,102,109
47,8,174,81
47,8,175,88
47,8,182,78
47,9,187,83
47,8,183,90
47,8,212,92
47,8,213,83
47,8,220,89
47,13,157,56
47,16,153,44
47,16,160,41
47,16,160,49
47,16,174,64
47,16,173,94
47,16,176,71
47,16,174,102
47,16,175,108
47,16,179,58
47,16,182,64
47,16,183,92
47,16,183,72
47,16,185,99
47,16,184,106
47,16,205,36
47,16,214,34
47,20,73,110
47,20,79,94
47,20,79,101
47,20,78,107
47,20,122,78
47,20,125,84
47,21,131,86
47,24,50,152
47,24,56,145
47,24,55,157
47,24,61,140
47,24,62,150
47,24,63,158
47,24,69,145
47,24,69,153
47,24,130,140
47,24,129,147
47,24,133,154
47,24,136,137
47,24,136,145
47,24,140,96
47,24,139,104
47,24,139,152
47,24,142,136
47,24,142,143
47,24,147,151
47,24,149,141
47,24,169,95
47,24,170,86
47,24,176,95
47,24,177,87
47,24,228,128
47,27,188,72
47,27,199,71
47,28,91,117
47,28,91,125
47,28,229,89
47,30,35,143
47,30,35,150
47,31,42,147
47,32,53,148
47,32,57,139
47,32,48,140
47,32,61,148
47,32,65,138
47,32,104,119
47,32,111,115
47,32,111,124
47,32,117,116
47,32,117,126
47,32,123,116
47,32,123,126
47,32,130,122
47,32,167,149
47,32,175,147
47,32,184,135
47,32,186,143
47,32,190,132
47,32,192,141
47,32,197,99
47,32,197,129
47,32,199,139
47,32,207,148
47,32,230,188
47,32,237,184
47,32,236,192
47,32,244,187
47,35,75,154
47,36,25,163
47,36,26,171
47,36,34,161
47,36,33,167
47,36,32,174
47,37,39,172
47,36,79,234
47,36,78,243
47,36,80,177
47,36,87,233
47,36,87,239
47,36,84,247
47,36,86,175
47,36,93,173
47,36,93,180
47,36,231,112
47,39,207,121
47,40,163,111
47,40,170,113
47,40,215,123
47,41,229,156
47,40,228,164
47,43,170,140
47,44,78,162
47,44,78,169
47,45,83,175
47,44,84,161
47,44,86,168
47,44,112,156
47,44,113,165
47,44,118,156
47,44,119,165
47,44,177,138
47,44,178,146
47,48,30,147
47,48,31,158
47,48,39,146
47,48,40,164
47,48,41,154
47,48,55,200
47,48,59,181
47,48,58,192
47,48,61,201
47,48,66,138
47,48,67,199
47,48,74,134
47,48,85,221
47,48,85,228
47,48,91,220
47,48,91,229
47,48,93,178
47,48,98,219
47,48,98,229
47,48,104,224
47,48,108,215
47,48,113,201
47,48,113,208
47,48,118,215
47,48,121,201
47,48,120,209
47,48,126,208
47,49,127,164
47,48,129,170
47,48,135,161
47,48,134,177
47,48,138,167
47,48,142,175
47,48,163,161
47,48,169,167
47,48,208,148
47,48,214,147
47,48,214,156
47,48,221,146
47,48,220,155
47,48,228,157
47,51,200,160
47,52,199,166
47,52,73,209
47,52,129,183
47,52,131,191
47,52,139,184
47,52,140,191
47,52,149,180
47,52,152,171
47,52,156,179
47,52,162,175
47,52,196,173
47,52,203,172
47,52,205,178
47,52,208,162
47,52,210,169
47,52,216,176
47,52,224,176
47,57,70,221
47,55,100,203
47,54,188,221
47,54,196,222
47,56,31,229
47,56,41,231
47,56,176,184
47,57,176,191
47,56,183,185
47,56,198,192
47,57,183,193
47,9,232,77
47,55,164,229
47,51,99,147
47,36,27,204
47,36,129,72
47,3,144,43
47,3,152,42
47,3,159,43
47,15,11,149
47,15,17,146
47,15,17,152
47,15,25,147
47,16,220,166
47,20,248,124
47,20,248,129
47,34,147,128
47,35,140,71
47,35,162,74
47,35,165,65
47,35,168,71
47,35,168,78
47,35,170,56
47,35,171,64
47,35,174,70
47,35,174,77
47,36,177,55
47,36,178,63
47,36,180,69
47,35,182,51
47,36,183,60
47,36,187,65
47,35,189,50
47,35,189,57
47,35,195,55
47,36,195,63
47,35,203,63
47,40,47,251
47,48,62,232
47,47,136,97
47,47,143,95
47,47,168,91
47,48,30,138
47,48,38,138
47,48,69,230
47,48,217,94
47,48,224,114
47,48,225,94
47,49,221,101
47,49,239,223
47,53,63,129
47,53,72,129
47,53,150,241
47,58,87,218
47,58,94,217
47,16,37,30
47,16,45,30
47,20,56,31
47,22,240,75
47,47,150,93
47,48,30,126
47,49,34,128
47,48,42,124
47,6,27,68
47,6,32,62
47,6,33,68
47,6,38,60
47,6,39,66
47,6,39,72
47,6,45,66
47,2,76,40
47,3,84,35
47,3,84,44
47,3,90,34
47,2,91,45
47,2,98,38
47,5,112,155
47,5,117,152
47,5,117,157
47,3,188,37
47,4,189,45
47,3,193,29
47,4,194,38
47,4,198,46
47,3,205,33
47,4,232,132
47,4,233,137
47,4,237,131
47,4,239,136
47,5,240,141
47,16,100,188
47,20,46,42
47,20,54,39
47,20,52,44
47,20,60,40
47,20,64,30
47,20,91,58
47,20,95,58
47,20,118,54
47,27,208,58
47,34,181,38
47,34,186,39
47,35,102,78
47,35,108,74
47,35,114,72
47,36,94,82
47,38,92,88
47,39,28,108
47,47,133,103
47,48,138,103
47,48,157,94
47,48,50,122
47,48,94,36
47,48,94,42
47,48,102,40
47,48,174,32
47,48,176,88
47,48,182,30
47,48,182,36
47,48,188,30
47,48,188,36
47,48,198,32
47,48,222,32
47,52,82,124
47,52,90,120
47,52,89,125
47,52,95,118
47,52,95,123
47,52,100,122
47,53,96,127
47,53,102,126
47,55,103,249
47,59,185,249
47,59,190,248
48,41,39,224
48,23,137,83
48,11,124,58
48,22,216,117
48,33,131,164
48,38,136,226
48,46,48,197
48,47,184,202
48,50,89,183
48,13,214,76
48,18,35,109
48,38,107,138
48,17,77,79
48,20,109,90
48,42,43,184
48,13,97,114
48,23,165,95
48,34,163,106
48,40,29,188
48,46,121,204
48,6,141,45
48,11,38,80
48,13,162,53
48,14,171,55
48,14,213,52
48,19,84,91
48,19,176,103
48,18,226,132
48,34,227,154
48,33,117,209
48,35,157,209
48,38,76,202
48,7,153,117
48,7,162,116
48,10,155,94
48,10,163,93
48,5,47,68
48,13,54,112
48,13,61,111
48,13,71,157
48,13,72,165
48,13,79,154
48,13,81,163
48,13,86,114
48,14,135,102
48,14,141,97
48,13,150,98
48,13,227,47
48,13,233,41
48,14,56,119
48,14,67,112
48,14,136,109
48,14,144,108
48,14,150,106
48,15,30,127
48,16,34,146
48,15,64,123
48,15,158,64
48,17,106,122
48,17,112,114
48,17,114,149
48,17,116,159
48,17,123,145
48,17,125,156
48,17,132,150
48,18,170,113
48,18,172,122
48,17,176,65
48,17,182,112
48,18,182,120
48,17,200,63
48,17,220,63
48,17,236,131
48,18,116,121
48,18,183,106
48,18,185,65
48,18,227,99
48,19,54,104
48,19,56,96
48,19,64,95
48,21,73,107
48,21,81,106
48,22,47,148
48,22,54,144
48,23,48,157
48,23,58,151
48,23,174,76
48,23,174,85
48,23,179,156
48,24,184,159
48,24,88,187
48,24,99,185
48,25,51,118
48,25,56,111
48,25,190,164
48,25,192,148
48,25,192,155
48,25,198,162
48,25,202,154
48,26,58,122
48,26,67,116
48,26,94,143
48,26,104,142
48,27,100,151
48,27,228,84
48,28,59,204
48,28,69,205
48,29,54,213
48,29,61,216
48,29,70,215
48,29,85,114
48,29,93,122
48,29,94,113
48,29,174,105
48,31,202,132
48,31,211,131
48,33,127,203
48,33,127,212
48,33,195,109
48,33,198,150
48,33,205,111
48,33,205,145
48,33,207,156
48,34,147,211
48,33,179,150
48,35,178,159
48,34,212,148
48,35,30,202
48,35,39,201
48,35,89,150
48,37,64,198
48,37,96,231
48,37,105,231
48,37,163,165
48,37,169,172
48,38,66,208
48,38,79,164
48,39,65,155
48,39,74,151
48,41,37,177
48,41,151,183
48,40,176,225
48,41,184,189
48,41,192,183
48,42,159,185
48,42,165,179
48,43,109,203
48,46,65,166
48,44,164,145
48,45,197,180
48,45,205,177
48,46,198,187
48,46,208,186
48,47,129,202
48,48,117,175
48,49,164,210
48,49,173,210
48,49,200,194
48,49,213,195
48,51,84,142
48,51,123,183
48,50,202,201
48,50,213,204
48,29,52,180
48,43,188,136
48,52,166,230
48,55,212,182
48,16,42,181
48,27,211,63
48,31,221,95
48,32,186,192
48,41,239,212
48,47,186,149
48,47,215,143
48,37,44,137
48,51,219,158
48,59,185,200
48,10,105,62
48,29,63,174
48,37,56,132
48,41,128,146
48,44,227,182
48,4,164,37
48,4,174,37
48,8,45,74
48,8,47,81
48,8,73,70
48,8,79,65
48,8,79,71
48,8,79,77
48,8,85,65
48,8,86,73
48,8,94,61
48,8,91,71
48,8,98,71
48,8,108,97
48,8,110,104
48,8,114,95
48,8,116,101
48,8,118,107
48,8,122,100
48,9,145,58
48,8,183,39
48,8,188,71
48,8,189,34
48,8,189,43
48,8,188,79
48,8,193,67
48,8,196,40
48,8,198,75
48,8,197,81
48,8,201,69
48,8,229,76
48,8,228,82
48,14,5,185
48,16,220,31
48,16,37,190
48,16,167,37
48,16,175,32
48,16,175,41
48,16,186,89
48,16,188,97
48,16,191,55
48,16,192,85
48,16,195,92
48,16,195,99
48,16,199,51
48,16,199,83
48,16,202,90
48,16,203,97
48,16,208,89
48,16,228,30
48,20,90,101
48,20,126,118
48,20,128,125
48,20,134,116
48,20,134,125
48,20,141,117
48,20,141,125
48,23,76,142
48,24,156,137
48,24,68,148
48,24,74,151
48,24,81,152
48,24,83,139
48,24,86,148
48,24,147,133
48,24,147,141
48,24,151,146
48,24,152,130
48,24,156,145
48,24,158,128
48,24,165,133
48,24,164,143
48,24,184,77
48,24,184,86
48,24,192,77
48,24,192,85
48,26,76,128
48,28,28,142
48,27,17,138
48,28,37,142
48,28,46,174
48,28,53,170
48,28,105,113
48,28,106,121
48,30,28,187
48,30,113,118
48,30,54,142
48,32,63,137
48,32,65,144
48,32,69,134
48,32,71,140
48,32,74,147
48,32,75,132
48,32,77,140
48,32,83,137
48,32,119,117
48,32,125,114
48,32,124,122
48,32,131,114
48,32,131,122
48,32,137,113
48,33,137,122
48,32,144,114
48,33,144,122
48,32,173,189
48,32,173,197
48,32,177,141
48,32,183,138
48,32,190,137
48,32,189,144
48,32,203,100
48,32,210,97
48,32,214,105
48,32,221,105
48,32,220,142
48,32,227,140
48,33,158,122
48,36,36,163
48,36,39,169
48,36,100,172
48,36,30,155
48,36,30,162
48,36,33,168
48,36,36,156
48,36,36,131
48,36,42,156
48,36,42,162
48,36,43,127
48,36,45,169
48,36,51,155
48,37,53,160
48,36,50,127
48,36,55,167
48,36,96,178
48,36,103,180
48,36,105,169
48,36,109,177
48,36,112,171
48,39,128,136
48,38,135,142
48,38,222,115
48,39,228,117
48,40,170,115
48,40,176,181
48,40,176,106
48,41,182,115
48,40,183,177
48,40,184,105
48,40,187,111
48,40,202,163
48,40,202,172
48,40,208,161
48,40,208,172
48,40,216,162
48,40,215,171
48,44,94,155
48,44,93,162
48,44,95,169
48,44,100,157
48,44,102,164
48,44,101,171
48,44,127,153
48,44,132,161
48,44,135,155
48,47,29,165
48,48,106,218
48,48,27,206
48,48,27,216
48,48,35,213
48,48,70,196
48,48,76,189
48,49,78,201
48,48,76,229
48,48,80,195
48,48,82,228
48,50,84,130
48,48,88,228
48,48,93,135
48,48,99,219
48,48,105,226
48,48,110,172
48,48,112,226
48,48,111,215
48,48,117,223
48,48,119,216
48,48,137,209
48,48,140,199
48,48,146,159
48,48,147,166
48,48,151,172
48,48,155,161
48,48,158,170
48,48,177,225
48,48,176,233
48,48,179,157
48,48,185,165
48,48,185,228
48,48,186,158
48,48,192,158
48,48,227,145
48,50,111,140
48,51,118,141
48,52,146,176
48,52,148,185
48,52,157,177
48,52,156,185
48,52,166,171
48,52,172,164
48,52,172,174
48,52,179,166
48,52,179,173
48,52,214,171
48,52,218,166
48,52,221,173
48,52,227,167
48,52,229,160
48,54,117,203
48,54,116,195
48,55,185,222
48,54,207,215
48,54,215,216
48,56,47,228
48,56,58,229
48,57,86,222
48,56,144,193
48,59,136,208
48,56,150,192
48,56,151,200
48,56,192,181
48,56,200,181
48,52,90,206
48,6,27,114
48,40,57,250
48,40,66,250
48,4,217,40
48,17,239,85
48,17,246,81
48,16,246,86
48,27,238,152
48,35,145,64
48,35,155,66
48,35,179,55
48,35,179,62
48,35,181,45
48,35,180,68
48,35,185,51
48,35,185,57
48,35,187,41
48,35,187,63
48,35,187,69
48,35,191,47
48,36,191,53
48,35,194,39
48,35,193,59
48,35,193,65
48,35,198,44
48,36,197,52
48,35,199,59
48,35,203,43
48,35,203,51
48,35,206,57
48,35,209,47
48,36,211,54
48,35,217,50
48,36,217,57
48,36,223,58
48,39,29,109
48,39,33,103
48,39,40,102
48,47,31,152
48,47,32,144
48,48,51,145
48,48,53,152
48,48,175,85
48,48,186,82
48,47,238,146
48,48,28,178
48,48,44,142
48,48,45,150
48,48,48,157
48,48,51,163
48,48,52,136
48,48,57,144
48,48,59,153
48,48,238,151
48,52,249,219
48,57,149,250
48,58,104,212
48,58,110,213
48,56,135,207
48,56,169,203
48,58,201,235
48,58,206,230
48,58,206,238
48,48,146,133
48,16,115,183
48,20,104,51
48,48,58,120
48,48,227,88
48,6,45,64
48,6,50,58
48,6,51,64
48,6,56,57
48,6,57,63
48,2,92,34
48,2,102,29
48,3,103,42
48,2,111,36
48,16,38,30
48,16,46,30
48,20,70,31
48,20,76,31
48,20,110,49
48,22,62,30
48,32,214,202
48,32,220,202
48,32,230,128
48,32,252,181
48,34,118,62
48,34,190,32
48,34,196,32
48,38,66,102
48,38,72,102
48,40,246,151
48,47,28,128
48,47,144,94
48,48,149,89
48,48,150,94
48,48,155,85
48,48,156,90
48,48,162,83
48,48,164,88
48,48,34,129
48,48,36,52
48,48,36,60
48,48,42,54
48,48,42,60
48,48,46,46
48,48,49,122
48,48,48,52
48,48,48,58
48,48,54,48
48,48,54,54
48,48,54,60
48,49,86,118
48,49,93,118
48,48,94,36
48,48,100,36
48,48,102,42
48,48,108,32
48,48,108,38
48,48,108,44
48,48,114,32
48,48,114,38
48,48,114,44
48,48,120,30
48,48,120,36
48,48,120,42
48,48,126,30
48,48,126,36
48,48,126,42
48,48,132,36
48,48,140,32
48,48,142,38
48,48,148,30
48,48,148,38
48,48,148,100
48,48,156,30
48,48,156,95
48,48,182,30
48,48,190,30
48,48,196,32
48,48,206,30
48,50,98,116
48,50,104,116
48,53,52,129
48,53,59,127
48,53,73,125
48,52,95,122
48,52,106,110
48,52,106,122
48,52,108,115
48,52,111,111
48,53,112,124
48,52,116,116
48,53,119,123
48,52,121,116
48,52,139,136
48,52,139,140
48,53,145,112
48,52,144,141
48,52,150,110
48,52,224,100
48,53,227,113
48,52,227,102
48,53,118,247
48,53,140,114
48,53,139,119
48,53,144,118
48,53,149,114
48,53,220,107
48,53,225,107
48,57,8,248
49,42,37,226
49,24,167,97
49,26,143,81
49,34,169,107
49,49,37,207
49,14,89,115
49,14,101,112
49,13,114,62
49,14,128,62
49,17,118,159
49,18,130,156
49,18,180,114
49,17,213,63
49,22,219,115
49,30,57,215
49,30,68,211
49,30,68,221
49,38,70,203
49,51,89,186
49,18,28,129
49,18,30,106
49,27,192,153
49,46,203,185
49,25,195,166
49,46,164,146
49,6,143,42
49,17,76,78
49,33,182,148
49,38,165,174
49,47,184,196
49,4,72,53
49,17,175,63
49,22,108,90
49,26,134,93
49,32,190,196
49,35,156,213
49,47,121,206
49,50,168,232
49,6,169,39
49,9,90,69
49,10,100,67
49,9,116,96
49,9,118,104
49,9,191,40
49,11,127,51
49,11,146,57
49,11,163,93
49,14,76,161
49,14,84,162
49,12,210,79
49,10,224,83
49,14,55,115
49,14,62,112
49,14,133,103
49,14,136,111
49,14,139,100
49,14,144,110
49,14,230,47
49,15,56,124
49,15,64,124
49,15,71,117
49,15,147,96
49,15,150,105
49,17,28,150
49,16,37,150
49,16,38,182
49,16,49,180
49,18,107,123
49,17,113,115
49,19,115,124
49,18,194,62
49,20,121,83
49,20,122,91
49,19,120,118
49,19,170,116
49,19,231,135
49,21,41,116
49,21,44,107
49,21,133,121
49,21,142,117
49,21,142,126
49,22,86,98
49,24,91,183
49,24,100,187
49,25,183,165
49,27,57,119
49,27,98,145
49,27,108,143
49,29,31,145
49,29,47,176
49,29,55,173
49,30,54,180
49,31,133,160
49,31,86,118
49,31,95,119
49,31,129,149
49,31,142,152
49,32,179,198
49,33,117,213
49,33,124,207
49,33,126,217
49,33,132,210
49,34,209,105
49,34,219,106
49,35,145,214
49,35,147,208
49,35,148,220
49,35,181,157
49,38,33,195
49,37,32,209
49,37,32,164
49,37,39,171
49,37,40,161
49,38,38,133
49,37,46,163
49,38,51,132
49,37,55,163
49,37,98,176
49,37,108,174
49,37,127,171
49,38,130,180
49,37,134,169
49,38,137,179
49,37,141,169
49,37,163,164
49,37,170,162
49,37,175,169
49,38,103,144
49,38,143,178
49,39,72,164
49,39,110,138
49,41,186,187
49,42,150,183
49,42,236,213
49,43,152,191
49,43,161,183
49,45,109,205
49,45,132,156
49,42,211,174
49,47,179,206
49,47,55,193
49,47,190,205
49,49,162,210
49,49,171,211
49,49,199,195
49,49,210,195
49,50,206,202
49,50,214,202
49,50,122,179
49,53,222,171
49,59,141,204
49,11,30,90
49,13,39,90
49,44,39,180
49,55,212,180
49,59,188,197
49,23,95,99
49,33,205,155
49,41,182,111
49,45,190,144
49,51,228,161
49,53,173,171
49,30,227,92
49,39,192,108
49,19,86,68
49,33,79,145
49,33,136,118
49,27,211,60
49,33,70,139
49,40,136,229
49,45,100,168
49,53,158,181
49,56,209,223
49,5,207,35
49,4,223,33
49,8,29,117
49,9,150,119
49,8,155,112
49,8,156,118
49,8,158,124
49,8,163,112
49,8,164,119
49,8,190,74
49,8,192,81
49,8,200,67
49,8,200,74
49,8,201,81
49,9,78,67
49,10,79,75
49,16,37,127
49,16,38,139
49,16,67,88
49,16,69,95
49,16,73,89
49,16,77,96
49,16,82,88
49,16,152,67
49,16,155,73
49,16,159,61
49,16,160,67
49,16,164,73
49,16,169,39
49,17,177,38
49,16,188,87
49,16,188,96
49,16,194,84
49,16,194,91
49,16,194,98
49,16,202,83
49,16,201,89
49,16,200,96
49,16,207,92
49,16,218,31
49,16,225,33
49,20,229,98
49,19,241,135
49,21,54,101
49,20,60,92
49,20,62,99
49,20,95,68
49,21,92,76
49,24,50,147
49,24,78,108
49,24,84,146
49,24,44,148
49,24,43,157
49,24,49,157
49,24,56,157
49,24,55,145
49,24,62,153
49,24,63,145
49,24,74,111
49,24,74,146
49,24,74,153
49,24,78,140
49,24,80,154
49,24,86,139
49,24,85,112
49,24,87,152
49,24,103,102
49,24,111,105
49,24,149,138
49,24,150,145
49,24,151,132
49,24,155,138
49,24,156,146
49,24,158,131
49,24,161,137
49,24,162,143
49,24,161,150
49,24,166,131
49,24,169,136
49,24,168,78
49,24,169,144
49,24,174,79
49,24,180,81
49,24,184,87
49,24,186,80
49,24,190,88
49,24,192,78
49,24,197,84
49,27,75,130
49,28,70,119
49,28,204,68
49,28,212,69
49,28,220,65
49,28,228,83
49,28,241,156
49,30,104,120
49,30,110,121
49,32,204,133
49,32,211,129
49,31,211,137
49,31,234,157
49,32,51,142
49,32,59,143
49,32,68,149
49,32,118,117
49,32,120,124
49,32,125,113
49,32,127,122
49,32,136,141
49,32,185,141
49,32,193,141
49,32,200,140
49,32,205,140
49,32,204,147
49,32,204,164
49,32,212,144
49,32,217,93
49,32,218,132
49,32,218,140
49,32,227,147
49,32,227,153
49,32,227,160
49,35,148,116
49,35,146,124
49,35,158,123
49,35,164,122
49,36,85,155
49,36,89,147
49,36,94,154
49,36,94,236
49,36,95,242
49,37,100,232
49,37,103,240
49,36,189,54
49,36,190,66
49,36,196,53
49,36,196,62
49,36,195,118
49,36,199,110
49,36,204,57
49,36,204,117
49,37,100,246
49,40,27,181
49,40,63,153
49,40,69,148
49,40,76,153
49,40,83,172
49,40,84,163
49,40,125,137
49,40,133,142
49,40,133,237
49,40,167,227
49,40,172,233
49,40,173,223
49,40,179,229
49,40,203,167
49,40,210,162
49,40,218,162
49,40,222,119
49,40,229,114
49,40,230,122
49,45,47,177
49,45,95,158
49,44,185,137
49,44,191,133
49,44,229,183
49,45,102,158
49,47,61,165
49,47,72,166
49,47,68,174
49,48,71,200
49,48,74,228
49,48,79,227
49,48,85,224
49,48,84,231
49,48,91,227
49,48,95,218
49,48,97,226
49,48,101,217
49,48,104,227
49,48,107,218
49,48,109,173
49,48,109,181
49,48,111,227
49,48,114,219
49,48,127,194
49,48,130,200
49,48,129,208
49,48,137,195
49,48,138,201
49,48,137,208
49,48,144,160
49,48,146,168
49,48,150,157
49,48,152,166
49,48,157,155
49,48,159,161
49,48,158,170
49,48,178,150
49,48,178,157
49,48,181,230
49,49,182,164
49,48,184,154
49,48,189,163
49,48,191,154
49,48,211,145
49,48,218,142
49,48,217,150
49,48,227,147
49,49,79,198
49,52,148,175
49,52,150,182
49,52,156,227
49,52,217,161
49,54,182,216
49,57,56,230
49,40,59,250
49,48,31,134
49,31,27,187
49,32,8,247
49,55,116,200
49,6,51,61
49,6,57,60
49,24,247,126
49,32,251,179
49,35,110,68
49,35,118,67
49,35,140,63
49,35,148,61
49,36,153,65
49,35,200,45
49,35,205,45
49,35,212,49
49,36,216,55
49,36,220,58
49,39,32,106
49,39,230,155
49,40,229,160
49,47,27,146
49,47,26,152
49,47,27,158
49,47,28,164
49,47,28,117
49,47,28,123
49,48,29,171
49,47,30,112
49,47,32,145
49,47,32,152
49,47,35,116
49,47,38,141
49,48,38,148
49,48,38,155
49,47,44,143
49,47,44,149
49,48,89,131
49,48,32,158
49,48,38,123
49,48,44,135
49,48,44,156
49,48,50,161
49,48,51,139
49,48,50,145
49,48,51,152
49,48,56,145
49,48,57,154
49,48,84,138
49,48,93,138
49,48,146,98
49,48,153,93
49,48,160,94
49,48,239,150
49,49,154,104
49,49,212,111
49,49,218,110
49,52,116,144
49,53,89,205
49,54,241,220
49,53,248,219
49,55,111,194
49,55,116,248
49,55,121,248
49,59,81,225
49,58,87,223
49,57,150,250
49,56,203,232
49,25,15,132
49,54,183,250
49,30,17,140
49,35,126,63
49,48,50,121
49,48,153,114
49,48,187,85
49,48,84,121
49,50,228,88
49,51,224,93
49,3,92,93
49,6,96,32
49,3,99,93
49,6,102,28
49,6,102,34
49,6,106,44
49,6,108,27
49,6,108,33
49,6,112,41
49,4,134,155
49,6,166,28
49,6,172,27
49,4,217,56
49,3,225,58
49,6,226,26
49,6,228,32
49,6,228,38
49,15,6,155
49,22,46,30
49,22,52,30
49,22,54,34
49,22,62,31
49,22,67,31
49,22,68,34
49,22,72,30
49,22,73,35
49,22,77,38
49,22,77,30
49,22,79,33
49,32,96,68
49,39,42,101
49,40,41,106
49,40,47,102
49,48,10,214
49,48,36,52
49,48,38,58
49,48,44,52
49,48,44,58
49,48,50,128
49,48,54,52
49,48,58,118
49,48,58,122
49,48,65,117
49,48,64,122
49,48,72,115
49,48,72,121
49,48,78,119
49,48,91,119
49,48,110,38
49,48,110,44
49,48,116,32
49,48,116,38
49,48,118,44
49,48,122,36
49,48,124,44
49,48,126,30
49,48,128,36
49,48,142,32
49,48,150,30
49,48,156,30
49,48,164,30
49,48,180,84
49,48,194,85
49,48,198,30
49,48,204,30
49,48,214,32
49,50,226,106
49,50,225,114
49,53,81,154
49,52,210,98
49,52,214,96
49,52,218,101
49,52,226,99
49,53,83,148
49,53,84,153
49,53,112,118
49,53,209,102
49,59,103,215
49,59,109,215
50,29,205,168
50,26,148,89
50,35,178,115
50,48,43,218
50,24,170,103
50,15,91,124
50,14,103,122
50,19,31,139
50,19,38,118
50,22,222,123
50,26,191,174
50,30,62,223
50,29,73,222
50,34,187,159
50,38,71,213
50,38,83,216
50,41,194,195
50,46,129,214
50,50,94,196
50,13,127,69
50,30,141,159
50,18,192,122
50,18,217,71
50,18,133,172
50,50,229,165
50,6,41,82
50,17,180,71
50,18,115,129
50,18,180,116
50,21,115,98
50,29,28,150
50,39,111,149
50,43,211,184
50,43,115,213
50,46,207,193
50,4,150,44
50,5,176,44
50,9,122,103
50,9,150,55
50,9,165,130
50,9,174,130
50,9,198,49
50,11,146,65
50,12,156,65
50,11,163,98
50,11,174,93
50,11,173,102
50,13,44,101
50,14,87,169
50,13,137,107
50,13,139,117
50,13,144,103
50,13,146,111
50,14,147,119
50,11,215,84
50,14,223,84
50,14,60,123
50,14,70,120
50,14,88,177
50,14,96,170
50,14,153,108
50,15,215,95
50,14,223,94
50,15,58,133
50,15,66,133
50,15,75,129
50,15,215,58
50,16,50,192
50,19,87,89
50,20,89,103
50,17,124,169
50,17,133,160
50,17,142,163
50,17,142,172
50,17,175,129
50,17,180,124
50,17,183,132
50,17,194,66
50,17,196,77
50,17,202,64
50,18,203,76
50,18,78,87
50,19,125,126
50,19,223,78
50,22,62,110
50,24,136,100
50,21,139,126
50,21,143,134
50,21,149,127
50,23,54,164
50,23,65,162
50,24,102,195
50,27,55,132
50,27,65,128
50,27,104,156
50,27,111,150
50,29,53,189
50,29,64,184
50,29,63,192
50,30,91,128
50,31,30,198
50,31,218,144
50,33,69,153
50,33,79,154
50,33,119,224
50,33,126,219
50,33,125,227
50,33,133,223
50,33,178,209
50,33,185,203
50,33,185,213
50,33,194,203
50,33,193,212
50,33,212,110
50,34,220,114
50,36,147,225
50,35,156,220
50,35,156,228
50,37,35,176
50,37,42,177
50,37,44,143
50,37,48,169
50,37,48,180
50,37,58,142
50,37,57,169
50,37,54,179
50,37,61,177
50,37,133,180
50,37,137,188
50,37,140,177
50,38,148,187
50,37,148,177
50,37,175,183
50,38,200,122
50,39,76,176
50,41,185,192
50,41,215,176
50,42,157,199
50,42,159,190
50,43,166,199
50,43,169,190
50,47,184,213
50,47,59,205
50,47,183,206
50,47,189,219
50,47,193,209
50,50,174,220
50,49,205,205
50,49,216,204
50,49,122,185
50,50,206,212
50,50,213,211
50,50,220,210
50,51,129,193
50,51,216,216
50,59,144,216
50,6,212,42
50,7,220,46
50,10,31,99
50,29,228,97
50,38,35,207
50,43,40,194
50,47,168,156
50,53,224,180
50,25,94,155
50,33,142,130
50,37,116,185
50,41,241,220
50,45,134,165
50,45,192,155
50,50,156,183
50,10,99,79
50,19,90,77
50,11,106,75
50,41,166,145
50,47,68,183
50,47,30,157
50,50,84,211
50,53,176,181
50,60,188,210
50,6,28,125
50,7,36,121
50,7,35,129
50,8,199,83
50,8,205,91
50,8,206,77
50,8,207,84
50,8,234,94
50,10,79,78
50,11,74,88
50,10,87,74
50,10,88,81
50,10,87,87
50,12,108,67
50,15,6,197
50,16,226,39
50,16,27,153
50,16,28,163
50,16,34,154
50,16,34,163
50,16,40,152
50,16,40,161
50,16,42,137
50,16,42,145
50,16,49,149
50,16,49,157
50,16,46,163
50,16,73,98
50,16,76,106
50,16,156,77
50,16,163,74
50,16,165,82
50,16,164,68
50,16,171,44
50,16,182,41
50,16,181,48
50,16,192,92
50,16,193,101
50,16,197,87
50,16,199,94
50,16,199,103
50,16,206,88
50,16,207,95
50,16,206,102
50,16,229,57
50,20,99,77
50,24,161,145
50,24,29,174
50,24,29,182
50,24,76,113
50,24,79,122
50,24,78,157
50,24,80,163
50,24,82,113
50,24,84,150
50,24,87,158
50,24,89,165
50,24,88,117
50,24,102,104
50,24,105,111
50,24,111,112
50,24,117,112
50,24,153,143
50,24,152,149
50,24,156,137
50,24,158,153
50,24,163,136
50,24,165,153
50,24,167,141
50,24,172,150
50,24,172,87
50,24,173,140
50,24,178,86
50,24,184,86
50,24,184,94
50,24,190,86
50,24,191,95
50,24,197,86
50,24,199,95
50,26,209,69
50,26,217,65
50,27,225,65
50,28,68,141
50,28,77,141
50,28,211,75
50,28,218,73
50,28,225,72
50,28,229,88
50,30,241,166
50,28,250,166
50,29,35,164
50,29,41,155
50,29,43,163
50,30,101,130
50,30,107,128
50,30,111,135
50,30,114,128
50,31,52,156
50,32,59,153
50,32,120,131
50,32,124,123
50,32,126,132
50,32,132,122
50,32,132,130
50,32,213,101
50,32,213,156
50,32,220,99
50,34,153,127
50,34,151,135
50,34,163,131
50,34,170,131
50,37,34,220
50,37,41,217
50,36,47,207
50,37,48,214
50,36,87,163
50,36,94,159
50,36,95,168
50,36,108,179
50,36,117,176
50,36,168,174
50,36,174,170
50,36,181,175
50,36,195,68
50,36,202,64
50,36,212,62
50,40,28,191
50,40,28,200
50,40,66,164
50,40,73,162
50,40,79,164
50,40,87,183
50,40,88,172
50,40,129,144
50,40,130,152
50,40,137,145
50,40,139,153
50,40,139,244
50,40,229,125
50,41,178,238
50,45,47,188
50,45,97,169
50,44,99,177
50,44,103,167
50,44,188,146
50,44,194,140
50,44,196,147
50,45,106,174
50,45,105,181
50,47,30,172
50,47,31,179
50,48,28,226
50,48,36,164
50,48,43,157
50,48,45,169
50,48,49,156
50,48,51,167
50,48,58,166
50,48,91,144
50,48,103,228
50,48,109,227
50,48,113,182
50,48,113,191
50,48,116,229
50,48,145,210
50,48,152,173
50,48,158,166
50,48,158,173
50,48,164,164
50,48,165,176
50,48,177,246
50,48,181,158
50,48,182,166
50,48,188,173
50,48,188,163
50,48,194,165
50,48,210,152
50,48,218,148
50,48,217,157
50,48,226,153
50,51,119,151
50,52,156,192
50,52,168,240
50,52,219,171
50,54,109,201
50,55,117,205
50,54,210,184
50,55,210,192
50,55,217,190
50,56,65,244
50,56,196,189
50,56,202,186
50,56,203,193
50,55,213,225
50,56,221,227
50,57,56,246
50,38,106,250
50,48,32,144
50,32,231,165
50,12,247,51
50,20,246,144
50,36,223,61
50,48,242,156
50,58,88,232
50,3,54,68
50,3,61,65
50,5,63,76
50,3,78,63
50,2,110,44
50,8,6,106
50,15,239,58
50,19,238,142
50,31,27,177
50,35,205,52
50,39,34,116
50,47,27,131
50,47,28,137
50,47,30,125
50,47,34,131
50,47,40,147
50,48,87,238
50,48,88,246
50,48,92,239
50,48,29,186
50,48,47,147
50,48,54,149
50,48,60,154
50,49,215,119
50,49,222,114
50,49,223,122
50,58,211,248
50,23,66,32
50,23,70,35
50,23,77,40
50,6,29,79
50,6,34,73
50,6,104,39
50,6,110,36
50,6,110,42
50,5,143,166
50,6,168,35
50,6,174,32
50,6,180,32
50,4,228,67
50,2,222,27
50,4,233,38
50,15,12,163
50,15,15,164
50,16,52,30
50,16,58,30
50,19,160,45
50,22,46,38
50,22,54,31
50,22,54,36
50,22,54,44
50,23,62,32
50,22,60,36
50,22,60,42
50,23,62,44
50,22,71,44
50,22,79,33
50,22,86,31
50,22,86,38
50,22,86,46
50,22,92,45
50,22,98,46
50,22,103,65
50,22,107,62
50,23,54,48
50,23,100,52
50,23,109,64
50,31,4,155
50,34,117,78
50,35,148,72
50,35,153,72
50,35,158,73
50,35,154,75
50,36,158,77
50,39,47,110
50,39,230,163
50,48,36,62
50,48,38,68
50,48,44,62
50,48,44,68
50,48,44,134
50,48,46,54
50,48,72,130
50,48,110,46
50,48,110,52
50,48,118,44
50,48,126,44
50,48,126,50
50,48,150,32
50,48,150,38
50,48,150,109
50,48,150,112
50,48,155,103
50,48,156,30
50,48,156,36
50,48,156,108
50,48,156,113
50,48,159,102
50,48,162,30
50,48,162,36
50,48,162,106
50,48,166,33
50,48,168,36
50,48,174,32
50,48,206,32
50,50,227,101
50,52,83,167
50,52,110,128
50,52,116,127
50,53,211,108
50,52,216,108
50,52,222,107
50,53,87,158
50,53,86,167
50,53,117,130
50,53,120,128
50,53,249,226
50,54,76,138
50,54,146,126
50,59,106,228
50,59,114,227
51,33,201,146
51,47,180,223
51,43,44,222
51,20,33,131
51,20,179,53
51,20,218,51
51,16,182,109
51,37,179,97
51,5,63,51
51,20,133,151
51,20,143,149
51,22,35,102
51,26,90,140
51,26,163,124
51,26,173,129
51,26,224,100
51,28,113,177
51,37,192,190
51,38,178,161
51,42,191,175
51,45,202,174
51,46,120,201
51,46,127,195
51,50,35,210
51,50,46,196
51,50,46,204
51,55,105,185
51,34,77,134
51,14,170,77
51,50,180,198
51,28,149,72
51,21,81,70
51,21,86,86
51,46,168,133
51,50,212,185
51,9,177,33
51,14,154,51
51,16,218,66
51,17,47,142
51,32,70,206
51,38,144,121
51,42,74,152
51,48,161,165
51,4,39,55
51,9,149,30
51,9,210,61
51,9,207,68
51,9,219,29
51,13,81,62
51,14,85,71
51,13,88,59
51,13,98,65
51,13,147,39
51,14,147,47
51,13,155,40
51,16,125,54
51,15,134,52
51,13,37,80
51,15,111,53
51,15,139,45
51,16,95,157
51,17,11,186
51,17,50,132
51,17,67,116
51,17,195,71
51,17,195,80
51,17,201,70
51,17,202,76
51,17,202,83
51,18,207,70
51,17,210,79
51,17,221,38
51,18,43,172
51,18,47,180
51,18,53,167
51,18,55,175
51,17,160,55
51,17,165,63
51,19,76,87
51,21,117,111
51,22,126,110
51,22,179,98
51,21,197,53
51,21,205,49
51,21,206,60
51,25,30,162
51,25,57,150
51,25,67,146
51,26,179,68
51,26,113,88
51,27,175,74
51,29,104,137
51,29,110,132
51,30,118,134
51,27,169,86
51,29,192,154
51,29,194,161
51,30,62,118
51,30,68,110
51,30,113,143
51,32,226,80
51,35,217,85
51,37,120,205
51,37,127,200
51,37,126,208
51,37,134,199
51,37,134,206
51,39,33,197
51,39,43,189
51,39,44,199
51,39,73,196
51,39,110,168
51,39,114,159
51,39,118,168
51,39,125,163
51,39,151,210
51,39,161,208
51,41,84,160
51,41,113,134
51,40,137,225
51,45,158,181
51,45,162,176
51,45,171,174
51,46,187,125
51,48,44,174
51,48,191,192
51,47,192,136
51,47,196,126
51,49,62,193
51,49,92,223
51,49,108,212
51,49,112,220
51,49,116,209
51,49,121,217
51,49,141,198
51,49,188,146
51,51,170,201
51,53,165,217
51,5,122,33
51,43,216,155
51,54,227,152
51,6,26,143
51,13,203,33
51,39,150,163
51,47,134,145
51,51,118,170
51,53,128,177
51,35,121,113
51,42,31,179
51,25,94,86
51,31,229,72
51,37,213,99
51,49,212,132
51,60,196,184
51,5,83,49
51,6,96,79
51,6,104,78
51,5,98,39
51,9,28,109
51,8,35,103
51,9,35,112
51,8,112,44
51,8,119,46
51,9,41,108
51,12,124,85
51,12,116,81
51,13,116,88
51,12,122,78
51,12,124,91
51,12,129,79
51,12,131,86
51,12,192,31
51,12,198,28
51,14,71,75
51,16,47,87
51,16,59,107
51,16,65,102
51,16,71,99
51,16,71,107
51,16,78,104
51,16,89,102
51,16,90,110
51,16,93,95
51,16,96,102
51,16,96,110
51,16,101,92
51,16,102,100
51,16,102,106
51,16,102,114
51,16,109,93
51,16,110,100
51,16,110,108
51,16,138,94
51,16,139,88
51,16,139,101
51,16,144,94
51,16,144,106
51,16,147,85
51,16,146,100
51,16,150,91
51,16,151,107
51,16,154,97
51,16,156,88
51,16,157,103
51,16,226,72
51,16,228,62
51,22,91,62
51,22,245,124
51,23,121,79
51,24,144,111
51,24,46,99
51,25,46,107
51,24,54,97
51,24,60,88
51,24,61,98
51,24,67,90
51,24,67,97
51,24,75,98
51,25,77,106
51,24,107,79
51,24,115,76
51,24,123,87
51,24,127,79
51,24,129,87
51,24,133,78
51,27,137,87
51,24,137,109
51,24,137,117
51,24,140,76
51,24,142,83
51,24,142,121
51,24,150,107
51,24,151,120
51,24,153,113
51,24,210,96
51,24,211,105
51,25,82,98
51,25,84,106
51,28,111,97
51,28,188,78
51,28,190,70
51,28,195,79
51,28,197,68
51,28,201,76
51,29,218,48
51,29,249,151
51,32,24,131
51,32,25,138
51,32,25,181
51,33,26,189
51,33,28,169
51,32,30,129
51,32,31,136
51,32,34,179
51,32,32,143
51,32,34,187
51,32,37,135
51,32,41,144
51,32,55,141
51,32,53,173
51,32,58,166
51,32,59,173
51,32,57,180
51,32,65,164
51,32,65,171
51,32,66,178
51,32,72,165
51,32,73,173
51,32,86,106
51,32,86,114
51,32,92,106
51,32,92,112
51,32,94,119
51,32,98,108
51,32,99,115
51,32,105,109
51,32,105,117
51,32,113,108
51,32,113,117
51,32,130,135
51,32,131,142
51,32,134,149
51,32,136,131
51,32,137,138
51,32,140,144
51,32,140,153
51,32,142,131
51,32,147,137
51,32,149,144
51,32,149,152
51,32,208,120
51,32,208,126
51,32,212,132
51,32,214,114
51,32,215,120
51,32,216,126
51,32,219,132
51,32,222,115
51,32,221,123
51,32,225,128
51,32,227,119
51,36,129,107
51,36,129,117
51,36,135,109
51,36,141,108
51,36,147,108
51,36,153,111
51,36,159,112
51,36,164,108
51,36,165,116
51,36,172,112
51,36,222,95
51,37,222,101
51,39,88,145
51,40,36,160
51,40,36,168
51,40,42,157
51,40,42,164
51,40,42,127
51,40,44,172
51,40,48,153
51,40,48,159
51,40,49,123
51,40,49,131
51,40,50,167
51,40,54,150
51,40,54,157
51,40,55,122
51,40,55,131
51,40,57,165
51,40,55,249
51,40,61,152
51,40,61,121
51,40,62,130
51,40,63,158
51,40,62,241
51,40,64,249
51,40,68,125
51,40,69,242
51,40,83,188
51,40,88,194
51,40,87,201
51,40,96,149
51,40,99,229
51,40,100,237
51,40,105,225
51,40,107,232
51,40,108,240
51,40,112,226
51,40,114,232
51,40,134,163
51,40,137,170
51,40,141,158
51,40,144,172
51,40,197,105
51,40,199,112
51,40,204,102
51,40,205,109
51,41,205,116
51,40,212,107
51,41,211,114
51,42,229,107
51,44,160,126
51,44,169,124
51,44,241,200
51,44,248,200
51,48,31,157
51,48,29,165
51,48,55,180
51,48,65,172
51,48,70,164
51,48,71,174
51,48,77,171
51,48,84,216
51,49,90,125
51,48,93,213
51,48,96,151
51,48,97,158
51,48,102,147
51,48,103,154
51,48,103,162
51,48,109,151
51,48,110,158
51,48,109,165
51,48,131,155
51,48,135,188
51,48,139,155
51,48,144,187
51,49,162,147
51,49,170,147
51,48,213,166
51,48,216,175
51,49,156,154
51,49,175,143
51,50,221,132
51,52,210,194
51,52,217,196
51,52,222,193
51,55,154,173
51,56,120,229
51,56,127,229
51,56,161,175
51,56,173,163
51,56,182,161
51,56,181,168
51,56,190,200
51,56,192,206
51,56,215,163
51,56,221,162
51,56,228,163
51,59,75,224
51,57,218,170
51,48,29,146
51,48,230,132
51,16,244,35
51,56,27,231
51,5,228,48
51,6,89,41
51,6,95,37
51,6,95,43
51,6,102,29
51,8,141,149
51,8,146,147
51,11,233,72
51,11,240,68
51,11,242,73
51,16,26,150
51,18,167,29
51,18,177,28
51,33,232,141
51,33,239,143
51,34,232,147
51,37,207,40
51,38,215,41
51,40,205,52
51,48,28,135
51,49,35,136
51,49,27,117
51,49,30,123
51,49,29,110
51,49,30,129
51,49,34,115
51,49,37,144
51,49,42,133
51,49,80,125
51,51,219,99
51,51,224,93
51,51,224,99
51,52,82,197
51,56,91,197
51,56,101,250
51,56,250,207
51,57,73,202
51,41,239,141
51,16,17,148
51,51,225,77
51,53,219,84
51,53,226,83
51,6,114,26
51,6,120,24
51,6,126,24
51,6,127,30
51,6,129,36
51,6,133,29
51,11,7,90
51,15,81,38
51,14,85,37
51,26,54,30
51,26,78,30
51,32,4,138
51,33,4,142
51,34,27,238
51,38,156,56
51,38,220,44
51,41,230,142
51,42,30,96
51,42,34,92
51,42,33,100
51,42,40,94
51,42,40,98
51,42,44,95
51,42,198,62
51,46,245,171
51,48,38,36
51,48,38,42
51,48,133,250
51,49,54,134
51,49,60,135
51,49,239,133
51,50,72,112
51,50,152,88
51,50,154,94
51,50,158,88
51,52,116,132
51,52,210,81
51,52,216,80
51,56,191,239
51,60,151,188
51,61,147,203
51,59,153,247
51,59,159,242
51,59,159,249
51,59,210,208
51,60,219,207
51,60,214,223
52,33,208,153
52,49,176,223
52,43,193,178
52,30,149,74
52,45,46,225
52,51,39,209
52,14,182,110
52,17,33,96
52,17,146,99
52,21,49,182
52,21,138,152
52,22,29,131
52,23,178,98
52,23,183,108
52,28,223,106
52,32,193,141
52,34,58,211
52,33,70,211
52,40,69,149
52,38,147,122
52,38,182,196
52,39,194,194
52,42,151,211
52,42,160,211
52,46,115,197
52,47,122,206
52,46,125,197
52,50,115,214
52,50,178,201
52,24,38,111
52,14,227,69
52,11,41,73
52,17,67,115
52,20,85,65
52,18,199,78
52,28,136,89
52,28,164,135
52,4,50,54
52,39,128,207
52,39,182,101
52,42,109,138
52,18,128,61
52,22,177,58
52,13,208,64
52,19,74,81
52,28,86,144
52,10,176,33
52,12,151,38
52,23,218,50
52,29,97,143
52,29,106,180
52,34,29,143
52,39,219,99
52,49,162,169
52,47,166,139
52,50,140,204
52,57,104,190
52,7,80,56
52,8,100,45
52,7,227,47
52,11,219,30
52,13,121,88
52,13,132,87
52,13,170,111
52,13,170,119
52,13,179,120
52,13,199,32
52,15,96,67
52,15,104,68
52,15,158,77
52,15,161,87
52,15,169,74
52,15,172,84
52,17,46,88
52,17,91,103
52,17,93,113
52,17,98,104
52,17,104,113
52,17,109,103
52,19,39,140
52,18,48,135
52,18,50,142
52,19,38,147
52,19,40,133
52,19,47,148
52,21,80,91
52,21,127,156
52,23,120,113
52,23,188,116
52,23,196,61
52,25,56,97
52,25,64,98
52,25,114,82
52,25,139,116
52,25,145,124
52,25,149,114
52,26,53,153
52,26,61,144
52,27,62,155
52,27,68,149
52,27,80,107
52,27,88,93
52,27,172,126
52,27,178,135
52,29,116,175
52,29,116,183
52,31,195,162
52,33,57,176
52,33,68,173
52,33,91,112
52,33,136,149
52,33,143,139
52,33,211,121
52,33,213,132
52,33,222,120
52,33,223,132
52,34,95,120
52,35,79,140
52,37,121,119
52,37,131,117
52,35,30,189
52,40,43,198
52,39,188,149
52,41,46,166
52,41,57,162
52,41,54,170
52,41,74,202
52,41,84,203
52,41,105,235
52,41,141,170
52,41,151,171
52,42,205,116
52,41,211,110
52,43,76,168
52,43,132,229
52,43,139,227
52,45,157,180
52,46,168,181
52,45,32,183
52,49,85,222
52,49,96,219
52,49,91,228
52,49,134,195
52,49,143,194
52,49,212,184
52,51,190,147
52,8,118,43
52,26,116,93
52,34,226,83
52,54,216,195
52,11,31,114
52,25,29,166
52,29,174,79
52,41,57,132
52,45,242,202
52,55,229,153
52,25,182,70
52,50,59,199
52,57,124,230
52,17,92,162
52,28,110,105
52,30,196,78
52,32,108,136
52,45,216,163
52,53,123,174
52,6,96,79
52,6,102,75
52,6,101,84
52,6,109,75
52,6,108,82
52,3,114,28
52,6,125,32
52,6,129,38
52,8,24,148
52,8,30,142
52,8,30,150
52,8,89,45
52,8,91,53
52,10,141,150
52,12,125,79
52,12,173,45
52,16,33,82
52,16,82,158
52,16,80,167
52,16,86,73
52,16,88,154
52,16,87,170
52,16,93,81
52,16,96,156
52,16,96,168
52,16,102,95
52,16,107,54
52,16,111,60
52,16,113,67
52,16,114,51
52,16,126,49
52,16,130,44
52,16,135,50
52,16,137,43
52,16,142,48
52,16,142,56
52,16,149,55
52,16,158,54
52,16,248,34
52,20,5,191
52,20,12,186
52,20,12,195
52,20,20,186
52,20,19,193
52,20,157,64
52,20,163,59
52,20,163,67
52,23,246,124
52,24,125,81
52,24,131,109
52,24,130,117
52,24,165,96
52,24,207,55
52,24,208,102
52,24,208,64
52,24,209,109
52,24,210,96
52,24,217,95
52,24,229,91
52,28,99,93
52,28,104,99
52,28,172,72
52,32,40,147
52,32,53,122
52,32,55,131
52,32,59,118
52,32,61,124
52,32,61,131
52,32,67,117
52,32,67,123
52,32,67,130
52,32,73,122
52,32,73,130
52,32,81,128
52,32,110,111
52,32,112,118
52,32,108,147
52,32,118,144
52,32,117,134
52,32,135,101
52,32,137,76
52,32,142,100
52,32,147,155
52,32,164,85
52,32,166,93
52,32,172,90
52,32,178,90
52,32,224,73
52,32,231,72
52,33,53,146
52,35,232,143
52,36,141,109
52,36,150,109
52,36,216,82
52,38,167,115
52,40,175,171
52,40,35,164
52,41,37,173
52,40,36,207
52,41,40,127
52,40,47,124
52,40,55,124
52,40,67,196
52,40,87,152
52,40,110,163
52,40,111,171
52,40,116,161
52,40,116,169
52,40,122,160
52,40,122,166
52,40,122,172
52,40,129,164
52,40,138,162
52,40,145,159
52,40,152,162
52,40,170,164
52,40,177,157
52,40,183,162
52,42,39,134
52,41,90,160
52,41,95,153
52,42,60,250
52,42,68,249
52,44,76,157
52,44,86,165
52,45,86,175
52,44,208,156
52,44,214,153
52,44,220,156
52,48,187,127
52,48,43,175
52,48,44,182
52,48,43,190
52,48,51,181
52,48,50,189
52,49,66,172
52,48,94,154
52,48,95,160
52,48,99,166
52,48,100,150
52,48,103,155
52,48,107,163
52,48,127,148
52,48,129,155
52,48,134,145
52,48,135,161
52,48,138,153
52,48,183,187
52,48,187,135
52,48,194,192
52,48,193,202
52,48,197,135
52,48,195,124
52,48,205,168
52,48,208,174
52,48,215,171
52,49,61,180
52,49,70,180
52,51,212,136
52,52,112,171
52,52,115,177
52,52,119,169
52,52,165,201
52,52,221,135
52,56,74,204
52,54,128,180
52,56,155,174
52,60,151,196
52,56,173,167
52,56,180,164
52,56,222,158
52,60,203,180
52,56,230,161
52,56,249,209
52,57,179,171
52,57,186,170
52,60,207,219
52,57,229,168
52,9,27,80
52,19,179,29
52,40,204,47
52,57,86,199
52,8,69,132
52,31,250,156
52,40,214,45
52,42,190,54
52,42,201,55
52,49,28,143
52,49,29,150
52,50,30,119
52,50,50,141
52,56,101,250
52,3,99,26
52,20,230,39
52,19,236,42
52,35,27,242
52,35,26,248
52,39,198,32
52,39,204,32
52,39,202,38
52,39,210,37
52,39,216,38
52,39,222,41
52,43,195,62
52,48,27,158
52,48,26,166
52,49,28,134
52,49,29,127
52,49,31,112
52,49,33,155
52,49,31,165
52,49,33,133
52,49,34,139
52,49,36,146
52,49,39,133
52,49,42,140
52,49,83,130
52,49,89,127
52,49,89,132
52,51,57,144
52,51,57,150
52,52,215,103
52,52,221,108
52,52,222,98
52,51,243,138
52,59,57,232
52,60,84,224
52,53,222,83
52,43,30,102
52,3,40,94
52,3,42,101
52,4,46,90
52,4,48,98
52,4,52,90
52,4,54,96
52,4,171,56
52,4,174,63
52,4,176,53
52,4,179,62
52,4,184,54
52,4,185,61
52,23,239,90
52,26,38,30
52,26,44,30
52,26,50,30
52,26,62,30
52,26,68,30
52,27,78,31
52,28,78,35
52,27,84,30
52,40,154,56
52,39,159,55
52,40,165,55
52,40,160,59
52,40,166,58
52,42,172,52
52,42,173,56
52,42,178,53
52,42,179,59
52,42,183,62
52,41,238,141
52,43,36,99
52,48,163,107
52,47,245,172
52,48,36,38
52,48,36,44
52,48,38,32
52,51,29,247
52,50,80,114
52,50,86,114
52,52,78,142
52,52,192,80
52,52,196,79
52,52,223,250
52,52,225,76
52,53,227,250
52,57,116,197
52,59,158,248
53,38,71,212
53,28,217,105
53,23,175,100
53,35,209,159
53,20,82,72
53,14,210,68
53,17,43,87
53,17,88,169
53,17,96,162
53,18,97,109
53,18,108,109
53,22,45,190
53,22,54,189
53,23,132,156
53,22,143,149
53,23,143,160
53,31,135,96
53,30,140,88
53,31,147,77
53,40,146,122
53,42,160,218
53,45,196,184
53,47,170,175
53,50,33,214
53,50,116,213
53,50,139,202
53,53,42,206
53,23,34,141
53,15,113,58
53,47,124,202
53,22,76,91
53,50,180,201
53,7,51,61
53,19,133,59
53,26,183,128
53,30,96,146
53,31,83,141
53,43,65,153
53,44,106,141
53,46,79,177
53,10,152,36
53,13,227,70
53,19,30,104
53,15,30,90
53,21,216,53
53,22,47,152
53,27,116,88
53,30,165,139
53,38,128,120
53,38,186,107
53,45,43,226
53,6,178,64
53,9,27,153
53,11,169,32
53,11,179,31
53,14,116,86
53,15,117,95
53,14,124,83
53,14,124,90
53,14,126,98
53,13,131,84
53,13,131,91
53,13,167,45
53,13,176,45
53,15,173,119
53,15,183,115
53,15,199,35
53,17,93,83
53,18,134,102
53,18,137,110
53,18,144,111
53,20,63,121
53,19,73,118
53,19,139,95
53,19,140,102
53,19,148,96
53,19,150,106
53,20,196,83
53,21,49,143
53,21,177,56
53,25,177,70
53,25,185,71
53,25,191,120
53,25,133,119
53,26,142,115
53,26,140,126
53,27,149,117
53,27,29,170
53,27,55,101
53,27,58,110
53,27,63,102
53,27,148,126
53,29,86,152
53,29,89,99
53,29,104,95
53,29,106,106
53,29,113,100
53,29,165,130
53,29,176,138
53,30,176,81
53,31,104,187
53,31,112,181
53,31,114,191
53,31,119,184
53,31,190,78
53,31,197,80
53,33,60,128
53,33,71,129
53,33,104,147
53,33,109,119
53,33,113,143
53,34,134,155
53,33,140,159
53,33,144,147
53,33,147,155
53,33,197,169
53,33,206,125
53,33,208,133
53,33,213,121
53,33,215,128
53,33,216,136
53,33,222,125
53,33,223,135
53,33,227,80
53,34,135,135
53,34,134,146
53,37,217,91
53,39,183,194
53,39,190,193
53,38,31,196
53,39,44,194
53,40,43,204
53,39,73,145
53,39,78,152
53,39,123,128
53,39,124,212
53,39,134,213
53,39,135,204
53,39,184,203
53,39,191,203
53,39,198,197
53,39,213,100
53,41,37,172
53,41,42,134
53,41,44,163
53,41,46,173
53,41,55,131
53,41,50,160
53,42,56,164
53,41,54,174
53,41,87,193
53,41,91,202
53,41,139,170
53,41,149,164
53,41,146,175
53,41,154,173
53,41,168,110
53,41,172,164
53,41,176,99
53,41,176,110
53,41,178,173
53,41,183,163
53,45,188,176
53,46,216,158
53,47,157,183
53,47,161,173
53,47,167,185
53,48,176,229
53,47,187,227
53,49,65,183
53,49,95,163
53,49,104,164
53,49,133,156
53,49,166,146
53,49,191,194
53,48,194,204
53,50,210,186
53,50,209,175
53,50,217,184
53,51,86,226
53,51,93,223
53,51,99,223
53,51,148,204
53,58,81,204
53,59,216,173
53,41,119,172
53,45,69,162
53,22,17,197
53,30,220,52
53,36,65,179
53,55,214,195
53,18,157,61
53,43,211,112
53,11,35,72
53,13,223,29
53,36,189,138
53,43,107,244
53,50,86,135
53,51,54,195
53,57,169,231
53,59,108,195
53,59,152,192
53,58,176,170
53,57,247,212
53,5,94,89
53,4,105,30
53,5,100,87
53,5,106,87
53,7,226,47
53,8,79,56
53,8,82,64
53,8,92,48
53,8,91,56
53,8,98,46
53,8,98,56
53,8,104,53
53,8,117,39
53,9,124,36
53,8,129,38
53,8,127,45
53,8,226,54
53,12,26,113
53,12,26,122
53,12,33,111
53,13,34,119
53,12,198,62
53,12,197,71
53,12,212,26
53,12,213,33
53,12,215,39
53,13,223,38
53,16,158,83
53,16,164,86
53,16,68,79
53,16,97,63
53,16,103,75
53,16,109,77
53,16,153,81
53,16,153,90
53,16,157,51
53,16,159,94
53,16,163,78
53,16,167,94
53,16,172,79
53,16,172,87
53,20,213,43
53,22,166,68
53,24,118,122
53,24,117,113
53,24,125,111
53,24,188,59
53,24,193,66
53,24,194,56
53,24,198,62
53,24,199,69
53,24,201,56
53,24,205,62
53,24,211,65
53,24,217,65
53,25,224,63
53,24,229,89
53,24,229,97
53,24,238,127
53,24,246,126
53,28,33,116
53,28,39,113
53,28,38,121
53,28,47,112
53,29,47,120
53,28,70,107
53,28,74,113
53,28,77,104
53,28,78,119
53,28,82,110
53,28,85,117
53,31,190,151
53,32,162,89
53,32,162,96
53,32,168,90
53,32,170,99
53,32,175,91
53,35,36,152
53,34,39,160
53,36,88,118
53,35,196,132
53,36,24,144
53,36,27,151
53,36,30,143
53,36,48,152
53,30,59,155
53,36,86,126
53,36,92,128
53,36,95,118
53,36,99,128
53,36,231,142
53,36,232,150
53,40,98,152
53,40,105,155
53,40,111,164
53,40,118,161
53,40,126,162
53,40,185,147
53,40,185,154
53,40,194,146
53,40,195,153
53,40,193,160
53,40,220,107
53,42,84,158
53,42,89,164
53,42,92,157
53,44,28,187
53,44,99,132
53,44,106,129
53,44,117,153
53,45,120,147
53,44,136,233
53,44,143,231
53,44,203,113
53,44,203,121
53,44,209,122
53,44,216,120
53,44,229,106
53,45,228,113
53,44,230,145
53,45,239,200
53,46,242,205
53,48,35,183
53,49,40,179
53,48,40,187
53,48,42,193
53,48,58,222
53,48,58,230
53,48,172,134
53,48,183,131
53,48,185,138
53,48,191,127
53,48,194,134
53,48,194,142
53,49,48,187
53,49,96,153
53,50,29,148
53,50,28,161
53,49,34,144
53,50,35,153
53,50,34,161
53,50,41,146
53,51,43,156
53,52,62,203
53,51,62,194
53,52,54,203
53,52,90,193
53,52,111,173
53,52,153,166
53,52,160,165
53,53,168,200
53,52,185,147
53,52,187,156
53,52,192,147
53,52,193,156
53,52,207,138
53,52,208,144
53,52,214,135
53,52,214,143
53,52,226,138
53,52,220,144
53,53,115,179
53,53,170,207
53,55,157,222
53,57,121,187
53,56,126,178
53,56,128,186
53,56,165,219
53,56,216,203
53,58,124,234
53,20,230,45
53,7,191,27
53,9,68,137
53,20,173,30
53,20,180,29
53,20,238,45
53,35,59,74
53,44,208,56
53,43,220,51
53,47,238,175
53,47,245,172
53,47,244,178
53,50,29,119
53,49,30,136
53,51,51,149
53,51,52,155
53,52,78,143
53,52,239,140
53,53,220,107
53,60,202,217
53,36,26,249
53,10,251,119
53,28,84,33
53,40,213,43
53,44,197,57
53,51,30,250
53,4,33,99
53,4,36,92
53,4,38,98
53,4,40,104
53,4,42,90
53,4,44,95
53,4,47,101
53,5,49,93
53,6,111,22
53,3,134,61
53,4,218,5
53,10,140,153
53,17,248,36
53,24,46,30
53,28,108,51
53,28,114,51
53,28,120,50
53,28,46,37
53,28,54,31
53,28,62,31
53,28,66,31
53,29,69,37
53,28,71,32
53,29,75,36
53,28,102,51
53,31,251,157
53,40,203,38
53,40,198,32
53,40,206,43
53,42,165,61
53,42,170,54
53,42,170,60
53,43,28,98
53,44,28,105
53,43,32,96
53,44,31,102
53,44,190,54
53,44,190,69
53,44,197,65
53,46,192,74
53,46,197,72
53,53,221,98
53,54,220,83
53,54,226,80
53,54,225,83
53,60,54,235
53,59,67,229
53,58,98,250
53,58,102,250
54,36,199,166
54,36,211,166
54,36,67,222
54,20,31,110
54,23,174,103
54,52,36,216
54,28,217,108
54,11,59,68
54,14,208,72
54,18,85,173
54,18,92,110
54,18,94,164
54,18,96,174
54,18,104,109
54,18,99,120
54,18,112,66
54,23,37,151
54,22,48,194
54,22,48,154
54,22,77,77
54,20,91,75
54,31,162,141
54,30,172,134
54,30,174,144
54,34,139,159
54,41,46,170
54,42,161,223
54,50,132,209
54,51,178,205
54,14,227,73
54,30,88,153
54,31,133,101
54,29,139,93
54,25,217,56
54,34,108,151
54,42,65,160
54,43,102,149
54,49,97,172
54,16,42,89
54,22,128,72
54,31,146,83
54,42,144,133
54,42,172,111
54,31,103,193
54,47,185,177
54,10,151,40
54,25,28,140
54,36,61,133
54,44,150,180
54,50,165,151
54,5,109,32
54,13,118,56
54,13,166,41
54,13,176,42
54,19,143,62
54,25,174,70
54,28,82,103
54,30,176,86
54,29,107,97
54,48,65,187
54,47,80,184
54,46,195,177
54,50,83,140
54,50,201,184
54,6,97,94
54,7,106,94
54,7,175,66
54,11,26,160
54,11,93,57
54,11,122,47
54,14,30,125
54,13,112,93
54,14,116,102
54,13,119,89
54,14,123,99
54,13,127,89
54,13,129,98
54,13,195,73
54,13,211,36
54,13,222,35
54,15,171,53
54,16,181,124
54,17,103,77
54,17,153,60
54,17,217,74
54,19,80,87
54,19,90,90
54,19,133,60
54,21,42,102
54,21,60,130
54,20,71,127
54,20,141,117
54,21,144,105
54,21,147,113
54,22,191,89
54,21,198,82
54,21,200,91
54,23,130,158
54,23,133,168
54,23,142,155
54,23,145,165
54,25,186,123
54,25,186,132
54,25,191,69
54,25,197,75
54,25,195,63
54,25,206,66
54,27,119,97
54,27,134,130
54,27,135,122
54,27,143,131
54,27,146,123
54,27,183,77
54,29,32,124
54,30,43,124
54,29,56,165
54,29,65,162
54,29,77,119
54,31,106,109
54,31,113,193
54,33,107,125
54,33,226,78
54,35,205,131
54,34,212,137
54,34,213,125
54,34,219,134
54,34,228,88
54,35,128,145
54,34,138,142
54,37,92,133
54,38,228,152
54,39,186,112
54,39,187,202
54,38,33,206
54,40,46,205
54,39,121,217
54,39,128,210
54,39,128,220
54,39,136,210
54,39,135,218
54,39,181,205
54,39,187,211
54,39,194,199
54,39,196,209
54,41,41,136
54,41,50,137
54,42,87,199
54,41,92,206
54,42,96,198
54,41,111,173
54,41,121,168
54,41,120,177
54,41,168,169
54,41,174,177
54,41,179,168
54,41,183,154
54,41,186,164
54,41,191,153
54,41,193,163
54,42,138,170
54,42,147,169
54,43,137,178
54,45,61,222
54,45,67,214
54,45,69,221
54,45,108,138
54,46,116,154
54,45,117,162
54,47,192,187
54,46,219,159
54,49,194,198
54,49,195,208
54,50,126,157
54,50,131,167
54,51,135,158
54,51,145,207
54,51,209,178
54,51,208,189
54,51,216,188
54,53,189,159
54,53,216,147
54,59,95,206
54,9,226,57
54,23,17,202
54,45,227,113
54,51,115,216
54,8,97,31
54,10,78,68
54,36,192,146
54,41,214,109
54,49,194,148
54,60,217,220
54,6,42,103
54,44,28,192
54,47,32,142
54,8,224,50
54,38,221,96
54,39,214,97
54,49,38,190
54,51,34,163
54,4,37,63
54,6,88,37
54,6,89,44
54,6,95,43
54,7,108,27
54,7,114,25
54,8,186,30
54,8,193,29
54,12,28,74
54,12,30,80
54,12,28,89
54,12,36,74
54,12,169,33
54,12,177,31
54,12,183,36
54,16,67,89
54,16,149,84
54,16,150,91
54,16,153,97
54,16,155,81
54,16,156,88
54,16,160,94
54,16,160,101
54,16,161,80
54,16,162,87
54,16,169,82
54,16,169,90
54,16,191,37
54,16,193,45
54,16,199,33
54,16,203,40
54,16,203,47
54,20,134,103
54,23,181,57
54,23,162,73
54,24,65,101
54,24,72,93
54,24,69,107
54,24,71,100
54,24,110,128
54,24,112,121
54,24,116,114
54,24,117,129
54,24,123,119
54,24,124,127
54,24,215,71
54,24,229,92
54,24,229,101
54,24,238,131
54,24,247,131
54,28,27,175
54,28,48,107
54,29,49,115
54,28,54,104
54,28,56,111
54,28,56,118
54,28,62,106
54,28,62,115
54,28,68,113
54,29,30,179
54,31,94,105
54,32,146,73
54,32,161,99
54,32,167,98
54,32,181,160
54,32,188,155
54,32,187,163
54,32,189,89
54,32,194,81
54,32,198,89
54,32,228,117
54,33,174,99
54,34,75,144
54,36,31,156
54,36,54,186
54,36,55,192
54,36,59,182
54,36,60,191
54,36,65,179
54,36,66,186
54,36,66,193
54,36,73,182
54,36,73,189
54,36,86,123
54,36,189,138
54,36,198,138
54,40,74,151
54,40,78,158
54,40,116,130
54,40,118,139
54,40,122,127
54,40,126,137
54,40,130,127
54,40,142,122
54,40,161,122
54,40,169,126
54,40,205,102
54,43,96,248
54,44,193,59
54,44,202,58
54,44,200,67
54,44,203,119
54,45,205,127
54,44,210,65
54,45,214,120
54,45,213,129
54,45,139,245
54,48,121,203
54,47,242,210
54,48,43,228
54,48,49,224
54,48,50,232
54,48,57,228
54,48,115,205
54,48,152,192
54,48,160,192
54,48,158,141
54,48,161,175
54,48,163,181
54,48,166,189
54,48,166,138
54,48,169,175
54,48,172,182
54,48,173,140
54,48,175,236
54,48,177,243
54,48,179,230
54,48,182,236
54,48,184,244
54,48,186,137
54,48,188,231
54,48,189,239
54,48,193,133
54,48,192,140
54,48,198,139
54,49,43,199
54,50,32,154
54,50,29,173
54,52,86,228
54,52,92,228
54,52,107,224
54,52,51,204
54,52,52,212
54,52,58,204
54,52,60,212
54,52,88,200
54,52,98,228
54,52,116,225
54,52,168,161
54,52,231,144
54,53,157,173
54,56,120,188
54,56,127,184
54,57,127,192
54,56,156,227
54,56,162,224
54,56,162,231
54,56,168,229
54,56,211,203
54,56,218,198
54,60,217,179
54,57,248,218
54,57,169,172
54,58,178,173
54,42,35,229
54,44,34,100
54,11,136,157
54,32,85,55
54,46,30,111
54,6,127,31
54,11,68,143
54,15,180,68
54,21,230,49
54,31,71,43
54,31,77,44
54,31,83,43
54,31,89,45
54,31,96,51
54,31,96,58
54,31,102,54
54,31,103,60
54,31,110,56
54,31,117,54
54,32,250,161
54,35,17,150
54,43,164,62
54,43,171,58
54,43,171,66
54,43,177,58
54,43,178,67
54,43,186,56
54,43,186,65
54,43,214,55
54,48,239,176
54,48,242,181
54,48,245,176
54,54,220,114
54,55,171,248
54,58,118,237
54,58,123,242
54,60,148,201
54,60,156,193
54,56,225,173
54,11,251,121
54,30,59,32
54,30,62,38
54,60,193,218
54,2,66,42
54,3,126,65
54,4,131,72
54,4,132,61
54,4,138,68
54,4,139,62
54,15,5,106
54,16,72,180
54,16,70,184
54,24,46,30
54,30,38,38
54,30,44,30
54,30,44,36
54,30,47,40
54,30,50,30
54,30,50,40
54,30,53,39
54,30,62,44
54,30,69,33
54,30,78,32
54,30,86,32
54,32,118,48
54,32,118,40
54,44,224,56
54,44,47,100
54,44,224,60
54,49,29,120
54,48,38,38
54,48,70,112
54,48,76,113
54,52,28,127
54,54,218,106
54,54,220,96
54,54,222,82
54,54,226,85
54,54,226,94
54,54,227,82
55,26,216,57
55,23,175,103
55,36,64,223
55,53,33,219
55,13,58,72
55,36,205,167
55,45,104,149
55,49,92,170
55,14,120,57
55,14,204,71
55,11,224,59
55,15,221,74
55,18,82,172
55,18,93,167
55,19,92,177
55,21,79,79
55,31,86,153
55,31,166,141
55,30,175,141
55,33,183,139
55,42,91,200
55,42,173,118
55,41,183,110
55,44,158,223
55,51,132,212
55,50,139,203
55,42,65,159
55,28,218,108
55,20,28,111
55,23,42,153
55,22,63,130
55,26,145,121
55,32,133,102
55,34,104,150
55,37,60,136
55,51,80,140
55,50,188,203
55,51,206,187
55,18,152,56
55,23,37,105
55,51,162,154
55,48,34,193
55,20,101,119
55,23,196,93
55,29,178,79
55,14,176,41
55,21,89,121
55,24,30,138
55,30,60,170
55,31,109,104
55,31,100,195
55,42,115,173
55,43,141,133
55,12,25,164
55,13,28,82
55,4,54,57
55,13,112,90
55,13,112,98
55,13,118,88
55,13,118,95
55,13,125,89
55,13,126,97
55,13,192,67
55,14,192,76
55,13,214,31
55,14,119,102
55,14,214,39
55,14,219,33
55,15,225,42
55,15,226,30
55,16,178,129
55,19,92,111
55,19,96,74
55,19,100,82
55,19,101,108
55,21,109,67
55,22,112,74
55,21,130,68
55,21,136,115
55,21,139,62
55,21,136,103
55,22,144,107
55,22,194,84
55,23,42,193
55,23,50,199
55,23,53,190
55,24,129,163
55,24,141,161
55,25,71,102
55,24,119,125
55,26,186,127
55,25,215,71
55,27,195,75
55,27,197,66
55,27,207,106
55,29,53,109
55,29,57,161
55,30,67,161
55,29,119,102
55,29,142,133
55,30,147,91
55,30,55,116
55,31,69,117
55,31,77,122
55,31,81,106
55,33,130,138
55,33,137,81
55,33,148,77
55,33,194,85
55,33,220,77
55,33,227,75
55,35,120,150
55,34,123,147
55,34,134,146
55,35,138,160
55,35,148,156
55,34,205,136
55,34,226,86
55,36,70,148
55,35,148,165
55,35,205,127
55,35,215,125
55,35,215,135
55,37,68,189
55,37,84,127
55,38,87,134
55,38,95,133
55,40,125,217
55,39,136,214
55,39,207,148
55,42,44,136
55,41,116,134
55,41,125,134
55,41,167,169
55,41,173,175
55,41,175,163
55,41,181,169
55,41,184,151
55,41,189,162
55,41,193,152
55,43,35,180
55,41,47,164
55,44,47,174
55,43,135,174
55,43,140,166
55,43,142,178
55,43,149,173
55,45,59,221
55,45,201,121
55,45,208,118
55,45,227,113
55,46,31,139
55,46,66,219
55,46,193,176
55,46,212,126
55,47,73,190
55,47,76,181
55,47,221,157
55,49,189,142
55,51,107,225
55,50,115,220
55,51,61,191
55,51,107,217
55,50,125,164
55,51,131,164
55,53,166,209
55,53,212,149
55,8,122,37
55,14,96,60
55,13,148,40
55,29,28,133
55,38,228,147
55,39,227,157
55,41,33,228
55,40,215,105
55,55,56,214
55,57,158,226
55,59,226,170
55,6,37,103
55,4,101,30
55,7,45,104
55,31,37,126
55,35,106,125
55,59,110,200
55,33,170,92
55,60,215,220
55,7,159,37
55,21,155,67
55,31,98,113
55,40,187,201
55,45,200,66
55,8,85,42
55,8,94,38
55,8,92,47
55,8,93,92
55,8,101,99
55,8,103,90
55,8,108,35
55,8,116,31
55,8,164,63
55,8,170,59
55,8,170,69
55,8,177,64
55,9,191,28
55,9,192,34
55,12,78,63
55,12,79,73
55,14,26,121
55,15,29,130
55,15,33,122
55,16,44,88
55,16,45,97
55,16,148,83
55,16,147,90
55,16,150,98
55,16,154,81
55,16,154,88
55,16,157,45
55,16,156,94
55,16,156,101
55,16,160,81
55,16,160,88
55,16,163,94
55,16,162,100
55,16,164,53
55,16,167,84
55,16,168,91
55,16,170,59
55,16,171,53
55,16,177,60
55,16,180,53
55,16,186,120
55,16,191,36
55,16,193,43
55,16,197,33
55,16,202,40
55,16,202,45
55,16,204,34
55,20,80,91
55,20,86,92
55,20,92,90
55,23,10,202
55,22,18,197
55,23,18,204
55,23,25,199
55,24,113,118
55,24,122,75
55,24,131,78
55,24,162,74
55,24,177,59
55,24,184,59
55,24,232,96
55,24,239,130
55,24,247,129
55,28,28,174
55,29,29,179
55,32,91,107
55,32,99,104
55,32,140,71
55,32,166,84
55,32,227,118
55,32,228,101
55,32,230,109
55,33,184,164
55,34,159,94
55,34,159,102
55,34,165,100
55,34,172,100
55,36,28,158
55,36,31,166
55,36,37,165
55,36,54,184
55,36,55,191
55,36,61,181
55,36,191,131
55,36,196,137
55,38,30,206
55,40,36,213
55,40,38,200
55,40,41,206
55,40,43,215
55,40,44,227
55,40,46,199
55,40,47,205
55,40,49,213
55,40,53,205
55,40,131,123
55,40,137,120
55,40,145,120
55,40,158,121
55,40,179,201
55,40,179,208
55,40,185,212
55,40,191,211
55,40,195,201
55,40,197,209
55,40,201,106
55,40,209,102
55,44,45,184
55,44,92,248
55,44,100,247
55,44,176,99
55,44,202,55
55,48,48,223
55,48,48,230
55,48,73,127
55,48,81,126
55,48,112,207
55,48,114,200
55,48,119,208
55,48,122,198
55,48,129,196
55,48,135,248
55,48,152,186
55,48,156,177
55,48,158,182
55,48,159,190
55,48,164,173
55,48,164,179
55,48,167,186
55,48,172,178
55,48,178,232
55,48,180,241
55,48,185,229
55,48,188,237
55,48,244,210
55,52,84,229
55,52,92,228
55,54,109,184
55,54,184,159
55,54,192,160
55,57,169,247
55,56,210,204
55,56,219,200
55,59,76,214
55,58,247,219
55,32,250,161
55,46,31,106
55,4,128,63
55,11,133,157
55,11,251,120
55,31,55,36
55,31,56,43
55,31,62,37
55,31,63,45
55,31,70,41
55,31,79,42
55,32,13,146
55,32,88,52
55,32,96,57
55,43,216,50
55,43,225,51
55,44,177,63
55,45,29,98
55,45,35,98
55,45,44,97
55,47,235,207
55,48,238,179
55,48,244,178
55,52,29,167
55,52,29,173
55,52,30,158
55,53,84,203
55,53,89,201
55,53,89,206
55,53,230,142
55,53,238,143
55,54,218,112
55,54,223,118
55,58,121,243
55,11,68,147
55,44,166,63
55,31,48,45
55,32,103,60
55,61,148,199
55,59,175,176
55,6,54,48
55,6,60,44
55,6,60,50
55,6,66,46
55,6,121,65
55,3,149,92
55,3,157,91
55,23,29,71
55,30,40,45
55,31,46,37
55,31,46,30
55,31,110,59
55,31,116,58
55,32,70,54
55,32,78,53
55,43,151,69
55,43,151,73
55,43,158,63
55,43,156,68
55,43,165,56
55,44,54,97
55,44,144,87
55,46,47,103
55,46,54,104
55,46,185,73
55,46,226,76
55,46,227,81
55,46,226,64
55,48,38,32
55,48,38,38
55,48,44,30
55,48,44,36
55,48,52,32
55,48,54,38
55,48,62,32
55,48,72,110
55,48,78,110
55,48,231,177
55,52,37,154
55,52,43,152
55,53,48,154
55,54,217,105
55,54,218,97
55,54,223,92
55,54,222,97
55,54,227,91
55,54,227,95
55,57,8,246
56,21,182,130
56,20,88,175
56,25,216,64
56,23,174,103
56,15,199,76
56,22,142,111
56,31,169,141
56,35,200,171
56,36,64,225
56,36,204,164
56,36,210,176
56,41,49,140
56,39,209,155
56,42,175,171
56,42,176,120
56,40,183,131
56,49,32,199
56,47,84,175
56,50,92,173
56,50,130,212
56,50,197,194
56,50,204,187
56,14,123,58
56,45,98,153
56,13,59,73
56,14,225,79
56,30,142,132
56,33,132,107
56,12,226,61
56,18,155,55
56,47,153,183
56,53,31,222
56,22,62,136
56,29,217,110
56,34,98,158
56,41,68,157
56,43,64,163
56,45,164,225
56,51,176,209
56,59,67,219
56,4,108,33
56,4,35,64
56,9,94,96
56,9,103,94
56,11,150,42
56,14,28,85
56,13,38,82
56,14,24,167
56,14,31,126
56,14,113,97
56,15,124,95
56,15,113,107
56,15,124,105
56,15,179,45
56,15,217,39
56,21,63,126
56,21,90,118
56,21,94,83
56,22,91,127
56,21,98,117
56,22,100,128
56,21,105,118
56,23,129,75
56,21,135,66
56,21,142,63
56,21,147,67
56,21,155,70
56,22,78,84
56,22,86,89
56,21,108,74
56,24,30,143
56,23,37,108
56,23,33,153
56,23,35,162
56,23,40,149
56,23,42,160
56,23,49,155
56,24,119,78
56,23,191,91
56,23,200,92
56,24,52,198
56,24,112,129
56,25,122,127
56,24,130,166
56,24,142,163
56,29,174,81
56,28,184,75
56,29,183,87
56,29,200,74
56,31,62,164
56,32,79,154
56,31,55,167
56,31,57,175
56,31,67,174
56,31,69,165
56,31,81,164
56,31,88,153
56,31,90,161
56,31,114,107
56,31,145,96
56,32,90,198
56,32,101,194
56,33,100,204
56,33,135,77
56,33,148,76
56,33,144,85
56,34,97,150
56,35,102,147
56,35,108,158
56,35,112,149
56,35,123,146
56,35,133,146
56,35,140,161
56,35,150,159
56,37,62,151
56,38,61,191
56,38,69,188
56,38,228,154
56,39,66,198
56,39,77,195
56,39,89,140
56,39,128,217
56,39,139,214
56,41,38,212
56,41,45,201
56,41,49,211
56,41,130,130
56,42,132,138
56,41,140,130
56,41,159,125
56,41,191,158
56,40,183,207
56,41,194,205
56,41,203,111
56,41,214,110
56,41,211,118
56,42,110,175
56,43,109,183
56,43,116,141
56,43,119,174
56,43,117,182
56,43,123,136
56,43,136,176
56,43,142,183
56,43,143,171
56,43,150,177
56,43,52,169
56,45,91,202
56,46,93,210
56,46,99,203
56,46,143,144
56,45,155,227
56,45,195,70
56,45,211,64
56,45,206,75
56,46,223,119
56,45,229,116
56,46,59,225
56,46,67,225
56,47,108,143
56,47,192,178
56,47,206,127
56,47,217,166
56,47,226,163
56,49,184,199
56,49,185,209
56,49,192,200
56,49,192,209
56,50,163,152
56,51,107,219
56,51,110,227
56,51,114,220
56,53,163,216
56,53,167,212
56,59,205,217
56,57,221,208
56,5,47,101
56,18,27,109
56,30,29,181
56,9,126,35
56,42,38,227
56,45,101,248
56,51,123,166
56,10,118,42
56,50,188,152
56,55,186,163
56,59,107,202
56,25,163,77
56,30,27,139
56,33,108,119
56,33,172,94
56,35,163,106
56,35,170,101
56,35,195,91
56,44,41,170
56,44,161,68
56,50,186,144
56,55,210,152
56,57,159,230
56,59,224,174
56,8,162,37
56,8,162,45
56,8,162,63
56,8,163,71
56,8,170,62
56,8,172,71
56,10,91,45
56,10,98,40
56,10,97,47
56,10,190,32
56,10,194,36
56,11,131,159
56,12,67,65
56,12,74,62
56,12,74,69
56,12,75,76
56,12,81,65
56,12,82,73
56,14,71,151
56,16,37,94
56,16,40,101
56,16,45,92
56,16,48,101
56,16,47,82
56,16,54,86
56,16,63,86
56,16,91,61
56,16,99,55
56,16,99,68
56,16,151,86
56,16,152,93
56,16,158,100
56,16,156,82
56,16,158,90
56,16,163,81
56,16,164,91
56,16,169,51
56,16,169,61
56,16,171,89
56,16,175,56
56,16,175,64
56,16,182,56
56,16,181,63
56,16,193,43
56,16,199,38
56,16,199,46
56,16,206,36
56,16,206,46
56,16,225,49
56,17,227,31
56,16,228,41
56,20,102,86
56,24,11,205
56,24,18,201
56,24,17,209
56,24,26,200
56,24,25,207
56,24,29,121
56,24,28,130
56,24,35,129
56,24,43,139
56,24,68,101
56,24,67,109
56,24,75,99
56,24,76,105
56,24,75,112
56,24,77,74
56,24,182,62
56,24,240,132
56,24,247,132
56,28,192,68
56,28,204,107
56,28,211,101
56,31,70,122
56,32,32,129
56,32,35,137
56,32,40,126
56,32,45,122
56,32,50,116
56,32,51,124
56,32,57,115
56,32,57,124
56,32,64,117
56,32,63,125
56,32,69,129
56,32,72,116
56,32,76,129
56,32,76,109
56,32,77,122
56,32,79,117
56,32,83,106
56,32,85,115
56,32,90,110
56,32,96,107
56,32,97,115
56,32,103,101
56,32,103,111
56,32,167,87
56,32,226,120
56,32,231,106
56,32,231,115
56,33,187,164
56,36,205,133
56,35,211,136
56,35,226,80
56,37,31,168
56,36,108,130
56,36,204,125
56,36,212,125
56,36,217,127
56,36,219,135
56,36,221,88
56,36,226,94
56,36,230,87
56,40,192,117
56,40,215,101
56,40,221,99
56,40,226,104
56,42,29,228
56,44,27,181
56,44,33,174
56,44,34,180
56,44,37,189
56,44,43,182
56,44,159,57
56,44,167,56
56,44,169,106
56,44,175,59
56,44,175,104
56,44,188,56
56,44,198,54
56,44,208,54
56,44,216,50
56,44,224,51
56,46,33,102
56,47,66,185
56,48,109,155
56,48,117,205
56,48,43,229
56,48,51,230
56,48,65,192
56,48,69,179
56,48,71,193
56,48,72,186
56,49,76,143
56,48,76,178
56,48,78,192
56,48,79,186
56,48,114,163
56,48,118,154
56,48,150,192
56,48,157,192
56,48,162,177
56,48,161,185
56,48,164,191
56,48,170,181
56,48,179,233
56,48,179,242
56,48,186,231
56,48,186,239
56,48,218,125
56,48,217,133
56,48,242,212
56,50,184,137
56,52,59,198
56,52,128,173
56,52,51,195
56,52,59,190
56,52,131,164
56,52,141,219
56,56,106,191
56,59,157,188
56,57,123,248
56,45,183,66
56,10,228,27
56,25,231,98
56,2,51,55
56,2,76,50
56,4,125,66
56,5,133,66
56,4,195,60
56,7,205,5
56,15,78,152
56,23,29,73
56,32,69,43
56,32,75,38
56,33,76,46
56,32,82,41
56,32,61,45
56,38,27,212
56,43,190,47
56,43,198,46
56,43,206,45
56,46,230,146
56,47,28,113
56,47,73,132
56,48,136,250
56,48,142,250
56,47,186,75
56,52,86,231
56,53,91,230
56,54,230,146
56,54,85,207
56,54,172,247
56,58,243,222
56,58,250,217
56,58,250,223
56,23,56,30
56,23,62,30
56,32,251,161
56,35,88,61
56,6,119,68
56,4,147,92
56,4,148,97
56,4,152,88
56,4,153,94
56,4,154,100
56,4,158,89
56,4,160,95
56,6,205,57
56,4,248,7
56,16,68,178
56,18,136,28
56,18,140,28
56,22,68,30
56,24,46,30
56,32,46,47
56,32,38,46
56,32,45,53
56,32,46,36
56,32,46,42
56,32,50,50
56,32,54,38
56,32,62,30
56,34,88,56
56,34,94,62
56,39,15,158
56,43,112,78
56,43,117,78
56,43,118,81
56,43,123,79
56,44,146,83
56,43,146,89
56,44,46,95
56,44,140,87
56,46,45,100
56,47,62,94
56,47,68,90
56,47,69,95
56,47,73,93
56,47,74,97
56,48,38,44
56,48,46,32
56,48,46,38
56,48,54,32
56,48,54,38
56,48,62,30
56,48,68,32
56,48,78,32
56,48,188,83
56,49,238,182
56,48,242,180
56,52,27,172
56,53,239,147
56,54,218,115
56,54,222,114
56,55,224,118
56,56,184,90
56,56,190,91
56,57,69,215
56,57,69,221
56,57,75,215
56,57,183,221
56,57,189,219
57,24,184,131
57,24,173,105
57,27,219,60
57,39,212,157
57,46,98,153
57,7,135,33
57,18,214,74
57,22,89,180
57,23,91,117
57,22,98,177
57,22,103,114
57,23,100,125
57,29,143,129
57,33,97,202
57,34,133,108
57,35,201,171
57,36,212,175
57,45,174,174
57,50,91,175
57,50,120,216
57,51,135,213
57,50,205,187
57,14,62,75
57,18,222,70
57,42,185,120
57,47,145,141
57,33,112,111
57,50,32,200
57,42,47,214
57,3,40,59
57,9,100,92
57,15,128,57
57,18,129,68
57,34,145,81
57,41,51,136
57,40,49,164
57,42,198,155
57,47,93,209
57,4,107,35
57,6,147,96
57,6,157,96
57,9,42,76
57,9,169,71
57,11,224,60
57,13,71,68
57,14,81,71
57,13,153,44
57,13,125,46
57,15,26,169
57,16,195,70
57,15,199,80
57,15,204,69
57,15,229,78
57,17,122,68
57,17,162,93
57,16,181,53
57,18,180,58
57,19,174,61
57,19,204,45
57,19,212,48
57,22,30,111
57,22,61,127
57,23,59,138
57,23,70,133
57,23,131,114
57,23,136,68
57,23,140,108
57,23,140,119
57,23,147,68
57,23,156,66
57,23,155,75
57,25,25,201
57,25,26,210
57,25,33,130
57,25,34,202
57,25,111,129
57,25,118,124
57,25,123,80
57,25,126,127
57,25,128,166
57,25,131,173
57,25,132,159
57,26,135,166
57,25,140,172
57,25,141,158
57,25,144,165
57,26,184,64
57,26,119,134
57,29,192,74
57,29,197,67
57,29,199,77
57,30,207,72
57,29,206,103
57,29,207,112
57,29,214,104
57,29,216,114
57,29,220,104
57,30,178,73
57,32,89,156
57,31,178,83
57,31,184,74
57,31,186,82
57,32,229,111
57,33,142,73
57,33,175,95
57,33,181,92
57,35,103,147
57,34,101,155
57,35,106,160
57,35,113,145
57,35,114,155
57,35,198,94
57,36,157,160
57,36,63,230
57,37,73,149
57,37,73,225
57,37,72,233
57,37,77,154
57,38,53,193
57,38,59,190
57,39,59,149
57,39,59,200
57,39,66,146
57,39,69,194
57,40,138,213
57,41,37,210
57,41,47,204
57,41,185,208
57,41,196,205
57,43,64,157
57,43,70,165
57,43,73,158
57,43,113,180
57,43,119,138
57,43,121,177
57,43,136,131
57,43,179,166
57,43,187,159
57,43,189,166
57,42,189,152
57,43,208,113
57,42,219,111
57,45,33,190
57,45,35,178
57,45,37,184
57,45,39,169
57,45,43,176
57,45,45,184
57,45,49,172
57,45,58,168
57,45,138,180
57,45,145,181
57,45,152,180
57,45,157,227
57,46,164,223
57,45,163,231
57,45,169,228
57,46,194,72
57,46,204,66
57,45,208,77
57,46,215,66
57,46,227,118
57,50,192,205
57,50,182,206
57,51,108,222
57,53,165,209
57,54,167,217
57,53,174,209
57,60,74,220
57,57,155,226
57,57,162,224
57,60,200,218
57,57,219,209
57,4,82,56
57,10,164,40
57,12,132,157
57,14,195,40
57,19,159,53
57,22,101,84
57,30,29,181
57,45,184,57
57,45,195,54
57,51,188,146
57,20,45,102
57,24,89,95
57,23,110,78
57,45,36,143
57,45,162,61
57,45,175,58
57,6,132,65
57,9,45,109
57,18,69,88
57,23,80,90
57,25,76,108
57,33,30,135
57,45,207,55
57,49,123,163
57,6,188,58
57,7,189,65
57,6,195,56
57,6,196,63
57,6,202,57
57,6,203,63
57,8,41,103
57,8,48,100
57,8,54,103
57,12,93,45
57,12,94,51
57,12,101,41
57,12,102,48
57,12,117,39
57,12,124,35
57,15,29,82
57,15,30,90
57,15,38,88
57,16,27,125
57,16,112,95
57,16,120,94
57,15,120,100
57,16,128,97
57,16,27,134
57,16,28,100
57,16,34,134
57,16,35,125
57,16,50,82
57,16,57,87
57,16,71,157
57,16,83,162
57,16,90,60
57,16,91,67
57,16,96,56
57,16,97,63
57,16,97,72
57,17,104,60
57,16,106,69
57,16,112,104
57,16,119,107
57,16,118,88
57,16,128,89
57,16,127,104
57,16,156,83
57,16,166,82
57,16,176,42
57,16,183,37
57,16,183,45
57,16,191,50
57,16,216,35
57,16,219,41
57,16,219,48
57,16,225,33
57,16,228,39
57,16,228,45
57,16,227,53
57,24,29,141
57,24,198,85
57,24,28,147
57,24,31,153
57,24,32,159
57,24,35,147
57,24,36,141
57,24,38,153
57,24,39,160
57,24,37,165
57,24,41,113
57,24,41,147
57,24,42,140
57,24,44,153
57,24,44,160
57,24,44,166
57,24,45,133
57,24,48,146
57,24,49,138
57,24,51,152
57,24,52,158
57,24,51,164
57,24,50,199
57,24,59,194
57,24,59,202
57,24,69,79
57,24,76,74
57,24,77,83
57,24,82,72
57,24,83,80
57,24,88,71
57,24,90,79
57,24,115,70
57,24,150,104
57,24,150,113
57,24,156,104
57,24,156,114
57,24,162,81
57,24,166,72
57,24,189,85
57,24,188,94
57,24,194,95
57,24,201,94
57,25,171,78
57,25,247,132
57,28,219,77
57,30,27,146
57,30,28,152
57,32,62,167
57,31,144,95
57,32,41,132
57,32,45,138
57,32,48,129
57,32,50,121
57,32,54,128
57,32,55,168
57,32,55,177
57,32,57,117
57,32,59,125
57,32,61,174
57,32,61,181
57,32,65,119
57,32,65,127
57,32,69,174
57,32,69,180
57,32,67,163
57,32,71,119
57,32,71,129
57,32,74,169
57,32,77,115
57,32,77,121
57,32,79,129
57,32,80,108
57,32,80,162
57,32,83,114
57,32,84,120
57,32,87,106
57,32,87,166
57,33,91,112
57,32,104,98
57,32,138,98
57,32,147,103
57,32,151,95
57,32,160,138
57,32,161,145
57,32,165,132
57,32,167,139
57,32,167,147
57,32,173,146
57,32,180,145
57,35,159,103
57,36,125,142
57,36,124,152
57,36,131,147
57,36,136,118
57,35,138,146
57,36,166,104
57,36,172,105
57,36,206,124
57,36,208,131
57,37,212,122
57,37,215,127
57,36,215,135
57,37,221,131
57,36,222,81
57,36,225,89
57,36,229,78
57,36,231,87
57,37,110,134
57,38,32,168
57,39,191,141
57,38,235,147
57,39,231,152
57,40,24,160
57,40,84,137
57,40,86,145
57,40,90,135
57,40,96,143
57,40,219,101
57,40,227,100
57,43,160,126
57,43,166,126
57,44,28,229
57,44,36,228
57,44,139,170
57,44,145,168
57,44,151,170
57,44,171,101
57,44,173,108
57,44,171,116
57,44,172,129
57,44,178,102
57,44,179,133
57,45,149,75
57,45,158,72
57,46,183,70
57,44,220,55
57,46,172,70
57,48,59,220
57,48,67,227
57,48,222,164
57,48,42,229
57,48,47,228
57,48,54,226
57,48,61,229
57,48,66,218
57,48,68,190
57,48,68,180
57,48,74,222
57,48,75,190
57,48,75,176
57,48,81,186
57,48,105,140
57,48,109,146
57,48,109,153
57,48,109,160
57,48,116,165
57,48,114,206
57,48,116,150
57,48,118,156
57,48,122,201
57,48,155,189
57,48,160,175
57,48,158,183
57,48,162,190
57,48,166,180
57,48,169,187
57,48,182,232
57,48,190,229
57,48,187,238
57,48,201,124
57,48,203,132
57,48,209,124
57,48,209,133
57,48,218,125
57,48,216,132
57,48,218,168
57,48,220,175
57,48,228,174
57,48,228,159
57,48,232,167
57,48,241,214
57,48,249,214
57,50,156,152
57,50,163,146
57,51,164,155
57,52,26,216
57,52,27,223
57,52,31,211
57,53,34,218
57,52,34,225
57,52,40,209
57,52,55,197
57,52,62,193
57,52,62,200
57,52,126,170
57,52,128,162
57,52,134,168
57,52,133,174
57,52,135,163
57,55,206,152
57,55,214,153
57,56,106,189
57,56,107,196
57,57,116,190
57,59,150,191
57,56,173,247
57,56,183,160
57,56,185,168
57,56,191,159
57,57,192,167
57,59,120,199
57,59,165,182
57,60,226,174
57,58,247,216
57,47,100,250
57,60,98,207
57,58,171,173
57,8,208,5
57,47,29,128
57,5,74,90
57,6,81,49
57,4,83,87
57,6,83,55
57,24,31,73
57,33,62,46
57,35,86,48
57,35,87,64
57,35,92,55
57,35,94,49
57,35,94,63
57,35,100,66
57,47,27,112
57,47,27,119
57,47,27,104
57,47,34,111
57,47,33,119
57,47,36,103
57,47,111,85
57,47,118,84
57,48,77,139
57,48,141,251
57,53,77,145
57,55,244,147
57,58,123,249
57,58,129,249
57,23,61,30
57,24,70,31
57,34,70,46
57,34,79,43
57,40,26,214
57,6,78,40
57,3,149,56
57,10,110,120
57,11,251,121
57,16,90,162
57,24,55,30
57,32,46,49
57,32,48,52
57,33,54,46
57,32,52,52
57,32,54,38
57,33,62,39
57,34,86,39
57,36,166,49
57,36,102,46
57,36,102,54
57,36,108,46
57,36,114,46
57,36,118,52
57,36,148,38
57,36,165,53
57,36,169,50
57,39,15,215
57,44,124,78
57,44,149,88
57,46,142,91
57,47,48,102
57,48,46,32
57,48,46,38
57,48,46,44
57,48,52,30
57,48,52,36
57,48,54,42
57,48,58,32
57,48,78,32
57,48,96,109
57,52,27,174
57,54,95,230
57,57,70,216
58,46,192,206
58,25,177,107
58,27,222,57
58,44,52,164
58,20,185,134
58,20,192,127
58,17,212,77
58,17,225,76
58,26,26,207
58,26,37,202
58,26,35,211
58,26,132,167
58,26,142,165
58,31,148,133
58,34,97,204
58,34,106,202
58,34,113,110
58,35,134,109
58,34,141,103
58,38,215,180
58,48,102,154
58,46,164,227
58,46,173,226
58,50,87,179
58,51,95,175
58,30,189,132
58,45,141,138
58,51,129,212
58,15,62,77
58,26,37,133
58,45,176,175
58,46,44,178
58,18,163,94
58,9,120,38
58,8,142,29
58,8,37,74
58,14,200,38
58,20,216,45
58,18,46,97
58,20,50,105
58,23,100,120
58,30,220,109
58,35,84,157
58,34,179,92
58,38,215,167
58,42,188,119
58,43,214,114
58,51,114,217
58,51,209,187
58,6,83,92
58,7,111,30
58,9,138,36
58,11,51,106
58,11,94,92
58,11,101,88
58,13,133,157
58,13,225,60
58,17,97,64
58,17,107,60
58,17,181,46
58,17,188,41
58,17,191,50
58,17,226,41
58,18,126,66
58,19,101,72
58,19,177,53
58,19,182,61
58,23,91,181
58,24,100,180
58,23,129,105
58,23,128,114
58,23,138,104
58,23,137,113
58,25,40,110
58,25,40,163
58,25,51,161
58,25,58,203
58,25,116,79
58,25,116,125
58,25,127,122
58,25,160,119
58,26,125,130
58,27,126,84
58,31,214,72
58,29,226,73
58,30,210,106
58,31,29,149
58,31,30,183
58,29,182,72
58,31,82,112
58,34,93,115
58,35,103,152
58,36,113,148
58,35,146,76
58,35,148,85
58,38,72,234
58,37,161,155
58,37,156,165
58,37,165,165
58,37,163,104
58,37,173,104
58,37,202,178
58,37,206,171
58,37,214,127
58,40,145,214
58,41,227,105
58,43,54,210
58,42,56,202
58,43,40,209
58,44,44,216
58,43,47,203
58,44,118,177
58,47,34,195
58,44,117,140
58,45,126,139
58,45,137,180
58,45,143,188
58,45,145,175
58,45,151,182
58,45,173,121
58,45,172,130
58,45,182,131
58,45,190,168
58,48,87,206
58,53,33,224
58,53,132,166
58,57,210,200
58,57,217,199
58,60,213,214
58,57,225,201
58,58,224,210
58,13,161,42
58,15,104,47
58,21,29,108
58,34,27,135
58,45,191,105
58,45,37,137
58,47,229,120
58,49,77,185
58,22,163,58
58,22,27,117
58,31,201,72
58,40,30,165
58,43,69,159
58,43,200,157
58,53,38,204
58,54,171,209
58,57,188,164
58,3,99,33
58,8,155,97
58,13,128,40
58,25,80,80
58,45,51,95
58,49,118,163
58,52,106,223
58,60,95,210
58,3,50,53
58,7,86,52
58,14,85,64
58,16,28,167
58,23,63,129
58,26,168,78
58,33,59,125
58,40,93,144
58,42,52,133
58,47,30,112
58,47,36,105
58,49,170,189
58,4,103,64
58,8,65,52
58,8,69,60
58,8,74,52
58,8,128,66
58,8,130,74
58,8,135,62
58,8,136,72
58,5,150,58
58,8,143,70
58,8,187,57
58,8,188,64
58,8,193,53
58,8,194,62
58,8,200,53
58,8,202,61
58,11,171,35
58,12,172,44
58,12,110,87
58,12,163,72
58,12,164,78
58,12,168,66
58,12,170,73
58,12,171,80
58,12,177,68
58,12,177,75
58,14,77,64
58,15,80,74
58,15,87,74
58,16,23,177
58,16,26,126
58,16,27,135
58,16,30,89
58,16,33,177
58,16,33,81
58,16,31,123
58,16,33,131
58,16,32,138
58,16,35,96
58,16,38,89
58,16,38,121
58,16,40,128
58,16,40,134
58,16,45,85
58,16,73,158
58,16,113,95
58,16,115,103
58,16,117,87
58,16,120,94
58,16,122,103
58,16,122,54
58,16,125,85
58,16,126,92
58,16,128,100
58,16,128,50
58,16,132,88
58,16,134,96
58,16,136,49
58,16,137,57
58,16,197,73
58,16,197,80
58,16,199,86
58,16,204,68
58,16,203,76
58,16,206,86
58,17,29,98
58,20,75,91
58,20,208,45
58,23,102,80
58,24,30,145
58,24,33,154
58,24,37,146
58,24,39,153
58,24,46,145
58,24,47,151
58,24,53,153
58,24,58,137
58,24,65,139
58,24,70,76
58,24,72,138
58,24,73,127
58,24,80,72
58,24,83,89
58,24,83,96
58,24,89,84
58,24,90,102
58,24,91,91
58,24,96,97
58,24,97,85
58,24,101,92
58,24,108,88
58,24,134,76
58,24,140,77
58,24,138,66
58,24,145,73
58,24,148,65
58,24,152,72
58,24,160,69
58,24,159,76
58,24,192,90
58,24,192,96
58,24,197,85
58,24,199,92
58,24,199,100
58,24,206,87
58,24,207,96
58,25,248,130
58,32,52,136
58,32,57,166
58,32,57,173
58,32,62,161
58,32,64,167
58,32,64,175
58,32,69,121
58,32,71,161
58,32,70,167
58,32,72,175
58,32,71,129
58,32,77,167
58,32,77,126
58,32,77,134
58,32,84,130
58,32,93,151
58,32,146,93
58,32,151,102
58,32,154,94
58,32,167,136
58,32,168,143
58,32,170,149
58,32,174,131
58,32,175,138
58,32,176,143
58,32,176,151
58,32,183,147
58,32,190,76
58,32,189,84
58,32,205,81
58,32,229,116
58,32,230,106
58,32,238,114
58,34,226,154
58,35,193,95
58,36,119,157
58,36,123,147
58,36,130,144
58,36,129,153
58,36,135,149
58,36,141,151
58,36,147,150
58,36,201,101
58,36,202,92
58,36,230,80
58,37,230,87
58,40,56,191
58,40,56,142
58,40,60,151
58,40,62,142
58,40,63,186
58,40,64,193
58,40,62,199
58,40,69,144
58,40,72,187
58,40,72,195
58,40,133,215
58,40,186,137
58,40,187,146
58,40,192,134
58,40,194,143
58,40,209,150
58,40,209,158
58,40,218,151
58,40,219,159
58,44,30,229
58,46,39,228
58,44,67,168
58,44,75,166
58,44,160,124
58,45,162,105
58,44,162,132
58,44,182,96
58,44,183,102
58,44,185,157
58,44,189,94
58,44,192,152
58,44,192,158
58,45,30,95
58,45,38,94
58,45,163,113
58,47,214,78
58,47,30,121
58,48,52,224
58,48,60,217
58,48,61,224
58,48,61,230
58,48,67,178
58,48,66,186
58,48,67,218
58,48,68,227
58,48,72,193
58,48,74,222
58,48,113,204
58,48,117,198
58,48,123,199
58,48,130,200
58,48,144,151
58,48,157,192
58,48,162,178
58,48,160,184
58,48,164,195
58,48,191,183
58,48,197,175
58,48,197,191
58,48,199,183
58,48,203,123
58,48,204,130
58,48,210,125
58,48,210,133
58,48,218,125
58,48,218,132
58,48,220,166
58,48,221,173
58,48,223,159
58,48,226,166
58,48,228,174
58,48,230,159
58,48,233,167
58,49,192,241
58,52,158,153
58,52,167,149
58,53,166,158
58,52,185,142
58,52,186,150
58,52,191,140
58,52,192,150
58,52,218,183
58,53,61,197
58,54,143,216
58,55,206,153
58,56,213,153
58,56,169,169
58,60,68,221
58,59,116,196
58,8,170,27
58,16,83,154
58,16,85,164
58,20,178,31
58,35,78,47
58,35,85,45
58,35,93,45
58,36,88,64
58,36,90,52
58,36,90,57
58,36,94,64
58,36,97,50
58,36,97,57
58,36,101,64
58,36,103,55
58,39,235,148
58,40,235,155
58,40,17,219
58,40,26,216
58,47,29,150
58,47,63,101
58,47,66,94
58,48,75,101
58,47,97,250
58,47,103,250
58,47,106,91
58,47,110,250
58,47,110,84
58,47,114,92
58,47,117,82
58,47,120,91
58,47,125,88
58,47,152,71
58,47,153,79
58,47,157,65
58,47,159,71
58,47,162,79
58,47,163,62
58,47,165,68
58,47,167,76
58,47,169,60
58,47,171,65
58,47,174,73
58,47,177,61
58,47,179,69
58,47,183,60
58,47,185,68
58,47,189,56
58,47,191,61
58,47,191,68
58,47,196,54
58,47,197,59
58,47,203,61
58,48,203,71
58,47,209,59
58,47,208,66
58,47,215,57
58,47,215,64
58,47,221,55
58,47,221,61
58,47,221,67
58,47,225,72
58,47,225,83
58,47,227,57
58,47,227,63
58,48,35,152
58,48,41,148
58,48,145,250
58,48,151,249
58,48,197,67
58,56,176,246
58,58,124,248
58,58,130,249
58,59,154,227
58,61,156,191
58,59,161,224
58,58,249,219
58,55,244,146
58,15,206,139
58,24,69,30
58,49,84,110
58,6,44,56
58,6,48,50
58,6,50,56
58,6,98,70
58,6,103,59
58,6,104,65
58,6,104,71
58,6,109,59
58,6,110,65
58,6,110,71
58,6,151,51
58,4,221,29
58,4,221,36
58,4,224,41
58,4,227,32
58,4,230,40
58,4,232,32
58,10,108,116
58,11,252,122
58,15,245,31
58,16,94,169
58,24,54,30
58,24,62,30
58,24,77,30
58,26,28,78
58,34,54,49
58,34,54,52
58,34,62,46
58,34,68,47
58,35,68,52
58,46,146,85
58,46,150,85
58,48,84,94
58,47,86,99
58,48,90,90
58,47,93,95
58,48,95,90
58,47,99,94
58,48,30,44
58,48,38,34
58,48,38,44
58,48,46,30
58,48,46,36
58,48,46,42
58,48,52,32
58,48,52,38
58,48,58,32
58,48,60,38
58,48,70,109
58,48,76,110
58,48,78,139
58,48,91,102
58,48,92,108
58,48,249,215
58,49,247,219
58,52,80,148
58,55,96,230
58,61,226,175
59,46,194,207
59,27,178,114
59,28,221,60
59,55,99,190
59,19,218,77
59,11,38,76
59,11,139,37
59,10,147,34
59,18,64,81
59,22,181,130
59,22,193,123
59,22,193,133
59,26,27,208
59,26,37,207
59,27,37,138
59,26,42,161
59,26,52,159
59,27,138,169
59,34,182,143
59,38,164,166
59,38,207,179
59,38,218,172
59,38,218,182
59,46,177,175
59,46,183,126
59,45,193,169
59,51,126,212
59,23,46,105
59,37,83,158
59,42,48,167
59,47,140,143
59,51,209,187
59,38,136,113
59,3,94,35
59,11,95,92
59,20,126,66
59,17,198,43
59,36,115,115
59,12,54,104
59,14,167,46
59,17,39,91
59,18,227,50
59,22,162,102
59,30,161,128
59,33,84,116
59,34,147,145
59,34,182,89
59,35,108,200
59,36,107,209
59,49,74,191
59,3,50,52
59,7,122,37
59,9,72,59
59,9,133,71
59,9,142,65
59,9,149,100
59,9,159,97
59,9,158,105
59,9,194,63
59,9,204,62
59,10,145,73
59,13,46,112
59,13,106,85
59,14,110,95
59,13,113,86
59,13,224,56
59,14,167,74
59,15,177,75
59,14,226,64
59,15,129,41
59,17,27,176
59,17,127,96
59,17,133,56
59,17,199,73
59,17,200,84
59,19,186,46
59,19,223,43
59,19,229,41
59,21,157,92
59,21,166,91
59,21,169,97
59,22,176,60
59,21,183,68
59,21,185,58
59,25,37,151
59,25,47,148
59,25,68,138
59,25,91,182
59,25,101,176
59,25,101,186
59,25,104,127
59,25,105,86
59,25,112,82
59,25,114,91
59,25,130,118
59,25,197,89
59,26,199,100
59,25,208,95
59,26,65,207
59,26,117,81
59,26,38,115
59,27,56,208
59,25,81,79
59,27,118,130
59,27,126,128
59,28,126,82
59,31,153,136
59,33,60,169
59,33,68,168
59,33,75,168
59,33,78,129
59,33,185,79
59,33,192,79
59,33,202,79
59,33,210,77
59,34,93,156
59,35,172,144
59,37,105,155
59,37,109,161
59,37,113,149
59,37,117,155
59,37,125,151
59,37,133,154
59,37,142,155
59,38,120,162
59,38,215,131
59,39,159,106
59,39,168,107
59,41,138,215
59,41,148,210
59,41,147,219
59,41,205,155
59,41,209,163
59,41,212,152
59,41,219,161
59,41,220,151
59,45,36,138
59,43,51,135
59,43,91,145
59,43,99,147
59,46,42,221
59,45,50,211
59,45,51,219
59,46,56,163
59,45,66,168
59,45,137,181
59,45,141,174
59,46,144,180
59,46,143,187
59,45,149,172
59,45,152,179
59,46,205,111
59,46,212,118
59,45,223,115
59,46,151,187
59,47,48,176
59,48,49,186
59,47,161,228
59,47,165,132
59,47,171,227
59,49,95,154
59,49,97,162
59,50,104,150
59,49,106,157
59,49,104,165
59,49,160,191
59,49,168,181
59,49,168,192
59,49,213,131
59,50,175,189
59,56,168,217
59,39,72,233
59,42,28,168
59,47,119,140
59,16,109,48
59,16,33,132
59,34,150,97
59,41,199,97
59,41,66,195
59,53,103,226
59,55,132,172
59,25,164,78
59,37,176,100
59,23,166,56
59,25,137,80
59,28,192,66
59,32,212,112
59,33,233,113
59,35,69,126
59,41,192,148
59,44,75,162
59,45,46,204
59,44,118,180
59,44,125,178
59,49,68,227
59,54,163,157
59,55,33,224
59,6,101,64
59,6,105,68
59,5,109,63
59,6,116,64
59,6,151,58
59,6,157,58
59,7,115,72
59,8,82,89
59,8,82,98
59,8,84,53
59,8,86,59
59,8,90,49
59,8,94,55
59,8,95,62
59,8,112,27
59,8,111,34
59,13,132,161
59,16,42,127
59,16,74,73
59,16,78,66
59,16,79,80
59,16,82,72
59,16,86,63
59,16,87,81
59,16,87,70
59,16,92,76
59,16,93,67
59,16,100,56
59,16,102,63
59,16,106,57
59,16,110,64
59,16,114,57
59,16,226,87
59,17,70,161
59,20,29,104
59,23,97,79
59,24,26,113
59,24,27,121
59,24,60,130
59,24,67,126
59,24,75,129
59,24,94,120
59,24,100,115
59,24,107,115
59,24,127,108
59,24,135,106
59,24,138,112
59,24,137,71
59,24,143,78
59,24,144,67
59,24,149,73
59,24,155,67
59,24,157,74
59,24,161,65
59,24,168,67
59,25,84,94
59,26,94,92
59,26,88,101
59,26,96,100
59,26,249,132
59,28,35,125
59,28,173,84
59,33,29,145
59,32,30,157
59,32,26,179
59,32,26,188
59,32,33,179
59,32,32,187
59,32,190,129
59,32,196,134
59,32,195,142
59,32,222,104
59,32,223,111
59,32,221,118
59,34,55,135
59,35,62,121
59,36,60,128
59,36,96,115
59,36,134,144
59,36,135,81
59,36,140,76
59,36,141,85
59,36,147,75
59,36,147,84
59,36,155,75
59,36,154,83
59,38,97,59
59,40,37,171
59,40,54,188
59,40,55,195
59,40,57,144
59,40,59,152
59,40,60,183
59,40,61,189
59,40,62,140
59,40,63,149
59,40,68,185
59,40,69,142
59,40,68,153
59,40,70,244
59,40,75,148
59,40,107,142
59,40,113,138
59,40,193,140
59,44,75,170
59,44,226,105
59,44,112,180
59,46,150,111
59,46,156,113
59,48,34,193
59,48,81,204
59,48,26,192
59,48,26,203
59,48,31,201
59,48,34,187
59,48,37,200
59,48,44,195
59,48,78,213
59,48,86,212
59,48,90,198
59,48,92,207
59,48,115,149
59,48,124,150
59,48,176,141
59,48,184,140
59,48,197,61
59,48,194,185
59,48,198,193
59,48,209,68
59,48,221,63
59,48,219,74
59,48,224,164
59,48,224,174
59,48,230,123
59,48,230,163
59,49,232,173
59,49,58,225
59,50,189,239
59,50,197,236
59,51,120,168
59,53,188,144
59,53,190,154
59,54,36,205
59,54,64,202
59,56,204,153
59,56,207,158
59,56,212,152
59,56,215,158
59,60,210,212
59,59,172,247
59,5,226,33
59,12,230,27
59,26,72,32
59,40,239,153
59,48,29,120
59,47,30,127
59,9,175,26
59,15,203,141
59,16,80,161
59,27,242,103
59,28,247,102
59,39,87,72
59,39,94,74
59,39,102,72
59,39,231,92
59,40,232,148
59,47,28,107
59,47,28,113
59,48,30,149
59,47,32,103
59,47,33,110
59,48,37,116
59,47,39,101
59,47,40,108
59,47,45,102
59,46,48,96
59,47,51,104
59,47,57,99
59,47,62,101
59,47,118,85
59,47,125,80
59,47,126,89
59,47,131,82
59,47,137,84
59,47,150,76
59,47,157,68
59,47,157,77
59,47,163,64
59,48,163,73
59,47,170,63
59,47,169,69
59,47,175,60
59,48,175,66
59,48,175,73
59,47,182,58
59,47,182,64
59,47,181,70
59,47,188,54
59,47,192,47
59,47,198,49
59,47,210,87
59,47,216,55
59,47,217,84
59,47,225,55
59,48,70,104
59,48,92,95
59,48,101,95
59,48,115,92
59,48,170,76
59,48,180,78
59,48,187,73
59,48,199,72
59,48,215,91
59,48,223,91
59,48,223,82
59,50,150,250
59,60,66,224
59,58,80,211
59,59,86,212
59,58,128,248
59,56,159,225
59,60,158,190
59,59,189,168
59,56,240,148
59,26,60,30
59,41,15,222
59,48,103,251
59,4,196,79
59,4,202,78
59,4,202,85
59,4,208,78
59,16,88,170
59,16,92,164
59,16,94,169
59,16,100,168
59,26,54,30
59,26,63,37
59,26,86,30
59,36,52,60
59,36,54,55
59,36,60,50
59,36,66,52
59,36,70,46
59,36,72,52
59,36,76,49
59,36,78,50
59,38,110,74
59,48,62,37
59,47,103,86
59,47,145,83
59,48,151,85
59,48,30,46
59,48,38,36
59,48,44,38
59,48,46,32
59,48,46,44
59,48,50,38
59,48,52,30
59,48,52,44
59,48,55,35
59,48,60,30
59,48,60,44
59,48,68,32
59,48,68,38
59,48,73,112
59,48,76,122
59,48,78,32
59,48,78,125
59,48,83,101
59,48,86,32
59,48,94,32
59,48,102,30
59,48,110,32
59,49,251,217
59,52,45,248
59,61,227,175
60,47,193,207
60,28,182,114
60,19,212,79
60,30,35,141
60,51,128,213
60,10,156,104
60,15,108,88
60,22,179,129
60,22,182,138
60,22,188,126
60,22,189,136
60,22,196,132
60,27,27,211
60,27,137,171
60,28,36,203
60,28,37,213
60,28,45,164
60,30,221,60
60,38,61,133
60,38,206,183
60,39,217,180
60,41,143,215
60,45,51,167
60,46,53,215
60,46,142,182
60,47,152,182
60,46,185,178
60,50,104,156
60,49,105,166
60,51,209,188
60,12,148,38
60,14,97,94
60,22,70,86
60,34,186,140
60,54,91,186
60,34,93,161
60,18,199,45
60,34,85,117
60,3,71,46
60,13,40,79
60,21,43,99
60,26,66,142
60,43,201,98
60,38,118,120
60,39,116,152
60,42,72,154
60,14,40,114
60,14,47,116
60,18,27,180
60,18,33,137
60,27,128,122
60,26,202,93
60,29,63,208
60,34,76,170
60,34,209,81
60,37,147,147
60,39,173,170
60,45,178,171
60,47,34,141
60,50,167,192
60,50,212,133
60,57,169,219
60,9,87,92
60,10,88,99
60,10,201,60
60,10,201,69
60,11,133,73
60,11,140,66
60,12,143,76
60,11,149,67
60,13,45,105
60,13,57,102
60,14,56,112
60,14,224,57
60,15,226,65
60,17,88,74
60,17,107,60
60,17,38,128
60,18,70,164
60,17,78,163
60,19,119,97
60,19,127,101
60,19,130,93
60,19,129,57
60,19,140,54
60,19,140,62
60,21,29,106
60,22,128,67
60,21,192,54
60,22,222,48
60,23,125,74
60,24,163,98
60,23,186,63
60,25,30,119
60,25,63,133
60,25,74,132
60,25,89,185
60,25,95,123
60,25,98,184
60,25,101,118
60,25,101,129
60,25,108,118
60,26,109,127
60,25,127,112
60,26,134,78
60,25,136,112
60,25,137,70
60,26,144,76
60,27,36,155
60,27,44,152
60,27,199,102
60,29,43,115
60,29,164,129
60,33,31,186
60,33,60,166
60,33,64,174
60,33,68,164
60,33,200,77
60,35,183,78
60,35,184,88
60,35,190,78
60,35,191,87
60,36,109,201
60,37,100,207
60,37,109,210
60,37,141,150
60,37,138,84
60,37,152,84
60,38,108,160
60,39,135,118
60,38,133,152
60,38,140,111
60,38,140,159
60,38,149,156
60,39,115,166
60,39,127,162
60,39,161,167
60,39,164,174
60,39,168,161
60,41,60,193
60,41,70,191
60,41,210,159
60,41,221,155
60,41,220,165
60,43,46,132
60,45,48,140
60,45,94,149
60,45,193,164
60,45,202,161
60,45,202,171
60,45,226,111
60,46,73,172
60,46,121,183
60,47,61,168
60,49,143,145
60,47,161,228
60,47,171,226
60,47,184,127
60,49,228,170
60,51,105,222
60,7,110,68
60,39,211,130
60,14,135,162
60,15,173,46
60,27,163,83
60,26,159,73
60,27,88,77
60,29,127,84
60,30,194,68
60,14,215,65
60,25,164,65
60,27,104,85
60,33,229,115
60,53,188,152
60,4,41,97
60,5,52,91
60,5,59,100
60,6,63,93
60,5,201,82
60,7,219,27
60,5,227,31
60,6,228,38
60,8,125,41
60,8,49,60
60,8,50,69
60,8,56,55
60,8,60,61
60,8,58,69
60,8,117,28
60,8,118,37
60,8,125,31
60,8,132,39
60,8,158,56
60,8,160,63
60,10,67,59
60,10,68,67
60,11,72,55
60,10,76,65
60,10,85,55
60,10,89,62
60,10,91,51
60,11,96,57
60,10,96,64
60,11,174,28
60,10,180,27
60,11,79,57
60,13,27,92
60,16,124,44
60,16,55,77
60,16,61,72
60,16,69,72
60,16,102,50
60,16,108,46
60,16,115,46
60,16,117,52
60,16,133,42
60,16,159,49
60,16,164,42
60,16,163,76
60,16,166,83
60,16,166,69
60,16,170,76
60,16,172,84
60,16,174,67
60,16,176,75
60,16,180,82
60,16,183,72
60,16,206,37
60,16,222,90
60,16,230,89
60,16,230,74
60,16,233,82
60,24,96,82
60,24,160,57
60,24,166,55
60,24,171,61
60,24,176,56
60,24,178,66
60,27,247,133
60,28,85,89
60,28,87,96
60,28,93,105
60,28,95,95
60,28,103,94
60,28,110,93
60,28,115,79
60,28,117,88
60,28,117,133
60,28,119,125
60,28,125,133
60,28,131,131
60,29,174,84
60,32,213,111
60,31,222,112
60,32,145,138
60,32,153,130
60,32,151,141
60,32,158,140
60,32,213,119
60,32,216,105
60,32,222,119
60,32,221,74
60,32,222,83
60,32,225,106
60,32,229,76
60,33,28,159
60,33,195,160
60,34,150,96
60,35,151,104
60,36,78,130
60,36,78,140
60,36,84,128
60,36,85,137
60,36,144,75
60,36,153,74
60,36,170,139
60,36,172,148
60,37,178,97
60,38,178,104
60,38,185,97
60,38,185,103
60,40,65,236
60,40,65,244
60,40,70,230
60,40,74,236
60,40,72,243
60,40,98,59
60,40,100,69
60,40,107,124
60,40,159,108
60,40,165,103
60,40,165,112
60,40,171,103
60,40,172,110
60,40,193,151
60,40,195,142
60,40,220,122
60,40,225,129
60,40,224,136
60,40,231,92
60,40,238,155
60,43,31,172
60,46,40,96
60,46,49,97
60,47,151,113
60,48,43,178
60,48,208,117
60,48,26,196
60,49,26,205
60,48,29,120
60,48,31,152
60,48,29,190
60,48,32,196
60,48,33,204
60,48,35,187
60,48,38,193
60,48,39,201
60,48,41,185
60,48,45,194
60,48,48,186
60,48,51,193
60,48,53,182
60,48,81,204
60,48,81,212
60,48,87,200
60,48,88,206
60,48,88,215
60,48,95,202
60,48,96,211
60,48,116,145
60,48,118,153
60,48,122,140
60,48,124,147
60,48,124,155
60,48,128,140
60,48,131,151
60,48,156,73
60,48,159,133
60,48,161,141
60,48,164,66
60,48,164,77
60,48,166,130
60,48,167,138
60,48,170,64
60,48,170,75
60,48,172,127
60,48,174,133
60,48,172,141
60,48,176,69
60,48,179,138
60,48,183,67
60,48,185,138
60,48,188,55
60,48,189,68
60,48,195,52
60,48,193,188
60,48,196,60
60,48,195,69
60,48,203,52
60,48,202,62
60,48,202,70
60,48,208,54
60,48,208,62
60,48,208,70
60,48,214,55
60,48,214,64
60,48,214,73
60,48,217,120
60,48,225,54
60,48,223,67
60,48,226,123
60,49,230,127
60,50,198,231
60,52,71,194
60,51,196,239
60,51,203,237
60,52,73,187
60,52,72,200
60,52,79,196
60,52,120,171
60,52,184,144
60,54,158,158
60,54,164,153
60,55,165,160
60,56,28,228
60,56,31,222
60,56,34,212
60,56,34,229
60,56,39,219
60,56,41,227
60,56,63,203
60,56,95,233
60,55,128,174
60,56,134,179
60,56,134,172
60,59,169,172
60,56,203,156
60,56,211,154
60,56,211,160
60,32,229,140
60,46,31,94
60,11,101,126
60,51,65,229
60,8,196,19
60,11,69,38
60,11,70,45
60,14,230,28
60,23,176,29
60,27,60,33
60,27,67,32
60,27,70,37
60,27,76,34
60,27,143,33
60,27,149,32
60,39,82,63
60,39,81,71
60,39,87,56
60,39,86,72
60,40,90,77
60,40,95,79
60,40,102,78
60,47,28,102
60,47,27,109
60,47,33,103
60,47,33,110
60,47,39,105
60,48,47,108
60,48,56,105
60,47,59,97
60,48,126,82
60,47,193,44
60,48,38,112
60,48,66,106
60,48,115,88
60,48,122,91
60,48,131,90
60,48,135,83
60,48,146,85
60,48,145,75
60,48,184,95
60,48,213,84
60,48,215,91
60,48,220,82
60,48,223,89
60,48,223,95
60,49,250,220
60,58,125,249
60,59,186,168
60,60,202,212
60,60,220,209
60,57,241,150
60,16,92,171
60,47,245,147
60,48,76,124
60,4,189,45
60,13,12,124
60,14,238,28
60,15,201,140
60,16,86,176
60,16,92,178
60,16,94,162
60,16,101,170
60,16,102,164
60,23,4,121
60,26,47,30
60,27,96,58
60,28,62,45
60,28,86,30
60,38,60,54
60,38,66,54
60,38,78,54
60,40,220,210
60,48,121,74
60,48,128,73
60,48,135,74
60,48,54,32
60,48,54,38
60,48,54,44
60,48,60,32
60,48,60,38
60,48,62,44
60,48,70,32
60,48,70,38
60,48,71,118
60,48,76,118
60,48,81,124
60,48,90,94
60,48,95,95
60,48,104,87
60,48,104,93
60,60,62,227
60,60,83,219
60,60,166,248
61,47,193,208
61,29,185,116
61,21,215,82
61,51,132,210
61,29,220,60
61,12,153,37
61,14,42,82
61,15,51,110
61,15,147,44
61,18,107,59
61,18,121,99
61,26,78,84
61,26,96,190
61,26,102,126
61,28,132,175
61,28,142,174
61,30,35,144
61,33,31,151
61,30,44,142
61,35,89,119
61,34,90,162
61,34,99,160
61,35,220,123
61,38,109,211
61,46,52,165
61,46,142,178
61,46,153,179
61,46,178,181
61,46,191,176
61,50,103,159
61,50,105,169
61,50,168,193
61,56,212,202
61,58,176,220
61,12,92,96
61,19,72,167
61,29,38,164
61,39,116,154
61,29,48,166
61,30,35,216
61,36,182,145
61,39,64,133
61,44,203,100
61,50,217,131
61,20,42,98
61,26,129,118
61,29,64,211
61,36,147,152
61,39,119,120
61,5,99,38
61,8,201,79
61,14,224,61
61,17,205,46
61,26,68,137
61,29,42,116
61,32,193,75
61,35,203,81
61,35,80,173
61,42,142,220
61,6,200,86
61,7,54,99
61,9,58,63
61,11,148,105
61,11,158,101
61,11,156,111
61,11,163,108
61,11,196,68
61,11,206,68
61,14,135,83
61,13,148,77
61,15,109,98
61,15,176,47
61,17,67,81
61,17,84,71
61,17,85,81
61,15,94,68
61,17,96,75
61,17,94,83
61,17,164,50
61,18,27,179
61,19,26,187
61,19,32,134
61,19,37,139
61,21,132,101
61,21,192,55
61,23,182,138
61,23,192,131
61,23,194,141
61,27,63,146
61,27,139,80
61,27,145,76
61,27,197,98
61,27,206,98
61,25,126,74
61,29,35,205
61,29,106,90
61,29,112,88
61,29,118,87
61,29,124,85
61,31,132,92
61,29,165,128
61,30,169,88
61,33,27,184
61,33,193,138
61,33,223,80
61,34,30,191
61,34,64,170
61,34,72,171
61,35,36,190
61,35,64,178
61,35,72,180
61,35,150,105
61,37,145,81
61,38,107,159
61,38,136,151
61,38,148,89
61,39,113,167
61,39,122,167
61,39,127,152
61,39,127,162
61,39,135,160
61,39,163,166
61,39,168,176
61,39,174,166
61,39,208,185
61,39,216,177
61,39,216,190
61,40,224,183
61,41,165,110
61,41,195,148
61,42,66,194
61,42,210,154
61,42,219,150
61,42,221,160
61,43,213,163
61,43,31,175
61,45,38,139
61,45,50,138
61,45,120,177
61,45,192,164
61,45,197,160
61,45,201,168
61,45,205,164
61,46,123,182
61,46,226,111
61,48,47,218
61,48,61,212
61,48,61,223
61,47,94,149
61,47,165,230
61,47,174,228
61,49,117,154
61,49,119,145
61,49,128,150
61,49,195,188
61,57,133,176
61,58,216,164
61,12,138,72
61,41,141,121
61,49,33,201
61,16,132,45
61,19,133,54
61,26,28,122
61,35,183,84
61,39,134,118
61,41,70,245
61,21,131,64
61,11,182,28
61,22,228,49
61,23,30,107
61,25,98,84
61,50,228,168
61,6,226,29
61,25,174,63
61,32,160,142
61,47,149,114
61,51,68,200
61,6,229,37
61,8,103,75
61,8,105,67
61,8,110,77
61,8,114,65
61,8,118,74
61,8,124,33
61,8,124,41
61,8,131,35
61,8,132,44
61,8,198,21
61,10,158,61
61,10,167,61
61,10,214,28
61,11,68,61
61,12,75,69
61,12,74,58
61,12,30,81
61,12,80,58
61,12,86,58
61,12,94,51
61,12,95,59
61,12,173,28
61,13,103,133
61,14,28,91
61,14,28,100
61,15,138,165
61,16,53,75
61,16,53,82
61,16,56,89
61,16,104,84
61,16,107,47
61,16,110,84
61,16,114,48
61,16,118,85
61,16,122,46
61,16,166,78
61,16,168,85
61,16,169,72
61,16,173,78
61,16,174,86
61,16,177,70
61,16,179,77
61,16,180,85
61,16,185,73
61,16,187,81
61,16,227,76
61,16,229,91
61,16,232,83
61,17,77,84
61,20,142,61
61,24,54,108
61,24,60,93
61,24,65,97
61,24,71,97
61,24,155,100
61,24,158,106
61,24,160,95
61,24,164,103
61,24,166,109
61,24,169,95
61,24,172,104
61,24,180,70
61,24,188,67
61,25,164,58
61,26,164,67
61,27,247,135
61,28,116,136
61,28,118,129
61,28,123,137
61,28,128,134
61,28,153,74
61,28,154,82
61,28,159,73
61,28,166,74
61,29,86,103
61,29,94,97
61,30,96,109
61,30,27,177
61,30,101,102
61,32,74,116
61,32,77,124
61,32,146,140
61,32,154,136
61,32,188,159
61,32,189,166
61,32,194,157
61,32,196,164
61,32,213,112
61,32,224,110
61,32,226,143
61,36,57,144
61,37,83,131
61,37,84,138
61,36,171,140
61,36,171,148
61,36,190,90
61,37,84,144
61,39,178,103
61,40,86,77
61,40,88,61
61,40,90,73
61,40,96,59
61,40,97,73
61,40,103,62
61,40,104,72
61,40,104,123
61,40,108,129
61,40,177,111
61,40,185,102
61,40,185,109
61,40,205,131
61,40,205,139
61,40,211,136
61,40,216,137
61,40,222,137
61,40,230,89
61,41,230,97
61,40,230,151
61,40,238,154
61,41,82,163
61,44,62,150
61,44,64,157
61,44,66,144
61,44,71,151
61,44,71,158
61,45,74,145
61,44,78,152
61,48,30,117
61,48,29,140
61,48,28,156
61,48,30,106
61,48,36,152
61,48,39,107
61,48,38,190
61,48,40,182
61,48,43,196
61,48,44,188
61,48,48,180
61,48,47,108
61,48,50,196
61,48,52,187
61,48,51,100
61,48,58,110
61,48,63,100
61,48,63,171
61,48,67,177
61,48,70,166
61,48,72,183
61,48,73,173
61,48,79,180
61,48,80,171
61,48,80,204
61,48,82,212
61,48,89,200
61,48,90,208
61,48,91,215
61,48,96,201
61,48,98,210
61,48,131,138
61,48,136,144
61,48,136,151
61,48,140,136
61,48,144,142
61,49,143,149
61,48,158,132
61,48,159,140
61,48,165,130
61,48,165,140
61,48,172,129
61,48,171,137
61,48,177,125
61,48,177,132
61,48,177,140
61,48,186,127
61,48,186,133
61,48,184,139
61,48,207,120
61,48,213,71
61,48,216,118
61,48,221,72
61,50,193,241
61,51,99,218
61,52,102,225
61,52,67,193
61,51,81,188
61,52,78,195
61,52,76,201
61,52,104,218
61,52,111,225
61,52,114,218
61,52,116,173
61,52,119,167
61,51,146,157
61,52,153,156
61,53,124,173
61,54,159,156
61,54,165,152
61,54,189,152
61,55,163,162
61,55,168,158
61,56,27,228
61,56,30,209
61,56,30,215
61,56,31,221
61,56,36,228
61,56,36,211
61,56,39,220
61,56,63,204
61,56,86,181
61,56,88,189
61,56,93,179
61,56,95,188
61,56,97,235
61,48,110,250
61,29,71,31
61,48,79,125
61,48,207,59
61,48,214,58
61,2,49,53
61,8,7,159
61,11,71,37
61,11,71,45
61,15,231,28
61,15,239,28
61,23,171,33
61,23,178,31
61,28,142,32
61,28,149,32
61,29,97,57
61,29,143,37
61,29,149,37
61,39,80,62
61,39,80,68
61,39,79,75
61,47,28,98
61,47,30,90
61,47,33,96
61,47,35,89
61,47,40,96
61,47,45,93
61,47,51,93
61,47,57,93
61,48,247,148
61,48,29,128
61,48,66,116
61,48,71,123
61,48,71,114
61,48,78,116
61,48,88,122
61,48,88,129
61,49,96,126
61,48,131,87
61,48,148,82
61,48,153,75
61,48,159,69
61,49,161,78
61,48,166,72
61,48,174,72
61,48,191,64
61,48,195,54
61,48,199,62
61,48,202,55
61,48,219,88
61,48,225,56
61,49,70,106
61,49,185,97
61,49,202,67
61,49,226,63
61,58,126,249
61,59,181,172
61,24,4,124
61,4,26,95
61,4,28,102
61,4,33,96
61,3,67,80
61,4,187,42
61,5,192,47
61,4,194,43
61,15,11,129
61,16,92,174
61,16,94,168
61,16,94,180
61,16,98,174
61,16,100,166
61,16,104,172
61,16,110,122
61,16,116,122
61,28,62,31
61,28,80,30
61,30,62,36
61,30,62,47
61,30,62,52
61,30,69,38
61,30,70,46
61,30,74,39
61,30,74,46
61,30,85,30
61,30,92,30
61,39,11,164
61,44,25,227
61,48,38,38
61,48,54,32
61,48,54,38
61,48,62,32
61,48,62,38
61,48,120,81
61,48,126,77
61,48,137,81
61,48,174,92
61,48,179,92
61,48,184,71
61,49,176,96
61,50,252,222
61,50,84,102
61,50,90,96
61,50,93,99
61,50,97,97
61,50,100,100
61,50,102,94
61,60,58,227
61,59,82,213
61,61,80,222
61,58,239,155
62,47,195,210
62,51,130,211
62,20,216,85
62,5,54,55
62,18,127,103
62,24,72,86
62,29,191,116
62,29,224,60
62,14,131,43
62,13,153,111
62,17,88,75
62,18,106,60
62,26,98,128
62,27,108,127
62,28,127,82
62,26,132,116
62,28,97,193
62,30,29,216
62,33,36,144
62,32,34,157
62,30,40,214
62,30,38,164
62,30,40,172
62,30,51,168
62,30,132,179
62,30,143,173
62,30,143,183
62,34,217,118
62,34,226,117
62,36,220,127
62,38,108,161
62,39,118,159
62,47,146,180
62,50,104,167
62,58,215,206
62,14,37,84
62,46,53,168
62,18,170,51
62,39,106,215
62,59,180,221
62,34,30,186
62,38,143,150
62,46,186,182
62,36,87,123
62,15,225,62
62,39,121,118
62,44,212,162
62,46,177,183
62,10,102,35
62,22,206,52
62,26,30,117
62,29,165,82
62,34,201,79
62,37,185,143
62,42,57,134
62,41,175,174
62,41,227,156
62,47,28,171
62,44,32,178
62,48,212,133
62,52,206,195
62,7,51,102
62,9,107,74
62,5,118,33
62,10,116,73
62,11,194,67
62,10,196,76
62,11,202,62
62,10,204,75
62,13,83,94
62,13,82,103
62,13,88,59
62,13,89,96
62,13,89,104
62,13,96,56
62,13,97,91
62,13,96,101
62,13,97,66
62,13,133,74
62,14,134,84
62,13,140,73
62,14,147,82
62,13,147,71
62,13,146,78
62,13,178,31
62,13,187,30
62,14,141,109
62,15,152,43
62,14,161,40
62,16,43,115
62,16,56,111
62,15,139,166
62,15,159,48
62,17,53,88
62,17,143,45
62,17,172,83
62,17,184,84
62,19,203,81
62,19,205,91
62,21,33,140
62,22,42,104
62,21,42,97
62,23,138,103
62,25,185,69
62,24,182,140
62,25,190,135
62,25,190,147
62,25,198,139
62,27,61,144
62,27,67,139
62,27,73,139
62,27,170,65
62,29,116,133
62,29,125,131
62,32,40,119
62,33,88,155
62,33,87,164
62,33,97,155
62,33,96,163
62,33,144,141
62,33,155,136
62,33,152,146
62,33,195,137
62,35,226,82
62,37,173,144
62,37,211,87
62,39,127,154
62,39,133,153
62,39,141,159
62,38,143,88
62,39,154,86
62,41,108,126
62,43,137,226
62,42,144,220
62,42,144,229
62,42,150,224
62,43,60,198
62,43,70,197
62,45,41,139
62,45,69,153
62,45,71,161
62,45,115,180
62,45,125,178
62,47,170,229
62,48,202,97
62,49,116,152
62,49,128,148
62,50,160,188
62,50,160,198
62,49,169,187
62,49,170,196
62,49,190,194
62,49,196,186
62,49,202,192
62,50,29,202
62,50,124,158
62,53,217,141
62,55,176,211
62,57,89,189
62,60,108,199
62,25,49,112
62,20,23,188
62,36,75,177
62,50,39,200
62,59,174,177
62,31,63,217
62,31,161,128
62,36,66,172
62,41,138,121
62,41,164,111
62,11,204,25
62,22,73,170
62,27,206,96
62,36,149,105
62,37,79,139
62,39,214,182
62,40,216,193
62,47,52,220
62,6,30,70
62,6,36,67
62,6,37,74
62,5,159,28
62,6,228,30
62,6,229,37
62,7,105,48
62,7,63,95
62,8,63,105
62,8,113,47
62,8,193,87
62,8,203,88
62,10,159,59
62,10,166,57
62,11,166,65
62,11,120,30
62,11,197,26
62,12,68,69
62,12,73,61
62,12,210,26
62,12,213,32
62,12,221,26
62,12,220,33
62,15,28,99
62,16,108,95
62,16,108,103
62,16,111,110
62,16,114,91
62,16,115,99
62,16,118,51
62,16,119,58
62,16,119,115
62,16,123,91
62,16,173,73
62,16,180,42
62,16,181,59
62,16,185,72
62,16,184,50
62,16,227,75
62,16,230,80
62,16,231,89
62,17,113,47
62,20,127,58
62,20,129,65
62,20,134,55
62,20,135,64
62,20,142,55
62,20,142,64
62,24,120,66
62,24,157,98
62,24,157,105
62,24,164,95
62,24,164,102
62,24,164,109
62,24,171,95
62,24,170,102
62,24,171,109
62,24,176,99
62,24,176,106
62,24,192,57
62,24,196,63
62,24,227,75
62,24,229,85
62,28,140,76
62,28,148,75
62,28,146,85
62,28,197,97
62,28,209,105
62,31,168,124
62,32,106,93
62,31,113,93
62,31,74,113
62,32,90,108
62,32,98,102
62,32,99,112
62,32,102,99
62,32,127,98
62,32,135,98
62,32,168,96
62,32,173,111
62,32,175,96
62,32,175,121
62,32,179,88
62,32,195,71
62,36,55,144
62,36,187,78
62,36,185,85
62,36,189,90
62,40,66,131
62,40,68,138
62,40,162,167
62,40,163,174
62,40,167,164
62,40,174,164
62,40,177,107
62,40,184,102
62,40,184,111
62,40,191,108
62,41,198,151
62,40,199,107
62,40,207,184
62,40,208,194
62,40,222,177
62,40,225,184
62,40,224,192
62,41,191,152
62,41,197,143
62,41,206,107
62,43,65,249
62,42,73,247
62,42,80,164
62,47,147,109
62,47,148,116
62,48,200,161
62,48,28,154
62,48,34,152
62,48,40,187
62,48,44,217
62,48,44,226
62,48,47,182
62,48,46,190
62,48,46,107
62,48,49,198
62,48,50,228
62,48,53,190
62,48,55,101
62,48,53,212
62,48,56,227
62,48,60,212
62,48,60,219
62,48,64,226
62,48,64,174
62,48,67,212
62,48,68,219
62,48,68,181
62,48,70,169
62,48,74,175
62,48,76,184
62,48,80,175
62,48,81,204
62,48,82,212
62,50,88,195
62,48,89,206
62,48,89,214
62,48,89,150
62,48,96,199
62,48,97,206
62,48,96,213
62,48,98,149
62,48,114,249
62,48,130,138
62,48,136,136
62,48,137,142
62,48,141,148
62,48,144,139
62,48,156,134
62,48,162,130
62,48,162,138
62,48,169,129
62,48,169,137
62,48,175,126
62,48,175,132
62,48,176,139
62,48,181,125
62,48,181,132
62,48,182,139
62,48,189,126
62,48,190,133
62,48,192,164
62,48,194,170
62,48,197,177
62,48,204,172
62,48,206,122
62,48,213,91
62,48,213,98
62,48,212,118
62,48,218,116
62,48,217,122
62,48,222,75
62,48,222,85
62,48,223,108
62,48,224,116
62,48,226,123
62,48,230,112
62,50,228,169
62,51,229,177
62,52,66,198
62,52,68,191
62,53,72,204
62,53,75,196
62,52,99,219
62,52,99,226
62,52,105,217
62,52,107,225
62,53,113,220
62,56,27,228
62,56,28,210
62,59,60,225
62,56,95,236
62,56,164,160
62,57,32,219
62,57,35,211
62,57,62,204
62,6,195,47
62,15,105,137
62,24,175,34
62,41,90,67
62,53,122,176
62,49,213,67
62,49,224,65
62,32,177,161
62,48,29,110
62,54,153,159
62,4,27,98
62,5,33,99
62,4,78,46
62,3,85,38
62,4,86,52
62,3,94,42
62,10,5,165
62,15,238,28
62,15,231,29
62,16,244,29
62,24,225,27
62,27,244,133
62,27,250,131
62,28,249,137
62,47,28,93
62,47,27,100
62,47,30,87
62,47,33,93
62,47,33,100
62,47,35,87
62,47,39,92
62,47,40,99
62,47,44,91
62,47,51,93
62,48,248,154
62,48,28,118
62,48,28,126
62,48,35,106
62,48,80,124
62,48,153,74
62,48,160,70
62,48,160,76
62,48,166,69
62,48,172,68
62,48,179,65
62,48,186,64
62,48,191,58
62,48,197,56
62,48,203,56
62,48,208,57
62,48,215,57
62,48,222,55
62,48,228,54
62,49,149,84
62,49,157,83
62,49,163,83
62,49,166,75
62,49,170,82
62,49,172,75
62,49,178,73
62,49,184,71
62,49,191,67
62,49,197,64
62,49,203,65
62,51,197,242
62,53,146,159
62,59,131,173
62,58,137,183
62,58,207,159
62,60,223,172
62,58,214,158
62,59,165,249
62,41,230,97
62,44,16,228
62,6,38,56
62,6,44,52
62,6,59,45
62,4,61,82
62,4,72,83
62,12,70,42
62,13,71,46
62,14,28,63
62,15,31,59
62,15,10,131
62,16,200,145
62,16,200,141
62,28,118,40
62,28,128,32
62,28,132,31
62,30,62,31
62,31,70,31
62,30,76,30
62,30,86,30
62,36,182,30
62,36,189,29
62,36,194,29
62,36,198,29
62,37,251,165
62,40,74,62
62,48,121,81
62,48,125,76
62,48,124,85
62,48,127,80
62,48,130,86
62,48,132,92
62,48,132,76
62,48,138,82
62,48,138,88
62,48,167,92
62,48,172,93
62,48,176,90
62,59,127,250
63,47,199,211
63,16,139,46
63,17,102,64
63,32,199,141
63,5,55,54
63,58,179,220
63,18,128,106
63,14,143,113
63,14,150,106
63,14,150,118
63,14,159,112
63,26,190,141
63,30,27,216
63,30,37,214
63,30,33,224
63,30,42,172
63,30,52,171
63,31,181,117
63,30,191,116
63,35,148,143
63,46,51,170
63,46,149,179
63,51,104,164
63,50,168,192
63,52,133,213
63,7,119,33
63,31,37,149
63,36,222,125
63,42,180,175
63,20,172,55
63,28,127,80
63,26,134,117
63,30,225,61
63,14,38,84
63,14,150,77
63,25,69,93
63,40,117,154
63,45,144,118
63,46,186,183
63,58,216,205
63,37,26,152
63,41,58,137
63,15,160,40
63,22,219,87
63,38,107,160
63,9,200,86
63,14,188,32
63,20,27,185
63,22,33,143
63,25,48,111
63,27,103,123
63,30,98,199
63,37,89,123
63,42,113,128
63,58,102,200
63,9,110,69
63,11,110,80
63,11,120,75
63,11,200,68
63,13,85,97
63,13,87,105
63,13,92,96
63,13,94,106
63,13,100,92
63,13,101,102
63,13,136,73
63,14,135,82
63,13,142,73
63,17,50,93
63,17,51,82
63,17,114,99
63,16,117,110
63,17,172,81
63,17,176,90
63,17,181,78
63,17,188,84
63,18,58,86
63,19,207,82
63,19,208,92
63,21,40,100
63,22,81,79
63,21,139,58
63,22,212,52
63,23,142,105
63,26,189,71
63,27,71,139
63,27,96,131
63,27,105,131
63,27,176,65
63,29,40,161
63,29,49,160
63,29,121,132
63,30,60,220
63,30,32,124
63,31,69,220
63,32,143,182
63,31,167,127
63,33,27,186
63,32,78,117
63,35,96,160
63,38,32,193
63,34,203,82
63,37,215,84
63,39,103,214
63,38,215,93
63,39,104,223
63,39,111,216
63,39,116,167
63,39,123,121
63,39,126,153
63,39,126,163
63,39,133,153
63,39,133,162
63,39,141,160
63,39,149,88
63,41,214,191
63,41,225,188
63,43,138,226
63,42,146,222
63,42,146,229
63,42,216,156
63,42,225,154
63,42,60,200
63,43,71,196
63,43,69,205
63,43,216,163
63,43,225,163
63,47,34,142
63,45,46,139
63,45,72,153
63,44,74,163
63,45,115,180
63,45,124,178
63,45,31,180
63,48,44,222
63,48,58,220
63,49,43,198
63,49,195,190
63,49,205,190
63,49,216,131
63,50,30,203
63,50,37,206
63,50,120,158
63,50,128,157
63,51,102,176
63,52,112,175
63,7,161,29
63,10,167,64
63,58,37,226
63,7,33,70
63,5,103,41
63,10,226,33
63,20,93,78
63,29,82,85
63,29,201,107
63,32,179,90
63,35,228,79
63,50,141,154
63,60,180,177
63,15,228,61
63,29,165,75
63,30,151,34
63,13,78,73
63,13,83,64
63,15,140,163
63,30,166,84
63,36,190,86
63,42,170,115
63,53,101,228
63,6,27,100
63,6,33,96
63,7,35,103
63,5,85,45
63,3,94,39
63,6,94,53
63,8,50,108
63,8,44,106
63,8,47,99
63,8,54,95
63,8,56,102
63,8,55,110
63,8,62,96
63,8,64,102
63,8,63,108
63,8,114,49
63,12,68,71
63,12,74,60
63,12,201,25
63,12,208,22
63,12,207,30
63,12,214,25
63,12,214,32
63,16,50,113
63,15,100,140
63,15,109,138
63,16,28,95
63,16,28,105
63,16,36,113
63,16,38,122
63,16,44,111
63,16,44,119
63,16,45,126
63,16,50,122
63,16,55,107
63,16,59,114
63,16,57,121
63,16,120,58
63,16,174,41
63,16,185,44
63,16,187,50
63,16,185,58
63,16,227,71
63,20,18,188
63,20,67,81
63,22,71,176
63,24,31,112
63,24,154,104
63,24,157,97
63,24,160,106
63,24,165,94
63,24,166,100
63,24,166,108
63,24,171,35
63,24,173,97
63,24,173,106
63,24,177,33
63,24,193,56
63,24,200,51
63,24,200,57
63,24,202,63
63,24,228,78
63,24,229,84
63,25,229,91
63,27,208,95
63,28,59,141
63,28,59,148
63,28,67,149
63,27,95,80
63,28,141,76
63,28,145,84
63,28,149,74
63,28,199,97
63,28,211,103
63,29,152,81
63,32,44,116
63,32,44,124
63,32,91,113
63,32,99,111
63,32,108,91
63,32,116,89
63,32,115,97
63,32,130,97
63,32,139,94
63,32,137,103
63,32,158,125
63,32,171,95
63,32,174,116
63,36,51,147
63,36,59,150
63,36,63,174
63,36,64,181
63,36,68,170
63,36,70,177
63,36,70,184
63,36,77,171
63,36,78,177
63,36,77,183
63,36,146,103
63,36,149,112
63,36,154,101
63,36,156,110
63,36,165,141
63,36,166,147
63,36,171,138
63,36,172,144
63,36,172,151
63,36,177,138
63,36,179,144
63,36,180,150
63,39,187,145
63,36,228,88
63,37,80,141
63,40,70,138
63,40,89,133
63,40,97,132
63,40,100,124
63,40,167,168
63,40,167,175
63,40,171,164
63,40,179,164
63,40,180,105
63,41,180,111
63,40,186,104
63,41,189,110
63,40,211,182
63,40,217,178
63,40,225,178
63,41,162,117
63,42,62,250
63,42,70,248
63,41,92,69
63,42,201,108
63,44,206,140
63,45,214,143
63,48,40,187
63,48,43,109
63,48,48,188
63,48,51,208
63,48,53,103
63,48,53,192
63,48,54,200
63,48,64,169
63,48,63,177
63,48,69,183
63,48,70,169
63,48,70,176
63,48,76,182
63,48,77,172
63,48,81,206
63,48,85,214
63,48,87,204
63,48,90,154
63,48,91,214
63,48,94,205
63,48,98,152
63,48,98,212
63,48,97,199
63,48,101,206
63,48,136,141
63,48,143,139
63,48,144,145
63,49,161,138
63,49,167,137
63,48,173,231
63,49,174,130
63,49,174,138
63,48,180,228
63,48,180,127
63,48,180,133
63,49,180,140
63,48,186,125
63,48,186,132
63,48,187,139
63,48,192,128
63,48,193,135
63,48,192,166
63,48,199,92
63,48,199,100
63,48,199,160
63,48,199,167
63,48,197,173
63,48,200,179
63,48,205,89
63,48,205,99
63,48,207,162
63,48,208,168
63,48,207,175
63,48,209,121
63,48,211,88
63,48,212,99
63,48,215,119
63,48,219,92
63,48,220,114
63,48,221,121
63,48,227,108
63,48,229,116
63,48,228,123
63,49,192,68
63,49,201,61
63,51,204,242
63,52,101,220
63,52,109,218
63,52,111,224
63,54,68,197
63,56,64,205
63,55,76,196
63,54,75,203
63,54,212,141
63,54,219,147
63,54,221,142
63,56,94,238
63,55,157,162
63,56,165,158
63,56,166,166
63,56,229,152
63,41,239,158
63,48,31,108
63,7,195,48
63,50,220,63
63,54,123,179
63,4,65,85
63,5,76,84
63,16,11,133
63,16,16,133
63,16,244,28
63,18,232,88
63,24,224,27
63,28,250,135
63,31,146,42
63,32,179,163
63,47,26,98
63,47,28,91
63,47,32,97
63,47,33,88
63,47,38,95
63,47,44,91
63,47,114,250
63,47,122,250
63,48,28,119
63,48,28,126
63,48,80,127
63,49,214,71
63,48,219,77
63,49,221,71
63,49,224,84
63,49,227,78
63,49,29,155
63,49,150,80
63,49,157,73
63,49,157,79
63,49,157,98
63,49,163,69
63,49,163,76
63,49,167,92
63,49,165,99
63,49,169,69
63,49,170,77
63,49,175,71
63,49,183,67
63,49,226,56
63,49,227,71
63,50,153,86
63,50,162,85
63,59,130,173
63,59,135,185
63,60,147,191
63,13,75,45
63,51,239,172
63,6,43,49
63,6,58,84
63,6,83,84
63,10,5,165
63,15,29,59
63,16,200,141
63,16,199,146
63,16,204,140
63,16,202,146
63,30,70,30
63,30,78,30
63,30,86,30
63,30,94,30
63,31,97,59
63,30,110,31
63,30,118,31
63,31,101,58
63,36,246,118
63,38,190,30
63,38,198,30
63,38,54,96
63,38,60,90
63,44,26,227
63,50,231,172
63,59,209,163
63,59,215,161
63,60,223,171
64,18,109,65
64,24,224,90
64,28,37,151
64,48,198,213
64,14,135,45
64,35,145,149
64,8,59,61
64,8,122,36
64,15,145,116
64,15,158,115
64,17,116,106
64,17,127,108
64,18,157,49
64,23,136,108
64,26,134,120
64,26,192,142
64,26,203,141
64,30,28,218
64,31,38,218
64,30,41,174
64,30,51,171
64,31,186,122
64,32,223,65
64,36,219,127
64,39,225,134
64,41,220,190
64,47,119,153
64,51,105,169
64,58,216,208
64,10,201,89
64,18,146,49
64,46,49,173
64,46,185,182
64,42,115,131
64,14,147,80
64,16,44,90
64,26,76,83
64,38,108,163
64,44,139,124
64,22,28,189
64,27,104,132
64,19,172,54
64,17,182,87
64,30,127,131
64,42,55,140
64,53,133,215
64,58,177,221
64,6,96,47
64,12,114,79
64,15,194,30
64,39,119,157
64,43,61,208
64,45,225,166
64,45,30,185
64,50,92,199
64,54,219,142
64,6,69,89
64,11,163,63
64,11,171,64
64,13,77,72
64,13,86,100
64,13,88,108
64,13,92,97
64,13,94,107
64,14,100,93
64,13,102,100
64,13,100,107
64,13,134,75
64,13,141,72
64,13,199,74
64,13,204,28
64,13,213,29
64,14,130,81
64,15,94,64
64,17,176,79
64,17,183,53
64,20,208,89
64,21,64,91
64,21,73,91
64,21,87,85
64,21,90,77
64,22,132,60
64,23,142,60
64,25,156,108
64,25,168,104
64,25,168,114
64,27,174,64
64,27,68,98
64,27,94,132
64,27,188,73
64,29,139,85
64,29,147,83
64,29,201,101
64,29,208,107
64,30,116,134
64,30,30,130
64,31,62,223
64,31,94,204
64,31,102,203
64,30,126,90
64,32,134,93
64,31,167,81
64,32,137,183
64,32,149,177
64,32,148,188
64,33,177,93
64,35,81,126
64,35,81,122
64,35,96,162
64,35,195,142
64,35,204,140
64,36,171,154
64,36,74,175
64,37,189,83
64,37,190,92
64,35,207,79
64,38,208,88
64,40,106,222
64,39,119,167
64,39,131,159
64,39,210,95
64,39,219,90
64,41,191,147
64,42,60,199
64,43,70,199
64,43,70,206
64,44,139,229
64,43,147,229
64,44,213,155
64,43,221,158
64,43,230,158
64,46,113,185
64,45,119,179
64,45,120,188
64,45,127,178
64,45,127,185
64,47,41,223
64,47,141,183
64,47,150,178
64,47,152,189
64,47,48,216
64,47,51,225
64,47,57,216
64,46,73,160
64,47,157,181
64,49,42,195
64,51,39,208
64,49,52,199
64,50,136,146
64,50,138,155
64,49,146,146
64,50,177,135
64,49,184,141
64,49,211,125
64,49,222,124
64,52,146,160
64,50,161,194
64,50,164,187
64,50,163,201
64,50,167,194
64,50,172,187
64,50,171,200
64,50,175,194
64,49,198,188
64,50,201,190
64,50,201,198
64,50,208,194
64,52,108,223
64,51,125,162
64,56,71,204
64,29,46,120
64,37,228,87
64,47,36,143
64,7,30,104
64,9,109,50
64,8,162,31
64,37,27,194
64,38,31,198
64,14,224,37
64,24,42,105
64,22,216,55
64,28,60,149
64,28,70,148
64,36,178,146
64,39,138,88
64,39,152,84
64,57,165,165
64,6,41,65
64,7,201,50
64,8,29,74
64,8,36,73
64,8,39,104
64,8,44,110
64,8,46,102
64,8,50,110
64,8,51,100
64,8,56,106
64,8,55,113
64,8,60,99
64,8,64,105
64,8,62,112
64,5,223,48
64,8,238,39
64,12,60,76
64,12,192,65
64,12,197,59
64,12,198,65
64,13,205,64
64,16,139,163
64,16,25,97
64,16,25,105
64,16,29,112
64,16,32,98
64,16,32,105
64,16,36,116
64,16,36,125
64,16,43,113
64,16,43,120
64,16,43,127
64,16,49,110
64,16,49,117
64,16,49,125
64,16,55,108
64,16,55,116
64,16,55,124
64,16,61,113
64,16,61,121
64,16,100,139
64,16,100,147
64,16,106,136
64,16,107,145
64,16,113,141
64,16,163,37
64,16,171,41
64,16,182,36
64,16,188,41
64,16,195,41
64,16,225,62
64,16,225,72
64,16,233,63
64,16,233,72
64,25,30,117
64,24,72,183
64,24,147,107
64,24,149,116
64,24,195,58
64,24,205,55
64,24,204,63
64,24,220,28
64,24,226,28
64,25,175,37
64,26,121,74
64,28,64,139
64,28,74,139
64,28,94,84
64,32,27,186
64,32,40,134
64,32,87,113
64,32,95,106
64,32,96,116
64,32,105,99
64,32,108,91
64,32,111,100
64,32,116,90
64,32,118,99
64,32,156,129
64,32,162,125
64,32,162,132
64,32,163,137
64,32,164,92
64,32,169,123
64,32,169,131
64,32,176,113
64,32,183,110
64,37,28,159
64,36,63,169
64,36,63,177
64,37,147,106
64,37,154,114
64,37,155,105
64,37,52,151
64,38,75,141
64,38,82,141
64,40,66,138
64,40,66,145
64,40,92,136
64,40,97,127
64,40,100,134
64,40,142,95
64,40,148,93
64,40,155,92
64,40,161,169
64,40,162,176
64,40,166,165
64,40,172,173
64,40,171,179
64,40,175,167
64,42,180,110
64,42,188,107
64,42,188,114
64,43,199,111
64,44,162,115
64,43,162,123
64,44,171,116
64,43,170,125
64,43,207,110
64,48,35,191
64,48,41,103
64,48,53,104
64,48,59,163
64,48,63,172
64,48,63,179
64,48,66,185
64,48,70,172
64,48,69,179
64,48,74,188
64,48,76,178
64,48,81,208
64,48,86,212
64,48,92,156
64,48,94,212
64,48,151,110
64,48,178,232
64,48,190,132
64,48,192,168
64,48,198,164
64,48,198,171
64,48,200,95
64,48,200,177
64,48,201,101
64,48,205,165
64,48,205,89
64,48,207,173
64,48,208,96
64,48,208,102
64,48,212,88
64,48,215,95
64,48,216,101
64,48,222,91
64,48,222,113
64,48,228,109
64,48,229,117
64,51,158,139
64,50,159,146
64,51,164,138
64,50,165,146
64,50,193,65
64,50,204,62
64,51,29,202
64,51,28,208
64,60,164,185
64,48,30,108
64,34,154,41
64,42,64,250
64,33,151,31
64,12,6,171
64,15,14,134
64,15,226,50
64,15,243,125
64,15,247,125
64,16,18,135
64,16,27,131
64,28,249,136
64,31,249,113
64,33,167,168
64,42,88,70
64,43,91,76
64,43,96,66
64,43,100,72
64,47,28,97
64,47,34,93
64,48,28,119
64,48,28,128
64,48,121,251
64,49,225,82
64,49,226,76
64,49,62,108
64,49,79,127
64,49,83,131
64,49,186,68
64,49,220,72
64,50,225,59
64,49,226,69
64,51,217,65
64,52,238,174
64,52,67,248
64,52,243,173
64,53,207,247
64,54,124,182
64,56,94,238
64,57,93,245
64,58,27,227
64,58,32,223
64,58,32,232
64,59,42,228
64,50,157,82
64,50,156,89
64,6,142,26
64,6,216,54
64,6,222,53
64,14,76,47
64,17,246,30
64,30,54,30
64,30,62,30
64,38,188,30
64,50,146,82
64,50,150,86
64,50,165,80
64,50,165,86
64,52,71,113
64,52,75,113
65,27,79,88
65,21,110,68
65,33,226,64
65,29,200,144
65,52,106,172
65,49,199,215
65,11,62,64
65,25,35,152
65,44,216,198
65,14,89,104
65,19,49,92
65,18,116,106
65,18,124,99
65,17,124,111
65,20,134,107
65,19,136,52
65,18,146,50
65,18,162,47
65,22,28,189
65,28,103,132
65,30,29,216
65,30,37,212
65,30,47,174
65,33,141,184
65,34,153,183
65,38,78,173
65,38,215,130
65,38,225,124
65,39,224,134
65,43,124,129
65,43,224,186
65,43,221,194
65,47,50,177
65,47,185,183
65,46,222,166
65,58,94,199
65,18,179,85
65,40,197,144
65,52,205,196
65,54,135,218
65,26,139,119
65,30,129,129
65,31,182,125
65,34,149,141
65,34,145,152
65,41,57,143
65,46,144,128
65,59,215,209
65,11,120,36
65,6,69,88
65,12,197,88
65,15,125,76
65,14,149,77
65,14,196,75
65,25,215,57
65,27,225,91
65,30,207,106
65,37,103,162
65,37,172,158
65,40,91,132
65,46,212,158
65,50,50,209
65,6,103,42
65,9,57,106
65,10,110,76
65,11,111,32
65,11,117,77
65,11,163,28
65,11,166,61
65,11,168,35
65,11,207,90
65,14,101,97
65,14,112,85
65,13,132,74
65,13,138,80
65,13,142,68
65,13,194,65
65,13,200,60
65,13,201,68
65,14,209,63
65,14,208,73
65,15,206,29
65,15,78,74
65,15,140,117
65,15,148,110
65,15,148,122
65,15,156,108
65,15,154,120
65,15,161,117
65,15,214,33
65,15,223,29
65,13,228,38
65,17,108,143
65,17,191,41
65,18,28,104
65,18,175,52
65,19,180,53
65,19,186,53
65,21,208,89
65,21,217,86
65,23,92,82
65,27,203,63
65,29,37,164
65,29,46,162
65,29,48,152
65,29,62,149
65,29,72,148
65,28,176,64
65,29,183,76
65,29,188,65
65,29,193,76
65,31,120,137
65,33,98,112
65,33,99,122
65,33,110,96
65,33,119,97
65,33,185,114
65,35,95,162
65,37,67,174
65,37,180,155
65,37,181,147
65,39,111,163
65,42,120,157
65,39,124,163
65,39,131,156
65,39,129,168
65,39,140,158
65,39,138,170
65,41,100,226
65,41,108,224
65,41,164,169
65,41,170,179
65,41,175,169
65,42,60,201
65,43,69,199
65,43,69,206
65,47,40,143
65,45,111,136
65,45,141,232
65,46,141,137
65,47,111,190
65,47,122,183
65,47,123,191
65,48,147,182
65,47,214,218
65,50,160,192
65,50,175,189
65,51,183,139
65,50,195,191
65,50,199,185
65,51,143,148
65,51,163,200
65,51,167,188
65,51,172,198
65,51,216,129
65,50,226,122
65,57,172,213
65,60,170,225
65,59,184,216
65,24,69,184
65,34,175,93
65,37,31,166
65,38,30,204
65,39,28,157
65,47,78,165
65,57,215,154
65,9,98,55
65,10,33,76
65,32,101,207
65,34,133,99
65,38,191,90
65,29,50,120
65,32,39,139
65,33,78,117
65,38,209,85
65,53,109,226
65,16,139,160
65,24,156,111
65,30,28,136
65,31,143,83
65,37,168,146
65,45,175,119
65,6,146,30
65,5,219,51
65,7,71,51
65,8,27,103
65,8,33,98
65,8,33,107
65,8,39,102
65,8,45,61
65,8,44,109
65,8,46,70
65,8,48,100
65,8,90,47
65,8,132,41
65,8,134,33
65,8,196,48
65,8,204,49
65,11,114,50
65,12,118,55
65,12,125,49
65,16,31,90
65,16,32,118
65,16,32,126
65,16,36,84
65,16,37,96
65,16,39,112
65,16,40,120
65,16,40,128
65,16,47,110
65,16,46,118
65,16,46,126
65,16,52,111
65,16,52,118
65,16,53,125
65,16,58,114
65,16,59,120
65,16,88,62
65,16,91,71
65,16,96,55
65,16,96,62
65,16,189,29
65,16,195,26
65,16,226,61
65,16,227,74
65,16,234,62
65,16,235,69
65,24,37,101
65,24,36,108
65,24,44,102
65,25,45,112
65,24,50,105
65,24,133,67
65,24,142,66
65,24,148,108
65,24,156,102
65,24,162,97
65,24,164,104
65,24,165,112
65,24,172,99
65,24,172,109
65,26,29,113
65,26,30,119
65,27,177,37
65,28,62,101
65,28,63,139
65,28,68,104
65,28,70,138
65,29,74,106
65,28,77,140
65,28,123,81
65,32,36,124
65,32,39,132
65,32,46,129
65,32,54,226
65,32,61,221
65,32,61,228
65,32,68,222
65,32,68,228
65,32,123,89
65,32,129,85
65,32,135,84
65,32,141,92
65,32,147,92
65,32,150,82
65,32,153,89
65,32,158,127
65,32,158,84
65,32,163,91
65,32,165,123
65,32,165,77
65,32,166,84
65,32,166,131
65,32,172,78
65,36,36,148
65,36,79,127
65,36,214,63
65,39,151,107
65,39,156,114
65,39,159,106
65,40,69,140
65,40,75,142
65,40,83,140
65,40,84,148
65,40,138,90
65,40,144,85
65,40,148,93
65,40,150,84
65,41,156,92
65,40,157,84
65,40,203,95
65,40,210,97
65,40,217,96
65,40,220,89
65,40,229,91
65,44,164,119
65,44,164,126
65,44,171,128
65,44,181,110
65,44,183,117
65,44,188,106
65,44,190,115
65,44,195,112
65,44,201,109
65,44,205,116
65,44,208,110
65,48,43,224
65,48,52,223
65,48,27,186
65,48,27,195
65,48,32,102
65,47,35,185
65,48,35,193
65,48,44,230
65,48,52,229
65,48,59,222
65,48,63,169
65,48,64,162
65,48,64,176
65,48,64,182
65,48,69,188
65,48,69,157
65,48,70,174
65,48,70,181
65,48,76,189
65,48,78,155
65,48,77,180
65,48,82,206
65,48,82,213
65,48,88,203
65,48,88,210
65,48,88,217
65,48,96,203
65,48,97,210
65,48,96,217
65,48,140,114
65,48,146,109
65,48,153,112
65,48,154,192
65,48,160,178
65,48,174,239
65,48,181,236
65,48,188,169
65,48,193,162
65,48,195,169
65,48,201,175
65,48,202,162
65,48,204,168
65,48,203,93
65,48,203,101
65,48,208,90
65,48,210,97
65,48,210,103
65,48,216,90
65,49,218,99
65,49,225,90
65,52,27,204
65,52,30,211
65,52,35,203
65,52,37,213
65,52,121,159
65,52,124,167
65,52,128,158
65,53,131,167
65,52,133,152
65,52,134,159
65,52,142,160
65,52,160,141
65,52,164,148
65,52,168,140
65,58,66,212
65,56,75,203
65,56,76,210
65,56,95,234
65,56,93,243
65,56,150,171
65,57,182,159
65,59,176,170
65,51,225,66
65,32,26,187
65,35,156,30
65,35,159,38
65,15,10,136
65,15,16,134
65,15,221,50
65,16,228,49
65,15,241,128
65,16,246,127
65,24,222,28
65,25,227,28
65,32,250,114
65,33,171,171
65,35,150,31
65,35,150,48
65,35,151,39
65,35,158,47
65,35,206,75
65,36,212,73
65,43,63,251
65,43,240,164
65,48,28,123
65,48,29,131
65,48,43,97
65,48,49,99
65,49,29,115
65,49,42,105
65,49,49,106
65,49,55,101
65,50,57,109
65,49,60,105
65,52,66,249
65,52,240,174
65,56,124,189
65,56,167,165
65,48,120,251
65,49,125,251
65,49,226,52
65,3,49,122
65,4,52,128
65,3,56,121
65,4,150,60
65,13,5,172
65,12,5,175
65,29,251,135
65,30,44,30
65,30,50,30
65,30,54,31
65,44,27,229
65,44,90,72
65,47,45,249
65,46,96,74
65,46,96,78
65,46,102,78
65,47,102,98
65,47,109,98
65,47,107,101
65,47,114,98
65,47,246,110
65,50,194,58
65,50,199,56
65,50,206,56
65,52,86,131
65,52,88,132
65,52,158,88
65,52,188,68
65,52,194,65
65,52,199,59
65,53,200,65
65,52,206,62
65,52,213,59
65,53,92,138
65,53,96,138
65,54,208,250
65,54,213,250
65,59,32,229
66,23,113,69
66,28,70,95
66,50,201,217
66,15,101,63
66,40,221,130
66,41,167,178
66,21,141,57
66,21,128,105
66,46,183,180
66,54,107,178
66,14,139,83
66,14,149,74
66,14,201,96
66,15,214,93
66,26,146,109
66,27,88,84
66,29,194,148
66,30,205,145
66,35,174,122
66,35,181,112
66,34,183,123
66,35,191,116
66,36,145,190
66,36,155,187
66,38,176,156
66,42,174,170
66,19,47,94
66,45,221,194
66,41,197,147
66,54,204,199
66,10,108,41
66,35,225,66
66,50,195,191
66,57,134,220
66,21,161,51
66,6,42,64
66,30,69,150
66,29,227,93
66,41,90,135
66,12,61,103
66,13,60,68
66,13,122,38
66,15,123,82
66,18,195,35
66,21,174,92
66,26,169,101
66,34,199,113
66,42,60,144
66,46,126,133
66,50,51,218
66,55,91,206
66,54,216,139
66,6,50,127
66,7,56,122
66,8,75,85
66,9,49,105
66,10,134,37
66,13,38,80
66,12,115,77
66,13,117,53
66,14,124,54
66,14,136,69
66,12,169,34
66,17,35,126
66,17,43,119
66,17,44,131
66,17,53,118
66,17,52,128
66,17,141,115
66,17,144,125
66,17,150,112
66,17,152,124
66,16,160,118
66,18,109,146
66,19,177,83
66,19,187,84
66,23,200,87
66,23,204,96
66,23,211,85
66,23,214,95
66,25,32,191
66,27,158,103
66,27,165,109
66,29,72,140
66,29,95,132
66,29,102,127
66,29,102,137
66,29,109,130
66,29,124,79
66,31,34,180
66,30,42,172
66,32,34,219
66,30,43,156
66,31,44,180
66,31,48,165
66,31,52,174
66,32,35,129
66,33,42,139
66,33,45,128
66,33,129,89
66,33,141,91
66,33,149,84
66,33,149,94
66,34,106,100
66,35,117,101
66,36,126,101
66,36,136,101
66,37,74,170
66,37,92,165
66,37,99,165
66,37,148,149
66,37,210,84
66,38,70,178
66,38,105,166
66,40,30,164
66,41,134,167
66,41,209,95
66,41,222,94
66,46,46,141
66,44,63,206
66,45,72,210
66,45,74,202
66,47,136,133
66,47,148,132
66,48,221,168
66,49,33,190
66,49,90,217
66,49,148,115
66,50,206,94
66,50,208,104
66,51,190,170
66,51,200,169
66,53,170,199
66,58,71,213
66,60,214,213
66,25,69,185
66,27,45,110
66,31,137,123
66,41,147,89
66,54,108,228
66,37,82,124
66,37,179,98
66,48,53,183
66,53,176,143
66,27,217,60
66,9,30,107
66,12,159,59
66,17,229,71
66,30,52,121
66,33,52,227
66,36,163,129
66,35,174,82
66,37,154,31
66,42,95,231
66,45,102,140
66,46,192,117
66,47,85,173
66,47,168,125
66,48,156,190
66,55,129,171
66,8,26,99
66,8,32,98
66,9,37,103
66,8,65,56
66,8,65,92
66,8,73,50
66,8,73,60
66,8,72,95
66,8,144,28
66,8,144,34
66,6,153,27
66,9,153,35
66,8,211,53
66,8,211,61
66,8,217,51
66,8,217,57
66,8,218,63
66,8,224,50
66,9,225,58
66,10,27,83
66,11,195,54
66,10,203,55
66,12,32,73
66,12,163,67
66,12,166,54
66,12,167,61
66,12,173,66
66,12,174,57
66,16,63,81
66,16,70,77
66,16,73,65
66,16,76,71
66,16,76,80
66,16,83,65
66,16,82,72
66,16,83,80
66,16,82,102
66,16,84,109
66,16,89,74
66,16,87,96
66,16,89,102
66,16,90,110
66,16,94,94
66,16,95,101
66,16,96,110
66,16,102,94
66,16,104,100
66,16,105,109
66,16,136,162
66,16,143,162
66,16,193,71
66,16,196,65
66,16,195,79
66,16,199,71
66,16,202,62
66,16,201,79
66,16,205,68
66,16,210,61
66,16,211,74
66,16,211,81
66,16,207,24
66,16,209,30
66,16,209,37
66,16,213,68
66,16,215,25
66,16,215,31
66,16,216,38
66,16,220,43
66,16,222,26
66,16,221,33
66,16,227,38
66,15,227,46
66,16,227,32
66,16,242,131
66,20,28,99
66,20,26,108
66,20,31,107
66,20,174,44
66,20,176,51
66,21,177,58
66,20,182,48
66,21,185,57
66,20,189,49
66,24,31,149
66,24,33,159
66,28,27,114
66,28,28,121
66,28,34,117
66,28,199,65
66,28,205,58
66,28,207,68
66,29,198,72
66,32,27,135
66,32,28,143
66,32,63,226
66,32,100,210
66,32,118,133
66,32,119,139
66,32,125,129
66,32,125,136
66,32,125,142
66,32,132,133
66,32,132,140
66,32,178,66
66,32,178,73
66,32,182,81
66,32,184,64
66,32,184,71
66,32,191,79
66,32,190,68
66,32,202,103
66,32,208,101
66,32,207,108
66,32,208,115
66,32,215,103
66,32,215,109
66,32,215,115
66,33,76,115
66,36,91,117
66,36,99,112
66,36,100,121
66,36,153,139
66,36,165,84
66,36,163,91
66,36,169,97
66,36,171,90
66,38,39,152
66,37,149,38
66,37,155,47
66,37,162,39
66,40,26,208
66,40,28,215
66,40,32,204
66,40,35,212
66,40,74,141
66,40,76,149
66,40,79,141
66,40,84,150
66,40,111,155
66,40,110,164
66,40,117,152
66,40,118,160
66,40,119,167
66,40,124,156
66,40,131,155
66,40,137,154
66,40,145,163
66,40,149,111
66,40,151,118
66,40,154,106
66,40,156,112
66,40,158,120
66,40,162,109
66,40,164,116
66,40,190,88
66,40,191,95
66,40,192,102
66,41,198,93
66,46,184,115
66,47,203,116
66,46,212,117
66,48,43,178
66,48,44,185
66,48,45,172
66,48,46,229
66,48,51,172
66,48,52,230
66,48,58,175
66,48,59,228
66,48,62,220
66,48,64,172
66,48,66,163
66,48,73,171
66,48,72,160
66,48,80,161
66,48,108,192
66,48,109,137
66,48,109,144
66,48,112,198
66,48,113,186
66,48,116,136
66,48,115,143
66,48,115,149
66,48,120,194
66,48,119,157
66,48,119,183
66,48,123,144
66,48,126,188
66,48,127,156
66,48,135,143
66,48,139,182
66,48,140,189
66,48,143,143
66,48,145,177
66,48,150,183
66,48,147,192
66,48,156,178
66,48,176,118
66,48,178,128
66,48,182,192
66,48,214,146
66,49,28,197
66,50,215,90
66,51,222,94
66,51,64,181
66,52,71,185
66,51,220,103
66,52,28,206
66,52,29,213
66,52,35,209
66,52,38,217
66,52,41,209
66,52,48,209
66,52,187,138
66,52,187,146
66,52,214,129
66,52,221,128
66,52,228,119
66,52,228,129
66,54,140,159
66,54,166,149
66,56,205,146
66,58,94,243
66,47,144,231
66,48,247,114
66,5,150,61
66,11,238,43
66,12,244,43
66,15,6,174
66,15,11,133
66,15,17,131
66,16,16,137
66,16,24,133
66,32,15,188
66,32,96,92
66,36,144,51
66,37,151,55
66,44,239,158
66,45,238,163
66,48,46,249
66,47,142,240
66,47,157,66
66,49,30,103
66,48,104,88
66,48,110,77
66,48,111,87
66,48,114,101
66,48,119,74
66,48,117,82
66,48,119,90
66,48,124,82
66,49,27,109
66,49,29,116
66,49,28,129
66,49,29,135
66,49,32,144
66,49,34,110
66,49,37,103
66,49,44,105
66,49,182,240
66,49,181,245
66,54,243,180
66,59,167,218
66,60,169,228
66,60,179,215
66,60,184,223
66,48,100,78
66,28,4,133
66,36,135,31
66,53,224,58
66,4,6,140
66,5,6,145
66,4,13,141
66,2,86,46
66,4,141,89
66,4,147,89
66,4,154,87
66,11,28,48
66,27,223,29
66,30,34,84
66,31,44,31
66,30,54,30
66,36,126,58
66,36,132,60
66,48,148,68
66,48,30,95
66,48,36,96
66,48,92,88
66,48,92,94
66,48,101,96
66,49,104,103
66,52,78,130
66,52,214,58
66,53,220,72
66,53,220,76
66,52,226,70
66,52,226,74
66,53,226,80
66,53,210,72
66,54,70,250
66,54,196,64
66,54,202,61
66,54,201,65
66,54,207,62
66,54,208,66
66,54,215,63
66,60,171,172
67,39,149,93
67,25,113,73
67,29,36,186
67,28,38,154
67,42,196,150
67,56,108,184
67,23,135,112
67,22,143,57
67,29,73,96
67,56,207,206
67,10,155,62
67,14,194,96
67,14,206,89
67,14,101,58
67,18,39,126
67,18,50,123
67,18,90,104
67,17,102,104
67,18,97,72
67,18,107,68
67,18,138,117
67,17,151,115
67,17,149,126
67,22,120,107
67,22,128,100
67,22,129,108
67,26,31,197
67,27,145,109
67,30,86,85
67,30,106,131
67,35,177,122
67,35,187,120
67,36,225,68
67,41,138,166
67,46,217,196
67,46,226,194
67,47,222,205
67,50,32,194
67,29,225,94
67,19,185,88
67,40,223,134
67,47,180,183
67,49,54,224
67,18,205,32
67,38,148,154
67,46,67,207
67,9,54,116
67,14,66,100
67,21,107,149
67,22,52,96
67,34,208,113
67,37,129,103
67,38,137,101
67,42,213,94
67,44,92,141
67,46,48,145
67,50,153,192
67,59,81,211
67,57,136,222
67,6,146,89
67,6,155,86
67,7,50,125
67,7,58,123
67,11,206,56
67,9,218,57
67,11,32,105
67,11,54,105
67,14,58,70
67,13,110,80
67,12,110,39
67,14,119,80
67,13,124,32
67,13,168,61
67,14,39,78
67,14,121,40
67,14,126,47
67,15,132,75
67,15,135,87
67,15,142,71
67,15,146,83
67,15,170,29
67,15,172,40
67,17,193,69
67,17,193,79
67,17,201,65
67,17,202,73
67,17,204,79
67,17,214,27
67,17,214,37
67,17,223,29
67,17,223,39
67,18,208,70
67,18,40,91
67,19,46,92
67,19,196,35
67,19,227,70
67,20,172,87
67,21,174,97
67,25,200,92
67,25,211,92
67,27,95,89
67,29,30,118
67,28,218,62
67,31,190,148
67,31,201,146
67,31,33,176
67,31,43,172
67,31,190,157
67,31,201,155
67,31,202,69
67,31,210,66
67,32,181,69
67,33,183,80
67,33,210,105
67,35,39,132
67,34,43,140
67,35,48,131
67,38,94,121
67,38,102,119
67,37,110,106
67,37,119,103
67,37,142,145
67,37,154,144
67,37,194,113
67,39,94,168
67,39,143,198
67,38,148,203
67,38,152,193
67,39,157,199
67,39,73,177
67,39,143,189
67,39,150,183
67,39,159,190
67,40,169,157
67,39,179,102
67,39,180,156
67,41,31,212
67,41,113,165
67,41,122,165
67,41,192,98
67,45,46,136
67,45,58,137
67,46,166,179
67,46,173,173
67,49,64,225
67,49,145,187
67,50,84,214
67,50,93,208
67,50,93,218
67,51,187,173
67,51,197,173
67,51,207,98
67,53,47,215
67,53,165,197
67,53,168,206
67,53,174,198
67,9,69,92
67,10,153,31
67,13,28,87
67,26,58,105
67,33,124,137
67,34,53,228
67,37,173,92
67,57,101,237
67,14,230,44
67,17,72,73
67,18,83,77
67,21,191,47
67,22,167,49
67,34,102,214
67,37,165,88
67,39,82,125
67,41,156,117
67,54,180,147
67,54,219,138
67,32,75,143
67,17,136,164
67,28,162,109
67,29,51,116
67,32,100,99
67,43,228,97
67,53,227,131
67,55,192,216
67,5,28,63
67,8,65,82
67,8,72,77
67,8,77,83
67,9,81,89
67,10,69,59
67,10,73,51
67,10,76,61
67,9,46,64
67,12,133,32
67,12,139,39
67,12,192,54
67,12,199,51
67,16,12,137
67,16,69,63
67,16,120,59
67,16,128,60
67,16,153,73
67,17,238,133
67,22,29,103
67,22,29,111
67,24,157,59
67,24,163,61
67,24,176,59
67,24,182,53
67,24,181,64
67,24,189,56
67,24,189,64
67,26,169,61
67,26,69,189
67,28,39,109
67,28,41,116
67,28,46,107
67,28,130,61
67,28,130,68
67,28,135,73
67,28,143,72
67,28,157,99
67,28,164,97
67,28,170,99
67,28,172,108
67,32,25,221
67,32,25,228
67,32,29,136
67,32,29,145
67,32,28,215
67,32,31,221
67,32,31,228
67,32,35,215
67,32,39,220
67,32,38,227
67,32,50,164
67,32,53,150
67,32,53,157
67,32,55,124
67,32,62,146
67,32,62,154
67,32,68,155
67,32,76,155
67,31,124,80
67,32,126,89
67,32,132,124
67,32,134,132
67,32,141,124
67,32,190,87
67,32,195,79
67,36,158,132
67,36,162,138
67,36,164,126
67,36,167,133
67,36,171,81
67,37,148,106
67,38,161,33
67,39,37,151
67,40,26,161
67,40,27,168
67,40,30,174
67,40,34,159
67,40,35,166
67,40,37,172
67,40,44,155
67,40,80,134
67,40,130,116
67,40,136,117
67,40,144,113
67,40,151,176
67,42,123,134
67,44,93,238
67,48,140,131
67,47,142,242
67,48,148,130
67,47,187,116
67,48,42,178
67,48,42,184
67,48,44,190
67,49,47,172
67,48,49,179
67,48,50,187
67,48,55,175
67,48,56,183
67,48,66,161
67,48,65,167
67,48,68,173
67,48,70,156
67,48,72,162
67,48,75,168
67,48,75,175
67,48,78,158
67,48,79,181
67,48,82,164
67,48,84,170
67,48,86,176
67,48,87,182
67,48,107,148
67,48,108,140
67,48,110,191
67,48,109,200
67,48,114,145
67,48,114,151
67,48,115,139
67,48,116,157
67,48,116,186
67,48,116,193
67,48,116,201
67,48,122,164
67,48,120,148
67,48,121,140
67,48,124,156
67,48,124,186
67,48,126,192
67,48,124,199
67,47,126,135
67,48,133,131
67,49,131,138
67,48,138,140
67,48,144,138
67,49,146,145
67,48,152,138
67,48,166,123
67,48,167,131
67,48,172,120
67,48,173,127
67,48,174,134
67,48,178,120
67,48,180,129
67,48,182,195
67,48,185,123
67,48,192,124
67,48,194,116
67,48,194,219
67,48,195,226
67,48,201,116
67,48,199,124
67,48,199,213
67,48,200,219
67,48,201,227
67,48,206,113
67,48,206,122
67,48,206,211
67,48,206,218
67,48,208,226
67,48,208,150
67,48,209,170
67,48,211,177
67,48,213,115
67,48,215,124
67,48,213,213
67,48,213,155
67,48,215,222
67,48,213,164
67,48,215,170
67,48,217,178
67,48,219,151
67,48,219,158
67,48,220,164
67,48,221,170
67,48,224,178
67,48,228,163
67,48,229,170
67,50,140,111
67,50,140,117
67,50,147,108
67,50,146,115
67,50,145,122
67,51,153,112
67,51,153,118
67,52,63,181
67,52,64,187
67,52,71,181
67,52,72,189
67,52,219,100
67,52,228,124
67,53,29,210
67,53,31,218
67,54,36,214
67,56,123,173
67,56,131,177
67,56,133,168
67,60,175,221
67,56,201,143
67,56,202,150
67,56,210,147
67,6,6,145
67,49,31,106
67,55,142,161
67,17,102,124
67,38,248,124
67,40,158,40
67,3,94,40
67,13,239,44
67,15,6,172
67,16,6,178
67,28,217,31
67,27,223,30
67,39,142,44
67,39,142,50
67,39,145,37
67,39,146,31
67,39,149,42
67,39,149,49
67,39,147,55
67,39,155,47
67,39,156,53
67,39,161,47
67,39,167,43
67,45,238,163
67,45,244,164
67,46,239,168
67,46,245,168
67,48,40,94
67,48,41,102
67,48,42,250
67,48,47,97
67,49,49,249
67,48,54,101
67,48,86,90
67,48,99,108
67,48,107,112
67,48,28,120
67,49,41,108
67,49,52,107
67,53,225,87
67,53,227,80
67,53,228,93
67,54,243,179
67,55,160,151
67,55,165,148
67,55,165,153
67,56,68,211
67,56,73,217
67,56,74,208
67,56,91,242
67,56,93,248
67,49,93,94
67,48,164,100
67,49,28,129
67,6,26,56
67,6,32,56
67,4,41,42
67,3,46,38
67,4,46,46
67,3,52,35
67,4,52,42
67,4,52,49
67,3,59,35
67,3,60,41
67,3,60,47
67,6,81,34
67,6,87,31
67,6,93,33
67,3,122,61
67,4,126,70
67,28,62,30
67,31,54,31
67,32,34,84
67,32,29,88
67,32,38,80
67,38,118,38
67,38,132,30
67,40,134,46
67,48,31,86
67,48,36,86
67,48,43,87
67,48,54,78
67,48,161,70
67,48,48,84
67,48,64,99
67,48,65,104
67,48,76,96
67,48,93,82
67,48,99,85
67,49,114,110
67,48,166,68
67,52,224,56
67,54,218,64
67,54,224,62
67,57,170,218
67,57,170,224
68,22,140,118
68,13,161,65
68,43,196,155
68,44,126,169
68,11,52,116
68,26,112,80
68,37,186,123
68,14,64,103
68,19,102,71
68,21,145,55
68,27,32,197
68,28,34,154
68,29,226,94
68,30,67,96
68,30,74,89
68,31,74,103
68,30,86,90
68,39,147,151
68,39,150,197
68,42,151,93
68,41,224,139
68,50,47,187
68,49,55,186
68,58,210,210
68,27,157,66
68,48,126,141
68,50,136,142
68,12,49,71
68,46,209,99
68,18,227,45
68,42,141,163
68,13,31,100
68,39,224,68
68,46,52,143
68,57,106,188
68,10,215,57
68,13,72,65
68,20,42,128
68,30,124,79
68,12,206,60
68,14,108,53
68,18,69,75
68,23,52,99
68,26,208,95
68,34,180,74
68,50,33,200
68,50,148,143
68,57,136,225
68,9,68,87
68,10,77,88
68,13,112,41
68,14,191,59
68,13,201,59
68,14,111,78
68,15,210,102
68,15,109,89
68,15,119,83
68,15,119,37
68,15,127,32
68,15,131,43
68,15,137,52
68,15,140,42
68,15,198,102
68,15,201,93
68,16,213,91
68,17,119,60
68,17,126,51
68,18,128,62
68,18,137,168
68,19,193,85
68,17,201,84
68,17,218,28
68,19,87,106
68,19,94,98
68,19,97,109
68,19,102,100
68,19,190,77
68,19,198,68
68,19,197,75
68,19,205,75
68,19,206,35
68,19,213,37
68,19,220,36
68,17,43,89
68,21,43,96
68,21,166,91
68,21,168,99
68,21,172,87
68,22,175,97
68,21,178,87
68,22,182,95
68,21,184,87
68,22,195,43
68,21,225,71
68,23,118,111
68,25,185,66
68,25,197,89
68,26,199,97
68,29,161,106
68,29,170,106
68,30,68,197
68,31,100,134
68,31,111,136
68,30,156,112
68,30,163,116
68,30,171,116
68,32,37,177
68,31,100,143
68,31,109,143
68,31,109,130
68,31,214,98
68,33,26,227
68,33,34,224
68,33,70,155
68,33,72,111
68,33,119,140
68,34,125,137
68,35,128,143
68,35,186,88
68,35,211,112
68,35,213,121
68,37,135,98
68,37,143,104
68,37,147,100
68,40,135,112
68,37,202,120
68,40,94,169
68,39,111,111
68,39,121,110
68,42,44,160
68,41,84,132
68,42,28,215
68,43,34,219
68,46,92,142
68,43,156,123
68,43,193,101
68,45,61,155
68,45,69,152
68,45,224,96
68,45,226,105
68,46,60,207
68,47,72,206
68,48,67,216
68,47,167,183
68,47,177,178
68,47,177,187
68,47,216,201
68,48,222,211
68,47,227,201
68,48,107,146
68,49,114,198
68,49,124,192
68,49,123,201
68,49,198,224
68,49,204,229
68,49,205,219
68,49,212,225
68,49,213,173
68,48,227,168
68,49,224,179
68,50,56,227
68,50,64,227
68,50,116,151
68,57,85,215
68,51,94,223
68,51,144,197
68,51,147,189
68,51,154,198
68,51,158,190
68,55,67,187
68,55,172,200
68,55,171,208
68,56,100,192
68,59,179,223
68,57,205,148
68,9,162,28
68,13,156,35
68,27,59,105
68,29,220,65
68,30,175,66
68,31,53,116
68,41,31,168
68,49,192,195
68,32,29,121
68,50,71,168
68,9,28,73
68,32,193,157
68,39,171,95
68,49,190,185
68,55,182,149
68,35,29,148
68,38,164,134
68,55,215,140
68,5,30,61
68,3,46,40
68,7,49,48
68,6,53,54
68,6,56,44
68,2,72,49
68,4,112,52
68,5,129,70
68,6,132,28
68,6,140,26
68,6,139,32
68,7,85,42
68,7,145,90
68,8,154,83
68,8,6,149
68,8,83,51
68,8,91,52
68,8,93,43
68,8,154,92
68,12,69,55
68,12,77,52
68,12,80,59
68,12,183,27
68,13,149,38
68,16,34,80
68,16,41,80
68,16,128,79
68,16,128,88
68,16,134,77
68,16,133,93
68,16,135,84
68,16,140,75
68,16,140,88
68,16,141,96
68,16,141,81
68,16,149,75
68,16,148,87
68,16,147,93
68,16,150,81
68,16,166,45
68,16,168,32
68,16,167,38
68,16,173,43
68,16,175,51
68,16,175,30
68,16,174,36
68,16,180,43
68,16,180,35
68,20,78,86
68,20,85,75
68,20,85,83
68,20,226,61
68,23,102,154
68,23,109,153
68,24,26,106
68,24,31,115
68,24,33,105
68,24,163,50
68,24,170,45
68,24,169,55
68,24,175,51
68,24,182,52
68,24,190,55
68,28,96,99
68,28,100,90
68,31,42,114
68,32,37,123
68,32,44,164
68,32,46,150
68,32,47,158
68,32,50,170
68,32,49,178
68,32,52,162
68,32,54,154
68,32,62,148
68,32,69,142
68,32,76,141
68,32,79,148
68,32,132,126
68,32,137,133
68,32,143,127
68,32,201,68
68,32,202,76
68,32,208,65
68,32,210,73
68,32,221,106
68,33,57,128
68,33,62,123
68,36,35,131
68,36,35,140
68,36,41,127
68,36,41,134
68,36,41,142
68,36,48,129
68,36,49,134
68,36,47,141
68,36,100,218
68,36,190,76
68,38,230,83
68,40,64,178
68,40,65,186
68,40,69,173
68,40,70,179
68,40,71,187
68,40,75,172
68,40,77,178
68,40,79,185
68,40,83,175
68,40,92,124
68,40,98,119
68,40,98,129
68,40,104,118
68,40,104,127
68,40,147,48
68,40,154,41
68,40,165,42
68,40,164,152
68,40,166,159
68,40,170,165
68,40,170,149
68,40,171,107
68,40,172,156
68,40,174,114
68,40,176,161
68,40,178,168
68,40,178,148
68,40,181,106
68,40,179,155
68,40,184,162
68,40,184,153
68,44,77,155
68,44,83,154
68,44,88,159
68,44,139,96
68,48,42,149
68,49,79,177
68,49,88,181
68,48,97,152
68,48,167,132
68,48,169,123
68,48,174,128
68,48,176,135
68,48,179,126
68,48,182,195
68,48,185,119
68,48,186,126
68,48,191,115
68,48,192,124
68,48,200,122
68,48,218,218
68,49,80,185
68,52,143,115
68,51,144,125
68,52,137,118
68,52,149,114
68,52,150,121
68,52,188,175
68,52,196,172
68,52,199,178
68,56,30,218
68,55,228,134
68,56,37,215
68,56,37,224
68,56,44,215
68,56,45,224
68,56,52,221
68,58,98,241
68,56,111,229
68,57,110,236
68,56,136,161
68,56,136,168
68,56,144,159
68,56,143,167
68,56,156,157
68,56,162,155
68,56,173,145
68,56,180,140
68,56,223,142
68,48,53,103
68,8,6,116
68,8,12,116
68,17,11,138
68,17,232,136
68,17,237,136
68,28,218,33
68,28,223,30
68,31,6,137
68,31,6,142
68,31,48,32
68,31,53,31
68,31,54,36
68,31,60,32
68,31,250,139
68,39,150,33
68,39,166,32
68,40,143,55
68,40,153,55
68,40,161,55
68,47,239,166
68,46,245,168
68,48,141,249
68,49,209,122
68,48,213,128
68,49,28,161
68,49,110,115
68,49,209,153
68,49,216,154
68,55,245,182
68,58,124,180
68,58,131,175
68,60,141,186
68,6,13,74
68,11,29,40
68,15,30,48
68,53,29,116
68,6,101,61
68,3,177,36
68,4,181,44
68,3,185,35
68,3,190,37
68,16,30,30
68,15,38,49
68,20,62,46
68,30,70,30
68,32,38,30
68,33,38,83
68,34,31,86
68,34,29,91
68,34,36,87
68,39,132,52
68,39,134,40
68,39,134,46
68,39,138,60
68,47,32,90
68,48,32,97
68,48,38,93
68,48,38,97
68,48,44,92
68,48,32,102
68,48,38,103
68,48,50,86
68,51,246,123
68,52,29,110
68,52,33,112
68,54,228,90
68,57,70,215
69,19,143,125
69,38,188,125
69,11,50,119
69,28,115,81
69,43,150,202
69,50,210,103
69,22,43,132
69,26,137,112
69,25,144,64
69,26,205,95
69,28,30,204
69,28,32,195
69,31,77,95
69,43,148,94
69,50,50,188
69,56,202,207
69,59,214,215
69,14,63,107
69,44,129,174
69,20,101,71
69,17,71,74
69,30,159,70
69,34,30,229
69,39,150,151
69,14,52,71
69,17,201,106
69,17,213,98
69,30,175,70
69,50,146,138
69,31,223,99
69,14,31,100
69,17,148,90
69,37,212,123
69,42,141,165
69,42,224,139
69,8,212,64
69,13,161,32
69,17,123,57
69,19,218,31
69,19,130,63
69,19,136,169
69,22,198,44
69,22,227,76
69,26,54,104
69,26,32,157
69,34,72,157
69,33,116,140
69,33,137,132
69,37,203,121
69,39,225,71
69,51,201,229
69,52,35,203
69,9,93,49
69,9,150,94
69,9,156,86
69,9,210,53
69,9,219,51
69,11,28,77
69,11,68,90
69,11,79,90
69,11,168,29
69,13,28,109
69,13,34,113
69,15,110,82
69,15,114,49
69,16,121,80
69,15,157,40
69,15,159,63
69,15,191,61
69,15,200,59
69,15,206,62
69,17,113,63
69,17,131,84
69,17,136,93
69,17,139,80
69,17,147,79
69,18,197,93
69,17,169,40
69,18,173,49
69,19,97,99
69,19,106,97
69,19,179,36
69,19,181,46
69,20,197,76
69,20,101,108
69,21,165,94
69,21,172,89
69,21,172,99
69,21,178,88
69,21,180,97
69,21,186,88
69,21,204,36
69,21,227,68
69,23,45,98
69,26,167,52
69,26,33,148
69,30,89,100
69,30,96,96
69,31,72,198
69,31,156,115
69,31,162,106
69,31,164,118
69,31,172,108
69,31,172,118
69,31,220,66
69,33,37,169
69,32,36,184
69,33,37,175
69,33,39,162
69,33,48,169
69,33,46,183
69,33,50,175
69,33,45,157
69,33,69,109
69,33,65,148
69,33,72,145
69,33,79,147
69,32,192,158
69,33,201,72
69,33,211,70
69,34,55,159
69,34,63,158
69,34,73,114
69,35,124,143
69,37,165,135
69,37,181,81
69,37,190,80
69,38,39,140
69,39,49,139
69,39,138,148
69,40,143,103
69,41,178,113
69,41,200,156
69,42,87,135
69,43,29,219
69,44,223,150
69,45,53,161
69,47,54,149
69,46,63,159
69,45,84,159
69,45,112,175
69,46,118,182
69,45,128,138
69,45,156,121
69,46,65,151
69,47,163,127
69,47,180,184
69,47,62,217
69,47,69,210
69,47,170,183
69,47,226,105
69,49,112,201
69,49,123,195
69,49,192,197
69,49,215,171
69,50,215,180
69,49,225,168
69,49,226,176
69,49,225,183
69,50,113,151
69,50,122,203
69,50,210,228
69,51,89,220
69,51,97,216
69,51,96,225
69,51,153,199
69,58,106,188
69,58,137,229
69,60,177,227
69,57,195,221
69,57,195,228
69,57,209,150
69,13,185,28
69,27,185,71
69,30,58,112
69,42,136,118
69,45,88,147
69,50,61,228
69,7,128,72
69,44,33,175
69,57,100,200
69,58,136,176
69,3,72,44
69,13,76,57
69,43,40,162
69,21,83,83
69,39,229,87
69,41,170,155
69,41,209,95
69,48,220,210
69,51,69,170
69,51,76,177
69,5,111,55
69,6,118,69
69,8,28,64
69,8,34,64
69,8,54,47
69,8,57,55
69,8,135,29
69,8,140,36
69,8,142,27
69,9,150,67
69,8,147,33
69,10,6,157
69,10,74,80
69,14,30,40
69,16,26,90
69,16,33,89
69,16,36,81
69,16,40,91
69,16,42,78
69,16,46,89
69,16,53,84
69,16,100,55
69,16,116,92
69,16,117,36
69,16,123,34
69,16,124,42
69,16,130,34
69,16,131,42
69,16,136,48
69,16,137,39
69,16,145,49
69,16,158,75
69,16,166,74
69,16,169,57
69,16,170,65
69,16,174,71
69,16,178,62
69,20,209,77
69,20,215,45
69,20,221,42
69,18,227,50
69,20,228,42
69,24,26,104
69,24,26,113
69,24,34,104
69,24,34,113
69,24,120,109
69,24,120,117
69,24,186,53
69,24,195,53
69,24,195,60
69,26,177,56
69,31,26,121
69,32,48,121
69,32,6,142
69,32,27,129
69,32,33,119
69,32,34,128
69,32,40,117
69,32,40,125
69,32,47,113
69,32,52,124
69,32,96,140
69,32,97,147
69,32,100,134
69,32,104,140
69,32,106,147
69,32,108,133
69,32,153,81
69,35,58,127
69,34,125,89
69,36,189,94
69,36,30,149
69,36,60,135
69,36,180,95
69,38,105,110
69,40,66,178
69,40,65,184
69,40,68,190
69,40,72,175
69,40,71,182
69,40,76,189
69,40,78,176
69,40,80,183
69,40,91,170
69,40,92,125
69,40,96,163
69,40,99,170
69,40,98,122
69,41,102,128
69,40,109,118
69,40,114,108
69,40,115,117
69,40,120,107
69,40,122,115
69,40,127,107
69,40,160,100
69,40,165,92
69,40,166,98
69,40,168,105
69,40,172,90
69,40,175,95
69,40,175,102
69,40,175,164
69,40,176,149
69,40,181,153
69,40,181,163
69,40,188,152
69,40,188,161
69,40,215,67
69,40,225,127
69,42,163,50
69,44,190,98
69,44,190,105
69,44,192,111
69,44,196,96
69,44,198,102
69,44,198,108
69,45,50,169
69,47,33,144
69,47,42,140
69,48,37,151
69,48,44,149
69,48,48,142
69,48,55,136
69,48,96,156
69,48,98,149
69,48,99,142
69,48,186,117
69,48,185,124
69,48,186,158
69,48,188,165
69,48,194,116
69,48,195,124
69,48,194,153
69,48,197,162
69,48,213,210
69,48,214,217
69,48,219,201
69,48,221,220
69,48,227,201
69,48,230,207
69,48,229,214
69,50,81,180
69,50,89,182
69,50,124,163
69,50,131,165
69,50,213,160
69,52,125,149
69,52,129,117
69,52,132,125
69,52,135,113
69,52,139,122
69,52,144,112
69,52,146,120
69,52,144,153
69,52,191,180
69,53,196,176
69,52,200,183
69,53,133,147
69,53,152,152
69,53,204,177
69,56,176,199
69,55,185,153
69,56,28,219
69,56,29,226
69,56,34,218
69,56,35,226
69,56,40,219
69,56,41,227
69,56,49,219
69,57,50,227
69,56,66,189
69,56,67,197
69,56,74,193
69,56,133,219
69,56,168,200
69,56,169,209
69,56,175,149
69,56,176,208
69,56,176,156
69,56,183,146
69,56,215,140
69,56,226,137
69,56,222,146
69,57,159,159
69,48,29,106
69,48,36,104
69,59,102,244
69,6,113,55
69,4,112,33
69,8,17,78
69,15,30,30
69,15,37,32
69,15,236,49
69,15,236,55
69,16,244,52
69,18,235,135
69,23,97,159
69,23,104,157
69,29,218,34
69,31,46,32
69,41,152,47
69,41,157,42
69,47,30,96
69,47,35,94
69,47,42,94
69,47,238,166
69,47,242,171
69,47,245,165
69,48,43,103
69,48,51,97
69,49,48,106
69,49,56,101
69,49,55,107
69,49,63,102
69,49,61,109
69,50,177,131
69,50,109,120
69,54,245,182
69,56,127,181
69,49,162,103
69,4,180,39
69,31,54,38
69,31,57,32
69,31,62,32
69,32,46,42
69,53,29,116
69,4,43,86
69,4,50,82
69,4,49,88
69,6,70,42
69,6,76,42
69,3,83,72
69,4,92,74
69,6,104,30
69,6,119,47
69,6,171,44
69,6,177,42
69,6,177,48
69,4,222,30
69,4,229,25
69,4,229,32
69,16,46,168
69,32,38,31
69,32,38,40
69,32,56,46
69,31,64,38
69,31,70,30
69,36,101,221
69,40,156,32
69,40,162,32
69,40,168,32
69,42,151,57
69,48,46,87
69,48,51,88
69,48,60,114
69,49,215,133
69,50,70,98
69,50,70,104
69,50,78,98
69,51,246,125
69,52,84,99
69,57,91,247
70,53,216,211
70,27,132,115
70,46,149,207
70,11,49,128
70,19,199,109
70,21,141,130
70,27,208,103
70,27,142,67
70,9,206,61
70,10,213,64
70,14,50,113
70,14,61,113
70,22,37,138
70,22,47,135
70,22,173,96
70,22,201,41
70,24,206,91
70,32,115,94
70,34,39,172
70,34,38,187
70,34,116,142
70,34,188,162
70,40,180,124
70,39,193,124
70,38,190,133
70,38,210,127
70,34,72,156
70,13,47,73
70,32,223,103
70,42,72,188
70,43,144,98
70,44,223,142
70,46,129,175
70,50,219,173
70,10,29,72
70,18,110,63
70,18,195,94
70,30,176,74
70,34,70,113
70,32,156,77
70,34,208,72
70,42,198,158
70,51,50,194
70,50,145,143
70,21,104,75
70,14,31,105
70,19,65,81
70,49,212,180
70,54,35,207
70,14,30,117
70,18,125,59
70,29,31,205
70,38,185,89
70,44,85,166
70,42,133,116
70,58,195,229
70,11,87,51
70,11,96,53
70,11,144,98
70,11,151,89
70,11,154,98
70,13,66,98
70,13,78,100
70,13,168,33
70,14,39,113
70,15,68,106
70,15,196,65
70,17,40,89
70,17,46,86
70,17,53,85
70,17,157,47
70,18,164,45
70,19,131,88
70,19,133,96
70,19,135,170
70,19,139,85
70,19,140,93
70,19,138,100
70,19,148,86
70,20,147,95
70,19,170,40
70,19,174,50
70,19,178,39
70,21,94,108
70,21,101,104
70,21,102,116
70,21,108,106
70,21,199,79
70,21,208,78
70,21,214,44
70,23,225,74
70,23,228,82
70,27,28,161
70,27,36,161
70,29,28,214
70,30,56,116
70,32,73,204
70,32,78,94
70,33,98,144
70,33,106,139
70,33,105,151
70,34,130,134
70,34,138,131
70,35,50,166
70,35,63,163
70,37,29,155
70,38,166,139
70,39,228,79
70,39,140,149
70,39,143,158
70,39,149,148
70,40,155,154
70,41,110,117
70,41,120,116
70,40,133,105
70,41,169,100
70,41,169,153
70,41,171,163
70,41,180,152
70,41,180,162
70,41,217,72
70,43,97,138
70,43,99,129
70,45,32,176
70,45,34,186
70,44,80,144
70,45,89,142
70,45,109,177
70,45,117,175
70,45,141,167
70,45,141,174
70,45,141,181
70,45,197,108
70,46,218,155
70,46,88,151
70,46,109,186
70,46,118,185
70,46,147,172
70,47,60,162
70,47,159,126
70,50,97,156
70,49,192,127
70,50,110,208
70,50,113,199
70,50,116,208
70,50,123,198
70,50,124,206
70,50,196,201
70,51,93,225
70,51,112,156
70,55,152,157
70,55,202,183
70,57,39,227
70,59,101,203
70,56,130,228
70,58,139,230
70,57,174,206
70,57,179,152
70,58,211,152
70,6,66,49
70,17,138,53
70,37,126,149
70,45,30,222
70,13,30,84
70,18,218,32
70,25,188,57
70,33,52,128
70,39,39,149
70,45,46,170
70,47,128,144
70,52,209,105
70,15,74,62
70,16,29,94
70,42,207,99
70,15,187,31
70,26,30,114
70,52,158,204
70,52,90,190
70,3,100,33
70,6,108,55
70,6,111,30
70,6,112,38
70,6,115,55
70,7,119,36
70,5,177,44
70,6,187,45
70,7,105,62
70,7,115,61
70,8,111,68
70,8,111,74
70,8,114,80
70,8,118,65
70,8,118,72
70,8,121,80
70,8,124,67
70,8,128,75
70,10,144,67
70,10,152,66
70,10,135,31
70,10,138,39
70,10,143,29
70,10,145,38
70,10,143,74
70,10,151,75
70,12,66,91
70,12,69,85
70,12,74,91
70,12,76,83
70,12,82,89
70,12,88,61
70,16,74,72
70,16,105,82
70,16,104,89
70,16,106,50
70,16,108,41
70,16,109,95
70,16,111,83
70,16,111,89
70,16,113,50
70,16,115,36
70,16,115,43
70,16,117,95
70,16,120,81
70,17,121,89
70,16,119,50
70,16,121,32
70,16,121,40
70,16,126,48
70,16,128,30
70,16,128,36
70,16,132,42
70,16,147,46
70,16,152,36
70,16,154,67
70,16,154,76
70,16,159,62
70,16,160,69
70,16,160,78
70,16,166,61
70,16,166,68
70,16,166,76
70,16,174,63
70,16,175,69
70,16,173,76
70,16,225,28
70,16,230,50
70,16,230,57
70,16,239,54
70,20,124,72
70,20,223,43
70,21,224,50
70,23,102,160
70,24,35,100
70,24,36,106
70,24,41,96
70,24,42,103
70,24,45,110
70,24,49,101
70,24,77,93
70,23,78,85
70,24,85,93
70,24,87,85
70,24,94,81
70,25,101,87
70,27,165,57
70,28,164,46
70,28,173,55
70,28,171,63
70,32,89,99
70,32,26,125
70,32,26,133
70,32,33,124
70,32,32,132
70,32,39,122
70,32,41,129
70,32,45,119
70,32,65,95
70,32,84,106
70,32,89,89
70,32,90,107
70,32,95,93
70,32,97,100
70,32,97,106
70,32,121,76
70,32,128,70
70,32,128,78
70,32,152,117
70,32,155,109
70,32,158,115
70,32,158,122
70,32,161,105
70,32,164,112
70,32,164,120
70,32,171,108
70,32,172,115
70,32,171,121
70,34,28,232
70,36,58,135
70,38,101,116
70,40,44,140
70,40,48,147
70,40,146,112
70,40,154,110
70,42,175,112
70,44,34,165
70,44,39,160
70,44,136,127
70,48,58,209
70,47,231,106
70,48,30,111
70,48,31,149
70,48,33,102
70,48,39,146
70,48,39,155
70,48,40,111
70,48,41,97
70,48,45,143
70,48,46,154
70,48,46,107
70,48,47,93
70,48,53,140
70,48,53,149
70,48,55,100
70,48,54,109
70,48,56,92
70,48,55,217
70,49,59,226
70,48,62,217
70,48,66,224
70,48,66,207
70,48,68,216
70,48,73,209
70,48,75,218
70,48,168,185
70,48,168,193
70,48,173,180
70,48,174,186
70,48,176,195
70,48,180,178
70,48,180,186
70,48,186,179
70,48,186,188
70,48,190,161
70,48,186,169
70,48,195,169
70,48,214,115
70,48,219,102
70,48,218,108
70,48,221,117
70,48,228,112
70,49,207,158
70,51,174,134
70,52,60,173
70,52,64,180
70,52,66,172
70,52,72,177
70,52,72,185
70,52,123,164
70,52,127,154
70,52,127,119
70,52,130,126
70,52,134,115
70,52,136,123
70,52,142,113
70,52,145,120
70,52,143,127
70,52,181,137
70,52,203,99
70,57,63,196
70,56,65,202
70,57,70,195
70,56,72,202
70,57,227,142
70,5,48,89
70,18,235,133
70,15,31,39
70,55,244,185
70,5,230,32
70,31,228,62
70,6,69,45
70,6,73,51
70,6,75,45
70,6,229,40
70,19,12,147
70,30,218,34
70,40,250,131
70,43,150,56
70,43,156,47
70,43,158,58
70,43,164,51
70,47,31,91
70,47,39,87
70,47,45,82
70,47,48,117
70,47,51,81
70,47,57,119
70,47,58,84
70,47,236,165
70,48,239,171
70,47,241,163
70,47,245,169
70,52,105,122
70,52,111,125
70,51,208,131
70,52,179,99
70,57,96,201
70,56,98,207
70,59,138,180
70,58,144,171
70,32,43,47
70,32,44,55
70,32,50,43
70,32,50,51
70,32,56,45
70,32,56,53
70,50,163,108
70,6,56,40
70,4,78,76
70,4,84,71
70,4,86,79
70,4,91,71
70,4,94,77
70,3,157,56
70,3,158,62
70,9,16,82
70,13,204,26
70,16,46,170
70,16,46,176
70,32,46,31
70,32,48,37
70,32,38,54
70,32,38,30
70,32,38,36
70,32,52,32
70,34,5,147
70,36,29,93
70,36,32,91
70,36,28,98
70,36,33,96
70,40,166,38
70,40,250,69
70,42,158,38
70,43,140,64
70,43,144,60
70,48,12,251
70,48,38,33
70,48,30,30
70,48,30,36
70,48,36,38
70,48,42,30
70,48,42,36
70,48,48,30
70,48,54,30
70,52,72,104
70,52,75,100
70,52,79,103
70,52,80,98
70,53,84,102
70,52,86,98
70,53,89,101
70,59,100,249
70,59,111,244
70,59,111,249
70,57,197,153
71,38,184,163
71,12,207,69
71,21,203,91
71,14,52,123
71,28,131,119
71,44,145,210
71,28,210,106
71,45,198,162
71,13,30,82
71,22,133,132
71,22,145,128
71,22,207,42
71,30,28,216
71,30,34,212
71,34,33,181
71,34,36,192
71,35,45,182
71,34,108,148
71,41,181,128
71,38,191,125
71,39,192,134
71,39,210,133
71,42,68,193
71,42,78,190
71,47,142,180
71,47,214,155
71,44,224,146
71,53,57,197
71,46,120,183
71,12,150,67
71,22,101,111
71,23,103,79
71,12,150,96
71,15,51,78
71,19,53,85
71,21,65,85
71,22,202,117
71,32,177,78
71,40,178,100
71,52,214,182
71,29,143,70
71,18,110,62
71,34,153,82
71,33,224,107
71,45,140,97
71,15,78,105
71,19,29,99
71,19,158,49
71,28,105,91
71,35,55,133
71,44,133,123
71,50,97,160
71,59,212,213
71,4,46,55
71,11,217,54
71,13,43,75
71,13,67,96
71,13,75,96
71,13,83,93
71,14,84,60
71,13,95,60
71,15,27,114
71,15,35,113
71,15,169,36
71,17,109,89
71,17,121,87
71,17,151,42
71,19,130,51
71,19,138,61
71,19,139,52
71,20,135,93
71,21,145,96
71,21,177,49
71,21,220,45
71,23,49,138
71,23,36,137
71,23,38,146
71,23,164,98
71,23,171,93
71,23,173,103
71,23,180,95
71,27,28,165
71,27,36,167
71,28,30,123
71,31,110,98
71,32,166,114
71,33,31,132
71,33,69,101
71,33,81,99
71,33,87,103
71,33,89,110
71,33,96,100
71,33,99,109
71,34,67,157
71,34,73,155
71,35,74,165
71,34,79,160
71,34,130,134
71,34,139,134
71,35,41,169
71,35,65,167
71,35,132,142
71,35,198,83
71,35,205,77
71,36,66,123
71,36,74,118
71,37,124,147
71,37,163,139
71,38,167,147
71,37,171,137
71,38,125,155
71,41,94,173
71,40,106,119
71,41,121,116
71,41,143,113
71,41,151,103
71,41,154,112
71,41,214,72
71,40,225,77
71,42,118,125
71,42,134,112
71,46,29,222
71,46,42,174
71,46,87,148
71,45,199,102
71,45,205,107
71,47,27,181
71,47,33,191
71,47,34,181
71,47,77,164
71,47,85,169
71,48,222,215
71,50,112,208
71,51,118,201
71,50,120,211
71,50,127,204
71,50,225,173
71,50,226,182
71,50,189,199
71,51,199,202
71,53,142,151
71,53,151,150
71,53,155,205
71,58,197,156
71,9,119,78
71,22,125,67
71,33,119,96
71,5,180,49
71,9,84,47
71,41,190,85
71,43,99,129
71,57,138,232
71,38,32,160
71,20,136,171
71,31,55,115
71,32,72,207
71,53,123,157
71,57,36,210
71,57,172,204
71,60,191,229
71,5,44,93
71,5,51,90
71,5,84,79
71,5,93,78
71,7,232,30
71,7,231,36
71,8,106,60
71,5,99,36
71,8,108,67
71,8,109,45
71,8,112,56
71,8,115,34
71,8,114,63
71,8,114,70
71,8,119,39
71,8,118,46
71,8,119,53
71,8,121,61
71,11,53,61
71,12,96,50
71,12,135,31
71,12,135,40
71,12,140,29
71,12,142,40
71,12,147,36
71,13,73,86
71,16,26,125
71,16,33,127
71,16,70,115
71,16,69,62
71,16,69,73
71,16,77,63
71,16,78,75
71,16,107,43
71,16,107,51
71,16,113,38
71,16,114,46
71,16,119,35
71,16,119,42
71,16,127,32
71,16,129,38
71,16,156,78
71,16,162,77
71,16,162,60
71,16,164,67
71,16,170,73
71,16,172,64
71,16,180,28
71,16,183,37
71,16,191,27
71,16,192,36
71,16,192,65
71,16,216,27
71,16,227,28
71,16,229,51
71,16,229,59
71,16,237,55
71,17,120,48
71,17,127,43
71,19,232,136
71,20,38,93
71,20,45,95
71,20,169,55
71,22,226,52
71,24,71,94
71,24,75,81
71,24,75,88
71,24,78,96
71,24,81,84
71,24,84,89
71,24,86,99
71,24,90,89
71,24,95,168
71,24,102,167
71,24,228,76
71,24,226,86
71,24,234,83
71,26,39,102
71,25,48,102
71,26,38,110
71,26,47,110
71,27,186,64
71,28,26,114
71,28,33,114
71,28,165,49
71,28,169,61
71,28,191,59
71,32,72,198
71,32,123,75
71,32,123,84
71,32,130,73
71,32,131,80
71,32,152,116
71,32,161,73
71,32,164,82
71,32,164,125
71,32,212,67
71,32,218,74
71,32,222,66
71,34,41,130
71,36,53,166
71,36,54,173
71,36,127,101
71,40,147,158
71,40,153,159
71,40,36,151
71,40,41,144
71,40,43,151
71,40,45,158
71,40,49,148
71,40,140,156
71,40,143,163
71,40,146,151
71,40,151,166
71,40,152,151
71,40,159,154
71,40,159,162
71,44,93,137
71,44,99,137
71,44,101,144
71,44,106,136
71,44,173,122
71,48,30,153
71,48,32,106
71,48,36,149
71,48,39,157
71,48,40,100
71,48,42,147
71,48,49,97
71,48,48,142
71,48,47,153
71,48,54,140
71,48,54,148
71,48,54,154
71,48,54,160
71,48,54,167
71,48,56,174
71,48,57,213
71,48,57,220
71,48,60,226
71,48,61,157
71,48,61,164
71,48,64,171
71,48,63,209
71,48,63,217
71,48,65,224
71,48,68,159
71,48,69,167
71,48,69,208
71,48,69,215
71,48,73,223
71,48,75,211
71,48,78,217
71,48,126,148
71,48,133,148
71,48,154,124
71,48,155,130
71,48,162,121
71,48,159,136
71,48,164,127
71,48,167,133
71,48,171,187
71,48,171,195
71,48,177,182
71,48,178,188
71,48,178,196
71,48,184,182
71,48,189,187
71,48,213,114
71,48,215,208
71,48,215,107
71,48,220,113
71,48,220,120
71,48,223,106
71,48,229,111
71,48,228,119
71,48,238,168
71,48,246,171
71,49,186,166
71,50,37,215
71,50,189,128
71,50,194,124
71,51,196,132
71,52,89,226
71,51,97,223
71,53,85,193
71,52,97,230
71,52,109,155
71,52,109,163
71,52,116,154
71,52,117,162
71,52,125,165
71,53,125,124
71,52,132,168
71,52,132,118
71,52,141,118
71,52,173,136
71,52,177,143
71,52,180,133
71,52,184,141
71,52,187,134
71,52,201,100
71,52,205,134
71,52,209,100
71,53,207,107
71,52,213,136
71,53,92,194
71,53,132,127
71,53,140,125
71,54,76,176
71,54,78,184
71,54,132,156
71,56,174,213
71,57,181,213
71,56,181,204
71,56,203,183
71,60,111,200
71,4,159,59
71,48,38,117
71,48,46,113
71,14,206,26
71,15,30,41
71,15,30,49
71,15,36,40
71,15,43,36
71,20,12,151
71,31,229,60
71,31,230,65
71,35,7,152
71,35,46,61
71,35,47,53
71,35,55,50
71,35,54,58
71,38,51,247
71,38,93,230
71,39,230,175
71,43,148,47
71,43,146,54
71,43,155,44
71,43,155,52
71,43,161,44
71,44,161,52
71,43,168,43
71,43,167,50
71,43,174,48
71,47,55,88
71,47,50,118
71,47,53,124
71,47,61,114
71,47,61,121
71,47,61,127
71,48,29,121
71,48,53,107
71,48,59,133
71,52,62,246
71,52,182,98
71,55,205,246
71,56,245,186
71,56,209,245
71,56,69,205
71,56,75,200
71,56,109,191
71,56,221,146
71,56,222,152
71,56,227,145
71,56,142,178
71,35,32,90
71,35,39,88
71,36,30,96
71,36,35,97
71,6,34,50
71,6,40,44
71,6,40,50
71,6,46,43
71,11,17,88
71,30,220,33
71,31,218,37
71,34,38,60
71,34,47,44
71,34,53,42
71,40,252,71
71,43,134,52
71,46,96,249
71,46,99,248
71,47,66,91
71,48,193,54
71,48,198,54
71,48,38,32
71,51,62,240
71,53,73,105
71,53,78,103
71,52,106,121
71,52,108,125
71,53,111,123
71,52,112,127
71,52,164,106
71,52,167,107
71,53,73,109
71,53,78,108
71,53,84,102
71,54,84,106
71,54,91,102
71,54,89,105
71,54,96,98
71,54,102,96
71,57,12,224
71,59,44,231
71,57,96,208
71,57,158,166
71,57,162,160
71,57,164,166
72,39,183,165
72,21,204,90
72,29,133,121
72,36,117,152
72,40,186,133
72,13,119,81
72,47,196,167
72,58,210,218
72,14,47,131
72,11,111,39
72,14,205,77
72,15,31,86
72,14,121,41
72,14,209,66
72,20,67,82
72,23,138,135
72,22,145,124
72,22,149,133
72,32,216,108
72,32,151,79
72,33,175,79
72,34,182,74
72,42,138,207
72,45,46,154
72,47,223,154
72,49,222,214
72,55,49,206
72,15,78,102
72,18,116,94
72,31,30,217
72,36,36,188
72,48,204,108
72,18,56,81
72,22,147,95
72,43,75,197
72,52,218,183
72,19,114,61
72,22,175,50
72,25,104,80
72,37,76,123
72,47,143,182
72,18,156,48
72,48,131,125
72,45,141,98
72,11,151,65
72,13,153,100
72,35,212,76
72,43,181,102
72,42,191,93
72,50,97,162
72,6,179,49
72,7,84,86
72,7,166,61
72,7,188,52
72,13,90,53
72,13,143,37
72,13,144,103
72,13,155,92
72,13,222,60
72,14,94,55
72,15,46,78
72,15,85,62
72,15,93,65
72,15,100,61
72,17,161,74
72,17,170,66
72,17,171,76
72,20,138,170
72,21,131,61
72,22,133,93
72,21,142,62
72,22,134,102
72,22,217,37
72,23,126,72
72,23,205,42
72,23,212,46
72,23,222,46
72,25,70,97
72,25,77,92
72,25,87,93
72,26,119,120
72,33,76,111
72,33,115,98
72,35,95,106
72,35,97,115
72,35,102,150
72,35,135,138
72,37,43,177
72,37,48,187
72,37,51,176
72,38,59,142
72,37,61,173
72,36,71,167
72,37,75,173
72,37,163,138
72,38,166,147
72,37,171,137
72,39,203,132
72,39,205,140
72,39,211,131
72,39,214,139
72,41,223,138
72,44,92,177
72,43,100,177
72,43,135,113
72,43,147,115
72,43,157,108
72,43,157,117
72,45,101,140
72,45,207,158
72,47,87,151
72,47,115,188
72,47,123,187
72,47,129,185
72,47,136,192
72,49,61,169
72,49,70,169
72,49,225,116
72,51,200,202
72,53,115,163
72,54,149,154
72,54,156,208
72,57,169,205
72,57,173,214
72,57,178,203
72,57,181,212
72,59,183,161
72,30,31,119
72,33,59,123
72,35,27,132
72,35,75,99
72,42,224,76
72,45,29,227
72,50,189,198
72,44,115,126
72,51,196,130
72,7,49,94
72,10,59,64
72,20,232,137
72,59,139,238
72,5,97,36
72,7,61,55
72,9,115,68
72,16,63,122
72,24,199,121
72,24,48,146
72,25,101,169
72,51,119,203
72,51,127,203
72,51,126,210
72,8,69,50
72,8,69,61
72,8,76,49
72,8,79,55
72,8,84,46
72,8,97,79
72,8,109,59
72,8,115,53
72,8,115,60
72,8,242,34
72,9,122,58
72,12,52,66
72,12,210,53
72,12,218,50
72,16,25,120
72,16,26,127
72,16,27,113
72,16,31,119
72,16,33,127
72,16,34,111
72,16,38,119
72,16,43,115
72,16,49,114
72,16,57,112
72,16,68,65
72,16,76,59
72,16,75,66
72,16,78,71
72,16,81,80
72,16,85,72
72,16,163,36
72,16,170,35
72,16,176,35
72,16,182,31
72,16,182,40
72,16,188,28
72,16,189,38
72,16,195,28
72,16,196,35
72,16,220,30
72,16,228,25
72,16,227,34
72,16,231,52
72,21,29,102
72,20,132,52
72,20,139,52
72,23,49,92
72,24,36,140
72,24,36,148
72,24,41,137
72,24,50,135
72,24,94,111
72,24,94,119
72,24,99,124
72,24,100,107
72,24,100,115
72,24,104,121
72,24,106,106
72,24,106,114
72,24,110,120
72,24,113,110
72,24,167,96
72,24,167,104
72,24,173,93
72,24,174,100
72,24,174,107
72,24,179,92
72,24,180,99
72,24,181,105
72,24,186,93
72,24,187,99
72,24,196,114
72,24,197,44
72,24,227,53
72,24,226,78
72,24,230,87
72,24,233,79
72,28,26,161
72,28,26,168
72,28,29,174
72,28,33,161
72,28,34,169
72,28,39,108
72,28,42,115
72,28,47,106
72,28,50,114
72,28,186,64
72,28,189,57
72,28,193,65
72,29,167,60
72,29,166,67
72,30,174,65
72,32,71,207
72,32,74,198
72,32,79,206
72,32,81,197
72,32,148,116
72,32,155,115
72,32,155,122
72,32,161,112
72,32,161,118
72,32,161,126
72,32,167,110
72,32,167,116
72,32,167,125
72,32,174,112
72,32,175,118
72,32,174,125
72,32,185,87
72,32,222,67
72,32,230,65
72,34,124,80
72,34,126,88
72,34,85,88
72,34,131,79
72,34,133,87
72,36,33,139
72,36,35,131
72,36,41,136
72,36,46,141
72,36,48,132
72,36,87,99
72,36,200,80
72,38,128,104
72,38,134,102
72,40,34,162
72,40,104,123
72,40,137,155
72,40,137,161
72,40,142,167
72,40,143,152
72,40,143,159
72,40,150,166
72,40,152,153
72,40,153,159
72,44,169,109
72,44,171,102
72,44,174,111
72,44,175,122
72,44,181,111
72,44,183,121
72,45,157,51
72,45,173,50
72,46,162,60
72,47,38,172
72,48,27,186
72,48,28,195
72,48,31,154
72,48,33,182
72,48,37,188
72,48,36,195
72,48,38,200
72,48,37,149
72,48,37,179
72,48,45,180
72,48,50,142
72,48,51,173
72,48,51,182
72,48,57,144
72,48,57,181
72,48,60,214
72,48,60,222
72,48,64,227
72,48,66,211
72,48,66,220
72,48,70,227
72,48,73,210
72,48,72,217
72,48,78,224
72,48,79,217
72,48,78,163
72,48,78,171
72,48,84,176
72,48,84,160
72,48,86,168
72,48,126,151
72,48,133,152
72,48,158,125
72,48,159,132
72,48,162,139
72,48,166,126
72,48,169,134
72,48,169,192
72,48,171,199
72,48,173,186
72,48,177,192
72,48,178,199
72,48,179,184
72,48,186,186
72,49,32,115
72,52,117,211
72,52,36,220
72,52,88,229
72,52,96,228
72,52,211,139
72,53,213,166
72,53,183,141
72,56,129,158
72,56,133,228
72,56,137,158
72,56,139,224
72,56,145,223
72,56,148,229
72,57,206,185
72,56,206,248
72,56,244,187
72,56,200,226
72,39,227,178
72,50,42,112
72,5,143,26
72,6,150,26
72,52,60,247
72,56,86,179
72,4,33,61
72,3,53,48
72,16,31,50
72,15,38,43
72,15,42,37
72,15,50,39
72,29,164,46
72,30,166,51
72,35,46,51
72,35,44,57
72,35,45,64
72,35,47,45
72,35,51,51
72,36,52,60
72,35,54,44
72,35,60,48
72,35,60,59
72,38,28,249
72,39,48,250
72,39,54,248
72,39,94,232
72,48,59,121
72,48,60,127
72,47,65,115
72,48,68,121
72,47,71,115
72,47,81,114
72,47,156,222
72,47,161,220
72,48,44,120
72,48,51,119
72,48,58,115
72,48,62,133
72,48,68,127
72,48,246,172
72,49,248,177
72,49,37,103
72,49,45,102
72,49,51,110
72,49,51,100
72,49,59,101
72,53,86,199
72,53,91,197
72,56,248,139
72,59,209,159
72,59,223,153
72,47,84,88
72,47,90,87
72,47,95,250
72,60,116,201
72,6,18,66
72,6,29,61
72,6,35,59
72,6,35,65
72,12,5,129
72,13,17,91
72,16,5,106
72,16,30,32
72,36,32,75
72,36,37,69
72,36,36,81
72,36,38,77
72,36,42,81
72,36,44,72
72,36,52,70
72,36,69,43
72,36,69,47
72,36,30,68
72,36,31,80
72,36,32,88
72,36,38,88
72,36,43,86
72,36,48,78
72,36,68,55
72,36,78,44
72,36,78,64
72,38,30,100
72,39,12,156
72,47,63,93
72,47,69,90
72,48,68,96
72,47,75,90
72,48,75,95
72,48,81,93
72,47,96,83
72,47,104,78
72,47,104,84
72,47,110,78
72,48,40,92
72,48,45,94
72,48,190,54
72,48,196,55
72,60,69,203
72,59,76,204
73,41,181,165
73,16,120,85
73,42,187,131
73,44,139,209
73,50,223,215
73,59,212,218
73,28,127,121
73,39,219,77
73,57,49,209
73,14,41,131
73,14,47,138
73,16,51,124
73,14,111,43
73,14,117,38
73,14,126,40
73,14,204,80
73,15,215,70
73,15,214,82
73,17,33,124
73,18,61,126
73,18,64,117
73,26,107,80
73,35,181,81
73,38,42,186
73,38,70,171
73,41,219,137
73,42,192,98
73,46,203,165
73,50,206,108
73,19,32,97
73,11,153,63
73,19,198,74
73,37,113,148
73,20,202,96
73,33,212,108
73,15,30,82
73,17,174,40
73,20,68,88
73,30,72,96
73,32,150,73
73,34,228,108
73,37,80,120
73,37,158,85
73,44,78,194
73,45,98,177
73,50,188,193
73,13,142,67
73,13,216,52
73,14,146,97
73,15,152,92
73,15,221,55
73,15,146,105
73,15,158,103
73,15,161,93
73,15,223,63
73,17,31,114
73,17,74,72
73,17,82,69
73,17,160,70
73,17,167,65
73,18,165,76
73,18,174,70
73,19,58,82
73,21,232,139
73,23,143,61
73,23,140,98
73,23,136,135
73,23,143,125
73,23,145,137
73,23,153,131
73,25,39,145
73,25,46,137
73,25,92,115
73,26,97,108
73,25,102,117
73,25,107,113
73,25,172,102
73,25,183,100
73,25,191,122
73,25,201,121
73,25,230,79
73,26,92,122
73,26,100,123
73,26,229,87
73,29,27,169
73,29,34,169
73,31,31,118
73,31,205,102
73,32,27,220
73,33,35,215
73,33,35,224
73,33,76,202
73,32,86,199
73,34,110,104
73,35,118,101
73,35,166,83
73,37,103,155
73,37,134,144
73,37,148,86
73,37,217,116
73,39,55,142
73,39,164,142
73,39,172,137
73,39,171,146
73,39,207,135
73,41,143,159
73,41,149,155
73,41,150,165
73,41,201,133
73,42,156,159
73,45,72,202
73,45,83,201
73,45,113,132
73,45,119,126
73,45,130,125
73,46,140,97
73,45,137,121
73,42,138,109
73,45,143,120
73,45,152,114
73,46,157,106
73,46,159,117
73,45,165,108
73,45,172,110
73,45,178,102
73,45,177,113
73,45,184,112
73,45,205,156
73,45,43,165
73,47,142,128
73,46,166,117
73,46,212,159
73,48,50,157
73,47,104,142
73,47,138,179
73,48,149,180
73,47,219,157
73,47,224,148
73,47,227,158
73,50,96,164
73,49,176,192
73,49,180,199
73,50,214,178
73,50,215,187
73,52,218,172
73,50,225,181
73,50,224,188
73,51,193,172
73,53,198,203
73,58,169,209
73,56,206,213
73,6,28,69
73,9,67,57
73,22,161,52
73,30,48,115
73,38,67,127
73,4,50,56
73,33,149,119
73,9,51,100
73,11,118,66
73,20,112,64
73,7,100,39
73,9,92,84
73,13,57,69
73,15,92,55
73,18,193,34
73,21,121,65
73,35,58,123
73,37,126,102
73,46,29,227
73,49,76,222
73,49,83,175
73,51,61,179
73,51,227,116
73,60,204,166
73,7,76,103
73,4,129,35
73,6,227,39
73,7,40,45
73,8,180,46
73,8,45,50
73,8,47,92
73,8,57,92
73,8,78,80
73,9,79,51
73,8,82,87
73,8,86,76
73,8,142,27
73,8,148,26
73,8,155,24
73,8,154,31
73,8,165,54
73,8,167,62
73,8,177,53
73,8,184,55
73,8,188,43
73,8,192,49
73,8,191,55
73,9,86,50
73,10,116,59
73,10,243,34
73,16,76,98
73,16,82,99
73,16,142,36
73,16,39,75
73,16,47,73
73,16,46,80
73,16,47,88
73,16,68,99
73,16,68,106
73,16,74,105
73,16,76,112
73,16,78,90
73,16,80,105
73,16,85,112
73,16,86,91
73,16,87,106
73,16,89,96
73,16,89,61
73,16,91,71
73,16,93,105
73,16,99,63
73,16,99,70
73,16,100,56
73,16,144,45
73,16,150,35
73,16,151,42
73,16,152,49
73,16,157,42
73,19,114,54
73,20,120,58
73,22,137,170
73,24,42,98
73,24,49,91
73,24,51,100
73,24,120,73
73,24,128,61
73,24,127,67
73,24,128,75
73,24,134,71
73,24,151,87
73,24,154,93
73,24,153,99
73,24,171,92
73,24,174,60
73,24,173,51
73,24,180,90
73,24,182,60
73,24,183,51
73,24,181,44
73,24,190,90
73,24,199,44
73,24,204,49
73,24,205,40
73,24,205,81
73,24,210,46
73,24,212,39
73,24,211,52
73,24,211,87
73,24,217,46
73,24,219,52
73,24,222,40
73,24,228,46
73,24,227,54
73,28,82,101
73,27,85,92
73,27,102,174
73,27,109,172
73,28,91,99
73,28,98,91
73,32,29,129
73,32,141,112
73,32,141,118
73,32,142,125
73,32,158,115
73,32,158,122
73,32,164,110
73,32,164,116
73,32,165,124
73,32,168,65
73,32,170,108
73,32,170,114
73,32,171,122
73,32,177,64
73,32,176,110
73,32,177,119
73,35,133,83
73,35,135,90
73,36,67,106
73,36,73,104
73,36,78,104
73,36,81,97
73,36,85,105
73,36,89,93
73,36,91,103
73,36,90,111
73,36,94,117
73,36,99,103
73,36,99,110
73,37,102,116
73,36,127,92
73,36,134,134
73,36,141,135
73,39,32,137
73,38,36,143
73,38,41,141
73,40,126,156
73,44,192,85
73,44,200,86
73,49,34,177
73,48,37,151
73,49,38,184
73,48,41,172
73,48,41,178
73,48,50,145
73,48,44,185
73,49,49,179
73,48,61,217
73,48,65,225
73,48,65,209
73,48,68,217
73,48,75,212
73,48,82,166
73,48,83,151
73,48,83,158
73,48,89,149
73,48,114,183
73,48,114,191
73,48,120,179
73,48,121,186
73,49,120,194
73,48,127,179
73,48,128,186
73,48,127,193
73,48,133,191
73,48,140,193
73,48,204,122
73,48,212,121
73,49,28,197
73,49,35,189
73,49,38,199
73,50,56,181
73,51,166,134
73,52,35,223
73,52,62,173
73,52,71,171
73,52,71,180
73,52,114,213
73,52,117,205
73,53,120,213
73,52,124,205
73,52,126,212
73,52,200,130
73,52,227,124
73,54,126,124
73,54,135,123
73,55,109,164
73,55,126,131
73,56,155,156
73,56,117,165
73,56,141,158
73,56,149,153
73,56,149,161
73,56,184,146
73,56,191,145
73,56,248,187
73,59,140,232
73,50,135,155
73,53,62,247
73,17,227,29
73,56,207,247
73,16,44,40
73,40,230,179
73,48,166,222
73,51,30,122
73,54,87,201
73,56,133,162
73,16,210,24
73,17,30,52
73,16,35,47
73,16,53,39
73,17,32,58
73,17,37,54
73,17,43,49
73,31,189,65
73,31,194,61
73,31,194,67
73,36,52,51
73,36,50,64
73,36,61,52
73,36,61,61
73,40,28,250
73,39,33,250
73,40,53,249
73,39,59,249
73,47,145,63
73,47,148,53
73,47,151,60
73,47,155,48
73,47,155,66
73,47,157,55
73,47,161,45
73,47,161,61
73,47,162,70
73,47,163,52
73,47,167,44
73,47,167,58
73,47,168,66
73,47,169,51
73,47,175,44
73,47,174,58
73,47,175,51
73,47,181,52
73,47,189,51
73,48,87,114
73,49,65,122
73,49,65,130
73,49,246,174
73,51,27,112
73,51,33,109
73,51,33,115
73,51,39,107
73,51,39,115
73,51,45,104
73,51,45,110
73,52,46,116
73,51,53,103
73,52,53,110
73,53,91,230
73,53,95,235
73,53,98,229
73,56,175,203
73,56,175,209
73,56,181,208
73,56,200,227
73,56,206,226
73,4,25,126
73,4,26,132
73,4,30,127
73,6,139,41
73,5,165,9
73,5,169,9
73,14,6,132
73,16,52,162
73,16,54,168
73,16,58,160
73,20,246,30
73,24,191,156
73,36,43,56
73,36,46,46
73,36,54,40
73,36,61,41
73,36,67,46
73,36,69,50
73,36,70,56
73,36,69,62
73,36,119,58
73,36,130,31
73,37,134,31
73,38,142,30
73,38,150,30
73,38,150,36
73,38,156,32
73,39,12,159
73,40,15,161
73,47,92,86
73,47,112,74
73,47,114,68
73,47,121,67
73,47,119,70
73,47,126,64
73,47,128,68
73,47,132,60
73,47,132,66
73,47,138,69
73,47,147,72
73,48,70,96
73,48,74,114
73,48,76,94
73,48,99,251
73,52,208,76
73,52,209,81
73,52,214,81
73,52,214,85
73,52,220,86
73,58,92,186
74,41,178,169
74,41,189,168
74,33,74,100
74,18,53,130
74,17,123,83
74,18,207,75
74,45,141,214
74,42,190,133
74,41,221,77
74,46,137,103
74,14,112,44
74,14,127,44
74,14,153,67
74,17,27,94
74,18,92,69
74,18,36,89
74,26,178,99
74,26,209,48
74,30,126,122
74,34,28,223
74,35,36,224
74,38,30,195
74,39,40,193
74,39,69,173
74,38,112,153
74,37,185,86
74,44,223,143
74,47,80,200
74,46,199,164
74,46,206,164
74,46,213,160
74,50,223,218
74,59,54,217
74,28,109,82
74,59,211,220
74,42,196,105
74,49,212,112
74,21,176,43
74,22,65,90
74,26,199,121
74,42,76,130
74,17,155,45
74,38,223,112
74,6,28,65
74,19,203,104
74,21,202,98
74,33,86,200
74,33,141,122
74,34,170,118
74,38,104,113
74,37,168,89
74,46,40,171
74,50,91,163
74,9,184,51
74,9,194,51
74,11,45,101
74,11,51,97
74,11,58,98
74,10,84,89
74,11,91,83
74,11,146,29
74,11,156,29
74,11,167,60
74,11,175,59
74,14,61,71
74,16,158,92
74,15,215,62
74,15,218,84
74,15,224,73
74,15,222,54
74,15,225,64
74,17,68,102
74,17,78,97
74,18,75,113
74,17,86,108
74,17,98,59
74,18,44,84
74,18,50,83
74,20,30,129
74,19,167,71
74,19,177,71
74,21,59,85
74,21,117,63
74,24,163,57
74,24,141,129
74,24,152,130
74,24,36,141
74,25,45,137
74,25,134,136
74,25,139,69
74,25,147,141
74,24,145,98
74,25,182,53
74,25,180,61
74,25,198,87
74,25,210,81
74,25,209,90
74,25,225,43
74,25,225,53
74,27,87,120
74,27,94,112
74,27,94,124
74,27,102,118
74,29,114,122
74,31,30,168
74,31,31,176
74,33,154,74
74,34,158,119
74,38,61,134
74,37,76,118
74,37,85,118
74,37,99,153
74,37,120,104
74,39,134,143
74,39,32,142
74,39,155,88
74,39,214,130
74,42,145,157
74,43,144,165
74,43,153,166
74,43,154,156
74,45,197,95
74,47,99,177
74,47,121,132
74,47,130,129
74,47,156,122
74,47,164,116
74,47,181,113
74,49,62,216
74,49,65,225
74,49,71,212
74,49,74,222
74,49,85,155
74,50,85,177
74,49,117,186
74,49,126,183
74,49,132,189
74,49,144,133
74,49,171,222
74,49,174,197
74,50,184,194
74,49,209,124
74,50,121,195
74,50,220,189
74,51,189,178
74,50,199,176
74,52,219,177
74,51,228,186
74,53,202,205
74,55,146,160
74,57,158,161
74,59,173,210
74,27,230,81
74,9,29,78
74,45,113,132
74,49,41,157
74,49,55,154
74,51,29,202
74,52,39,203
74,54,121,212
74,60,200,161
74,6,27,131
74,9,101,45
74,11,63,58
74,29,109,175
74,35,182,69
74,51,37,190
74,57,133,166
74,6,32,101
74,6,37,96
74,7,75,100
74,7,142,47
74,8,37,57
74,8,38,64
74,8,37,72
74,8,44,58
74,8,44,65
74,8,44,72
74,9,51,60
74,8,51,67
74,8,81,103
74,8,94,41
74,8,120,31
74,7,130,27
74,8,233,42
74,9,94,49
74,10,76,81
74,11,247,36
74,12,71,53
74,12,73,63
74,12,83,55
74,12,111,66
74,12,115,59
74,12,123,61
74,16,144,39
74,16,144,94
74,16,146,103
74,16,152,105
74,16,161,104
74,16,208,27
74,16,215,25
74,20,74,69
74,20,74,76
74,20,79,82
74,20,188,38
74,20,195,34
74,20,197,41
74,20,203,33
74,25,28,109
74,24,35,109
74,24,132,102
74,24,147,60
74,28,87,94
74,29,91,100
74,31,28,120
74,33,30,129
74,32,34,119
74,32,37,128
74,32,40,116
74,32,45,125
74,32,46,115
74,32,55,120
74,32,192,60
74,32,191,67
74,32,193,73
74,32,198,64
74,32,205,95
74,32,205,101
74,32,207,108
74,32,211,91
74,32,212,98
74,32,214,106
74,32,218,94
74,32,221,102
74,34,175,67
74,37,132,93
74,36,139,94
74,40,48,142
74,40,46,179
74,40,48,150
74,40,51,187
74,40,54,180
74,41,56,149
74,40,121,145
74,40,157,145
74,40,161,137
74,40,160,151
74,40,164,105
74,40,164,144
74,40,169,135
74,40,168,149
74,40,171,105
74,40,172,142
74,40,207,84
74,48,140,118
74,47,58,164
74,48,52,172
74,48,96,147
74,48,101,139
74,48,103,146
74,48,102,153
74,48,111,141
74,48,110,150
74,48,134,177
74,48,141,173
74,48,140,181
74,48,144,125
74,48,142,187
74,48,142,194
74,48,147,116
74,48,147,173
74,48,147,181
74,48,150,189
74,48,153,176
74,48,155,184
74,48,181,127
74,48,188,125
74,48,196,124
74,48,223,156
74,48,222,165
74,48,231,156
74,48,229,163
74,50,35,181
74,50,43,182
74,50,64,133
74,51,47,188
74,52,53,190
74,52,59,187
74,52,168,141
74,52,223,122
74,52,229,116
74,53,231,124
74,54,63,179
74,53,64,186
74,53,71,178
74,53,72,185
74,54,202,107
74,55,215,144
74,56,84,206
74,56,90,205
74,57,110,170
74,55,129,130
74,56,136,174
74,56,154,206
74,56,153,214
74,20,229,32
74,54,65,249
74,47,30,231
74,23,138,172
74,26,49,98
74,44,93,247
74,52,29,125
74,8,167,15
74,9,41,49
74,16,6,135
74,19,45,50
74,19,50,46
74,25,135,31
74,25,137,36
74,39,134,49
74,39,137,41
74,39,142,42
74,39,150,39
74,40,57,250
74,40,62,249
74,48,29,238
74,47,157,47
74,47,155,54
74,47,163,44
74,47,163,50
74,47,163,55
74,47,169,41
74,47,169,48
74,47,169,54
74,47,175,41
74,47,175,47
74,47,175,53
74,47,181,41
74,47,181,48
74,48,181,55
74,47,187,44
74,47,187,53
74,47,194,52
74,49,86,115
74,48,91,112
74,48,111,76
74,48,119,73
74,48,158,62
74,48,165,62
74,48,171,60
74,48,170,66
74,48,178,60
74,49,70,121
74,49,78,117
74,52,30,114
74,53,36,121
74,53,34,224
74,53,35,229
74,53,42,118
74,53,49,113
74,54,42,227
74,54,201,135
74,55,94,238
74,55,99,237
74,57,121,167
74,57,209,249
74,19,32,56
74,19,39,53
74,38,245,148
74,56,180,210
74,2,53,50
74,3,64,55
74,4,158,45
74,4,165,43
74,4,201,34
74,3,206,28
74,4,207,37
74,4,213,29
74,4,212,36
74,11,60,30
74,16,48,162
74,16,52,156
74,16,54,163
74,16,54,168
74,20,30,60
74,20,36,60
74,22,231,139
74,23,238,147
74,23,4,159
74,23,3,163
74,36,38,90
74,38,56,55
74,38,40,84
74,38,54,48
74,38,54,60
74,38,54,66
74,38,60,59
74,38,58,64
74,38,62,50
74,38,65,61
74,38,116,64
74,38,123,59
74,38,121,63
74,38,127,58
74,38,136,31
74,39,141,31
74,40,30,251
74,40,158,38
74,48,124,66
74,48,128,70
74,48,130,64
74,48,134,69
74,48,141,65
74,47,144,56
74,47,148,61
74,48,38,32
74,48,46,32
74,48,80,94
74,48,84,86
74,48,85,92
74,48,91,84
74,48,92,88
74,48,90,94
74,48,96,82
74,48,141,70
74,50,74,98
74,50,82,100
74,51,245,122
74,52,39,108
74,52,46,107
74,52,52,106
74,52,60,108
74,52,66,106
74,53,224,88
74,58,250,190
74,58,250,195
75,19,54,130
75,42,180,171
75,42,191,170
75,19,125,91
75,18,210,79
75,20,33,95
75,42,191,134
75,13,30,83
75,41,221,79
75,18,78,107
75,30,120,125
75,34,72,104
75,34,78,205
75,34,88,201
75,35,30,226
75,38,187,90
75,42,211,140
75,42,218,139
75,43,225,139
75,44,137,105
75,47,208,165
75,50,212,122
75,25,37,143
75,50,125,190
75,14,160,64
75,22,179,48
75,34,138,127
75,10,189,54
75,21,210,101
75,7,28,69
75,42,122,155
75,45,199,104
75,46,143,217
75,50,87,162
75,11,83,91
75,19,155,50
75,22,29,130
75,26,116,76
75,26,148,105
75,39,116,110
75,50,224,221
75,51,92,169
75,9,123,33
75,9,199,53
75,13,66,66
75,13,76,61
75,13,110,74
75,13,119,69
75,13,150,32
75,13,176,61
75,15,109,48
75,15,120,78
75,15,130,78
75,17,84,97
75,17,123,41
75,17,208,29
75,17,216,28
75,18,146,44
75,19,90,65
75,19,99,62
75,19,98,73
75,19,171,72
75,20,181,72
75,21,79,73
75,22,83,80
75,25,134,100
75,25,142,95
75,25,139,138
75,25,152,95
75,24,147,130
75,25,151,140
75,25,162,59
75,25,197,84
75,25,199,93
75,25,206,87
75,25,212,87
75,26,34,114
75,27,143,70
75,26,198,126
75,26,204,126
75,26,210,127
75,27,168,101
75,27,176,95
75,27,176,106
75,28,183,60
75,27,184,101
75,27,210,46
75,28,213,57
75,27,224,51
75,28,95,121
75,29,91,130
75,30,114,86
75,33,45,119
75,33,47,130
75,33,53,120
75,34,55,129
75,34,37,127
75,34,159,116
75,35,159,124
75,34,166,114
75,35,166,123
75,34,173,114
75,35,173,123
75,39,32,201
75,39,40,199
75,39,62,138
75,39,61,177
75,39,72,174
75,39,83,123
75,39,100,155
75,39,104,164
75,39,108,151
75,39,111,161
75,39,137,145
75,41,155,94
75,40,167,93
75,43,54,151
75,43,78,134
75,44,150,162
75,47,76,209
75,47,76,199
75,48,85,202
75,49,69,223
75,50,174,195
75,50,179,203
75,50,184,193
75,51,86,183
75,53,215,179
75,51,220,193
75,51,226,184
75,55,122,215
75,59,46,221
75,58,55,221
75,58,153,165
75,57,153,217
75,59,170,210
75,10,45,69
75,32,29,175
75,38,229,113
75,41,163,147
75,59,211,215
75,19,48,88
75,21,228,37
75,33,195,71
75,35,157,80
75,49,142,136
75,21,198,39
75,13,115,61
75,15,121,58
75,23,119,65
75,30,110,174
75,36,177,72
75,39,175,93
75,47,113,135
75,47,114,142
75,51,168,231
75,55,229,127
75,7,28,132
75,6,164,46
75,6,172,44
75,5,209,36
75,7,31,99
75,7,134,26
75,8,33,106
75,8,37,100
75,8,76,103
75,8,82,103
75,8,136,52
75,8,145,47
75,8,144,55
75,10,35,53
75,10,98,48
75,12,43,99
75,12,44,106
75,12,48,95
75,12,50,101
75,13,51,108
75,12,54,94
75,12,56,101
75,12,62,97
75,12,61,104
75,12,79,80
75,12,80,52
75,12,86,80
75,12,88,55
75,12,93,83
75,12,108,66
75,12,160,27
75,12,169,53
75,16,55,75
75,16,63,75
75,16,128,50
75,16,129,56
75,16,137,71
75,16,138,78
75,16,144,64
75,16,144,72
75,16,144,80
75,16,146,96
75,16,148,103
75,16,150,72
75,16,150,81
75,16,150,90
75,16,154,96
75,16,155,104
75,16,157,78
75,16,159,87
75,16,160,94
75,16,161,100
75,16,160,107
75,16,167,89
75,16,169,96
75,16,168,103
75,16,213,62
75,16,219,55
75,16,220,62
75,16,221,69
75,16,227,55
75,16,228,61
75,16,226,74
75,16,226,82
75,16,229,67
75,20,226,29
75,24,59,89
75,24,63,98
75,24,65,87
75,24,71,91
75,24,127,67
75,28,93,114
75,28,130,78
75,28,198,50
75,29,201,57
75,31,89,103
75,32,102,90
75,32,101,98
75,32,110,98
75,32,205,97
75,32,205,104
75,32,207,111
75,32,211,96
75,32,212,104
75,32,213,112
75,32,218,96
75,32,220,103
75,32,220,110
75,34,161,72
75,39,27,142
75,40,31,149
75,40,35,187
75,40,39,149
75,40,42,183
75,40,47,189
75,40,50,182
75,40,48,195
75,40,67,186
75,40,75,183
75,40,94,123
75,40,98,115
75,40,103,123
75,40,158,139
75,40,164,135
75,40,171,137
75,40,208,129
75,40,211,114
75,40,211,121
75,40,215,127
75,40,218,112
75,40,219,120
75,40,223,126
75,41,170,108
75,47,99,177
75,48,39,178
75,48,43,169
75,49,46,178
75,48,53,168
75,48,53,175
75,48,95,152
75,48,98,145
75,48,102,151
75,48,103,158
75,48,105,142
75,48,110,149
75,48,122,131
75,48,124,107
75,48,123,139
75,48,129,129
75,48,131,138
75,48,135,127
75,48,135,177
75,48,141,122
75,48,141,128
75,48,141,173
75,48,141,181
75,48,144,187
75,48,144,194
75,48,145,98
75,48,147,123
75,48,148,176
75,48,150,130
75,48,152,182
75,48,151,189
75,48,153,120
75,48,156,128
75,48,158,115
75,48,159,121
75,49,164,128
75,48,167,115
75,49,168,122
75,48,175,116
75,48,177,122
75,48,183,109
75,48,183,116
75,48,183,130
75,48,184,122
75,48,191,120
75,48,215,109
75,48,218,153
75,48,222,159
75,48,223,167
75,48,227,150
75,48,231,157
75,48,230,165
75,50,41,153
75,50,49,153
75,51,59,143
75,51,42,185
75,52,28,206
75,52,31,122
75,52,31,198
75,52,33,207
75,52,34,190
75,52,38,196
75,52,39,205
75,52,44,193
75,52,51,191
75,52,138,160
75,52,191,179
75,54,170,149
75,54,194,206
75,55,202,139
75,55,204,110
75,56,216,145
75,55,60,186
75,56,67,180
75,56,69,188
75,56,81,207
75,57,108,173
75,56,127,133
75,61,106,209
75,58,135,173
75,11,232,47
75,28,229,81
75,54,67,250
75,57,249,197
75,56,96,242
75,41,144,45
75,3,51,55
75,4,65,57
75,9,168,16
75,11,244,43
75,12,249,37
75,16,7,136
75,19,41,52
75,19,47,48
75,20,32,60
75,20,38,58
75,23,234,145
75,27,47,106
75,27,53,107
75,27,127,33
75,27,132,32
75,27,134,40
75,27,139,36
75,40,55,250
75,40,60,250
75,48,28,239
75,47,62,164
75,47,63,171
75,47,69,169
75,48,179,47
75,48,33,237
75,48,164,54
75,48,171,47
75,48,171,55
75,48,178,54
75,48,185,48
75,48,192,56
75,48,247,102
75,49,170,62
75,49,180,60
75,51,32,110
75,54,35,228
75,53,40,113
75,53,41,123
75,53,50,111
75,53,48,120
75,57,214,250
75,60,190,161
75,37,247,148
75,23,132,172
75,24,4,163
75,44,91,249
75,49,160,63
75,4,76,37
75,3,80,30
75,4,82,40
75,3,89,32
75,4,93,66
75,4,111,49
75,4,119,50
75,4,129,68
75,4,129,74
75,4,138,69
75,15,62,32
75,16,46,162
75,16,52,158
75,16,52,163
75,42,232,183
75,42,160,40
75,48,38,32
75,48,120,74
75,48,126,74
75,48,155,59
75,48,193,66
75,49,88,121
75,51,245,172
75,52,58,107
75,54,196,76
75,54,200,72
75,54,202,75
75,54,205,71
75,54,223,90
75,60,138,237
75,57,176,213
76,44,183,171
76,19,57,130
76,43,218,139
76,14,32,86
76,43,222,80
76,44,135,106
76,47,197,135
76,21,37,95
76,26,36,144
76,26,202,88
76,26,212,83
76,26,211,93
76,34,66,104
76,33,77,102
76,35,32,226
76,39,188,132
76,42,163,96
76,44,143,219
76,46,76,202
76,47,86,200
76,26,148,100
76,47,209,166
76,50,214,122
76,47,200,105
76,49,48,152
76,8,28,70
76,11,196,52
76,17,177,68
76,16,209,80
76,26,121,74
76,42,120,159
76,14,185,55
76,18,80,97
76,18,208,97
76,39,189,90
76,59,204,218
76,14,120,76
76,15,160,66
76,21,205,74
76,24,177,49
76,25,225,43
76,30,116,85
76,34,132,128
76,34,84,203
76,38,62,169
76,39,117,109
76,51,91,165
76,7,210,36
76,11,46,68
76,11,128,32
76,13,42,99
76,13,49,98
76,13,58,99
76,13,86,55
76,13,111,74
76,13,144,32
76,13,150,28
76,13,150,37
76,12,162,27
76,13,159,36
76,12,165,56
76,10,174,50
76,14,49,107
76,14,73,62
76,15,116,88
76,15,128,89
76,15,130,78
76,15,218,83
76,16,112,42
76,17,126,41
76,17,219,69
76,17,229,66
76,17,228,77
76,18,80,104
76,19,88,104
76,18,214,29
76,21,71,101
76,19,73,112
76,19,83,112
76,22,29,129
76,22,85,77
76,21,99,73
76,23,121,97
76,23,129,91
76,25,140,138
76,24,144,129
76,25,148,140
76,25,155,129
76,25,155,138
76,26,204,123
76,26,212,121
76,27,148,69
76,27,163,62
76,27,172,100
76,27,183,95
76,27,183,105
76,27,211,43
76,27,220,50
76,28,93,118
76,29,87,130
76,29,94,131
76,29,102,125
76,29,134,80
76,29,140,76
76,31,115,125
76,31,125,118
76,31,123,129
76,34,143,124
76,34,142,132
76,35,162,118
76,34,170,112
76,34,171,120
76,34,177,116
76,35,44,126
76,35,55,123
76,36,56,131
76,35,165,126
76,35,175,125
76,39,29,200
76,39,35,192
76,39,38,202
76,39,58,179
76,39,66,180
76,39,73,173
76,41,159,145
76,41,168,138
76,42,173,106
76,43,73,136
76,42,81,132
76,44,150,161
76,49,61,222
76,49,69,215
76,50,69,227
76,49,76,220
76,49,115,189
76,49,123,183
76,49,124,194
76,49,132,189
76,49,167,121
76,51,81,165
76,50,214,225
76,51,220,218
76,51,221,228
76,51,229,218
76,51,229,227
76,51,171,202
76,51,179,196
76,53,117,217
76,52,127,217
76,59,54,221
76,56,155,214
76,59,174,212
76,16,166,92
76,30,105,176
76,60,192,158
76,19,142,45
76,21,228,34
76,28,35,116
76,45,142,117
76,51,88,185
76,38,231,114
76,13,104,46
76,24,204,42
76,49,143,137
76,19,153,53
76,22,55,89
76,29,204,53
76,33,208,100
76,39,30,141
76,41,106,120
76,45,57,161
76,47,99,181
76,47,112,139
76,55,219,190
76,58,110,173
76,7,29,129
76,4,47,46
76,4,50,59
76,6,64,46
76,4,65,62
76,8,34,99
76,8,136,50
76,8,141,56
76,8,145,47
76,13,72,87
76,12,79,86
76,10,86,92
76,12,97,45
76,12,100,54
76,12,105,67
76,12,109,62
76,14,116,62
76,16,58,72
76,16,58,80
76,16,66,76
76,16,110,53
76,16,116,54
76,16,122,54
76,16,130,49
76,16,129,58
76,16,136,72
76,16,139,64
76,16,141,79
76,16,144,71
76,16,146,60
76,16,148,78
76,16,150,67
76,16,148,93
76,16,149,101
76,16,153,60
76,16,156,87
76,16,156,72
76,16,155,79
76,16,156,103
76,16,163,103
76,16,222,58
76,16,230,58
76,20,92,63
76,20,100,62
76,20,153,44
76,22,198,40
76,24,62,96
76,24,60,87
76,24,70,88
76,24,118,64
76,24,126,62
76,28,54,109
76,28,176,64
76,28,183,66
76,28,197,50
76,28,212,60
76,28,220,60
76,28,228,59
76,28,229,81
76,29,189,56
76,29,189,62
76,32,26,170
76,32,26,178
76,32,32,168
76,32,33,176
76,32,85,106
76,32,94,101
76,32,93,108
76,33,105,94
76,33,113,97
76,32,207,110
76,32,214,110
76,32,216,100
76,32,221,108
76,32,218,93
76,32,224,101
76,35,196,73
76,36,34,126
76,36,154,82
76,35,162,73
76,35,204,69
76,35,204,77
76,36,37,135
76,36,163,82
76,36,174,69
76,36,177,75
76,36,181,66
76,36,184,73
76,36,190,70
76,38,226,70
76,40,32,150
76,40,37,184
76,40,39,145
76,40,40,153
76,40,43,181
76,40,45,188
76,40,48,194
76,40,50,180
76,40,52,187
76,40,64,141
76,40,83,121
76,40,90,124
76,40,97,120
76,40,102,158
76,40,103,165
76,40,107,152
76,39,135,143
76,40,144,144
76,40,214,117
76,40,213,125
76,40,221,113
76,40,220,120
76,40,221,126
76,40,227,123
76,45,93,249
76,47,99,173
76,48,31,231
76,48,39,229
76,47,64,169
76,48,92,153
76,48,96,146
76,48,99,152
76,48,103,143
76,48,103,159
76,48,107,149
76,48,122,132
76,48,121,141
76,48,128,130
76,48,130,139
76,48,134,130
76,48,135,178
76,48,139,125
76,48,140,184
76,48,140,193
76,48,142,174
76,48,145,99
76,48,149,124
76,48,146,179
76,48,146,186
76,48,146,193
76,48,152,176
76,48,153,183
76,48,152,189
76,49,183,114
76,49,182,122
76,48,185,128
76,48,189,121
76,48,195,121
76,48,217,154
76,48,224,152
76,48,224,160
76,48,226,167
76,48,230,152
76,48,231,160
76,50,32,154
76,48,37,180
76,50,44,172
76,51,48,181
76,50,50,170
76,53,28,205
76,52,34,192
76,52,33,199
76,53,36,208
76,52,40,189
76,52,40,195
76,52,41,202
76,52,46,188
76,52,47,196
76,52,54,191
76,52,79,182
76,52,137,159
76,52,216,181
76,52,225,180
76,54,168,151
76,54,191,207
76,54,202,173
76,54,210,171
76,54,211,177
76,55,226,126
76,56,62,183
76,56,63,190
76,56,69,180
76,56,71,188
76,61,104,209
76,56,206,142
76,56,210,149
76,56,215,143
76,56,216,152
76,56,222,148
76,56,230,131
76,10,34,53
76,57,95,245
76,4,81,37
76,4,89,34
76,4,113,49
76,10,168,17
76,12,242,49
76,15,58,33
76,15,66,34
76,16,5,137
76,16,11,136
76,27,126,32
76,27,134,31
76,28,133,38
76,48,166,48
76,48,173,48
76,48,179,45
76,48,185,45
76,48,193,47
76,49,163,60
76,49,166,54
76,49,170,60
76,49,176,57
76,49,181,54
76,49,187,57
76,49,195,58
76,52,246,172
76,53,28,120
76,53,29,129
76,53,35,122
76,54,65,250
76,54,71,249
76,56,123,132
76,56,131,132
76,55,200,111
76,55,207,111
76,59,130,173
76,58,135,181
76,59,137,172
76,59,147,165
76,59,153,172
76,59,156,162
76,59,160,168
76,56,213,250
76,20,48,48
76,51,173,230
76,53,43,118
76,6,36,42
76,6,42,41
76,6,62,75
76,5,91,65
76,4,130,67
76,4,132,73
76,4,139,68
76,16,46,162
76,16,53,162
76,16,53,165
76,20,38,57
76,20,44,53
76,20,53,46
76,22,30,62
76,22,35,63
76,22,133,171
76,24,3,163
76,42,233,184
76,42,140,46
76,42,146,45
76,42,152,38
76,42,152,42
76,42,158,38
76,42,157,40
76,48,38,32
76,48,46,30
76,48,94,86
76,48,198,68
76,48,247,102
76,52,29,112
76,52,38,114
76,54,50,118
76,54,224,90
76,60,138,235
76,57,178,215
76,57,186,156
76,58,251,191
77,43,186,171
77,20,62,130
77,14,129,38
77,20,38,94
77,29,153,135
77,24,214,93
77,45,204,136
77,10,32,72
77,39,193,132
77,43,223,142
77,44,141,107
77,28,220,122
77,35,71,106
77,34,83,102
77,36,33,227
77,41,112,165
77,43,126,162
77,49,212,167
77,49,72,222
77,42,165,97
77,42,176,106
77,42,193,93
77,44,144,222
77,47,206,111
77,51,220,125
77,52,129,222
77,12,199,55
77,34,134,131
77,48,53,155
77,50,93,162
77,28,126,78
77,14,162,31
77,14,182,64
77,11,142,30
77,14,118,75
77,14,169,64
77,21,212,76
77,23,31,130
77,23,104,75
77,49,170,116
77,59,215,212
77,5,52,54
77,7,70,53
77,7,218,36
77,13,45,69
77,13,51,78
77,14,81,85
77,14,90,82
77,14,90,93
77,10,97,91
77,13,107,52
77,13,111,68
77,14,120,65
77,13,176,55
77,14,44,104
77,14,48,99
77,15,61,97
77,14,83,94
77,15,54,108
77,15,75,61
77,15,89,60
77,15,119,83
77,15,134,85
77,15,131,74
77,16,174,90
77,17,113,39
77,17,117,47
77,17,117,55
77,17,123,51
77,17,125,59
77,17,133,55
77,16,223,74
77,17,232,69
77,21,56,91
77,21,176,75
77,21,183,71
77,21,183,80
77,21,191,75
77,23,176,49
77,23,185,47
77,25,67,92
77,25,75,93
77,25,134,67
77,25,36,140
77,27,34,150
77,27,42,151
77,27,41,143
77,27,48,142
77,27,143,105
77,27,147,97
77,27,150,108
77,27,158,97
77,27,159,105
77,28,177,102
77,28,188,101
77,29,90,129
77,29,97,129
77,29,104,125
77,29,182,111
77,29,189,58
77,29,191,67
77,29,208,50
77,29,215,58
77,29,218,47
77,30,141,78
77,29,150,75
77,33,116,96
77,33,215,108
77,33,225,106
77,34,87,201
77,35,166,124
77,34,172,115
77,34,174,123
77,34,180,117
77,35,182,124
77,36,58,128
77,35,175,130
77,39,65,178
77,40,76,177
77,39,123,112
77,40,49,196
77,41,163,148
77,41,168,139
77,41,172,149
77,41,178,139
77,44,155,164
77,45,149,119
77,46,225,76
77,47,83,204
77,48,95,203
77,49,128,195
77,49,147,136
77,49,155,129
77,49,165,125
77,50,194,121
77,49,195,131
77,50,173,127
77,50,219,226
77,51,228,224
77,51,175,203
77,51,184,200
77,51,196,185
77,57,109,174
77,59,57,221
77,57,69,185
77,57,77,186
77,57,159,211
77,57,161,219
77,57,167,209
77,59,180,215
77,41,112,123
77,43,83,136
77,47,103,180
77,13,98,55
77,17,69,77
77,19,218,31
77,20,83,106
77,44,212,91
77,51,223,87
77,53,33,208
77,60,198,159
77,58,149,168
77,21,78,117
77,23,130,90
77,33,31,126
77,38,28,142
77,41,70,141
77,7,34,130
77,15,26,142
77,18,157,57
77,30,104,174
77,38,189,73
77,41,153,152
77,6,88,37
77,4,96,32
77,5,137,72
77,9,36,101
77,8,143,49
77,8,149,55
77,8,152,47
77,8,173,48
77,8,182,46
77,13,52,63
77,12,58,71
77,13,60,64
77,16,81,71
77,16,121,93
77,16,132,94
77,16,139,71
77,16,140,64
77,16,141,78
77,16,146,71
77,16,149,59
77,16,147,78
77,16,151,65
77,16,153,72
77,16,154,79
77,16,160,63
77,16,161,74
77,16,160,90
77,16,160,98
77,16,166,100
77,16,173,101
77,16,226,87
77,20,93,114
77,20,94,105
77,20,145,48
77,20,154,44
77,20,153,52
77,21,160,50
77,24,203,42
77,24,83,82
77,24,86,88
77,24,88,76
77,24,92,82
77,24,94,88
77,24,124,98
77,24,133,99
77,24,140,89
77,27,227,44
77,29,36,114
77,28,37,121
77,29,43,112
77,28,43,120
77,28,55,110
77,28,62,112
77,28,93,117
77,28,154,65
77,28,160,73
77,28,161,63
77,28,167,54
77,28,166,71
77,28,167,63
77,28,173,70
77,28,174,59
77,28,229,51
77,28,228,59
77,32,26,171
77,32,26,179
77,32,32,168
77,32,32,174
77,32,32,181
77,32,39,169
77,32,40,175
77,32,39,181
77,32,93,106
77,32,100,100
77,32,100,108
77,32,115,123
77,32,115,130
77,32,120,136
77,32,121,122
77,32,122,129
77,32,128,122
77,36,35,135
77,36,41,137
77,36,42,125
77,36,48,134
77,36,158,84
77,36,163,78
77,36,164,86
77,36,171,76
77,36,170,84
77,36,200,73
77,36,205,79
77,36,208,69
77,36,213,77
77,38,228,77
77,40,34,151
77,40,36,198
77,40,36,145
77,40,38,157
77,40,43,149
77,40,45,157
77,40,44,185
77,40,63,144
77,40,84,124
77,40,93,125
77,40,141,142
77,40,145,149
77,40,147,141
77,40,154,143
77,40,203,100
77,40,217,129
77,40,221,116
77,40,221,122
77,40,226,128
77,40,229,114
77,40,231,121
77,45,97,249
77,48,33,229
77,48,42,229
77,48,63,170
77,48,66,176
77,48,72,167
77,48,74,174
77,48,85,215
77,48,96,152
77,48,98,145
77,48,102,152
77,48,104,143
77,48,110,149
77,48,109,158
77,48,110,142
77,47,116,135
77,48,117,145
77,48,122,134
77,48,123,142
77,48,122,187
77,48,127,109
77,48,128,135
77,48,130,185
77,48,136,131
77,49,134,140
77,48,136,185
77,48,140,191
77,48,140,198
77,48,142,182
77,48,146,188
77,48,146,195
77,48,148,178
77,48,152,185
77,48,151,191
77,48,153,197
77,48,155,178
77,48,159,185
77,48,158,191
77,48,189,58
77,48,195,63
77,48,205,100
77,48,225,158
77,48,229,165
77,48,233,157
77,50,37,154
77,51,46,176
77,51,54,176
77,52,221,187
77,53,39,201
77,53,44,209
77,52,43,195
77,52,49,201
77,52,54,191
77,52,84,178
77,53,84,185
77,52,88,190
77,52,89,174
77,52,92,181
77,52,94,189
77,52,220,181
77,52,221,193
77,52,226,179
77,52,229,186
77,52,229,193
77,54,175,154
77,54,198,207
77,54,197,215
77,56,207,140
77,56,214,143
77,56,218,150
77,56,221,143
77,56,225,152
77,56,227,144
77,6,42,47
77,5,66,70
77,44,27,170
77,55,207,113
77,5,96,65
77,4,115,49
77,5,123,51
77,12,246,49
77,23,135,173
77,23,33,62
77,28,126,36
77,28,132,33
77,28,134,41
77,28,140,36
77,30,6,224
77,48,36,178
77,49,171,57
77,49,174,228
77,49,174,49
77,49,179,56
77,50,179,227
77,49,181,48
77,49,187,49
77,49,193,47
77,49,199,49
77,49,204,54
77,53,27,127
77,53,33,126
77,53,71,250
77,53,77,250
77,56,129,132
77,56,136,130
77,58,99,248
77,56,135,175
77,56,142,177
77,56,157,165
77,56,159,171
77,58,239,132
77,28,230,81
77,61,103,210
77,7,184,6
77,6,88,64
77,15,29,45
77,15,33,44
77,15,91,28
77,15,96,26
77,15,30,40
77,15,29,48
77,15,64,30
77,15,66,34
77,15,70,32
77,15,72,35
77,15,77,31
77,15,78,35
77,15,83,30
77,15,96,29
77,15,100,27
77,17,17,138
77,16,46,164
77,16,55,162
77,16,55,166
77,16,58,160
77,16,60,166
77,22,45,55
77,22,44,59
77,22,50,55
77,23,243,139
77,23,246,138
77,23,246,142
77,25,10,164
77,24,128,117
77,42,238,185
77,43,17,226
77,48,54,32
77,52,27,142
77,52,28,116
77,52,35,117
77,52,39,121
77,54,35,228
78,20,63,133
78,25,217,98
78,44,188,175
78,44,201,138
78,15,125,41
78,30,154,137
78,43,222,143
78,12,33,78
78,13,92,93
78,30,220,57
78,49,70,223
78,22,37,100
78,43,116,172
78,44,130,167
78,46,141,114
78,50,51,155
78,13,202,57
78,15,181,60
78,30,222,124
78,35,34,227
78,42,173,102
78,18,225,74
78,22,180,78
78,30,96,131
78,48,174,121
78,11,144,33
78,11,39,102
78,17,120,61
78,28,132,77
78,30,181,114
78,35,122,97
78,35,86,105
78,43,147,220
78,44,226,79
78,50,200,122
78,53,131,224
78,9,139,28
78,14,55,73
78,14,105,55
78,13,113,70
78,14,117,70
78,15,28,146
78,15,45,80
78,15,49,105
78,15,116,81
78,15,129,79
78,15,153,35
78,15,170,68
78,15,178,71
78,16,170,96
78,17,228,85
78,17,236,73
78,18,73,80
78,19,124,53
78,19,129,61
78,19,136,55
78,21,77,113
78,21,84,106
78,22,78,121
78,21,90,112
78,21,90,119
78,24,28,136
78,23,104,74
78,23,190,80
78,24,64,94
78,26,73,95
78,26,76,101
78,27,38,146
78,29,35,158
78,29,43,158
78,29,48,149
78,29,99,121
78,29,145,109
78,29,154,111
78,29,155,74
78,29,162,104
78,29,163,73
78,29,168,64
78,30,176,65
78,29,174,106
78,29,182,100
78,29,182,107
78,29,189,100
78,29,190,109
78,29,221,131
78,30,186,67
78,31,195,67
78,33,123,136
78,33,131,134
78,33,221,111
78,34,81,206
78,34,90,201
78,36,74,108
78,35,167,130
78,35,170,122
78,35,174,131
78,35,179,119
78,35,182,129
78,37,51,129
78,37,54,138
78,37,62,130
78,39,188,78
78,41,42,192
78,41,45,204
78,41,52,189
78,41,53,198
78,41,68,145
78,41,92,127
78,40,128,115
78,41,149,107
78,41,167,148
78,41,175,141
78,42,177,148
78,42,114,125
78,45,78,140
78,45,84,134
78,46,86,143
78,45,92,137
78,45,150,174
78,45,152,165
78,45,158,175
78,45,162,109
78,45,162,163
78,45,164,171
78,48,80,209
78,48,90,208
78,47,140,102
78,47,152,124
78,48,206,171
78,47,214,164
78,47,214,176
78,48,221,172
78,49,125,196
78,49,130,205
78,49,133,195
78,49,133,141
78,49,141,199
78,49,141,139
78,48,151,130
78,50,148,138
78,50,156,133
78,51,110,156
78,51,154,142
78,51,173,133
78,51,223,125
78,51,226,225
78,53,94,174
78,56,222,195
78,58,211,219
78,58,159,221
78,59,178,219
78,5,98,33
78,7,139,75
78,31,146,82
78,38,202,79
78,40,68,177
78,51,95,164
78,53,219,137
78,59,114,180
78,7,33,132
78,15,166,29
78,13,174,27
78,25,137,100
78,41,42,157
78,46,118,136
78,51,222,88
78,59,203,159
78,7,46,54
78,30,42,123
78,43,193,100
78,53,91,189
78,53,45,204
78,52,225,184
78,16,157,78
78,16,157,61
78,39,43,139
78,41,146,151
78,42,156,153
78,51,174,209
78,6,65,72
78,7,73,72
78,6,98,68
78,5,119,51
78,8,58,53
78,8,60,61
78,8,65,50
78,8,66,56
78,8,66,62
78,8,73,51
78,8,74,59
78,9,145,51
78,8,146,59
78,8,153,49
78,8,155,56
78,8,179,50
78,8,213,42
78,8,214,34
78,8,220,43
78,8,222,31
78,8,227,39
78,16,48,91
78,16,56,114
78,16,64,100
78,16,63,109
78,16,69,68
78,16,75,61
78,16,76,68
78,16,82,59
78,16,82,66
78,16,84,73
78,16,90,56
78,16,88,64
78,16,90,71
78,16,96,64
78,16,119,89
78,16,124,96
78,16,126,90
78,16,132,97
78,16,132,90
78,16,139,91
78,16,138,75
78,16,141,83
78,16,142,68
78,16,147,76
78,16,147,61
78,16,150,69
78,16,155,68
78,16,160,44
78,16,162,68
78,16,169,41
78,16,180,87
78,16,184,96
78,20,214,31
78,20,215,38
78,20,221,28
78,20,222,35
78,22,139,173
78,21,154,53
78,22,214,72
78,22,214,79
78,24,56,93
78,23,162,51
78,23,174,52
78,24,38,134
78,24,86,81
78,25,87,89
78,24,93,77
78,24,94,83
78,25,94,91
78,24,100,85
78,24,106,85
78,24,112,83
78,24,113,75
78,24,127,97
78,24,132,91
78,24,139,88
78,24,182,46
78,24,183,55
78,24,189,48
78,24,198,44
78,24,207,42
78,28,151,99
78,30,102,174
78,30,109,174
78,31,41,115
78,32,25,182
78,32,26,173
78,32,31,125
78,32,29,132
78,32,31,179
78,32,32,185
78,32,32,172
78,32,38,179
78,32,96,100
78,32,96,106
78,32,98,112
78,32,104,103
78,32,114,128
78,32,114,136
78,32,121,124
78,32,129,124
78,32,202,59
78,32,205,67
78,38,166,90
78,37,213,76
78,37,212,84
78,38,36,136
78,38,173,85
78,40,26,146
78,40,26,155
78,40,33,146
78,40,32,153
78,40,34,196
78,40,36,205
78,40,59,181
78,40,66,188
78,40,78,181
78,41,205,103
78,40,223,131
78,41,229,120
78,41,234,125
78,45,211,94
78,48,40,186
78,48,39,230
78,48,63,165
78,48,65,173
78,48,71,172
78,48,95,196
78,48,102,196
78,48,100,185
78,48,108,193
78,48,109,184
78,48,121,146
78,48,141,188
78,48,147,181
78,48,147,189
78,48,149,197
78,48,156,183
78,48,158,190
78,48,157,197
78,48,197,108
78,48,204,107
78,48,212,106
78,48,223,160
78,48,231,168
78,48,232,160
78,49,75,179
78,49,78,172
78,49,173,229
78,49,180,229
78,50,38,154
78,51,176,201
78,50,182,209
78,51,184,201
78,52,46,195
78,52,48,177
78,52,49,186
78,52,56,177
78,52,58,185
78,52,85,182
78,52,236,226
78,53,56,197
78,54,31,207
78,54,32,214
78,54,41,214
78,54,215,178
78,55,47,214
78,56,46,220
78,56,49,226
78,58,59,216
78,59,63,222
78,56,104,248
78,56,130,135
78,56,138,132
78,59,150,171
78,56,174,163
78,56,178,158
78,56,222,146
78,56,222,154
78,56,228,146
78,56,229,154
78,45,27,171
78,45,26,178
78,24,26,120
78,30,5,223
78,30,61,117
78,29,130,39
78,30,139,42
78,47,30,228
78,48,37,238
78,49,184,72
78,49,188,67
78,51,189,76
78,51,196,73
78,52,193,80
78,52,203,76
78,53,28,120
78,53,28,126
78,53,29,132
78,53,29,139
78,53,33,119
78,53,34,127
78,53,39,121
78,54,76,250
78,56,29,229
78,58,70,190
78,58,76,195
78,58,77,187
78,56,137,180
78,56,143,180
78,15,30,49
78,24,240,37
78,15,96,29
78,15,100,28
78,16,44,170
78,16,52,168
78,16,60,164
78,23,48,60
78,23,246,143
78,25,6,168
78,25,5,172
78,36,7,199
78,40,32,106
78,40,36,104
78,46,144,62
78,46,144,68
78,46,149,61
78,46,148,65
78,48,38,30
78,48,38,36
78,48,44,30
78,48,44,36
78,48,50,32
78,48,52,38
78,48,56,30
78,48,62,30
78,48,101,86
78,48,101,89
78,48,106,78
78,48,106,85
78,48,105,88
78,48,172,56
78,49,179,50
78,49,176,53
78,48,183,50
78,48,190,50
78,50,174,57
78,50,183,51
78,52,170,65
78,52,179,89
78,52,178,57
78,52,187,54
78,61,101,213
78,57,158,167
78,57,158,173
78,57,164,168
78,57,164,174
79,20,64,133
79,26,218,95
79,46,202,136
79,14,99,94
79,42,224,141
79,42,186,173
79,13,33,82
79,23,88,116
79,25,39,102
79,25,49,99
79,31,154,140
79,29,166,141
79,30,183,105
79,30,194,104
79,30,218,131
79,46,136,112
79,45,142,109
79,45,148,104
79,18,172,98
79,18,233,77
79,14,180,54
79,31,221,55
79,37,34,228
79,44,123,168
79,30,48,155
79,44,172,110
79,50,50,154
79,51,148,136
79,50,158,132
79,14,198,55
79,17,119,39
79,20,186,72
79,45,153,221
79,44,225,76
79,14,142,35
79,18,121,60
79,17,162,69
79,23,29,106
79,26,65,94
79,30,93,122
79,33,89,203
79,34,125,91
79,36,173,129
79,38,62,133
79,42,123,123
79,43,112,175
79,46,90,140
79,46,155,175
79,46,203,114
79,54,130,223
79,9,69,57
79,9,224,38
79,13,149,31
79,13,205,48
79,13,206,60
79,13,213,52
79,13,213,61
79,15,30,147
79,16,86,91
79,15,106,53
79,15,115,70
79,15,127,70
79,15,136,42
79,17,76,66
79,17,85,61
79,17,89,69
79,17,151,72
79,17,184,95
79,18,80,76
79,25,129,100
79,25,139,97
79,26,97,86
79,29,35,155
79,29,37,162
79,29,39,148
79,29,48,147
79,30,144,107
79,29,151,102
79,29,150,112
79,29,157,100
79,29,158,110
79,29,165,100
79,29,164,107
79,31,101,128
79,31,189,63
79,32,29,178
79,33,31,128
79,32,39,179
79,33,97,107
79,33,118,132
79,33,126,132
79,33,133,130
79,34,222,117
79,35,217,111
79,35,219,105
79,35,226,105
79,37,84,116
79,37,142,135
79,38,53,133
79,39,42,138
79,41,40,194
79,40,42,205
79,41,51,190
79,41,53,199
79,41,90,127
79,41,174,137
79,41,64,142
79,42,71,141
79,42,166,146
79,42,176,146
79,43,65,152
79,43,73,148
79,45,132,160
79,45,149,166
79,45,159,163
79,45,160,104
79,45,192,99
79,46,79,142
79,49,65,223
79,49,73,217
79,50,74,226
79,49,123,194
79,49,126,202
79,49,130,190
79,49,136,200
79,49,139,189
79,49,152,190
79,49,205,109
79,49,213,110
79,51,177,206
79,51,180,198
79,51,199,179
79,51,227,223
79,53,92,181
79,53,223,129
79,59,122,182
79,11,140,27
79,16,42,91
79,21,213,33
79,25,184,51
79,39,169,89
79,45,115,136
79,57,225,193
79,58,213,219
79,15,171,27
79,24,27,134
79,30,44,129
79,31,44,120
79,31,175,68
79,37,71,109
79,40,71,179
79,48,83,205
79,54,136,133
79,38,203,79
79,48,219,172
79,54,49,203
79,60,204,157
79,5,107,29
79,7,126,50
79,13,43,103
79,16,59,73
79,27,135,71
79,47,150,120
79,49,46,186
79,51,134,144
79,54,36,212
79,6,117,47
79,6,119,54
79,7,34,131
79,7,96,66
79,7,133,75
79,8,142,70
79,8,30,67
79,8,42,50
79,8,43,60
79,9,48,47
79,8,50,59
79,8,55,58
79,8,66,75
79,8,72,69
79,8,75,77
79,8,80,69
79,8,89,40
79,8,96,41
79,8,100,71
79,8,141,78
79,9,146,54
79,8,154,48
79,8,154,56
79,8,213,35
79,8,220,29
79,10,38,99
79,16,42,73
79,16,43,111
79,16,45,80
79,16,50,71
79,16,50,113
79,16,52,79
79,16,53,85
79,16,52,91
79,16,49,97
79,16,50,103
79,16,56,111
79,16,58,97
79,16,61,104
79,16,62,113
79,16,66,67
79,16,68,98
79,16,69,107
79,16,93,55
79,16,99,63
79,16,96,70
79,16,116,80
79,16,123,80
79,16,123,87
79,16,127,94
79,16,129,81
79,16,129,88
79,16,134,94
79,16,134,73
79,16,135,79
79,16,135,85
79,16,141,91
79,16,141,75
79,16,143,83
79,16,146,61
79,16,152,41
79,16,159,35
79,16,159,45
79,16,164,34
79,16,165,44
79,16,173,36
79,16,172,44
79,16,173,70
79,20,68,82
79,20,74,86
79,20,127,53
79,20,135,53
79,20,136,60
79,20,219,28
79,23,218,73
79,24,34,138
79,24,41,136
79,24,101,73
79,24,108,68
79,24,111,74
79,24,113,81
79,24,154,50
79,24,164,48
79,24,163,55
79,24,196,44
79,24,206,38
79,24,204,45
79,28,75,104
79,28,79,91
79,28,80,98
79,30,172,57
79,31,59,116
79,31,65,122
79,31,112,180
79,31,142,76
79,31,160,71
79,32,136,83
79,32,143,84
79,32,149,75
79,32,150,84
79,32,155,78
79,32,162,80
79,32,168,76
79,32,199,58
79,32,198,68
79,32,207,56
79,32,207,64
79,36,72,101
79,36,74,117
79,36,84,98
79,36,83,105
79,36,114,99
79,36,175,118
79,36,183,122
79,38,212,76
79,38,211,85
79,40,25,150
79,40,27,157
79,40,30,145
79,40,33,153
79,40,62,185
79,40,183,77
79,40,185,84
79,40,193,73
79,40,195,79
79,40,194,85
79,40,227,88
79,42,42,159
79,42,143,152
79,42,153,150
79,42,228,120
79,42,229,127
79,44,105,127
79,44,107,134
79,46,205,95
79,47,208,87
79,47,212,96
79,48,26,176
79,48,26,185
79,48,32,179
79,48,31,187
79,48,39,184
79,48,41,192
79,48,40,230
79,48,58,167
79,48,64,172
79,48,66,163
79,48,75,209
79,48,84,216
79,48,89,198
79,48,91,215
79,48,95,203
79,48,95,209
79,48,94,193
79,48,102,194
79,48,104,186
79,48,115,145
79,48,123,142
79,48,122,151
79,48,206,166
79,48,209,175
79,48,219,88
79,48,215,162
79,48,230,162
79,49,73,177
79,49,92,163
79,49,177,231
79,49,183,231
79,50,36,157
79,52,55,181
79,53,54,189
79,52,103,167
79,52,105,159
79,52,111,166
79,52,112,157
79,52,168,126
79,52,168,133
79,52,174,122
79,52,175,129
79,52,176,136
79,52,181,123
79,52,182,130
79,52,190,178
79,52,192,186
79,52,192,123
79,52,210,78
79,53,226,183
79,52,237,223
79,54,29,211
79,54,45,213
79,54,78,250
79,55,60,200
79,55,209,176
79,55,218,175
79,56,46,219
79,56,47,226
79,56,52,217
79,58,60,222
79,57,178,160
79,56,225,143
79,56,226,149
79,56,225,155
79,57,105,246
79,59,159,170
79,11,27,110
79,25,6,171
79,24,238,34
79,24,244,140
79,24,248,139
79,30,6,224
79,31,139,42
79,35,11,202
79,48,39,238
79,53,179,87
79,53,27,122
79,53,30,129
79,53,36,123
79,53,179,94
79,53,185,83
79,53,191,77
79,53,197,82
79,59,158,214
79,59,161,222
79,60,178,211
79,60,180,221
79,16,69,32
79,22,139,176
79,53,179,55
79,4,55,38
79,4,62,32
79,4,62,40
79,2,78,35
79,6,116,25
79,6,122,24
79,6,122,30
79,16,78,33
79,16,46,168
79,39,244,117
79,43,18,228
79,43,104,97
79,46,95,249
79,47,137,63
79,47,138,67
79,46,142,62
79,47,144,65
79,47,182,66
79,48,186,65
79,48,193,65
79,47,199,66
79,48,46,32
79,48,46,38
79,48,54,30
79,48,180,48
79,48,186,49
79,48,192,49
79,54,186,54
79,57,188,221
80,21,64,137
80,46,188,179
80,27,218,96
80,44,46,196
80,42,177,185
80,15,95,103
80,14,105,101
80,15,30,85
80,18,38,83
80,18,38,94
80,17,49,86
80,19,185,67
80,30,40,157
80,30,149,108
80,30,155,148
80,31,166,147
80,42,38,206
80,42,49,207
80,45,200,140
80,46,120,174
80,46,170,114
80,18,117,40
80,26,37,107
80,50,148,191
80,18,131,83
80,18,159,39
80,59,221,210
80,17,30,150
80,42,220,143
80,44,225,81
80,35,88,208
80,46,127,115
80,46,144,117
80,46,191,107
80,50,204,125
80,13,37,107
80,13,178,52
80,18,57,111
80,18,146,72
80,19,182,101
80,25,30,141
80,38,177,132
80,44,118,132
80,48,146,105
80,50,50,157
80,50,152,133
80,9,32,135
80,9,137,76
80,8,37,53
80,11,91,43
80,11,148,56
80,11,156,53
80,12,215,42
80,11,224,38
80,13,143,31
80,15,198,55
80,16,206,57
80,17,46,110
80,17,52,76
80,17,59,75
80,17,129,35
80,17,170,66
80,18,156,69
80,18,171,96
80,18,180,92
80,19,90,67
80,19,123,93
80,19,133,94
80,19,156,80
80,19,164,70
80,19,171,104
80,19,233,84
80,21,230,72
80,22,213,29
80,23,216,35
80,25,156,55
80,26,102,75
80,27,57,98
80,27,100,85
80,27,109,83
80,27,127,101
80,27,136,97
80,27,204,44
80,29,131,109
80,29,212,87
80,31,72,101
80,31,163,105
80,31,178,107
80,31,189,107
80,31,224,55
80,33,28,184
80,33,34,176
80,33,34,187
80,34,128,90
80,33,213,61
80,34,41,185
80,35,116,139
80,34,120,131
80,35,126,141
80,35,129,132
80,37,31,230
80,37,40,228
80,37,118,102
80,37,168,127
80,37,176,123
80,38,75,119
80,38,84,117
80,39,75,107
80,39,142,138
80,39,152,136
80,41,28,157
80,41,63,185
80,41,70,185
80,41,76,183
80,41,215,135
80,43,225,131
80,43,123,127
80,46,110,136
80,46,89,136
80,47,145,171
80,47,147,228
80,47,148,179
80,47,155,167
80,47,155,223
80,47,158,176
80,47,158,109
80,49,201,116
80,49,209,115
80,50,213,122
80,49,77,220
80,50,134,197
80,50,230,167
80,51,71,227
80,51,123,197
80,51,127,206
80,53,149,148
80,54,193,134
80,57,125,224
80,57,134,223
80,22,75,83
80,33,96,136
80,54,221,132
80,11,70,66
80,29,92,93
80,33,144,85
80,33,163,82
80,29,186,56
80,36,215,107
80,43,63,145
80,45,66,155
80,60,112,186
80,10,65,77
80,17,105,47
80,23,128,62
80,35,29,133
80,41,191,83
80,43,85,128
80,44,165,148
80,44,174,146
80,49,117,148
80,51,114,156
80,59,180,219
80,3,48,40
80,3,77,36
80,6,115,27
80,6,123,27
80,8,91,68
80,8,97,32
80,8,104,31
80,8,113,49
80,8,115,56
80,8,120,47
80,8,124,54
80,9,40,64
80,9,45,70
80,10,51,63
80,9,97,73
80,10,29,70
80,11,77,76
80,12,58,58
80,12,64,54
80,12,72,55
80,16,82,91
80,16,84,98
80,16,88,85
80,16,91,92
80,16,95,85
80,16,97,54
80,16,102,89
80,16,104,55
80,17,103,62
80,16,105,68
80,16,109,75
80,17,112,55
80,16,113,61
80,16,113,69
80,16,115,77
80,16,117,64
80,16,122,69
80,16,130,69
80,16,130,49
80,16,139,49
80,16,172,25
80,16,177,31
80,16,214,52
80,16,214,63
80,20,72,72
80,20,78,67
80,20,240,69
80,20,242,77
80,24,47,132
80,24,47,141
80,24,65,88
80,24,77,116
80,24,78,124
80,24,82,110
80,24,83,116
80,24,84,125
80,24,88,109
80,24,89,116
80,24,91,124
80,24,95,111
80,24,97,119
80,24,144,57
80,24,181,81
80,24,192,80
80,24,211,78
80,24,217,70
80,24,220,79
80,28,90,85
80,29,131,74
80,32,37,122
80,32,37,132
80,32,45,130
80,32,85,132
80,32,88,126
80,32,94,122
80,32,100,124
80,32,109,188
80,32,117,186
80,32,159,73
80,32,166,70
80,32,167,58
80,32,171,77
80,32,172,69
80,32,175,60
80,32,178,75
80,32,178,67
80,32,184,68
80,32,190,68
80,32,211,137
80,32,214,144
80,32,217,133
80,32,219,142
80,32,224,134
80,32,226,141
80,33,153,81
80,33,197,65
80,36,8,204
80,36,97,111
80,36,227,110
80,40,34,140
80,41,38,148
80,40,39,137
80,40,44,145
80,40,47,136
80,40,53,144
80,40,52,134
80,40,60,136
80,40,160,89
80,40,160,96
80,40,166,85
80,40,168,94
80,40,173,86
80,40,181,82
80,40,187,76
80,40,199,79
80,40,199,86
80,40,205,78
80,40,205,87
80,40,212,81
80,40,212,89
80,43,144,150
80,43,228,121
80,44,40,160
80,44,41,166
80,45,72,147
80,44,138,157
80,44,145,160
80,44,151,155
80,49,31,189
80,48,56,170
80,48,63,168
80,48,73,209
80,48,78,143
80,48,78,202
80,48,79,209
80,48,82,150
80,48,85,203
80,48,85,210
80,48,86,217
80,48,88,148
80,48,91,200
80,48,92,206
80,48,93,214
80,48,95,144
80,48,94,193
80,48,98,200
80,48,102,190
80,48,104,197
80,48,127,105
80,48,134,103
80,48,141,100
80,48,205,168
80,48,205,93
80,48,206,101
80,48,207,174
80,48,207,181
80,48,211,165
80,48,212,90
80,48,213,99
80,48,213,172
80,48,213,180
80,48,218,166
80,48,218,94
80,48,221,176
80,48,230,149
80,50,34,155
80,51,30,162
80,52,181,204
80,52,38,164
80,52,130,146
80,52,137,141
80,52,137,149
80,52,160,141
80,52,170,204
80,52,171,210
80,52,174,199
80,52,179,210
80,52,183,199
80,52,223,229
80,52,228,227
80,52,234,227
80,54,53,190
80,54,110,165
80,55,44,205
80,55,87,188
80,56,28,211
80,56,28,218
80,56,34,212
80,56,34,220
80,56,40,211
80,57,41,221
80,59,54,222
80,56,51,204
80,56,53,210
80,56,57,200
80,56,92,176
80,56,94,186
80,56,127,134
80,56,135,132
80,57,209,219
80,24,230,33
80,32,63,121
80,48,38,230
80,48,38,238
80,51,68,180
80,16,196,26
80,20,17,145
80,23,137,179
80,24,243,140
80,24,247,140
80,31,142,124
80,40,246,117
80,40,17,161
80,47,97,85
80,47,133,65
80,48,137,74
80,47,139,62
80,48,144,68
80,47,144,75
80,47,146,60
80,47,153,58
80,47,203,43
80,48,129,72
80,51,74,181
80,53,191,76
80,53,198,76
80,55,74,250
80,55,80,250
80,56,208,177
80,56,215,174
80,60,147,181
80,59,171,170
80,57,215,179
80,60,208,161
80,59,243,140
80,47,162,55
80,6,72,35
80,6,72,41
80,15,247,60
80,18,96,28
80,27,3,175
80,31,4,227
80,41,246,76
80,46,102,99
80,46,102,102
80,47,169,51
80,48,168,56
80,48,176,48
80,48,192,47
80,48,194,52
80,47,195,68
80,48,199,53
80,48,199,69
80,47,212,36
80,47,213,41
80,47,220,30
80,47,220,38
80,47,226,38
80,48,38,32
80,48,46,30
80,48,46,36
80,48,54,30
80,48,94,30
80,48,100,30
80,48,175,52
80,48,182,46
80,48,182,52
80,48,188,54
80,48,205,53
80,50,175,243
80,50,176,246
80,52,28,126
80,59,103,249
80,59,109,248
80,57,157,220
80,57,160,226
80,57,163,218
81,54,204,148
81,23,32,149
81,42,187,188
81,23,69,142
81,28,220,105
81,44,224,141
81,12,33,137
81,17,29,88
81,18,34,95
81,19,40,82
81,19,43,92
81,17,194,59
81,31,149,111
81,31,162,109
81,34,217,59
81,33,226,57
81,42,70,187
81,44,46,207
81,50,52,196
81,46,109,182
81,46,119,181
81,47,182,173
81,49,194,180
81,18,126,42
81,18,178,64
81,21,182,72
81,29,43,109
81,34,221,149
81,47,115,136
81,51,208,120
81,50,153,135
81,50,151,188
81,46,194,109
81,11,41,53
81,14,177,53
81,17,46,112
81,19,112,64
81,26,130,66
81,30,133,110
81,30,188,57
81,3,43,58
81,12,139,79
81,14,223,46
81,18,127,80
81,18,153,39
81,18,167,33
81,22,171,107
81,22,181,105
81,33,74,107
81,39,169,140
81,47,143,123
81,46,175,109
81,10,123,56
81,12,64,67
81,13,74,59
81,13,78,71
81,5,84,38
81,13,98,46
81,13,223,37
81,14,37,110
81,15,102,110
81,15,138,31
81,15,147,31
81,16,89,97
81,17,97,90
81,17,102,100
81,17,106,93
81,17,115,71
81,17,118,79
81,17,137,53
81,17,142,45
81,19,53,114
81,19,59,84
81,20,63,111
81,19,106,56
81,19,113,36
81,19,149,73
81,21,89,68
81,21,96,69
81,21,127,95
81,21,139,88
81,21,137,98
81,20,154,79
81,21,164,74
81,21,163,46
81,22,82,73
81,23,83,82
81,25,54,141
81,25,85,123
81,25,181,82
81,25,192,81
81,28,159,57
81,29,59,105
81,29,106,89
81,32,40,164
81,31,138,76
81,31,214,92
81,31,223,89
81,33,41,134
81,33,89,135
81,33,95,128
81,33,158,155
81,33,169,149
81,33,168,159
81,33,171,66
81,33,178,66
81,33,186,69
81,34,194,69
81,34,30,185
81,35,39,181
81,35,39,190
81,34,98,138
81,34,177,76
81,38,38,232
81,36,119,143
81,37,129,137
81,37,130,147
81,37,216,106
81,37,226,111
81,38,172,131
81,38,123,104
81,39,181,131
81,39,182,140
81,41,40,147
81,41,48,144
81,41,56,137
81,41,54,147
81,41,61,144
81,44,34,165
81,45,65,150
81,46,128,126
81,46,149,116
81,46,167,147
81,45,169,156
81,45,177,146
81,46,177,156
81,46,63,158
81,46,72,155
81,49,78,221
81,49,86,212
81,49,89,221
81,51,139,199
81,50,152,199
81,51,38,161
81,51,46,154
81,53,149,147
81,55,155,150
81,60,130,185
81,59,222,208
81,43,191,83
81,47,226,84
81,47,156,228
81,51,53,164
81,53,223,127
81,57,206,222
81,11,50,48
81,35,164,80
81,45,89,135
81,48,101,198
81,51,54,153
81,57,224,136
81,11,65,78
81,21,236,87
81,29,210,49
81,34,145,86
81,47,208,105
81,57,29,220
81,9,98,34
81,11,101,73
81,21,245,87
81,42,150,147
81,51,232,168
81,52,126,208
81,58,130,227
81,60,176,221
81,8,60,41
81,8,58,48
81,8,68,44
81,8,117,29
81,8,128,26
81,9,126,32
81,11,93,68
81,10,106,34
81,11,92,75
81,12,31,75
81,12,45,68
81,12,52,59
81,12,54,65
81,12,52,73
81,12,66,86
81,12,76,83
81,12,146,57
81,12,152,59
81,12,153,48
81,12,159,55
81,16,177,25
81,16,181,31
81,16,199,49
81,16,204,55
81,16,205,61
81,16,205,68
81,16,207,48
81,16,214,53
81,16,214,60
81,16,213,67
81,20,53,76
81,20,62,74
81,23,212,29
81,23,242,76
81,24,28,108
81,24,26,115
81,24,32,119
81,24,49,134
81,24,57,130
81,24,72,91
81,24,85,111
81,24,93,110
81,24,97,116
81,24,97,124
81,24,211,39
81,24,219,34
81,28,99,80
81,28,103,74
81,28,111,78
81,28,200,48
81,32,51,153
81,32,53,160
81,32,51,167
81,32,93,97
81,32,181,106
81,32,180,113
81,32,187,104
81,32,187,111
81,32,186,118
81,32,193,104
81,32,193,110
81,32,193,117
81,32,199,106
81,32,199,113
81,35,128,91
81,36,29,139
81,36,96,111
81,37,96,117
81,37,103,111
81,36,136,95
81,36,162,87
81,36,169,86
81,40,80,117
81,39,88,115
81,40,69,111
81,40,73,119
81,40,77,126
81,40,78,109
81,40,85,124
81,40,85,107
81,40,143,141
81,40,148,132
81,40,149,140
81,40,156,130
81,40,156,136
81,40,156,142
81,40,167,94
81,40,197,136
81,40,206,135
81,41,209,86
81,41,215,92
81,43,83,129
81,44,147,153
81,44,154,154
81,44,227,123
81,44,228,95
81,45,146,160
81,47,224,74
81,48,79,144
81,48,80,152
81,48,86,146
81,48,87,154
81,48,83,204
81,48,91,194
81,48,94,147
81,48,92,203
81,48,109,146
81,50,118,151
81,48,124,166
81,48,127,173
81,48,128,105
81,48,128,114
81,48,130,180
81,48,134,168
81,48,134,102
81,48,136,112
81,48,136,175
81,48,140,102
81,48,142,177
81,48,147,104
81,48,147,171
81,48,146,179
81,48,153,169
81,48,153,177
81,48,155,107
81,48,158,121
81,48,160,171
81,48,162,179
81,48,160,113
81,48,164,105
81,48,162,128
81,48,166,118
81,48,167,135
81,48,170,125
81,48,174,132
81,48,176,121
81,48,173,58
81,48,185,55
81,48,206,173
81,48,207,96
81,48,207,180
81,48,212,169
81,48,216,94
81,48,213,176
81,49,212,184
81,48,217,102
81,48,219,169
81,48,222,178
81,49,63,172
81,52,71,228
81,52,119,203
81,52,126,196
81,53,132,147
81,52,139,143
81,53,137,151
81,52,170,208
81,52,175,201
81,52,176,213
81,52,177,207
81,52,182,200
81,52,183,208
81,53,224,229
81,53,230,227
81,52,237,227
81,55,104,168
81,55,112,161
81,55,112,169
81,56,37,216
81,56,44,211
81,56,44,219
81,56,52,209
81,56,52,218
81,56,131,132
81,59,52,226
81,57,135,136
81,34,117,191
81,38,9,208
81,52,72,184
81,18,196,28
81,28,5,178
81,48,118,234
81,48,153,61
81,48,200,58
81,24,228,76
81,25,218,78
81,33,109,192
81,37,89,212
81,5,193,29
81,4,199,26
81,5,200,33
81,4,209,35
81,6,230,29
81,24,138,182
81,32,142,127
81,32,148,127
81,37,81,216
81,47,168,50
81,48,176,75
81,48,188,69
81,48,192,45
81,47,197,71
81,47,199,41
81,47,199,47
81,47,203,36
81,47,218,30
81,47,220,36
81,47,226,29
81,48,226,37
81,48,34,230
81,48,38,238
81,48,41,230
81,48,95,85
81,48,104,83
81,48,127,67
81,48,134,61
81,48,135,68
81,49,133,74
81,48,142,57
81,48,141,65
81,48,143,71
81,48,143,77
81,48,149,70
81,48,149,76
81,48,152,52
81,48,155,71
81,48,160,52
81,48,162,68
81,48,203,71
81,48,205,46
81,48,212,37
81,48,213,45
81,51,33,194
81,51,86,168
81,51,91,169
81,51,178,248
81,57,212,181
81,57,218,180
81,8,163,5
81,30,7,215
81,35,64,72
81,41,246,122
81,47,104,105
81,6,80,28
81,6,86,24
81,4,211,47
81,4,211,52
81,16,68,34
81,22,7,183
81,47,11,174
81,48,46,32
81,48,54,32
81,48,61,85
81,48,64,79
81,47,66,84
81,47,69,76
81,47,72,79
81,48,71,86
81,48,78,78
81,48,76,84
81,48,84,84
81,48,36,30
81,48,36,36
81,48,36,42
81,48,42,38
81,48,44,44
81,48,46,37
81,48,54,36
81,48,60,30
81,48,92,30
81,48,100,30
81,48,102,99
81,48,106,30
81,48,112,30
81,48,112,72
81,48,116,76
81,54,28,131
81,54,31,130
81,54,198,76
81,56,29,134
81,57,158,224
81,57,220,157
82,38,76,111
82,19,37,90
82,24,71,151
82,25,32,150
82,46,191,182
82,45,224,143
82,18,89,98
82,17,92,112
82,18,98,95
82,17,105,106
82,18,116,79
82,17,182,59
82,18,198,62
82,18,206,63
82,18,214,63
82,22,127,97
82,22,138,94
82,26,57,141
82,26,58,150
82,26,71,139
82,26,86,124
82,47,46,202
82,46,54,206
82,18,127,80
82,23,180,107
82,47,111,187
82,57,195,148
82,5,43,66
82,24,186,79
82,34,195,68
82,33,165,158
82,44,202,142
82,51,76,226
82,50,153,191
82,56,151,153
82,32,43,117
82,45,69,196
82,47,124,134
82,15,74,71
82,20,149,75
82,22,60,83
82,22,166,77
82,30,47,107
82,31,109,88
82,43,70,187
82,46,203,109
82,51,209,127
82,7,169,62
82,6,175,59
82,6,183,58
82,7,207,34
82,11,130,31
82,13,34,140
82,13,50,55
82,13,72,82
82,13,138,76
82,13,138,85
82,13,147,81
82,13,149,54
82,13,149,63
82,13,158,53
82,13,158,62
82,15,33,114
82,15,42,112
82,15,221,48
82,15,229,45
82,18,140,43
82,17,151,40
82,18,173,28
82,19,182,29
82,18,187,27
82,19,133,50
82,19,170,34
82,19,180,36
82,21,47,117
82,21,53,116
82,21,59,114
82,21,66,113
82,21,110,62
82,21,120,44
82,21,157,75
82,21,154,84
82,23,157,47
82,23,166,46
82,22,172,41
82,25,98,119
82,25,211,113
82,25,219,112
82,27,30,113
82,27,31,122
82,29,162,61
82,31,127,115
82,31,137,111
82,31,152,117
82,31,161,108
82,31,163,118
82,33,186,114
82,33,193,109
82,33,193,119
82,33,201,110
82,33,201,118
82,34,107,191
82,34,115,190
82,35,30,189
82,35,37,189
82,35,94,138
82,34,219,153
82,37,134,100
82,37,167,85
82,39,41,234
82,39,121,148
82,39,124,154
82,39,130,142
82,39,133,151
82,39,218,110
82,39,227,113
82,42,150,146
82,42,155,138
82,44,57,146
82,45,31,169
82,45,37,207
82,45,39,214
82,45,46,215
82,47,63,156
82,47,70,155
82,47,168,152
82,47,172,161
82,47,179,147
82,47,181,156
82,49,74,214
82,49,81,210
82,49,82,218
82,49,87,150
82,49,87,209
82,49,90,219
82,49,141,109
82,50,148,134
82,49,161,118
82,49,168,111
82,49,171,123
82,50,93,205
82,50,101,202
82,50,212,186
82,50,218,178
82,53,120,207
82,53,127,202
82,53,127,212
82,52,135,205
82,53,193,196
82,53,201,193
82,58,98,188
82,56,91,194
82,57,223,134
82,59,226,203
82,29,134,71
82,32,45,168
82,52,40,166
82,6,213,51
82,13,102,77
82,41,85,126
82,47,179,112
82,49,128,180
82,49,192,115
82,51,145,203
82,60,194,223
82,25,220,41
82,33,140,84
82,35,145,89
82,47,89,136
82,13,130,64
82,20,108,43
82,25,80,90
82,35,44,140
82,38,30,141
82,50,116,152
82,53,53,163
82,55,135,154
82,56,55,198
82,58,48,223
82,57,114,170
82,2,59,39
82,3,98,34
82,7,147,46
82,8,82,44
82,9,87,50
82,9,90,42
82,11,116,58
82,13,95,71
82,12,103,40
82,12,107,33
82,12,112,41
82,12,121,63
82,12,120,51
82,12,130,58
82,12,130,53
82,13,52,76
82,13,59,75
82,13,93,78
82,14,57,67
82,16,67,63
82,16,74,60
82,16,81,60
82,16,86,66
82,16,92,52
82,16,98,45
82,16,97,60
82,16,102,51
82,16,143,30
82,16,150,29
82,16,157,31
82,20,115,35
82,20,122,33
82,20,129,34
82,20,200,28
82,21,207,28
82,24,76,83
82,24,78,76
82,24,83,86
82,24,85,74
82,24,88,85
82,24,91,71
82,24,96,80
82,24,99,71
82,24,213,32
82,24,221,31
82,24,234,80
82,24,243,75
82,23,245,85
82,26,74,95
82,27,223,82
82,31,60,110
82,31,205,54
82,32,35,165
82,32,89,97
82,33,89,105
82,32,95,91
82,32,96,98
82,33,96,106
82,32,102,100
82,32,132,86
82,32,133,125
82,32,144,119
82,32,211,49
82,32,210,58
82,32,214,101
82,32,216,92
82,32,217,48
82,32,217,55
82,32,217,62
82,31,220,103
82,32,222,89
82,32,223,50
82,32,223,56
82,32,224,64
82,32,227,95
82,32,228,89
82,32,228,103
82,33,229,50
82,33,230,59
82,36,173,72
82,36,37,132
82,36,44,130
82,36,45,186
82,36,45,194
82,36,62,127
82,36,63,135
82,36,94,149
82,36,154,83
82,36,152,91
82,36,179,80
82,36,181,70
82,36,187,78
82,39,101,119
82,40,171,134
82,40,174,141
82,39,180,134
82,40,115,110
82,40,116,116
82,40,121,104
82,40,125,112
82,40,173,128
82,40,180,126
82,40,184,142
82,40,186,127
82,40,188,135
82,40,212,65
82,40,219,61
82,40,219,69
82,40,227,66
82,43,170,98
82,44,27,160
82,44,27,178
82,44,33,158
82,44,38,152
82,44,40,159
82,44,43,146
82,44,45,154
82,44,50,157
82,44,183,91
82,45,185,84
82,45,189,91
82,44,191,81
82,45,196,88
82,46,142,159
82,47,144,166
82,46,151,159
82,46,151,164
82,46,229,95
82,48,40,176
82,48,48,175
82,48,63,166
82,48,71,166
82,48,77,156
82,48,99,137
82,48,99,145
82,48,105,137
82,48,108,143
82,48,109,149
82,48,111,137
82,48,123,170
82,48,130,169
82,48,132,102
82,48,133,121
82,48,137,174
82,48,140,98
82,48,141,121
82,48,147,98
82,48,147,120
82,48,146,179
82,48,150,172
82,48,155,109
82,48,153,116
82,48,154,124
82,48,153,178
82,48,157,171
82,48,162,177
82,48,164,132
82,48,168,138
82,49,174,131
82,48,208,153
82,48,212,97
82,48,217,103
82,48,215,109
82,48,220,77
82,48,221,98
82,48,223,84
82,48,228,74
82,48,231,81
82,48,229,88
82,52,42,157
82,52,52,154
82,52,65,180
82,52,118,158
82,54,181,212
82,54,175,213
82,54,178,204
82,54,186,203
82,54,187,211
82,56,108,176
82,57,62,195
82,38,85,214
82,54,32,198
82,54,229,230
82,54,238,229
82,26,137,185
82,48,178,79
82,48,187,69
82,48,226,35
82,54,76,188
82,4,36,107
82,5,173,34
82,5,174,41
82,5,183,28
82,4,184,33
82,5,183,39
82,7,241,30
82,10,68,46
82,15,13,123
82,16,28,126
82,23,7,186
82,23,237,94
82,23,246,94
82,30,10,216
82,30,6,183
82,30,15,216
82,39,7,212
82,39,12,210
82,44,217,90
82,45,240,132
82,47,33,114
82,47,31,120
82,48,156,229
82,47,157,236
82,47,162,229
82,48,169,55
82,48,170,73
82,48,174,66
82,48,175,48
82,48,175,56
82,48,180,61
82,48,183,47
82,49,181,53
82,48,199,66
82,48,204,65
82,48,217,32
82,49,38,247
82,49,43,241
82,49,146,67
82,49,153,61
82,49,153,69
82,49,159,65
82,49,167,63
82,49,189,54
82,49,197,72
82,49,204,73
82,50,43,248
82,52,234,172
82,52,241,172
82,56,32,225
82,57,128,134
82,57,134,131
82,58,133,136
82,48,66,85
82,52,178,250
82,9,166,5
82,13,215,4
82,48,105,107
82,49,100,86
82,49,150,76
82,6,26,107
82,6,27,113
82,23,17,153
82,28,241,38
82,31,108,48
82,31,112,44
82,31,116,42
82,36,58,79
82,48,30,38
82,48,36,32
82,48,36,38
82,48,36,44
82,48,42,30
82,48,41,37
82,48,39,42
82,48,42,48
82,48,44,114
82,48,47,31
82,48,46,36
82,48,46,42
82,48,48,48
82,48,48,108
82,48,54,89
82,48,54,96
82,48,54,31
82,48,54,36
82,48,54,42
82,48,58,93
82,48,62,31
82,48,60,36
82,49,63,93
82,48,66,30
82,48,72,30
82,48,76,83
82,48,78,30
82,48,84,82
82,48,90,82
82,48,92,86
82,48,94,30
82,48,100,30
82,48,202,36
82,48,208,36
82,49,13,180
82,50,108,84
82,50,120,231
82,50,124,76
82,50,131,72
82,50,137,68
82,50,137,73
82,51,119,236
82,52,90,170
82,59,124,232
82,59,132,226
82,60,132,234
83,20,99,110
83,26,67,148
83,37,74,110
83,21,34,95
83,48,193,192
83,46,225,143
83,19,153,42
83,22,156,82
83,22,177,76
83,21,191,69
83,27,186,85
83,34,45,172
83,34,187,116
83,34,197,114
83,39,80,123
83,46,37,216
83,48,45,203
83,46,45,219
83,47,53,211
83,47,110,188
83,50,76,223
83,50,88,220
83,50,155,188
83,28,32,154
83,35,192,69
83,15,141,85
83,21,113,73
83,22,55,117
83,44,69,192
83,5,98,36
83,47,33,168
83,53,206,127
83,51,49,168
83,10,41,64
83,18,126,82
83,17,140,38
83,4,46,72
83,13,46,54
83,14,30,147
83,20,210,65
83,21,175,40
83,29,130,72
83,30,141,72
83,30,219,86
83,29,224,81
83,35,227,97
83,45,158,144
83,46,86,134
83,45,202,141
83,47,215,98
83,48,198,114
83,6,33,109
83,7,178,59
83,9,207,41
83,12,135,30
83,14,33,137
83,14,38,145
83,14,66,83
83,14,95,78
83,14,103,79
83,16,76,76
83,15,76,88
83,15,152,57
83,15,152,66
83,15,162,54
83,15,162,64
83,19,117,87
83,21,115,41
83,21,125,37
83,21,124,48
83,21,132,38
83,21,133,46
83,21,133,54
83,21,142,53
83,23,28,166
83,23,38,166
83,23,128,95
83,23,135,91
83,23,135,104
83,23,142,94
83,24,48,102
83,26,219,114
83,27,85,125
83,26,87,83
83,26,220,40
83,29,29,144
83,31,163,64
83,33,216,94
83,33,214,102
83,33,220,106
83,34,46,117
83,34,160,164
83,34,167,156
83,35,167,166
83,34,174,157
83,34,173,165
83,35,95,101
83,36,111,190
83,37,32,196
83,37,37,189
83,37,42,199
83,36,87,146
83,37,94,142
83,37,96,152
83,37,101,143
83,37,217,157
83,37,225,158
83,38,200,80
83,39,167,89
83,41,125,111
83,43,150,142
83,45,45,156
83,45,53,153
83,45,53,162
83,45,58,146
83,45,60,156
83,45,66,149
83,45,182,93
83,46,190,84
83,45,192,94
83,48,125,135
83,49,154,177
83,50,88,205
83,50,94,201
83,50,95,210
83,50,101,203
83,49,125,177
83,50,131,184
83,50,160,122
83,49,165,122
83,49,186,117
83,51,88,154
83,50,167,129
83,51,217,181
83,53,136,205
83,53,141,201
83,53,150,201
83,55,118,214
83,54,121,207
83,55,125,217
83,55,130,208
83,55,174,214
83,55,180,208
83,57,92,187
83,57,94,196
83,59,102,191
83,57,115,170
83,57,153,155
83,58,223,135
83,7,183,46
83,13,130,64
83,17,229,53
83,37,44,137
83,37,148,93
83,43,173,98
83,47,142,166
83,50,147,136
83,17,104,48
83,29,36,123
83,33,138,84
83,35,227,63
83,49,141,107
83,59,193,151
83,29,30,127
83,32,135,124
83,11,88,49
83,23,58,88
83,24,182,114
83,24,190,113
83,39,134,100
83,8,145,47
83,8,152,44
83,8,151,50
83,8,178,37
83,8,185,35
83,8,191,36
83,8,195,42
83,8,205,32
83,8,207,51
83,8,209,58
83,8,214,33
83,8,217,50
83,8,217,57
83,8,219,42
83,13,110,39
83,12,116,57
83,12,119,64
83,12,120,54
83,12,127,54
83,16,28,81
83,16,30,115
83,16,31,124
83,16,36,80
83,16,39,110
83,16,39,121
83,16,44,76
83,16,51,71
83,16,50,82
83,16,57,74
83,16,65,68
83,16,70,59
83,16,72,66
83,16,77,59
83,16,78,66
83,16,85,64
83,16,85,72
83,16,96,54
83,16,102,58
83,16,109,57
83,16,175,58
83,16,179,52
83,16,189,54
83,16,220,49
83,16,223,42
83,16,230,41
83,16,191,27
83,20,175,29
83,20,183,28
83,20,189,33
83,22,200,30
83,23,207,29
83,24,50,89
83,24,56,79
83,24,64,78
83,24,67,85
83,24,97,71
83,24,102,78
83,24,160,53
83,24,166,50
83,24,172,53
83,24,175,112
83,24,180,104
83,24,189,104
83,24,246,97
83,25,242,79
83,28,27,117
83,28,73,96
83,28,80,98
83,32,132,112
83,32,27,135
83,32,50,104
83,32,57,105
83,32,101,88
83,33,105,96
83,32,105,81
83,32,108,88
83,33,113,96
83,32,113,82
83,32,116,89
83,32,126,117
83,32,125,126
83,32,140,110
83,32,143,118
83,32,148,113
83,32,149,121
83,32,155,111
83,32,155,118
83,32,155,125
83,32,161,111
83,32,161,117
83,32,162,125
83,32,168,112
83,32,169,120
83,32,198,57
83,32,203,51
83,32,204,61
83,32,211,49
83,32,210,59
83,32,217,54
83,34,223,56
83,36,94,111
83,36,172,76
83,36,178,72
83,36,179,82
83,37,63,137
83,37,64,130
83,40,122,154
83,40,131,155
83,40,30,141
83,40,29,148
83,40,38,238
83,40,98,124
83,40,107,117
83,40,107,125
83,40,122,148
83,40,125,160
83,40,128,145
83,40,135,145
83,40,136,111
83,40,137,153
83,40,142,106
83,40,171,132
83,40,171,140
83,40,176,126
83,40,178,132
83,40,177,140
83,40,185,128
83,40,186,135
83,40,184,142
83,40,209,69
83,40,210,114
83,40,209,121
83,41,219,65
83,40,216,73
83,40,216,113
83,40,217,122
83,40,225,72
83,42,118,116
83,44,164,103
83,44,172,106
83,48,67,164
83,48,74,156
83,48,76,164
83,48,95,144
83,48,98,134
83,48,102,140
83,48,103,148
83,48,109,137
83,48,109,144
83,48,109,151
83,48,116,148
83,48,131,125
83,48,144,123
83,48,166,155
83,48,168,163
83,48,172,149
83,48,173,156
83,48,174,164
83,48,178,110
83,48,178,119
83,48,181,150
83,48,182,156
83,48,180,164
83,48,184,175
83,48,190,171
83,48,196,171
83,48,201,154
83,48,202,173
83,48,204,180
83,48,210,154
83,48,219,79
83,48,229,74
83,48,228,81
83,49,228,87
83,54,68,186
83,56,34,204
83,56,77,192
83,56,83,193
83,56,130,160
83,56,138,158
83,56,203,148
83,8,242,30
83,26,136,184
83,39,84,218
83,48,32,116
83,48,40,117
83,48,225,42
83,3,56,41
83,4,119,70
83,12,63,52
83,12,69,50
83,15,219,5
83,16,11,124
83,30,6,221
83,31,5,186
83,40,91,214
83,40,12,212
83,40,17,212
83,48,160,232
83,47,160,238
83,48,223,31
83,48,31,105
83,48,202,69
83,49,205,76
83,48,217,30
83,48,217,36
83,48,228,32
83,49,198,75
83,58,133,133
83,61,176,224
83,59,202,219
83,59,203,228
83,60,219,225
83,60,223,189
83,49,87,87
83,49,92,89
83,51,38,250
83,52,178,250
83,59,52,219
83,6,35,79
83,6,41,79
83,6,50,35
83,6,54,74
83,6,56,34
83,6,60,69
83,6,63,36
83,6,66,68
83,24,5,193
83,24,17,156
83,49,17,181
83,48,38,30
83,48,38,36
83,48,38,42
83,48,44,32
83,48,46,38
83,48,46,44
83,48,52,30
83,48,52,36
83,48,58,32
83,48,62,84
83,48,64,30
83,49,67,85
83,48,70,30
83,48,110,108
83,48,169,59
83,48,174,52
83,48,174,57
83,48,180,52
83,48,179,56
83,49,71,86
83,51,138,75
83,50,145,67
83,50,145,73
83,50,149,65
83,50,149,70
83,50,154,68
83,51,132,75
83,52,144,78
83,52,150,76
83,53,239,174
83,54,229,232
83,57,60,199
83,57,60,205
84,27,69,150
84,19,99,112
84,49,51,163
84,46,201,145
84,17,79,70
84,18,151,39
84,18,157,45
84,22,153,86
84,22,161,79
84,34,44,174
84,34,219,101
84,34,227,95
84,34,226,106
84,38,69,114
84,38,79,122
84,46,35,222
84,47,34,211
84,47,46,212
84,46,46,221
84,47,109,190
84,48,194,195
84,47,217,147
84,47,228,146
84,50,51,205
84,50,84,222
84,50,152,187
84,50,162,184
84,39,224,70
84,9,37,68
84,17,112,42
84,21,115,78
84,21,187,71
84,27,190,84
84,46,30,177
84,15,139,86
84,15,149,87
84,21,182,37
84,21,34,98
84,37,194,75
84,44,70,194
84,5,101,38
84,18,106,52
84,18,142,42
84,21,204,69
84,26,38,165
84,54,209,130
84,14,33,144
84,22,142,50
84,25,47,105
84,34,188,117
84,35,54,172
84,35,163,168
84,39,87,106
84,48,216,105
84,50,192,119
84,7,33,113
84,8,179,61
84,9,203,39
84,9,212,36
84,9,212,46
84,13,117,62
84,13,129,59
84,13,127,68
84,13,141,33
84,15,64,83
84,13,97,79
84,15,132,70
84,15,50,57
84,15,73,89
84,15,99,81
84,15,161,60
84,18,100,59
84,18,108,62
84,18,125,78
84,19,125,87
84,21,121,41
84,21,210,67
84,21,211,76
84,21,219,66
84,21,219,76
84,22,125,47
84,22,133,48
84,23,49,124
84,23,56,116
84,23,57,125
84,23,65,119
84,23,135,93
84,23,138,58
84,25,159,51
84,25,169,50
84,27,93,82
84,25,102,78
84,26,214,116
84,26,222,113
84,26,222,120
84,29,27,151
84,29,32,127
84,29,35,149
84,29,184,92
84,29,191,92
84,29,198,90
84,30,127,74
84,31,140,73
84,30,224,83
84,33,105,94
84,33,113,92
84,33,124,127
84,33,130,120
84,33,131,131
84,33,140,119
84,33,162,125
84,34,139,129
84,34,169,161
84,34,199,113
84,35,198,121
84,37,30,197
84,37,35,189
84,37,37,199
84,36,86,150
84,37,93,148
84,37,95,157
84,37,97,111
84,37,100,147
84,37,223,158
84,38,44,193
84,38,44,201
84,38,90,215
84,40,126,158
84,41,175,141
84,41,178,132
84,42,125,113
84,44,122,122
84,43,149,146
84,44,158,143
84,46,172,106
84,46,190,92
84,47,127,133
84,49,65,168
84,49,74,167
84,49,108,147
84,49,116,146
84,49,149,134
84,50,124,183
84,50,133,179
84,51,89,159
84,51,95,208
84,50,133,188
84,51,161,128
84,51,167,122
84,51,172,137
84,53,138,207
84,53,144,199
84,53,145,209
84,53,153,199
84,53,153,207
84,55,118,213
84,55,127,210
84,55,179,213
84,59,97,196
84,57,148,159
84,57,158,156
84,14,70,55
84,39,45,142
84,46,86,137
84,56,97,185
84,6,121,74
84,9,90,42
84,27,223,42
84,49,141,108
84,17,229,54
84,33,49,114
84,23,203,31
84,25,182,117
84,24,190,117
84,28,84,131
84,37,180,82
84,39,147,97
84,52,223,181
84,57,195,148
84,3,56,44
84,4,61,79
84,7,81,37
84,7,181,48
84,8,118,28
84,9,148,51
84,8,177,39
84,8,184,33
84,8,183,41
84,8,191,47
84,8,192,32
84,8,193,39
84,9,207,59
84,8,213,55
84,8,221,55
84,9,214,62
84,12,90,53
84,12,123,34
84,12,131,29
84,16,29,86
84,16,28,124
84,16,33,113
84,16,35,81
84,16,35,123
84,16,40,111
84,16,41,86
84,16,41,118
84,16,41,126
84,16,47,111
84,16,47,84
84,16,47,119
84,16,54,79
84,16,53,88
84,16,55,72
84,16,85,88
84,16,170,55
84,16,176,62
84,16,179,54
84,16,218,47
84,16,219,54
84,16,220,41
84,16,228,39
84,16,229,45
84,20,211,58
84,24,26,108
84,24,49,91
84,24,54,85
84,24,55,93
84,24,62,82
84,24,61,88
84,24,61,95
84,25,68,83
84,24,67,90
84,24,127,100
84,24,131,107
84,24,136,105
84,24,144,102
84,24,175,115
84,24,180,107
84,24,186,105
84,24,193,108
84,24,212,29
84,24,212,36
84,26,246,103
84,27,75,125
84,28,27,118
84,28,75,132
84,28,81,92
84,28,82,83
84,28,81,121
84,28,88,91
84,28,90,97
84,28,88,123
84,28,91,129
84,28,90,137
84,29,77,101
84,31,157,68
84,32,27,139
84,32,152,118
84,32,158,114
84,32,161,60
84,32,164,66
84,32,167,114
84,32,166,73
84,32,170,65
84,32,201,57
84,32,205,64
84,32,206,53
84,32,213,61
84,32,214,53
84,33,54,108
84,33,135,87
84,34,140,89
84,36,41,125
84,35,112,191
84,36,50,126
84,36,173,77
84,37,174,85
84,38,64,132
84,39,63,140
84,40,26,148
84,40,28,156
84,40,32,146
84,40,34,152
84,40,39,242
84,40,123,149
84,40,130,147
84,40,134,103
84,40,137,151
84,40,139,112
84,40,142,103
84,40,155,94
84,40,161,90
84,40,163,98
84,40,169,89
84,40,171,96
84,40,207,124
84,40,211,116
84,40,215,123
84,42,105,130
84,41,106,122
84,43,112,127
84,46,216,92
84,47,222,91
84,48,96,145
84,48,137,167
84,48,141,175
84,48,144,163
84,48,146,124
84,48,149,169
84,48,166,155
84,48,167,162
84,48,169,169
84,48,173,151
84,48,173,158
84,48,176,164
84,48,177,170
84,48,181,153
84,48,179,118
84,48,182,160
84,48,185,178
84,48,192,173
84,48,191,180
84,48,198,173
84,48,198,180
84,48,204,119
84,48,205,174
84,48,206,182
84,48,220,84
84,48,223,77
84,48,228,86
84,48,230,76
84,51,214,184
84,52,150,144
84,55,120,166
84,56,80,196
84,56,131,161
84,56,139,160
84,56,204,148
84,56,202,155
84,60,222,163
84,7,111,28
84,54,68,191
84,15,218,6
84,15,225,5
84,24,6,191
84,24,5,196
84,27,243,79
84,27,137,185
84,40,11,213
84,47,157,237
84,48,161,231
84,47,230,130
84,47,239,131
84,47,240,136
84,48,29,116
84,49,29,124
84,48,30,107
84,48,36,112
84,48,162,239
84,48,178,49
84,48,206,72
84,48,215,33
84,48,215,39
84,48,220,30
84,48,221,35
84,49,219,43
84,48,227,28
84,48,228,34
84,49,228,42
84,49,36,121
84,49,109,113
84,49,176,56
84,49,184,52
84,49,206,79
84,51,179,250
84,52,184,248
84,54,70,247
84,57,35,210
84,58,108,181
84,58,116,178
84,58,127,136
84,58,135,133
84,61,178,226
84,60,223,215
84,60,215,231
84,6,29,83
84,6,35,84
84,6,106,51
84,6,112,44
84,16,11,125
84,17,15,125
84,31,4,188
84,31,9,224
84,48,38,32
84,48,38,38
84,48,54,32
84,48,62,30
84,48,70,30
84,48,182,74
84,50,39,128
84,52,147,71
84,52,32,131
84,52,38,126
84,52,129,77
84,52,134,76
84,52,133,79
84,52,142,75
84,52,142,78
84,52,148,76
84,52,151,70
84,53,29,138
84,53,33,136
84,53,69,240
84,57,229,202
85,26,74,150
85,20,97,114
85,20,34,96
85,19,116,44
85,50,45,167
85,11,38,69
85,23,156,84
85,22,204,72
85,23,216,72
85,26,41,108
85,27,188,89
85,29,53,153
85,30,62,153
85,33,123,130
85,34,135,127
85,34,188,120
85,38,191,79
85,45,202,144
85,46,32,216
85,45,35,226
85,47,43,212
85,47,46,222
85,46,99,187
85,47,102,197
85,47,111,187
85,46,186,201
85,47,197,198
85,47,224,145
85,48,226,157
85,49,154,187
85,5,101,39
85,30,33,158
85,44,68,195
85,55,211,132
85,15,31,147
85,34,220,111
85,18,85,78
85,18,143,41
85,18,154,39
85,35,45,170
85,38,65,114
85,40,78,129
85,51,148,136
85,10,214,59
85,13,121,68
85,15,132,64
85,20,154,48
85,26,112,76
85,28,220,120
85,30,29,146
85,34,219,96
85,35,227,103
85,36,167,166
85,43,157,147
85,48,218,105
85,48,176,122
85,4,66,39
85,5,58,83
85,4,40,49
85,7,60,52
85,7,115,77
85,7,124,76
85,9,86,40
85,10,206,37
85,11,212,43
85,14,90,55
85,14,117,59
85,14,124,56
85,13,127,35
85,14,132,39
85,15,59,93
85,15,66,83
85,16,70,92
85,15,97,77
85,15,97,86
85,15,142,90
85,15,141,33
85,15,152,29
85,15,153,61
85,15,157,69
85,15,166,68
85,17,50,76
85,16,49,87
85,17,190,64
85,17,223,56
85,17,227,48
85,18,58,76
85,18,75,65
85,19,77,77
85,19,113,86
85,19,121,80
85,19,126,89
85,21,102,60
85,21,110,60
85,24,50,124
85,24,60,119
85,23,180,77
85,23,191,73
85,25,37,168
85,25,41,176
85,25,46,164
85,25,50,172
85,25,52,92
85,25,60,87
85,26,62,92
85,25,109,70
85,25,176,117
85,25,183,111
85,25,183,121
85,25,191,114
85,26,161,52
85,26,171,48
85,29,75,133
85,29,86,134
85,33,39,125
85,31,86,95
85,33,103,90
85,34,103,97
85,34,111,91
85,35,107,105
85,35,114,100
85,35,199,119
85,35,215,104
85,37,83,156
85,37,92,155
85,37,97,107
85,37,96,148
85,37,161,173
85,37,227,68
85,38,29,198
85,38,35,195
85,38,36,203
85,38,89,216
85,38,92,116
85,38,101,117
85,38,221,163
85,39,43,198
85,40,125,158
85,41,169,137
85,41,172,146
85,41,178,134
85,41,181,143
85,41,216,70
85,41,217,78
85,43,146,149
85,47,28,181
85,47,59,165
85,47,65,157
85,47,187,96
85,49,94,149
85,49,133,137
85,49,134,109
85,49,147,105
85,51,78,228
85,51,81,219
85,50,88,227
85,50,86,208
85,50,91,219
85,50,95,207
85,50,123,189
85,50,126,180
85,50,131,189
85,51,111,153
85,51,165,125
85,50,189,121
85,51,220,185
85,53,139,204
85,53,146,199
85,53,148,209
85,53,154,204
85,55,113,213
85,55,121,206
85,56,122,216
85,55,177,215
85,55,197,199
85,9,173,67
85,22,141,51
85,43,124,117
85,46,87,138
85,50,70,173
85,31,222,86
85,32,160,127
85,46,125,127
85,24,139,105
85,39,144,101
85,9,146,53
85,27,221,38
85,31,126,74
85,33,211,59
85,37,117,195
85,39,64,140
85,8,26,119
85,8,33,113
85,8,33,120
85,8,110,28
85,8,119,26
85,8,118,31
85,8,172,57
85,8,178,52
85,8,179,41
85,8,179,58
85,8,185,64
85,8,183,47
85,8,184,36
85,8,187,55
85,8,192,42
85,8,192,35
85,8,192,48
85,16,27,118
85,16,28,127
85,16,31,111
85,16,35,122
85,16,42,111
85,16,42,121
85,16,63,59
85,16,69,53
85,16,76,51
85,16,180,58
85,16,178,66
85,16,226,6
85,24,128,101
85,24,128,52
85,24,131,60
85,24,134,91
85,24,139,60
85,24,143,95
85,24,176,37
85,24,181,46
85,24,184,35
85,24,189,42
85,24,204,29
85,24,205,36
85,24,212,26
85,24,213,33
85,28,96,82
85,28,220,48
85,28,228,46
85,28,247,108
85,30,216,81
85,32,136,72
85,32,144,74
85,32,74,104
85,32,134,81
85,32,150,122
85,32,155,66
85,32,155,115
85,32,157,72
85,32,164,62
85,32,162,115
85,32,167,68
85,32,166,75
85,32,168,118
85,32,202,57
85,33,203,66
85,36,64,124
85,36,81,146
85,36,88,142
85,37,133,99
85,36,137,91
85,38,175,86
85,40,27,149
85,40,27,158
85,40,33,149
85,40,34,157
85,40,38,244
85,40,36,142
85,40,39,150
85,40,46,140
85,40,47,148
85,40,72,106
85,40,78,103
85,40,85,104
85,40,127,107
85,40,136,107
85,40,137,115
85,40,153,99
85,40,159,93
85,40,159,100
85,40,165,91
85,40,167,100
85,40,171,94
85,40,204,129
85,40,205,122
85,40,213,130
85,40,213,122
85,41,79,111
85,41,207,135
85,42,83,112
85,43,102,127
85,44,101,136
85,44,108,126
85,44,109,134
85,44,116,126
85,46,170,109
85,48,54,208
85,48,121,139
85,48,135,168
85,48,137,177
85,48,141,165
85,48,143,174
85,48,148,163
85,48,151,170
85,48,164,162
85,48,165,170
85,48,166,155
85,48,171,162
85,48,172,171
85,48,176,153
85,48,180,159
85,48,178,167
85,48,184,185
85,48,187,148
85,48,186,178
85,48,190,156
85,48,191,185
85,48,194,176
85,48,197,156
85,48,197,183
85,48,200,112
85,48,203,120
85,48,203,156
85,48,203,178
85,48,203,186
85,48,209,155
85,48,221,79
85,48,223,87
85,48,224,34
85,48,228,75
85,48,230,84
85,49,209,185
85,51,167,142
85,52,81,162
85,52,86,167
85,52,86,160
85,52,94,162
85,52,171,135
85,52,172,141
85,52,176,147
85,52,179,140
85,55,65,193
85,59,63,204
85,56,129,164
85,56,140,162
85,18,194,28
85,40,8,217
85,59,93,199
85,54,68,248
85,58,200,154
85,27,133,186
85,24,4,194
85,27,241,80
85,28,246,80
85,32,4,189
85,39,38,71
85,39,37,77
85,39,38,84
85,39,42,67
85,39,43,74
85,39,44,80
85,39,46,86
85,39,49,68
85,39,49,74
85,39,51,81
85,39,56,70
85,39,58,78
85,47,238,135
85,48,31,114
85,48,30,122
85,48,212,40
85,49,225,46
85,49,31,128
85,49,216,44
85,51,47,187
85,52,180,250
85,52,185,250
85,56,81,197
85,56,81,203
85,56,87,200
85,56,93,199
85,59,114,180
85,58,149,159
85,59,152,165
85,58,156,156
85,59,160,162
85,59,163,152
85,61,179,229
85,60,219,228
85,58,227,139
85,60,228,209
85,43,246,128
85,48,159,239
85,6,62,97
85,6,68,94
85,6,104,55
85,6,110,48
85,6,111,42
85,3,225,27
85,4,226,33
85,4,226,38
85,35,101,61
85,47,9,250
85,47,12,251
85,48,29,133
85,48,48,93
85,48,50,86
85,48,54,92
85,48,56,85
85,48,174,56
85,50,34,135
85,50,108,114
85,52,70,102
85,52,76,104
85,52,140,77
85,52,144,72
85,52,144,77
85,52,150,71
85,52,149,76
85,52,157,69
85,52,156,73
86,31,187,121
86,28,72,153
86,8,102,42
86,27,39,113
86,20,98,124
86,46,208,148
86,18,49,85
86,18,58,87
86,20,110,122
86,21,86,109
86,22,98,109
86,26,45,103
86,26,44,175
86,25,191,84
86,30,56,155
86,30,182,96
86,30,193,96
86,40,222,72
86,42,178,143
86,46,36,221
86,46,41,228
86,46,187,212
86,46,186,202
86,47,197,205
86,51,48,167
86,50,126,191
86,51,203,192
86,55,214,136
86,21,118,44
86,18,144,43
86,35,132,131
86,33,222,113
86,38,89,155
86,10,32,73
86,14,43,66
86,14,125,64
86,17,71,63
86,17,154,39
86,37,190,76
86,44,68,197
86,45,97,193
86,49,31,184
86,54,152,208
86,53,138,143
86,12,177,70
86,13,180,50
86,12,215,63
86,17,35,123
86,18,227,53
86,32,29,150
86,32,223,96
86,44,85,136
86,46,123,132
86,6,31,85
86,6,52,88
86,5,61,84
86,9,111,32
86,4,129,36
86,9,121,79
86,9,175,63
86,9,186,63
86,11,86,42
86,11,204,38
86,11,207,47
86,11,212,36
86,11,217,44
86,13,191,50
86,15,31,149
86,15,68,91
86,15,86,61
86,15,94,57
86,17,153,63
86,16,165,66
86,17,182,64
86,17,192,65
86,18,39,88
86,19,33,97
86,18,105,85
86,19,116,83
86,21,75,72
86,21,77,80
86,21,82,70
86,21,85,79
86,21,116,93
86,22,143,51
86,21,150,51
86,21,157,50
86,25,111,70
86,24,202,74
86,23,209,66
86,23,210,79
86,24,218,74
86,24,132,105
86,24,141,102
86,25,175,45
86,25,184,47
86,27,60,96
86,27,164,55
86,27,173,55
86,29,73,137
86,29,78,131
86,29,81,141
86,29,99,88
86,29,223,46
86,30,88,136
86,31,28,163
86,30,35,159
86,33,153,124
86,33,160,120
86,33,160,131
86,33,163,70
86,33,167,122
86,33,208,63
86,35,121,134
86,34,169,77
86,36,41,170
86,37,42,180
86,37,51,172
86,37,80,151
86,37,158,170
86,37,161,178
86,37,163,166
86,38,167,175
86,37,171,166
86,37,173,174
86,39,29,202
86,39,37,202
86,41,117,162
86,41,125,156
86,41,126,165
86,41,132,160
86,41,135,119
86,41,135,110
86,41,194,87
86,41,213,131
86,43,147,151
86,43,158,146
86,43,157,154
86,45,124,122
86,46,112,134
86,47,222,154
86,47,228,152
86,50,141,109
86,49,188,185
86,49,199,157
86,49,198,181
86,50,233,159
86,51,75,228
86,50,82,222
86,51,84,230
86,50,89,224
86,51,88,215
86,51,96,211
86,50,94,150
86,51,150,185
86,51,153,194
86,51,160,183
86,51,162,192
86,53,167,133
86,55,173,220
86,55,177,212
86,55,181,221
86,55,187,215
86,55,198,207
86,15,130,41
86,31,221,87
86,37,137,96
86,45,104,136
86,49,181,125
86,50,198,124
86,4,68,39
86,21,192,33
86,37,66,126
86,40,64,117
86,50,213,114
86,51,172,125
86,51,189,126
86,51,73,174
86,56,123,219
86,9,31,118
86,16,146,99
86,39,103,110
86,39,175,86
86,39,222,168
86,48,168,109
86,48,221,108
86,50,153,141
86,51,155,134
86,52,224,187
86,54,91,167
86,6,189,36
86,7,193,32
86,8,52,50
86,8,54,57
86,8,59,47
86,8,60,52
86,8,60,60
86,8,68,56
86,11,144,57
86,10,151,55
86,16,91,79
86,16,89,88
86,16,97,89
86,16,98,77
86,16,109,54
86,16,137,96
86,16,139,89
86,16,140,30
86,16,149,89
86,16,148,28
86,16,155,28
86,16,161,32
86,20,189,27
86,20,198,26
86,23,154,86
86,24,160,83
86,24,47,125
86,24,49,132
86,24,55,126
86,24,57,115
86,24,61,122
86,24,60,129
86,24,64,116
86,24,67,123
86,24,130,51
86,24,128,96
86,24,129,60
86,24,135,92
86,24,136,58
86,24,141,91
86,24,142,61
86,24,148,88
86,24,147,95
86,24,152,80
86,24,153,93
86,24,159,77
86,24,159,93
86,24,166,89
86,24,167,80
86,24,178,83
86,24,181,36
86,24,185,74
86,24,191,42
86,24,205,33
86,24,214,28
86,25,214,36
86,32,26,126
86,32,26,133
86,32,33,124
86,32,35,131
86,32,33,138
86,32,81,100
86,32,84,92
86,32,87,102
86,32,93,100
86,32,126,81
86,32,129,73
86,32,133,82
86,32,136,72
86,32,138,80
86,32,144,71
86,32,145,79
86,33,77,107
86,33,82,109
86,35,108,91
86,36,47,125
86,36,52,118
86,36,55,125
86,36,105,99
86,36,111,106
86,36,112,98
86,36,115,90
86,36,118,98
86,38,43,132
86,38,119,197
86,39,48,138
86,39,50,132
86,39,90,219
86,40,6,220
86,41,38,148
86,41,39,155
86,40,45,144
86,40,47,150
86,40,46,158
86,40,44,199
86,40,45,207
86,40,61,138
86,40,63,145
86,40,70,136
86,40,72,110
86,40,71,143
86,40,69,150
86,40,77,104
86,40,78,125
86,40,94,110
86,40,93,117
86,40,96,124
86,40,101,120
86,40,107,120
86,40,149,107
86,40,150,100
86,41,157,101
86,41,163,101
86,42,29,157
86,42,29,167
86,42,35,162
86,42,81,113
86,42,169,99
86,47,218,99
86,48,51,211
86,48,53,218
86,48,52,224
86,48,60,172
86,48,62,159
86,48,69,161
86,48,122,142
86,48,135,131
86,48,138,167
86,48,138,175
86,48,144,165
86,48,144,175
86,48,152,167
86,48,152,175
86,48,151,241
86,48,159,236
86,48,158,243
86,48,166,116
86,48,165,168
86,48,167,175
86,48,168,162
86,48,172,168
86,48,174,176
86,48,178,158
86,48,176,103
86,48,178,112
86,48,181,164
86,48,180,172
86,48,183,97
86,48,184,106
86,48,189,100
86,48,196,98
86,48,202,115
86,48,225,97
86,48,227,75
86,48,226,84
86,48,229,105
86,49,126,111
86,50,148,133
86,52,103,160
86,52,107,152
86,52,110,161
86,52,115,153
86,54,119,164
86,52,159,125
86,53,174,146
86,53,181,147
86,56,62,195
86,60,91,200
86,56,69,195
86,56,117,211
86,56,123,209
86,56,129,211
86,30,247,115
86,46,245,136
86,40,37,87
86,40,39,245
86,40,44,82
86,40,52,81
86,50,205,82
86,4,227,32
86,15,169,27
86,27,133,188
86,32,243,48
86,41,46,245
86,48,227,30
86,50,203,75
86,49,212,46
86,49,217,37
86,50,219,45
86,49,222,34
86,49,226,42
86,49,225,48
86,49,229,36
86,52,184,250
86,53,46,190
86,53,52,194
86,56,79,205
86,57,90,192
86,57,96,188
86,58,135,167
86,59,157,162
86,59,152,170
86,25,4,197
86,29,245,85
86,53,151,76
86,53,158,73
86,3,32,52
86,4,41,54
86,6,69,96
86,6,73,89
86,8,173,4
86,8,177,4
86,16,180,106
86,16,186,106
86,31,246,144
86,48,44,84
86,48,46,32
86,48,46,90
86,48,49,85
86,48,52,89
86,48,55,84
86,48,57,87
86,50,162,66
86,50,169,62
86,50,173,61
86,50,206,53
86,52,72,106
86,53,76,107
86,52,146,75
86,52,155,69
86,52,163,72
86,52,166,67
86,52,174,64
86,52,180,61
86,52,196,60
86,52,202,61
86,57,152,163
86,57,158,162
86,57,164,156
86,57,164,162
87,32,188,124
87,28,75,153
87,15,184,65
87,29,41,112
87,15,33,124
87,20,145,99
87,21,117,48
87,21,102,125
87,7,126,38
87,22,86,110
87,22,93,119
87,27,44,179
87,28,189,90
87,34,155,127
87,34,165,126
87,38,164,171
87,42,121,166
87,47,34,225
87,48,206,153
87,50,30,191
87,50,128,194
87,50,189,195
87,53,198,203
87,50,202,163
87,9,102,41
87,41,192,85
87,13,40,76
87,14,123,74
87,34,222,116
87,17,151,37
87,26,186,46
87,34,220,99
87,37,41,180
87,18,58,88
87,25,131,102
87,37,169,80
87,52,49,171
87,4,67,43
87,17,226,57
87,18,43,89
87,18,105,87
87,17,162,70
87,38,138,128
87,44,149,158
87,45,173,157
87,44,182,155
87,45,66,194
87,45,94,197
87,52,137,146
87,50,141,109
87,51,204,121
87,9,29,80
87,11,58,58
87,11,68,57
87,11,115,85
87,12,126,85
87,13,35,64
87,14,45,63
87,13,95,47
87,13,201,45
87,13,211,48
87,13,208,68
87,13,213,59
87,14,217,71
87,15,31,152
87,15,117,64
87,15,126,62
87,15,178,48
87,22,113,94
87,21,120,88
87,23,153,48
87,23,191,34
87,23,197,27
87,23,200,36
87,25,51,129
87,25,62,125
87,25,161,90
87,29,116,78
87,29,166,58
87,29,172,51
87,29,172,61
87,29,178,57
87,31,51,155
87,31,60,149
87,31,59,160
87,31,100,91
87,33,131,83
87,33,143,79
87,35,205,68
87,38,49,171
87,38,51,180
87,37,106,101
87,37,115,99
87,37,119,140
87,37,126,135
87,37,127,145
87,37,134,135
87,38,110,111
87,39,81,160
87,39,92,160
87,39,135,97
87,40,66,113
87,42,40,159
87,41,74,124
87,42,210,131
87,43,173,147
87,43,181,146
87,45,61,204
87,46,70,204
87,47,181,210
87,47,188,211
87,47,195,210
87,49,66,168
87,49,171,177
87,48,176,166
87,49,223,110
87,49,150,177
87,51,81,226
87,51,146,189
87,51,146,195
87,51,154,189
87,51,153,198
87,51,161,187
87,51,161,195
87,51,182,129
87,51,193,188
87,51,203,188
87,53,160,132
87,55,142,214
87,55,144,205
87,55,153,214
87,55,153,204
87,56,179,221
87,57,119,220
87,57,126,220
87,57,132,219
87,19,71,67
87,21,38,98
87,54,168,136
87,58,217,139
87,8,30,93
87,13,142,62
87,14,50,53
87,19,28,104
87,27,143,59
87,29,64,102
87,39,228,72
87,45,210,83
87,46,84,139
87,49,226,85
87,53,71,181
87,53,114,163
87,6,62,86
87,13,151,61
87,33,27,155
87,6,53,82
87,27,135,63
87,33,77,111
87,33,87,104
87,37,50,129
87,38,62,129
87,41,150,105
87,47,245,140
87,49,92,151
87,48,231,162
87,51,95,212
87,6,62,97
87,6,69,95
87,6,72,88
87,6,101,51
87,6,165,35
87,6,166,42
87,6,172,37
87,6,172,43
87,5,228,34
87,7,108,55
87,7,189,36
87,8,188,30
87,8,196,30
87,8,196,36
87,12,148,54
87,12,214,39
87,16,62,101
87,16,70,98
87,16,73,88
87,16,84,57
87,16,83,65
87,16,90,70
87,16,88,84
87,16,88,91
87,16,90,58
87,16,92,77
87,16,97,67
87,16,96,80
87,16,95,88
87,16,95,95
87,16,96,58
87,16,103,59
87,16,129,44
87,16,128,51
87,16,133,57
87,16,134,37
87,16,136,68
87,16,136,44
87,16,135,50
87,16,141,51
87,16,169,27
87,16,177,26
87,24,74,76
87,24,77,84
87,24,80,73
87,24,86,84
87,24,87,72
87,24,102,62
87,24,104,71
87,24,108,61
87,24,114,67
87,24,149,89
87,24,149,57
87,24,150,82
87,24,159,56
87,24,158,80
87,24,204,69
87,24,206,76
87,24,207,83
87,24,211,67
87,24,213,74
87,24,213,80
87,24,214,87
87,24,219,69
87,24,220,76
87,24,221,83
87,28,54,97
87,28,59,94
87,28,66,95
87,28,134,187
87,28,143,67
87,32,212,88
87,31,220,45
87,32,228,45
87,32,26,127
87,32,26,134
87,32,27,168
87,33,31,141
87,32,35,127
87,32,36,134
87,32,35,167
87,32,36,153
87,32,37,160
87,32,74,137
87,32,79,98
87,32,81,135
87,32,86,94
87,32,87,135
87,32,92,143
87,32,94,102
87,32,220,86
87,32,225,53
87,32,227,88
87,36,215,63
87,36,215,71
87,40,27,201
87,40,27,209
87,40,33,199
87,40,33,205
87,40,32,212
87,40,38,139
87,40,41,201
87,40,42,207
87,40,40,213
87,40,40,146
87,40,46,137
87,40,49,144
87,40,84,218
87,40,92,113
87,40,93,213
87,40,93,220
87,40,92,119
87,40,96,125
87,40,98,111
87,40,101,117
87,41,103,124
87,40,147,98
87,40,175,92
87,41,67,140
87,41,138,109
87,42,43,249
87,42,60,143
87,42,63,151
87,42,69,149
87,42,78,138
87,42,79,110
87,42,87,109
87,42,134,113
87,42,133,120
87,43,140,120
87,44,28,163
87,44,32,171
87,44,81,118
87,44,159,102
87,44,161,108
87,44,167,100
87,44,169,106
87,48,107,143
87,48,119,134
87,48,47,216
87,48,49,223
87,48,47,230
87,48,84,147
87,48,93,139
87,48,100,139
87,48,101,148
87,48,113,140
87,48,124,127
87,48,129,124
87,48,132,131
87,48,156,244
87,48,161,114
87,48,169,121
87,48,168,113
87,48,174,112
87,48,180,104
87,48,180,112
87,48,185,99
87,48,187,109
87,48,193,104
87,48,219,99
87,48,220,77
87,48,221,153
87,48,221,162
87,48,227,99
87,48,228,74
87,48,229,151
87,50,125,110
87,50,128,117
87,51,152,139
87,52,71,231
87,52,93,161
87,52,94,219
87,52,100,160
87,53,219,189
87,53,222,196
87,52,227,187
87,54,50,198
87,58,39,222
87,56,59,200
87,56,61,207
87,56,87,174
87,56,95,179
87,55,96,171
87,56,169,218
87,59,79,211
87,60,107,195
87,40,6,224
87,40,218,171
87,3,35,58
87,5,45,58
87,27,214,37
87,31,249,118
87,38,115,197
87,39,221,165
87,43,37,88
87,43,42,79
87,44,43,88
87,43,49,77
87,46,51,84
87,43,57,79
87,43,56,86
87,49,109,108
87,49,117,101
87,49,116,109
87,50,227,33
87,54,175,148
87,54,181,148
87,55,180,154
87,59,154,167
87,51,223,42
87,53,145,76
87,53,151,73
87,6,132,50
87,6,138,45
87,12,242,38
87,16,182,104
87,20,229,16
87,20,246,61
87,31,246,88
87,36,196,35
87,36,198,32
87,48,38,32
87,48,38,38
87,48,44,32
87,48,44,38
87,48,54,30
87,50,214,46
87,52,110,82
87,52,117,82
87,52,122,80
87,52,140,77
87,52,174,62
87,57,77,208
87,57,92,194
88,17,33,129
88,23,145,101
88,30,45,187
88,38,46,185
88,29,70,159
88,34,187,127
88,11,114,40
88,16,172,68
88,14,185,70
88,14,189,62
88,14,207,48
88,23,92,129
88,23,103,127
88,26,131,100
88,26,159,88
88,31,36,120
88,26,38,107
88,29,191,90
88,39,42,177
88,39,218,116
88,37,223,104
88,42,35,211
88,46,56,202
88,46,67,200
88,47,176,155
88,51,199,161
88,49,211,157
88,50,228,163
88,23,118,48
88,19,226,58
88,26,203,81
88,18,136,53
88,39,169,85
88,50,173,175
88,20,43,91
88,22,114,92
88,33,185,104
88,45,81,143
88,11,29,88
88,14,37,74
88,16,125,77
88,14,128,89
88,15,139,65
88,17,117,60
88,19,82,66
88,28,110,74
88,41,72,114
88,45,119,170
88,46,190,95
88,46,199,95
88,53,28,200
88,7,226,35
88,9,30,99
88,4,65,40
88,10,80,53
88,14,56,58
88,13,69,63
88,13,113,93
88,13,117,81
88,13,120,88
88,13,147,59
88,15,217,71
88,17,58,101
88,17,67,95
88,16,172,28
88,18,86,61
88,18,92,70
88,18,94,60
88,18,91,92
88,18,99,91
88,18,131,44
88,19,140,40
88,21,73,70
88,21,162,65
88,23,78,113
88,23,88,111
88,25,83,74
88,26,84,84
88,25,146,54
88,25,152,52
88,25,152,61
88,25,160,53
88,25,211,74
88,25,213,86
88,25,220,81
88,27,52,132
88,27,59,130
88,27,66,129
88,29,136,67
88,29,144,66
88,30,182,56
88,31,61,105
88,33,27,160
88,33,27,168
88,33,35,163
88,33,73,147
88,33,79,139
88,33,82,150
88,33,89,144
88,33,196,104
88,33,218,92
88,34,31,173
88,34,31,133
88,35,31,144
88,36,151,124
88,36,161,124
88,37,150,133
88,37,160,133
88,38,152,173
88,39,163,170
88,38,208,72
88,39,121,143
88,39,129,141
88,39,136,138
88,39,154,181
88,39,164,179
88,39,218,73
88,39,227,72
88,41,83,168
88,41,87,222
88,41,93,164
88,40,192,83
88,43,99,122
88,45,29,166
88,45,33,174
88,45,135,121
88,47,142,162
88,48,32,227
88,48,91,197
88,47,153,158
88,49,44,224
88,49,126,136
88,49,226,76
88,50,50,227
88,52,136,147
88,50,148,181
88,50,157,178
88,50,187,107
88,50,222,84
88,51,63,175
88,51,120,203
88,54,131,201
88,51,137,112
88,51,225,105
88,51,225,115
88,51,228,89
88,52,199,196
88,53,154,201
88,53,208,123
88,55,44,173
88,54,54,170
88,57,39,224
88,60,81,208
88,59,141,208
88,58,138,220
88,58,148,207
88,57,148,215
88,57,147,222
88,57,154,208
88,58,157,213
88,58,156,222
88,57,169,224
88,57,175,220
88,58,176,229
88,58,183,223
88,57,187,210
88,58,189,218
88,57,194,207
88,57,194,216
88,57,200,206
88,57,201,214
88,59,213,143
88,7,168,38
88,26,190,80
88,42,143,107
88,47,169,107
88,50,92,151
88,50,172,119
88,53,80,229
88,15,87,48
88,20,153,43
88,27,191,45
88,33,225,52
88,37,130,93
88,38,138,92
88,46,159,107
88,53,182,135
88,53,154,139
88,55,191,134
88,48,184,214
88,57,168,142
88,3,33,63
88,8,100,55
88,17,148,77
88,17,158,74
88,20,152,34
88,34,125,86
88,40,220,174
88,48,246,143
88,53,174,135
88,7,44,62
88,5,131,53
88,5,136,47
88,6,138,57
88,5,145,50
88,8,59,94
88,8,47,86
88,8,49,93
88,8,51,80
88,8,54,87
88,8,56,100
88,8,60,80
88,8,62,86
88,8,63,101
88,8,67,91
88,8,70,98
88,8,108,55
88,8,113,29
88,8,120,26
88,8,128,23
88,8,126,31
88,8,188,37
88,8,229,43
88,9,194,34
88,16,45,57
88,16,49,100
88,16,56,90
88,16,95,43
88,16,95,52
88,16,103,51
88,16,112,70
88,16,119,71
88,16,126,68
88,16,173,53
88,16,179,49
88,16,185,50
88,16,191,53
88,17,83,87
88,17,156,83
88,22,179,74
88,22,188,72
88,24,54,83
88,24,53,92
88,24,63,81
88,24,62,90
88,24,80,123
88,24,97,112
88,24,190,36
88,24,192,28
88,24,197,35
88,24,200,27
88,24,200,41
88,24,204,33
88,28,182,46
88,28,213,41
88,29,129,189
88,30,133,187
88,32,217,130
88,32,47,157
88,32,51,166
88,32,53,118
88,32,55,152
88,32,54,159
88,32,60,115
88,32,95,95
88,32,97,87
88,32,103,96
88,32,103,87
88,32,109,86
88,32,118,86
88,32,162,67
88,32,166,59
88,32,168,68
88,32,175,68
88,32,224,131
88,32,246,94
88,36,85,102
88,36,87,110
88,35,92,99
88,36,95,107
88,36,132,84
88,36,139,82
88,36,146,81
88,36,148,88
88,40,47,137
88,40,47,131
88,40,54,126
88,40,54,135
88,40,60,130
88,40,62,137
88,40,68,131
88,40,69,138
88,40,77,158
88,40,84,155
88,40,91,154
88,39,103,107
88,40,110,104
88,40,111,111
88,40,113,117
88,40,117,107
88,40,130,102
88,40,218,166
88,40,223,84
88,40,230,83
88,42,43,143
88,42,46,150
88,44,38,160
88,44,45,164
88,44,58,151
88,44,61,159
88,44,64,149
88,44,69,157
88,44,71,149
88,44,205,133
88,44,208,139
88,48,103,140
88,48,103,150
88,48,109,140
88,48,110,151
88,48,117,135
88,48,116,145
88,48,194,208
88,48,208,83
88,48,211,92
88,52,52,186
88,52,149,108
88,52,148,193
88,52,155,191
88,52,162,191
88,52,177,128
88,52,190,187
88,52,196,183
88,52,203,184
88,53,210,193
88,54,217,193
88,54,225,193
88,54,97,165
88,54,215,201
88,54,223,201
88,56,37,199
88,56,69,187
88,56,75,183
88,56,108,167
88,56,111,173
88,56,116,164
88,60,141,174
88,56,166,132
88,56,176,155
88,57,90,178
88,57,96,177
88,23,228,27
88,12,157,26
88,32,249,124
88,15,30,154
88,15,218,4
88,32,237,93
88,32,237,99
88,40,116,203
88,43,44,250
88,48,147,246
88,48,151,242
88,49,152,248
88,51,228,33
88,53,88,217
88,53,95,213
88,54,96,220
88,56,240,249
88,56,62,205
88,59,118,221
88,60,119,228
88,59,126,218
88,59,128,226
88,5,206,26
88,52,226,42
88,12,249,28
88,15,210,6
88,4,89,28
88,16,38,152
88,29,11,172
88,44,42,86
88,44,45,90
88,43,47,85
88,43,50,88
88,52,212,54
88,52,218,47
88,53,216,53
88,52,222,49
88,53,222,54
88,52,228,50
88,58,244,188
89,25,145,97
89,29,72,159
89,35,43,186
89,12,121,34
89,19,33,132
89,9,105,49
89,15,188,69
89,19,40,90
89,26,158,58
89,26,211,80
89,30,190,90
89,34,47,126
89,34,182,105
89,34,193,105
89,38,155,133
89,43,34,213
89,42,75,116
89,50,200,157
89,51,204,165
89,17,125,70
89,31,42,116
89,50,142,115
89,53,198,205
89,17,61,99
89,21,150,47
89,24,78,75
89,31,201,86
89,47,78,151
89,50,193,107
89,9,29,101
89,11,77,53
89,15,116,90
89,23,226,60
89,29,109,76
89,43,194,89
89,4,65,37
89,11,230,40
89,13,194,37
89,17,167,27
89,42,175,93
89,47,30,175
89,54,234,168
89,7,132,54
89,7,143,52
89,9,51,94
89,9,54,84
89,9,58,94
89,9,65,88
89,9,66,99
89,15,57,64
89,15,68,65
89,15,129,84
89,15,128,94
89,16,142,64
89,15,176,74
89,16,204,45
89,17,50,99
89,17,90,53
89,17,98,49
89,17,174,59
89,16,221,72
89,18,103,58
89,19,175,29
89,21,146,39
89,21,155,38
89,23,89,134
89,23,96,126
89,23,96,136
89,23,104,124
89,23,104,134
89,23,105,90
89,23,108,98
89,24,115,57
89,23,116,86
89,23,118,96
89,25,124,48
89,26,199,38
89,27,162,83
89,28,61,132
89,29,184,53
89,29,192,52
89,30,182,123
89,31,192,120
89,31,144,67
89,31,183,132
89,31,193,129
89,33,50,162
89,33,59,157
89,33,59,168
89,35,27,165
89,35,35,168
89,35,28,176
89,35,78,146
89,35,89,141
89,35,90,150
89,37,139,88
89,37,157,123
89,39,152,175
89,39,170,83
89,39,210,73
89,40,161,181
89,41,77,164
89,41,83,158
89,41,84,169
89,41,91,159
89,41,109,119
89,41,127,149
89,41,138,104
89,41,138,142
89,42,86,225
89,42,92,169
89,42,216,176
89,45,40,167
89,45,42,175
89,45,109,169
89,45,112,176
89,46,113,162
89,45,116,169
89,46,120,175
89,46,123,166
89,47,56,204
89,47,67,198
89,48,67,209
89,47,172,152
89,48,179,161
89,47,180,148
89,49,39,227
89,48,185,215
89,50,45,227
89,50,51,224
89,50,121,141
89,50,129,136
89,50,148,177
89,50,149,185
89,50,156,177
89,50,223,163
89,51,132,146
89,51,168,179
89,51,176,171
89,51,176,180
89,51,226,84
89,56,129,205
89,53,199,194
89,55,153,205
89,55,159,196
89,55,162,204
89,59,226,204
89,60,72,212
89,58,171,225
89,58,181,225
89,57,192,214
89,58,197,219
89,57,205,214
89,5,33,66
89,19,92,92
89,24,88,119
89,33,169,62
89,41,225,83
89,45,207,139
89,58,147,165
89,55,209,130
89,55,48,175
89,57,193,139
89,19,134,48
89,33,115,88
89,37,88,109
89,46,64,161
89,49,214,91
89,51,94,154
89,59,143,223
89,42,225,117
89,47,135,128
89,31,219,43
89,33,100,95
89,34,225,51
89,47,31,230
89,50,171,118
89,53,77,233
89,55,184,138
89,59,121,180
89,59,168,145
89,6,91,29
89,8,43,58
89,8,46,67
89,8,164,34
89,8,165,40
89,8,172,32
89,8,173,39
89,8,219,34
89,8,227,30
89,10,134,27
89,14,158,28
89,16,27,156
89,16,30,68
89,16,37,69
89,16,44,69
89,16,47,56
89,16,51,72
89,16,110,64
89,16,110,73
89,16,122,48
89,16,200,57
89,16,211,57
89,16,217,45
89,20,92,65
89,20,93,76
89,20,99,69
89,24,74,112
89,24,76,119
89,24,80,109
89,24,86,108
89,24,93,109
89,24,115,44
89,24,181,78
89,24,191,76
89,24,196,28
89,26,60,93
89,26,61,85
89,28,88,88
89,28,93,84
89,30,128,189
89,30,212,42
89,32,26,117
89,32,28,127
89,32,54,106
89,32,60,101
89,32,60,111
89,32,67,103
89,32,67,111
89,32,140,75
89,32,149,75
89,32,166,72
89,32,172,72
89,32,179,67
89,32,211,134
89,32,216,128
89,32,217,137
89,32,223,129
89,32,223,136
89,33,211,95
89,33,222,94
89,34,215,104
89,34,224,101
89,35,227,59
89,36,26,134
89,36,26,140
89,37,27,149
89,36,32,132
89,36,32,138
89,36,34,146
89,36,38,138
89,36,94,103
89,40,46,139
89,40,51,137
89,41,58,134
89,41,64,136
89,40,70,138
89,40,105,109
89,40,111,105
89,40,117,106
89,40,118,111
89,40,123,141
89,40,130,135
89,40,177,127
89,40,177,133
89,40,182,123
89,40,183,129
89,40,183,137
89,40,189,123
89,40,189,129
89,40,190,136
89,40,195,129
89,40,211,110
89,40,212,119
89,40,216,106
89,40,221,71
89,40,223,105
89,40,228,72
89,41,197,134
89,44,36,150
89,44,42,145
89,44,44,151
89,44,45,156
89,44,63,125
89,44,95,122
89,44,94,128
89,44,96,136
89,44,103,131
89,46,56,156
89,48,88,195
89,48,87,201
89,48,89,208
89,48,96,193
89,48,97,199
89,48,98,206
89,48,132,165
89,48,138,164
89,48,144,165
89,48,147,155
89,48,153,163
89,48,158,110
89,48,158,118
89,48,164,107
89,48,167,115
89,48,172,109
89,48,206,150
89,48,207,90
89,48,214,151
89,48,248,144
89,49,109,147
89,49,109,155
89,50,27,205
89,52,61,181
89,52,64,173
89,53,69,180
89,52,168,123
89,52,176,126
89,52,178,119
89,52,185,115
89,52,220,117
89,52,224,111
89,52,225,123
89,52,228,117
89,54,155,148
89,54,215,196
89,55,96,166
89,54,178,139
89,56,71,186
89,58,97,177
89,56,109,169
89,56,117,166
89,57,74,190
89,23,28,109
89,24,229,27
89,7,209,26
89,54,93,221
89,8,158,6
89,15,208,6
89,16,213,5
89,33,230,90
89,33,233,96
89,33,239,91
89,33,240,96
89,34,250,128
89,40,116,205
89,53,226,48
89,55,94,227
89,57,29,225
89,58,37,221
89,58,40,228
89,58,175,156
89,59,176,163
89,59,183,162
89,60,214,146
89,4,69,64
89,43,43,250
89,12,250,28
89,6,33,81
89,6,39,81
89,6,61,64
89,24,53,60
89,29,12,173
89,39,5,206
89,39,17,160
89,44,61,84
89,52,228,39
90,26,139,105
90,28,70,158
90,21,43,90
90,14,56,100
90,10,106,49
90,14,119,39
90,19,173,65
90,17,183,65
90,18,221,75
90,34,37,125
90,34,48,124
90,34,48,166
90,34,59,164
90,34,187,107
90,43,73,119
90,41,158,184
90,45,32,217
90,46,111,175
90,47,121,174
90,49,183,219
90,19,118,71
90,52,203,168
90,21,110,62
90,23,115,51
90,43,213,176
90,4,60,41
90,30,59,137
90,42,172,95
90,13,41,63
90,25,76,78
90,14,231,43
90,14,79,56
90,13,193,40
90,26,165,63
90,31,112,79
90,38,150,130
90,42,82,167
90,45,228,123
90,44,195,90
90,51,141,116
90,59,227,205
90,9,159,42
90,7,165,44
90,9,223,36
90,11,28,105
90,11,53,86
90,15,29,132
90,16,189,75
90,17,70,69
90,17,195,56
90,17,202,54
90,17,210,49
90,21,91,95
90,22,184,30
90,23,92,74
90,24,89,137
90,23,100,132
90,25,74,124
90,24,76,115
90,25,81,126
90,25,88,112
90,25,89,122
90,27,205,78
90,27,214,75
90,27,215,84
90,30,86,86
90,29,154,62
90,29,152,96
90,29,157,88
90,29,159,98
90,29,166,88
90,30,205,89
90,30,166,96
90,29,195,47
90,31,36,194
90,31,45,190
90,31,179,130
90,31,181,58
90,31,184,92
90,31,189,127
90,31,190,57
90,31,192,91
90,33,61,111
90,34,211,136
90,34,219,134
90,36,170,71
90,35,179,70
90,37,28,144
90,37,36,145
90,37,85,150
90,37,88,110
90,37,95,111
90,39,147,139
90,39,157,140
90,39,161,130
90,41,106,113
90,41,114,109
90,41,115,118
90,41,125,143
90,41,136,143
90,41,178,134
90,41,186,129
90,42,187,139
90,41,194,134
90,41,213,114
90,41,215,124
90,41,222,111
90,42,48,143
90,42,109,126
90,43,92,169
90,43,223,84
90,45,42,155
90,45,100,137
90,47,33,177
90,47,59,162
90,47,73,149
90,47,74,159
90,47,199,103
90,49,93,207
90,49,218,166
90,51,126,144
90,51,226,165
90,51,228,172
90,55,194,198
90,59,186,222
90,55,204,195
90,58,207,210
90,61,82,215
90,58,102,224
90,57,213,131
90,6,68,68
90,35,102,99
90,35,215,98
90,39,144,92
90,43,138,108
90,51,87,155
90,57,140,161
90,20,171,30
90,22,146,90
90,23,145,48
90,25,154,53
90,35,118,92
90,51,174,174
90,51,223,99
90,58,131,210
90,47,210,143
90,19,93,56
90,21,137,51
90,24,105,92
90,28,59,98
90,40,44,190
90,47,59,201
90,52,176,182
90,53,58,182
90,57,199,141
90,5,30,71
90,6,87,63
90,6,95,58
90,6,94,64
90,8,86,33
90,8,95,28
90,8,94,35
90,8,123,53
90,8,126,60
90,8,129,49
90,8,132,58
90,8,136,48
90,8,138,57
90,8,144,50
90,8,144,57
90,8,204,27
90,8,211,29
90,11,127,25
90,12,134,27
90,16,112,91
90,16,26,89
90,16,28,79
90,16,32,86
90,16,31,96
90,16,38,126
90,16,40,135
90,16,54,61
90,16,56,69
90,16,60,75
90,16,61,60
90,16,110,98
90,16,113,85
90,16,116,99
90,16,120,91
90,16,121,84
90,16,122,99
90,16,128,91
90,16,128,85
90,16,130,98
90,16,131,62
90,16,133,69
90,16,138,60
90,16,140,66
90,16,140,73
90,16,146,59
90,16,147,68
90,16,160,28
90,16,171,81
90,16,178,84
90,16,185,84
90,16,205,38
90,20,81,92
90,24,153,41
90,24,221,61
90,24,29,111
90,24,28,135
90,24,29,144
90,24,34,131
90,24,35,138
90,24,37,145
90,24,41,134
90,24,42,140
90,24,65,74
90,24,65,82
90,24,107,102
90,24,115,88
90,24,118,95
90,24,116,101
90,24,160,43
90,24,178,75
90,24,180,82
90,24,184,74
90,24,186,82
90,24,189,73
90,25,194,79
90,24,229,54
90,24,230,64
90,26,202,38
90,28,56,90
90,28,65,90
90,30,127,191
90,32,26,120
90,32,27,129
90,32,137,75
90,32,145,70
90,32,147,78
90,32,217,43
90,32,220,49
90,36,29,168
90,35,231,92
90,35,231,99
90,36,26,179
90,36,32,178
90,36,77,146
90,36,219,58
90,36,221,66
90,36,226,56
90,36,228,63
90,39,132,97
90,40,35,186
90,40,36,196
90,40,49,182
90,40,166,83
90,40,203,75
90,40,208,82
90,40,209,73
90,40,217,73
90,42,80,228
90,42,62,139
90,41,64,145
90,44,93,129
90,44,220,94
90,44,227,96
90,46,203,138
90,50,38,231
90,48,53,206
90,48,54,213
90,48,60,213
90,48,67,213
90,48,68,198
90,48,70,205
90,48,131,120
90,48,132,167
90,48,132,176
90,48,132,127
90,48,136,134
90,48,138,164
90,48,138,173
90,48,139,126
90,48,143,134
90,48,144,162
90,48,144,169
90,48,144,176
90,48,145,128
90,48,151,163
90,48,152,170
90,48,151,128
90,48,157,125
90,48,159,114
90,48,163,121
90,48,167,111
90,48,166,156
90,48,168,165
90,49,171,118
90,48,171,149
90,48,173,156
90,48,174,165
90,48,179,148
90,48,181,155
90,48,181,164
90,48,202,157
90,48,207,152
90,48,215,154
90,49,248,148
90,50,106,149
90,50,108,157
90,50,113,149
90,50,214,94
90,50,214,102
90,51,227,79
90,55,68,185
90,52,98,150
90,52,98,158
90,52,148,186
90,52,156,183
90,52,167,183
90,52,190,111
90,52,189,117
90,52,197,111
90,52,222,87
90,52,230,84
90,52,229,91
90,53,196,118
90,54,190,171
90,54,225,126
90,54,226,118
90,55,49,187
90,55,92,166
90,56,158,201
90,56,37,179
90,56,44,176
90,56,52,173
90,58,94,178
90,56,150,199
90,56,151,206
90,56,156,195
90,56,157,208
90,56,163,195
90,56,164,207
90,56,165,201
90,56,183,141
90,56,241,174
90,55,76,237
90,56,76,243
90,24,229,28
90,41,114,209
90,16,206,7
90,16,27,157
90,16,210,7
90,54,175,130
90,55,152,153
90,60,173,160
90,55,156,156
90,59,35,225
90,59,38,213
90,58,47,207
90,58,108,174
90,61,111,189
90,58,113,171
90,61,126,186
90,58,119,171
90,60,131,233
90,59,148,218
90,59,148,228
90,59,155,224
90,56,170,228
90,56,196,218
90,56,202,218
90,43,40,251
90,6,26,78
90,6,28,84
90,6,32,78
90,6,34,84
90,6,54,42
90,6,58,36
90,6,65,32
90,6,71,30
90,26,48,64
90,26,52,65
90,31,9,180
90,36,251,133
90,39,4,210
90,40,17,164
90,42,62,82
90,42,68,76
90,42,68,82
90,42,74,71
90,42,74,77
90,42,74,81
90,42,78,68
90,42,80,72
90,42,80,78
90,42,84,68
90,42,86,71
90,42,86,77
90,42,91,64
90,42,92,68
90,42,92,73
90,42,96,62
90,42,98,68
90,44,56,86
90,44,62,88
90,47,40,100
90,47,46,94
90,47,46,100
90,48,156,89
90,54,181,89
90,54,204,82
90,58,229,250
91,17,52,97
91,20,221,76
91,13,225,41
91,12,112,43
91,27,143,108
91,14,39,65
91,7,63,49
91,20,120,48
91,30,59,139
91,34,189,105
91,42,150,187
91,42,159,185
91,42,187,137
91,43,221,122
91,47,117,178
91,49,177,221
91,18,178,69
91,34,39,128
91,43,73,121
91,51,205,168
91,11,103,54
91,17,113,76
91,21,107,64
91,25,80,119
91,35,52,131
91,50,149,180
91,21,182,32
91,29,160,66
91,49,61,214
91,50,222,103
91,30,204,92
91,41,135,147
91,14,186,42
91,24,93,140
91,25,72,85
91,38,87,154
91,45,171,102
91,47,102,142
91,59,137,221
91,12,165,44
91,16,33,135
91,17,59,72
91,18,64,65
91,17,65,77
91,17,74,66
91,17,75,76
91,17,115,102
91,17,126,98
91,17,190,55
91,17,201,44
91,17,197,57
91,18,206,49
91,18,204,56
91,25,29,142
91,25,36,137
91,25,80,79
91,26,121,61
91,26,38,145
91,27,65,154
91,26,71,150
91,26,75,158
91,26,78,151
91,27,36,104
91,25,32,114
91,27,45,107
91,27,62,163
91,27,71,164
91,27,210,81
91,28,212,90
91,29,62,97
91,29,128,107
91,26,147,93
91,29,152,61
91,29,156,102
91,29,157,91
91,30,164,99
91,29,166,90
91,31,178,133
91,31,181,60
91,31,186,129
91,31,191,57
91,35,39,166
91,35,47,165
91,34,213,141
91,35,37,175
91,35,47,174
91,35,53,161
91,35,55,170
91,35,63,115
91,37,76,152
91,37,181,115
91,38,192,116
91,39,30,149
91,39,87,116
91,39,96,116
91,39,147,137
91,39,157,131
91,39,157,141
91,40,39,197
91,41,42,188
91,41,123,147
91,41,167,90
91,43,45,147
91,46,77,164
91,43,79,177
91,43,83,164
91,43,88,175
91,43,91,166
91,43,105,123
91,43,113,122
91,44,30,220
91,45,94,135
91,45,104,133
91,47,226,88
91,46,41,160
91,46,96,145
91,47,51,162
91,47,59,167
91,49,135,178
91,50,85,206
91,50,87,214
91,50,93,206
91,50,95,214
91,52,125,149
91,55,191,201
91,59,186,222
91,55,200,197
91,55,204,205
91,55,222,201
91,60,225,206
91,12,124,31
91,47,36,179
91,44,197,92
91,59,205,152
91,23,145,54
91,25,184,80
91,35,174,69
91,37,27,173
91,37,27,181
91,37,102,106
91,51,173,178
91,11,27,109
91,23,88,98
91,43,139,109
91,53,229,171
91,56,64,189
91,59,141,171
91,24,107,100
91,31,76,94
91,32,42,194
91,32,39,204
91,41,205,84
91,43,55,146
91,47,209,144
91,48,140,128
91,49,146,130
91,53,194,118
91,55,172,134
91,55,225,121
91,59,93,186
91,5,29,75
91,5,63,68
91,5,72,66
91,6,76,71
91,7,88,61
91,7,95,61
91,8,88,37
91,8,91,68
91,8,96,32
91,8,96,40
91,8,124,53
91,8,125,61
91,8,130,51
91,8,131,60
91,8,136,49
91,8,138,59
91,8,143,54
91,11,206,29
91,12,49,73
91,12,134,27
91,16,26,90
91,16,29,84
91,16,29,99
91,16,112,92
91,16,116,87
91,16,125,87
91,16,128,64
91,16,130,72
91,16,135,62
91,16,136,69
91,16,136,76
91,16,144,62
91,16,145,68
91,16,144,74
91,16,153,29
91,16,160,25
91,16,159,33
91,16,169,26
91,16,169,32
91,16,173,85
91,16,180,86
91,16,189,84
91,16,195,75
91,22,79,95
91,24,90,71
91,24,91,78
91,24,92,85
91,24,99,79
91,24,99,99
91,24,101,91
91,24,108,89
91,24,115,90
91,24,117,96
91,24,115,103
91,24,146,43
91,24,153,44
91,24,159,47
91,25,195,27
91,24,218,64
91,24,223,59
91,24,224,65
91,25,228,29
91,24,230,58
91,24,230,66
91,26,194,81
91,28,195,45
91,28,204,43
91,30,122,193
91,31,90,85
91,31,98,89
91,31,111,81
91,32,109,88
91,33,116,87
91,32,184,94
91,32,191,90
91,32,196,96
91,32,217,45
91,32,219,51
91,33,143,78
91,36,108,100
91,36,114,94
91,36,115,102
91,36,121,91
91,37,123,99
91,36,166,78
91,36,172,80
91,36,179,79
91,36,210,103
91,36,215,96
91,36,217,108
91,36,220,61
91,36,223,69
91,36,222,102
91,36,227,61
91,36,230,101
91,40,132,99
91,40,138,92
91,40,139,101
91,40,144,90
91,40,144,99
91,40,151,91
91,40,151,99
91,40,203,77
91,40,209,74
91,40,213,82
91,40,216,75
91,41,64,146
91,44,57,124
91,44,137,116
91,48,75,153
91,48,25,180
91,48,28,188
91,48,68,161
91,48,130,138
91,48,131,125
91,48,131,130
91,48,138,138
91,48,140,169
91,48,148,168
91,48,166,159
91,48,165,169
91,48,170,153
91,48,172,159
91,48,172,168
91,48,179,151
91,48,180,158
91,48,179,167
91,48,187,102
91,48,192,110
91,48,195,104
91,48,202,111
91,48,203,102
91,48,204,153
91,48,214,154
91,50,154,124
91,50,155,131
91,51,166,123
91,51,173,121
91,51,222,168
91,52,88,153
91,52,87,162
91,52,94,151
91,52,94,161
91,52,99,158
91,52,104,161
91,52,111,157
91,52,128,117
91,52,136,117
91,52,142,115
91,52,148,114
91,52,158,183
91,52,165,184
91,52,173,187
91,54,189,174
91,55,53,191
91,56,36,178
91,56,39,186
91,56,42,173
91,56,46,181
91,56,47,191
91,56,50,171
91,56,53,178
91,56,77,244
91,56,92,172
91,56,149,206
91,56,153,159
91,56,152,213
91,56,154,201
91,56,160,210
91,56,162,202
91,56,181,147
91,56,207,146
91,59,216,129
91,56,239,178
91,42,212,179
91,40,114,210
91,41,75,228
91,50,248,151
91,15,247,34
91,35,249,131
91,36,239,100
91,36,249,137
91,41,84,229
91,41,125,58
91,43,54,88
91,43,60,86
91,41,64,78
91,43,66,86
91,43,69,77
91,43,72,85
91,43,76,76
91,43,78,84
91,43,84,81
91,48,29,246
91,53,42,230
91,53,48,229
91,60,64,221
91,60,99,219
91,58,109,180
91,58,117,175
91,61,120,189
91,56,192,220
91,56,198,220
91,57,227,250
91,17,20,162
91,24,86,30
91,40,121,51
91,6,26,83
91,6,32,83
91,5,187,27
91,4,194,25
91,5,194,30
91,16,29,156
91,16,28,159
91,16,78,38
91,24,80,30
91,32,4,185
91,40,70,64
91,40,46,92
91,40,54,70
91,40,54,74
91,40,62,68
91,40,68,68
91,40,74,64
91,48,238,80
91,57,30,228
91,57,44,214
91,57,140,228
91,57,146,226
91,57,146,232
91,57,212,134
92,19,55,101
92,20,117,101
92,22,175,71
92,20,223,79
92,27,147,108
92,14,226,47
92,36,45,132
92,14,40,68
92,18,184,78
92,23,117,71
92,22,184,31
92,25,91,149
92,30,133,112
92,30,156,99
92,30,165,98
92,34,191,109
92,34,181,126
92,35,191,123
92,42,148,190
92,42,158,185
92,42,158,194
92,49,175,225
92,52,203,174
92,18,75,72
92,42,132,151
92,47,226,91
92,50,60,220
92,12,74,55
92,18,197,52
92,12,115,44
92,38,64,118
92,38,85,160
92,26,35,146
92,26,84,83
92,29,203,89
92,36,42,179
92,36,53,173
92,42,47,147
92,45,189,148
92,44,220,128
92,45,108,136
92,59,225,207
92,6,29,76
92,3,61,42
92,9,110,54
92,9,128,61
92,9,140,59
92,13,122,39
92,13,128,27
92,14,161,47
92,14,171,42
92,13,170,50
92,13,212,37
92,14,130,35
92,14,138,31
92,17,27,95
92,17,35,94
92,17,136,72
92,17,146,71
92,17,169,31
92,17,191,85
92,19,62,71
92,19,127,49
92,19,192,63
92,19,202,62
92,24,80,125
92,25,227,66
92,27,65,155
92,26,72,151
92,27,76,161
92,26,79,154
92,27,62,165
92,27,70,167
92,28,215,83
92,29,215,94
92,31,51,145
92,31,61,136
92,31,61,147
92,34,210,142
92,35,41,170
92,38,28,181
92,37,75,155
92,37,82,149
92,37,90,151
92,37,216,105
92,37,226,104
92,41,33,205
92,41,35,194
92,41,42,204
92,41,45,195
92,43,77,172
92,44,87,174
92,43,171,94
92,43,182,140
92,43,192,140
92,44,225,120
92,45,27,221
92,45,35,218
92,45,35,226
92,45,138,118
92,47,171,106
92,47,97,145
92,47,112,184
92,47,122,182
92,49,131,182
92,49,138,175
92,49,140,184
92,49,150,178
92,49,210,161
92,50,88,212
92,51,85,218
92,55,192,202
92,55,199,209
92,55,201,198
92,55,206,206
92,59,136,225
92,59,132,179
92,57,153,211
92,57,161,205
92,57,162,214
92,59,209,147
92,26,186,84
92,32,39,203
92,41,139,107
92,44,75,123
92,53,173,185
92,6,70,69
92,10,25,109
92,26,32,115
92,41,216,83
92,49,28,190
92,56,63,194
92,30,118,194
92,31,195,52
92,33,166,74
92,37,225,66
92,16,27,136
92,41,205,83
92,49,80,157
92,57,45,183
92,6,194,29
92,6,197,35
92,7,88,59
92,7,95,59
92,8,87,67
92,8,96,66
92,6,132,41
92,10,91,39
92,10,97,38
92,12,49,90
92,12,49,80
92,12,53,71
92,12,56,83
92,13,205,29
92,16,29,146
92,16,35,129
92,16,38,136
92,16,37,142
92,16,85,53
92,16,87,60
92,16,89,67
92,16,93,55
92,16,98,51
92,16,106,47
92,16,106,56
92,16,157,28
92,16,158,36
92,16,188,45
92,16,247,37
92,23,80,98
92,23,140,53
92,24,68,119
92,24,68,127
92,24,74,114
92,24,79,107
92,24,80,113
92,24,85,103
92,24,88,112
92,24,87,94
92,24,88,73
92,24,94,100
92,24,97,72
92,24,98,79
92,24,96,86
92,24,103,59
92,24,102,93
92,24,110,52
92,24,110,59
92,24,111,90
92,24,119,48
92,25,118,56
92,24,139,88
92,24,145,89
92,24,146,46
92,24,146,58
92,24,148,52
92,24,153,42
92,24,153,58
92,24,154,48
92,24,160,54
92,24,162,45
92,27,230,31
92,28,73,84
92,28,42,106
92,28,44,117
92,28,50,109
92,28,200,45
92,28,208,44
92,31,155,63
92,32,72,99
92,32,72,106
92,32,100,87
92,32,112,84
92,32,119,83
92,32,155,71
92,32,162,64
92,32,169,65
92,32,183,54
92,32,182,62
92,32,184,100
92,32,188,59
92,32,189,66
92,32,190,95
92,32,196,61
92,32,197,96
92,32,214,45
92,32,214,51
92,32,222,43
92,32,222,50
92,33,28,136
92,36,147,82
92,36,168,82
92,36,174,71
92,36,173,78
92,36,181,71
92,36,181,79
92,37,106,107
92,37,175,84
92,38,102,113
92,38,112,106
92,39,88,114
92,39,117,100
92,39,118,108
92,40,25,148
92,40,25,155
92,40,28,163
92,40,31,147
92,40,33,153
92,40,34,160
92,40,88,124
92,40,95,115
92,40,96,125
92,40,101,119
92,40,126,104
92,40,135,100
92,40,142,95
92,40,145,139
92,40,150,91
92,40,148,99
92,40,151,104
92,40,151,135
92,40,152,141
92,40,152,148
92,40,155,98
92,40,158,134
92,40,159,139
92,40,160,147
92,40,165,139
92,40,208,76
92,40,215,74
92,40,221,75
92,43,65,149
92,43,106,122
92,43,198,87
92,44,59,126
92,44,106,127
92,44,112,127
92,44,114,119
92,44,119,125
92,44,117,132
92,44,193,94
92,44,202,94
92,47,38,164
92,47,205,144
92,48,28,178
92,48,37,175
92,48,38,183
92,48,38,190
92,48,43,170
92,48,42,159
92,48,50,164
92,48,50,172
92,48,55,161
92,48,56,168
92,48,56,175
92,48,61,163
92,48,64,169
92,48,63,176
92,48,66,156
92,48,70,163
92,48,70,149
92,48,73,156
92,48,78,148
92,48,130,129
92,48,130,137
92,48,137,129
92,48,137,135
92,49,142,140
92,49,165,163
92,48,165,173
92,48,170,158
92,48,172,164
92,48,172,173
92,48,177,153
92,48,178,160
92,48,180,167
92,48,179,173
92,48,184,155
92,48,185,162
92,48,184,101
92,48,185,109
92,48,190,99
92,48,192,106
92,48,192,112
92,48,199,100
92,48,201,106
92,48,200,113
92,48,204,152
92,48,214,151
92,48,214,142
92,48,135,144
92,51,153,135
92,51,135,111
92,52,227,173
92,53,87,164
92,52,91,156
92,52,117,157
92,52,120,148
92,52,126,156
92,52,127,146
92,52,130,120
92,52,130,152
92,52,142,117
92,52,149,112
92,52,171,127
92,52,224,108
92,52,228,167
92,53,95,165
92,54,154,189
92,54,188,125
92,54,196,123
92,56,35,179
92,56,42,174
92,56,44,190
92,56,47,197
92,56,51,174
92,56,75,248
92,56,93,173
92,56,148,162
92,59,154,171
92,56,156,161
92,56,167,139
92,56,174,136
92,56,174,144
92,56,221,122
92,56,222,130
92,56,228,124
92,56,227,132
92,60,78,213
92,57,182,153
92,57,243,180
92,36,249,138
92,51,249,156
92,17,25,164
92,24,87,31
92,32,4,188
92,36,237,103
92,40,111,215
92,40,116,214
92,48,30,248
92,59,189,217
92,59,179,230
92,60,200,220
92,41,206,181
92,57,98,228
92,4,139,34
92,24,86,37
92,40,79,70
92,40,82,63
92,40,83,67
92,40,246,69
92,40,56,84
92,40,60,79
92,40,61,83
92,40,64,78
92,40,70,70
92,40,70,76
92,40,76,74
92,40,84,74
92,40,88,60
92,40,126,48
92,42,48,90
92,42,53,90
92,42,68,82
92,42,78,82
92,42,84,80
92,42,90,70
92,42,90,78
92,42,126,54
92,41,211,182
93,21,119,104
93,27,153,100
93,20,51,105
93,21,183,79
93,28,145,113
93,41,68,122
93,44,134,151
93,48,225,87
93,14,62,103
93,21,184,29
93,23,226,77
93,22,194,28
93,26,84,149
93,26,96,150
93,27,69,161
93,29,63,153
93,30,207,88
93,30,218,90
93,42,152,192
93,42,162,185
93,42,162,195
93,49,143,117
93,51,131,122
93,15,228,48
93,24,122,73
93,45,65,154
93,39,185,119
93,15,121,46
93,14,214,40
93,52,205,173
93,17,86,63
93,18,159,29
93,18,171,29
93,34,222,49
93,11,73,55
93,15,168,51
93,43,47,150
93,44,84,170
93,10,136,59
93,15,40,74
93,18,192,57
93,18,198,50
93,34,33,214
93,36,41,172
93,37,48,135
93,45,188,146
93,49,151,180
93,59,223,208
93,7,30,84
93,13,62,89
93,14,49,72
93,15,125,35
93,15,137,32
93,16,28,139
93,17,31,71
93,16,37,137
93,17,139,67
93,18,136,75
93,18,143,76
93,18,148,72
93,19,28,97
93,19,35,99
93,18,169,39
93,20,196,67
93,20,205,60
93,23,121,51
93,21,133,51
93,23,50,89
93,25,71,125
93,25,79,123
93,25,79,132
93,25,86,122
93,25,180,41
93,25,187,42
93,26,33,144
93,27,38,150
93,26,150,55
93,27,190,84
93,29,43,113
93,31,51,148
93,31,53,139
93,31,63,139
93,31,131,114
93,31,168,93
93,31,169,103
93,31,174,131
93,31,183,129
93,33,38,206
93,35,172,75
93,33,192,62
93,33,194,104
93,33,202,60
93,37,39,182
93,37,48,182
93,37,54,175
93,39,75,156
93,39,82,153
93,39,81,163
93,39,90,153
93,39,90,160
93,41,30,161
93,41,32,199
93,41,33,209
93,41,42,196
93,41,42,205
93,41,138,107
93,41,145,98
93,41,150,107
93,41,155,98
93,41,150,140
93,41,154,150
93,41,162,142
93,42,212,81
93,45,27,227
93,45,32,223
93,45,78,180
93,45,90,177
93,45,87,183
93,45,108,128
93,45,117,125
93,46,116,136
93,46,173,103
93,45,181,147
93,45,196,145
93,45,213,128
93,46,226,130
93,46,220,135
93,45,226,122
93,47,106,139
93,48,212,148
93,47,226,100
93,49,74,162
93,49,140,177
93,49,169,226
93,49,179,222
93,49,194,107
93,51,54,225
93,50,58,217
93,51,62,226
93,50,66,219
93,50,139,139
93,50,138,186
93,50,178,230
93,49,175,170
93,49,185,168
93,51,88,210
93,51,90,218
93,60,140,179
93,56,135,164
93,58,155,213
93,25,91,82
93,27,29,119
93,37,148,86
93,47,94,140
93,7,70,68
93,38,27,185
93,45,189,97
93,44,199,98
93,49,29,192
93,9,102,56
93,29,164,58
93,58,66,199
93,56,172,143
93,9,112,53
93,11,24,107
93,30,203,48
93,30,211,47
93,31,69,100
93,39,226,108
93,39,227,69
93,53,124,156
93,58,198,212
93,57,36,182
93,57,44,181
93,58,129,220
93,5,134,38
93,5,142,36
93,6,167,52
93,8,25,74
93,9,31,70
93,8,57,45
93,8,60,52
93,8,64,44
93,8,64,75
93,2,50,49
93,8,71,77
93,8,79,69
93,8,85,64
93,8,93,58
93,8,93,67
93,8,125,27
93,8,192,33
93,8,199,35
93,12,27,114
93,12,90,40
93,12,93,46
93,12,98,36
93,12,99,43
93,13,52,83
93,16,98,53
93,16,100,60
93,16,105,46
93,16,105,53
93,16,107,60
93,16,112,52
93,16,114,59
93,16,182,51
93,16,189,46
93,19,61,73
93,20,66,70
93,20,67,79
93,20,73,69
93,20,73,77
93,20,79,77
93,20,213,26
93,24,76,114
93,24,79,101
93,24,84,109
93,24,86,97
93,24,91,103
93,24,95,73
93,24,100,81
93,24,100,65
93,24,104,72
93,24,102,95
93,24,103,57
93,24,108,65
93,24,109,91
93,24,111,60
93,24,112,47
93,28,73,88
93,28,80,82
93,29,81,89
93,28,165,50
93,28,238,34
93,30,114,198
93,30,119,198
93,32,98,87
93,32,106,88
93,33,114,87
93,32,122,85
93,32,157,68
93,35,29,136
93,36,202,147
93,35,207,143
93,39,107,112
93,38,216,102
93,38,217,109
93,38,223,101
93,40,88,118
93,40,88,124
93,40,94,115
93,40,94,122
93,40,94,129
93,40,100,117
93,41,101,125
93,40,116,104
93,40,117,111
93,40,125,101
93,40,126,110
93,44,167,94
93,44,174,92
93,44,180,94
93,44,188,90
93,44,196,89
93,44,203,92
93,48,167,164
93,48,28,180
93,48,34,178
93,48,36,165
93,48,36,172
93,48,38,184
93,48,39,192
93,48,41,178
93,48,43,163
93,48,43,170
93,48,47,176
93,48,48,168
93,48,54,172
93,48,94,151
93,48,102,151
93,48,104,182
93,48,105,189
93,48,110,178
93,48,111,184
93,48,111,191
93,48,116,176
93,48,117,183
93,48,118,190
93,48,123,178
93,48,124,185
93,48,160,160
93,48,159,166
93,48,163,174
93,48,166,155
93,48,167,112
93,48,174,157
93,48,175,114
93,48,181,112
93,49,61,179
93,49,62,171
93,52,227,173
93,52,149,140
93,52,156,138
93,52,166,132
93,53,174,131
93,52,224,108
93,52,226,114
93,54,86,162
93,55,90,169
93,54,94,162
93,54,153,193
93,54,159,187
93,54,166,187
93,54,174,181
93,54,175,188
93,55,190,129
93,55,196,127
93,56,31,178
93,56,46,173
93,56,47,200
93,56,55,194
93,56,78,246
93,56,115,223
93,56,120,229
93,56,188,199
93,56,189,206
93,56,194,198
93,56,201,199
93,58,216,125
93,56,227,129
93,58,241,187
93,28,230,34
93,16,249,36
93,41,114,222
93,59,162,169
93,8,167,6
93,18,20,166
93,32,5,188
93,36,238,158
93,38,249,141
93,38,239,107
93,42,75,234
93,42,202,185
93,42,210,183
93,43,83,134
93,44,15,179
93,47,215,34
93,48,29,250
93,49,249,154
93,52,37,246
93,53,45,231
93,60,103,192
93,61,68,224
93,60,181,165
93,59,198,157
93,60,213,153
93,40,246,69
93,48,225,35
93,43,84,83
93,43,90,84
93,4,85,31
93,4,90,30
93,4,98,32
93,12,196,5
93,16,28,160
93,24,82,31
93,24,85,31
93,42,132,50
93,44,76,82
93,47,205,40
93,48,208,42
93,48,229,224
93,57,136,211
93,60,184,230
94,14,104,53
94,22,118,103
94,42,160,191
94,26,119,74
94,16,140,70
94,23,186,87
94,23,180,73
94,33,34,209
94,41,35,211
94,12,69,57
94,18,32,141
94,18,229,51
94,20,47,111
94,22,187,29
94,22,219,87
94,23,224,77
94,22,228,85
94,25,70,127
94,26,80,124
94,27,89,152
94,35,167,73
94,38,42,180
94,38,53,179
94,42,37,201
94,42,152,143
94,26,52,97
94,50,130,122
94,38,47,137
94,37,188,114
94,14,54,94
94,17,191,54
94,44,130,153
94,46,214,133
94,50,142,117
94,52,204,173
94,19,83,64
94,43,209,182
94,30,64,157
94,42,71,122
94,9,104,46
94,18,165,28
94,31,215,93
94,44,44,153
94,46,176,106
94,46,194,147
94,49,68,160
94,49,31,191
94,50,53,222
94,59,227,207
94,5,97,30
94,7,100,36
94,9,28,81
94,4,60,41
94,11,129,59
94,11,140,55
94,15,60,103
94,15,59,116
94,15,70,113
94,16,165,55
94,15,215,38
94,15,222,45
94,17,34,69
94,21,29,103
94,21,36,106
94,21,164,40
94,21,173,38
94,21,197,68
94,21,203,60
94,23,74,77
94,25,78,106
94,25,84,99
94,26,86,108
94,25,110,51
94,23,126,51
94,26,91,78
94,26,99,78
94,27,32,151
94,27,96,87
94,27,151,57
94,27,226,69
94,29,56,164
94,29,60,172
94,29,64,166
94,29,71,165
94,29,160,57
94,29,167,54
94,31,81,89
94,32,181,130
94,31,204,91
94,34,182,101
94,34,190,99
94,34,197,102
94,37,147,86
94,39,177,121
94,41,57,127
94,41,63,122
94,42,83,169
94,42,28,160
94,42,149,98
94,43,30,170
94,43,137,110
94,43,147,107
94,45,29,226
94,45,75,175
94,45,76,183
94,45,81,176
94,46,82,184
94,45,89,176
94,45,89,84
94,45,94,69
94,45,171,99
94,45,179,140
94,46,179,149
94,45,187,140
94,46,186,150
94,45,188,95
94,45,198,91
94,46,197,99
94,45,208,126
94,45,217,123
94,46,88,184
94,46,109,127
94,47,105,139
94,47,115,138
94,49,186,108
94,50,133,182
94,49,145,179
94,50,167,229
94,50,176,228
94,50,195,112
94,49,226,88
94,51,63,223
94,51,85,214
94,51,91,221
94,51,93,213
94,57,38,180
94,61,79,224
94,60,131,227
94,57,130,167
94,59,139,173
94,57,185,204
94,58,192,202
94,60,180,227
94,58,200,207
94,58,208,208
94,9,91,66
94,25,142,58
94,26,144,96
94,29,39,155
94,48,114,189
94,51,188,171
94,7,202,31
94,15,205,39
94,24,152,111
94,27,187,39
94,29,34,118
94,32,156,100
94,34,111,87
94,36,223,48
94,44,212,85
94,51,138,142
94,59,60,203
94,17,132,36
94,35,200,57
94,7,132,34
94,6,142,34
94,9,71,77
94,32,68,105
94,36,202,148
94,39,230,108
94,41,95,127
94,6,159,50
94,6,165,47
94,6,165,54
94,6,172,50
94,8,64,71
94,8,70,67
94,8,77,68
94,8,140,44
94,12,25,107
94,12,26,115
94,12,149,26
94,16,34,79
94,16,41,79
94,16,44,86
94,16,45,68
94,16,47,77
94,16,54,78
94,16,115,40
94,16,121,32
94,16,122,39
94,16,124,48
94,16,127,29
94,16,132,47
94,16,133,28
94,16,139,28
94,16,142,33
94,16,141,42
94,16,176,48
94,16,177,56
94,23,214,28
94,28,27,124
94,28,180,48
94,28,189,49
94,30,45,112
94,30,71,88
94,31,112,202
94,31,203,46
94,31,213,43
94,32,48,149
94,32,54,150
94,32,57,139
94,32,60,147
94,32,66,139
94,32,67,147
94,32,126,115
94,32,128,121
94,32,131,108
94,32,132,115
94,32,134,122
94,32,138,104
94,32,138,111
94,32,141,118
94,32,146,106
94,32,147,113
94,32,164,92
94,32,165,98
94,32,165,106
94,32,170,130
94,32,169,138
94,32,172,94
94,32,172,102
94,32,176,139
94,32,210,52
94,36,28,132
94,35,29,140
94,36,194,64
94,36,203,66
94,37,238,154
94,38,240,145
94,38,247,142
94,40,74,163
94,40,77,156
94,40,84,154
94,40,84,161
94,40,86,120
94,40,87,126
94,40,91,155
94,40,92,118
94,40,92,163
94,40,99,117
94,40,104,114
94,40,110,109
94,40,110,119
94,40,116,107
94,40,116,115
94,40,123,105
94,40,123,114
94,40,183,81
94,40,210,112
94,40,215,106
94,40,216,115
94,40,222,110
94,40,223,72
94,40,229,67
94,40,229,75
94,41,129,109
94,44,75,84
94,44,77,72
94,44,104,57
94,44,113,55
94,48,37,180
94,48,40,167
94,48,38,174
94,48,44,181
94,48,89,147
94,48,90,154
94,48,95,141
94,48,96,148
94,48,97,155
94,48,102,148
94,48,103,183
94,48,103,190
94,48,109,179
94,48,115,177
94,48,122,180
94,48,155,157
94,48,155,167
94,48,161,154
94,48,162,166
94,48,165,110
94,48,168,153
94,48,169,162
94,48,168,119
94,48,176,117
94,48,202,143
94,48,201,152
94,48,209,145
94,48,211,152
94,48,216,145
94,48,218,96
94,48,219,103
94,48,224,96
94,48,227,105
94,48,230,140
94,48,231,96
94,48,231,132
94,49,47,175
94,50,53,176
94,50,59,183
94,50,59,176
94,52,223,172
94,53,165,133
94,52,180,168
94,52,180,176
94,52,220,115
94,52,221,180
94,52,228,179
94,52,229,172
94,57,170,141
94,53,226,115
94,54,122,158
94,55,152,190
94,54,156,141
94,55,83,169
94,55,192,130
94,57,78,249
94,56,84,177
94,59,98,185
94,56,165,179
94,56,166,186
94,60,188,165
94,58,149,212
94,58,159,210
94,39,26,190
94,49,245,154
94,4,31,58
94,4,42,52
94,3,43,72
94,29,239,36
94,36,12,189
94,39,239,110
94,41,114,221
94,43,95,54
94,43,121,47
94,43,124,55
94,43,131,49
94,43,131,58
94,48,215,34
94,49,222,38
94,52,34,247
94,57,44,206
94,58,219,133
94,58,223,139
94,58,225,132
94,24,227,27
94,43,63,80
94,43,74,237
94,58,244,185
94,6,34,49
94,6,40,48
94,6,46,48
94,6,68,35
94,6,214,26
94,8,171,8
94,17,252,36
94,18,17,168
94,26,79,31
94,26,84,32
94,26,79,36
94,26,84,38
94,40,38,63
94,40,45,63
94,42,34,96
94,42,38,99
94,43,39,96
94,42,46,68
94,44,46,91
94,43,45,95
94,43,52,88
94,43,57,87
94,43,64,86
94,48,192,46
94,48,198,40
94,48,204,38
94,48,199,47
94,48,204,43
94,48,227,227
94,57,156,164
94,57,156,170
95,26,185,90
95,26,118,76
95,20,32,146
95,23,111,56
95,27,111,106
95,16,136,71
95,46,34,202
95,13,66,67
95,15,74,63
95,22,125,109
95,23,175,82
95,22,188,81
95,22,190,71
95,20,192,59
95,22,200,72
95,27,49,102
95,29,80,108
95,30,55,167
95,31,62,158
95,30,86,158
95,43,151,199
95,43,161,196
95,45,132,157
95,49,139,122
95,55,38,182
95,28,76,131
95,43,64,130
95,47,217,137
95,4,42,77
95,9,67,49
95,17,127,42
95,19,227,58
95,37,190,113
95,41,43,148
95,41,81,169
95,43,153,147
95,10,28,90
95,46,82,184
95,16,106,67
95,18,160,30
95,25,149,117
95,47,45,162
95,50,226,91
95,18,40,71
95,21,178,32
95,36,69,113
95,50,202,176
95,6,43,57
95,7,32,60
95,7,138,36
95,7,164,54
95,12,65,81
95,11,76,75
95,13,29,80
95,13,99,63
95,12,102,50
95,13,143,59
95,15,42,101
95,15,48,94
95,15,51,102
95,16,59,91
95,15,60,99
95,15,147,30
95,17,30,70
95,17,39,82
95,17,44,88
95,18,47,79
95,17,54,81
95,16,64,123
95,21,167,35
95,23,35,112
95,23,39,123
95,23,49,118
95,23,85,76
95,22,85,67
95,24,189,30
95,23,216,89
95,23,223,82
95,23,225,91
95,25,145,109
95,29,28,157
95,28,32,151
95,30,87,90
95,29,96,88
95,29,187,46
95,29,226,74
95,30,36,159
95,30,76,142
95,31,29,128
95,32,214,92
95,33,30,202
95,33,29,212
95,33,37,202
95,33,37,211
95,32,138,118
95,33,159,108
95,33,169,102
95,32,175,137
95,33,206,55
95,38,172,81
95,37,203,64
95,37,225,53
95,39,42,186
95,39,52,178
95,40,52,189
95,43,92,129
95,44,54,91
95,45,121,153
95,45,209,129
95,45,211,90
95,45,217,125
95,47,180,147
95,47,191,149
95,47,174,107
95,47,189,101
95,47,199,99
95,49,105,192
95,49,112,187
95,49,112,197
95,49,119,185
95,49,120,194
95,49,210,155
95,49,224,105
95,51,53,226
95,50,126,184
95,50,134,182
95,50,143,181
95,51,63,225
95,51,199,167
95,50,207,166
95,52,91,222
95,53,223,179
95,60,191,168
95,59,198,206
95,60,206,219
95,60,233,199
95,17,167,62
95,25,74,86
95,37,198,152
95,39,151,91
95,41,185,129
95,33,216,51
95,35,118,90
95,34,166,69
95,41,227,74
95,49,172,120
95,50,67,165
95,29,153,61
95,27,144,62
95,11,190,39
95,16,207,52
95,46,28,231
95,49,229,142
95,51,185,113
95,53,135,144
95,59,94,191
95,60,136,178
95,5,211,27
95,8,84,36
95,8,88,42
95,8,91,32
95,8,94,40
95,8,128,42
95,8,134,44
95,9,99,34
95,9,100,42
95,9,139,48
95,10,198,35
95,10,197,42
95,12,55,52
95,12,55,61
95,14,24,115
95,16,222,46
95,16,46,110
95,16,52,116
95,16,53,109
95,16,53,124
95,16,59,109
95,16,65,104
95,16,64,112
95,16,71,111
95,16,74,118
95,16,87,49
95,16,95,44
95,16,158,56
95,16,167,52
95,16,195,48
95,16,200,40
95,16,201,49
95,16,207,40
95,16,214,41
95,16,215,48
95,16,216,56
95,16,229,44
95,24,28,105
95,24,70,75
95,24,124,64
95,24,131,57
95,24,161,47
95,24,169,48
95,24,174,44
95,24,210,30
95,25,220,29
95,28,98,78
95,28,103,68
95,28,142,98
95,32,33,116
95,32,39,112
95,32,39,119
95,32,39,126
95,32,48,116
95,32,47,124
95,32,61,142
95,32,66,93
95,32,65,100
95,32,72,91
95,32,73,98
95,32,79,92
95,32,131,81
95,32,132,111
95,32,131,69
95,32,133,75
95,32,150,107
95,32,154,98
95,32,161,95
95,31,163,61
95,32,203,88
95,32,202,95
95,32,204,101
95,32,207,46
95,32,209,105
95,32,218,103
95,32,236,41
95,35,103,97
95,37,28,141
95,38,233,159
95,39,232,143
95,39,234,152
95,39,241,144
95,40,61,184
95,40,176,120
95,40,175,128
95,40,210,114
95,40,217,109
95,40,216,119
95,40,223,108
95,40,224,118
95,40,231,107
95,40,232,115
95,41,102,120
95,41,109,119
95,41,118,117
95,42,123,113
95,42,117,109
95,42,129,113
95,44,29,174
95,44,28,163
95,44,39,92
95,44,39,102
95,44,138,107
95,44,145,103
95,44,151,103
95,44,152,109
95,45,106,66
95,45,113,58
95,48,86,148
95,48,87,155
95,48,93,147
95,48,95,157
95,48,99,148
95,48,102,138
95,48,105,144
95,48,104,152
95,48,109,133
95,48,111,140
95,48,113,146
95,48,112,153
95,48,117,139
95,48,154,161
95,48,155,169
95,48,160,159
95,48,161,169
95,48,167,156
95,48,169,163
95,48,167,170
95,48,202,145
95,48,214,101
95,50,164,230
95,51,169,233
95,52,52,182
95,52,59,184
95,52,76,170
95,52,189,118
95,52,192,111
95,52,196,119
95,52,202,117
95,53,184,174
95,54,170,138
95,55,120,161
95,56,84,173
95,56,92,172
95,56,122,167
95,56,150,192
95,56,156,194
95,57,188,138
95,57,194,135
95,54,151,147
95,55,223,119
95,54,37,248
95,4,107,26
95,4,114,23
95,13,17,114
95,19,250,44
95,32,107,203
95,32,246,91
95,38,11,193
95,43,31,88
95,43,34,77
95,43,38,83
95,43,39,73
95,43,46,69
95,43,46,78
95,43,54,76
95,44,76,146
95,48,11,188
95,47,79,97
95,46,85,94
95,47,85,101
95,46,92,81
95,46,91,87
95,45,88,93
95,45,95,76
95,46,98,82
95,47,98,89
95,45,100,73
95,48,188,60
95,48,191,66
95,53,30,249
95,53,244,165
95,59,48,208
95,58,59,196
95,60,61,213
95,60,124,229
95,60,150,218
95,60,171,186
95,60,178,184
95,56,183,209
95,56,189,207
95,56,189,213
95,56,195,209
95,56,195,215
95,56,201,212
95,6,181,24
95,43,85,78
95,44,73,238
95,49,218,34
95,6,40,85
95,5,249,35
95,18,15,169
95,26,38,31
95,26,38,36
95,26,46,30
95,43,72,79
95,43,70,84
95,43,73,90
95,43,79,76
95,43,77,83
95,44,124,64
95,44,128,58
95,46,119,71
95,48,62,30
95,48,68,32
95,48,76,32
95,48,84,30
95,48,214,58
95,50,212,44
95,50,218,41
95,52,218,48
95,52,224,46
95,57,42,210
95,60,223,139
95,57,239,183
95,57,239,189
95,57,245,186
96,16,74,64
96,28,148,108
96,44,84,178
96,55,39,182
96,25,113,56
96,21,36,141
96,22,31,148
96,22,123,99
96,27,114,107
96,22,132,104
96,23,180,89
96,22,194,81
96,22,192,91
96,29,83,112
96,30,72,136
96,30,82,132
96,31,79,158
96,30,89,157
96,33,138,116
96,38,190,116
96,45,157,201
96,46,129,157
96,47,183,149
96,46,195,149
96,51,138,125
96,22,144,77
96,49,34,202
96,14,106,61
96,15,98,48
96,18,37,74
96,17,208,49
96,28,51,104
96,31,58,170
96,33,58,153
96,13,29,85
96,14,138,63
96,37,72,113
96,50,124,187
96,30,33,156
96,43,148,147
96,43,158,150
96,18,190,59
96,30,225,78
96,34,168,107
96,42,159,141
96,46,40,159
96,47,219,125
96,49,112,192
96,49,213,151
96,50,204,179
96,60,207,174
96,5,96,33
96,11,132,35
96,9,139,41
96,13,57,56
96,13,65,50
96,13,63,79
96,13,69,79
96,13,76,78
96,13,87,71
96,13,94,69
96,17,58,118
96,17,66,111
96,17,66,123
96,17,73,116
96,17,161,59
96,17,171,57
96,19,46,80
96,18,45,89
96,18,55,84
96,18,122,46
96,21,136,45
96,21,169,31
96,23,117,80
96,23,125,76
96,23,191,69
96,23,202,69
96,25,82,74
96,25,91,69
96,25,88,80
96,25,95,75
96,25,132,59
96,25,165,44
96,26,80,80
96,26,171,49
96,27,69,78
96,27,73,89
96,29,92,82
96,29,147,63
96,27,228,67
96,30,88,88
96,30,99,85
96,31,70,166
96,31,95,93
96,31,108,76
96,31,118,75
96,33,69,99
96,33,77,99
96,33,84,97
96,33,127,74
96,33,157,104
96,33,167,98
96,33,166,136
96,33,177,134
96,33,212,102
96,34,30,206
96,34,31,213
96,34,35,201
96,34,38,210
96,34,132,82
96,34,135,73
96,34,173,142
96,35,213,48
96,39,171,78
96,41,148,94
96,41,156,94
96,41,178,128
96,41,188,129
96,41,219,118
96,43,56,133
96,44,68,124
96,43,66,138
96,45,34,214
96,45,94,135
96,45,138,114
96,45,145,106
96,45,153,107
96,46,29,173
96,46,28,227
96,46,63,89
96,46,147,118
96,47,210,135
96,49,220,90
96,48,222,136
96,49,109,148
96,50,175,119
96,52,59,228
96,51,95,159
96,51,133,183
96,51,141,182
96,51,197,172
96,51,203,164
96,51,207,171
96,51,225,108
96,54,94,222
96,54,223,180
96,12,193,39
96,19,228,56
96,25,191,29
96,31,188,92
96,33,44,120
96,41,47,150
96,40,51,189
96,42,181,86
96,4,43,78
96,31,192,46
96,34,165,63
96,24,224,91
96,27,219,31
96,60,135,176
96,40,228,62
96,43,229,76
96,45,73,146
96,47,79,88
96,47,90,86
96,53,136,146
96,5,213,24
96,7,118,22
96,8,160,50
96,8,167,49
96,8,32,63
96,8,38,54
96,8,39,64
96,8,47,53
96,8,48,63
96,8,68,44
96,8,76,43
96,8,115,28
96,8,164,57
96,8,172,57
96,8,173,49
96,14,22,116
96,14,27,109
96,16,41,97
96,16,40,105
96,16,47,102
96,16,51,110
96,16,54,102
96,16,58,94
96,16,59,102
96,16,66,94
96,16,66,103
96,16,145,30
96,16,154,26
96,16,153,34
96,16,222,43
96,16,230,44
96,20,136,34
96,20,144,39
96,24,40,114
96,24,27,103
96,25,30,109
96,24,32,114
96,24,35,103
96,24,36,123
96,24,42,124
96,24,52,117
96,24,49,125
96,24,171,79
96,24,179,75
96,24,184,36
96,24,192,37
96,28,228,30
96,30,140,91
96,32,26,126
96,32,26,134
96,32,30,120
96,32,33,125
96,32,32,134
96,32,38,129
96,32,106,201
96,32,178,88
96,32,188,54
96,32,201,93
96,32,208,90
96,32,214,89
96,32,220,95
96,34,207,56
96,34,215,57
96,36,103,102
96,36,117,90
96,36,117,97
96,36,124,89
96,36,125,96
96,38,198,153
96,40,48,141
96,40,56,179
96,40,201,65
96,40,203,73
96,40,209,64
96,40,211,72
96,40,228,111
96,40,229,119
96,40,232,148
96,40,234,155
96,40,237,115
96,40,238,145
96,40,242,153
96,40,245,146
96,43,103,118
96,43,123,115
96,44,86,128
96,44,95,123
96,44,107,126
96,44,110,118
96,44,116,109
96,44,117,119
96,44,128,112
96,45,77,232
96,46,110,65
96,46,122,64
96,46,209,188
96,48,47,170
96,48,59,162
96,48,65,157
96,48,65,166
96,48,72,157
96,48,72,165
96,48,106,134
96,48,114,136
96,48,155,165
96,48,157,172
96,48,159,159
96,48,161,166
96,48,165,173
96,48,168,159
96,48,169,166
96,48,168,108
96,48,175,107
96,48,182,110
96,48,187,106
96,48,190,98
96,48,193,107
96,48,200,97
96,48,201,105
96,52,190,116
96,52,196,113
96,53,197,121
96,52,202,115
96,54,61,189
96,59,92,187
96,54,79,170
96,54,186,173
96,55,165,140
96,56,154,187
96,56,156,193
96,56,172,141
96,56,224,121
96,7,181,24
96,8,183,28
96,60,208,216
96,39,28,141
96,55,150,148
96,19,17,168
96,32,244,38
96,37,8,193
96,39,15,195
96,47,39,69
96,47,47,94
96,46,53,78
96,47,83,72
96,48,85,102
96,47,89,69
96,47,95,68
96,47,95,74
96,47,100,62
96,46,102,67
96,46,101,74
96,47,104,56
96,47,103,79
96,47,103,85
96,47,109,74
96,47,111,54
96,48,12,191
96,48,93,101
96,51,247,195
96,53,32,249
96,54,37,248
96,55,156,147
96,56,87,179
96,56,188,212
96,56,211,211
96,56,215,204
96,56,217,211
96,45,37,85
96,47,220,30
96,44,38,76
96,44,39,95
96,44,39,100
96,44,46,75
96,47,46,63
96,47,46,71
96,52,246,162
96,60,176,188
96,4,87,56
96,15,5,126
96,19,252,43
96,28,42,68
96,28,46,64
96,28,47,69
96,28,76,46
96,28,78,43
96,30,86,30
96,32,246,91
96,42,100,219
96,43,28,84
96,44,31,94
96,44,88,65
96,46,30,81
96,47,54,70
96,46,124,79
96,47,30,66
96,48,38,54
96,48,46,52
96,48,54,54
96,48,54,60
96,48,64,31
96,48,63,34
96,48,62,62
96,48,62,70
96,48,70,32
96,48,70,35
96,48,70,39
96,48,76,32
96,48,78,38
96,48,38,44
96,48,46,38
96,48,46,44
96,48,54,30
96,48,54,36
96,48,54,42
96,48,62,42
96,48,62,54
96,48,84,30
96,53,174,236
96,52,211,48
96,52,216,44
96,52,215,49
96,53,218,53
96,52,223,42
96,53,222,48
96,52,224,54
96,53,212,55
96,53,226,49
96,57,105,179
96,59,119,230
96,61,133,230
96,61,147,222
96,60,161,214
96,59,190,142
96,59,197,141
97,31,145,112
97,27,117,109
97,17,27,81
97,18,36,80
97,19,68,121
97,27,224,92
97,31,51,106
97,30,68,135
97,31,80,132
97,34,56,164
97,34,203,99
97,34,216,100
97,38,72,112
97,42,178,128
97,41,188,126
97,47,35,209
97,45,83,175
97,14,194,40
97,57,37,184
97,6,44,85
97,18,94,56
97,30,83,112
97,41,54,189
97,46,149,149
97,11,139,40
97,26,30,151
97,26,112,57
97,45,219,123
97,19,139,74
97,27,32,111
97,25,178,85
97,50,222,91
97,4,33,66
97,15,70,68
97,18,216,50
97,19,131,36
97,21,190,61
97,26,184,31
97,30,196,40
97,33,72,158
97,41,169,82
97,42,180,82
97,9,163,51
97,9,172,50
97,10,49,55
97,11,37,61
97,11,44,65
97,11,50,66
97,14,64,80
97,14,72,79
97,14,79,73
97,14,86,67
97,14,92,67
97,15,95,71
97,15,104,53
97,15,114,57
97,17,46,104
97,17,58,98
97,17,222,51
97,17,230,53
97,18,62,113
97,18,150,26
97,19,205,50
97,19,146,33
97,19,155,33
97,19,162,61
97,19,168,60
97,19,175,60
97,21,123,49
97,21,165,30
97,23,39,144
97,23,133,47
97,23,141,43
97,23,168,37
97,23,175,32
97,25,45,119
97,27,195,32
97,29,69,87
97,31,226,77
97,33,120,78
97,34,161,99
97,34,168,138
97,34,178,136
97,35,37,127
97,35,55,151
97,35,65,149
97,35,129,120
97,35,163,108
97,35,172,100
97,36,32,207
97,39,183,114
97,39,193,115
97,41,42,189
97,44,153,99
97,43,229,114
97,45,53,126
97,45,54,136
97,45,58,144
97,46,67,124
97,45,64,133
97,46,67,143
97,45,102,123
97,45,110,124
97,45,123,110
97,46,123,119
97,45,159,144
97,45,182,92
97,46,87,130
97,46,96,128
97,47,212,193
97,47,34,158
97,47,44,157
97,47,93,138
97,47,120,162
97,47,128,155
97,47,150,205
97,47,160,199
97,47,160,209
97,49,172,109
97,50,176,118
97,49,196,105
97,49,45,169
97,50,103,142
97,49,110,138
97,50,109,190
97,50,116,186
97,50,118,195
97,50,157,170
97,50,165,167
97,50,164,176
97,51,105,150
97,51,109,198
97,51,112,149
97,51,123,188
97,51,207,153
97,51,215,150
97,51,214,158
97,53,52,230
97,53,60,230
97,55,89,223
97,55,96,221
97,59,210,184
97,55,227,184
97,24,193,89
97,26,85,74
97,55,29,205
97,22,48,86
97,30,93,82
97,31,145,65
97,60,58,207
97,57,142,151
97,27,127,69
97,53,138,123
97,24,226,61
97,53,227,110
97,9,117,27
97,13,103,42
97,13,134,52
97,32,89,96
97,37,174,71
97,41,234,155
97,43,205,70
97,46,98,218
97,53,135,188
97,53,195,174
97,56,189,176
97,59,175,190
97,5,210,25
97,8,84,55
97,8,91,57
97,8,175,27
97,8,181,25
97,8,188,26
97,10,72,39
97,10,71,47
97,10,79,38
97,10,79,46
97,12,88,39
97,12,93,32
97,12,94,41
97,12,101,34
97,16,16,119
97,16,22,111
97,16,27,119
97,16,41,96
97,16,58,54
97,16,58,63
97,16,64,50
97,16,64,58
97,16,70,49
97,16,70,56
97,16,77,51
97,16,78,58
97,16,108,68
97,16,124,64
97,16,127,71
97,16,130,61
97,16,137,60
97,16,144,59
97,16,149,63
97,22,77,66
97,24,105,68
97,24,110,81
97,24,112,72
97,24,118,76
97,25,117,85
97,24,125,81
97,24,139,84
97,24,147,84
97,24,150,74
97,24,183,99
97,24,191,98
97,24,187,70
97,24,191,77
97,24,196,70
97,24,198,79
97,24,202,65
97,24,203,73
97,28,79,81
97,28,80,92
97,28,127,60
97,28,135,64
97,28,162,51
97,28,170,45
97,28,170,53
97,28,215,31
97,28,222,26
97,29,222,34
97,29,229,29
97,32,81,155
97,32,47,178
97,32,56,180
97,32,79,147
97,32,79,165
97,32,85,148
97,32,86,162
97,32,90,152
97,32,93,160
97,32,93,91
97,32,97,98
97,32,104,90
97,32,103,79
97,32,110,73
97,32,109,82
97,32,137,95
97,32,145,93
97,32,156,61
97,32,155,70
97,32,179,92
97,32,181,102
97,32,185,46
97,32,187,89
97,32,188,97
97,32,188,103
97,32,187,81
97,33,190,51
97,33,198,50
97,36,71,98
97,36,82,98
97,37,134,84
97,36,135,76
97,36,164,65
97,36,170,63
97,36,178,65
97,36,206,46
97,36,205,54
97,36,210,59
97,36,212,45
97,36,212,52
97,36,217,57
97,36,219,48
97,39,124,97
97,40,28,145
97,40,115,101
97,40,228,61
97,41,237,148
97,41,244,150
97,42,48,150
97,42,207,80
97,44,229,76
97,48,24,177
97,48,26,185
97,48,27,172
97,48,32,176
97,48,32,184
97,48,31,167
97,48,66,155
97,48,74,153
97,48,73,189
97,48,80,192
97,48,81,98
97,48,88,191
97,48,128,169
97,48,136,164
97,48,139,119
97,48,145,112
97,48,146,121
97,48,152,113
97,48,153,122
97,48,160,112
97,48,174,148
97,48,176,154
97,48,177,142
97,48,180,148
97,48,182,155
97,48,183,140
97,48,186,147
97,48,189,155
97,48,192,144
97,48,195,151
97,48,210,89
97,48,208,96
97,48,208,137
97,48,214,139
97,48,221,137
97,52,91,156
97,52,92,164
97,52,98,155
97,52,99,162
97,52,127,181
97,52,136,181
97,52,134,135
97,52,142,136
97,52,202,164
97,52,204,170
97,52,203,177
97,52,220,106
97,54,195,119
97,54,202,121
97,56,62,184
97,57,167,143
97,60,191,220
97,40,9,196
97,57,148,148
97,8,225,18
97,20,250,44
97,47,38,75
97,48,61,96
97,48,69,93
97,48,95,96
97,50,66,166
97,5,37,39
97,4,42,34
97,4,49,45
97,4,53,35
97,16,4,127
97,21,13,170
97,35,246,44
97,39,103,101
97,39,106,108
97,39,107,99
97,39,190,156
97,39,198,155
97,48,26,230
97,47,30,72
97,47,31,79
97,47,30,85
97,47,29,94
97,47,31,63
97,47,32,103
97,47,36,84
97,47,37,93
97,47,37,58
97,47,37,67
97,47,41,85
97,47,45,60
97,47,45,69
97,47,45,75
97,47,47,81
97,47,47,87
97,47,54,66
97,47,54,75
97,48,50,95
97,47,54,80
97,47,54,87
97,47,59,84
97,48,65,84
97,47,71,81
97,47,77,78
97,47,77,86
97,47,77,70
97,47,83,76
97,48,82,82
97,47,85,62
97,47,85,70
97,47,84,88
97,48,89,76
97,48,89,82
97,47,91,61
97,47,91,70
97,47,91,89
97,47,95,75
97,47,95,81
97,47,97,61
97,47,97,70
97,47,98,88
97,47,101,75
97,47,102,83
97,47,102,58
97,47,103,66
97,47,107,72
97,47,108,79
97,47,109,59
97,47,110,66
97,47,114,74
97,47,115,61
97,47,119,65
97,47,128,64
97,47,126,74
97,48,223,31
97,52,237,198
97,51,241,195
97,51,241,201
97,52,229,144
97,55,35,250
97,55,245,167
97,61,140,187
97,61,142,221
97,61,151,181
97,33,102,200
97,6,49,94
97,6,55,29
97,6,55,88
97,6,57,35
97,6,57,41
97,30,30,30
97,30,30,35
97,30,30,44
97,30,36,30
97,30,37,36
97,30,36,42
97,30,38,46
97,30,38,53
97,30,40,60
97,30,39,65
97,30,41,70
97,30,44,30
97,30,44,59
97,30,43,64
97,30,45,70
97,30,54,30
97,42,239,114
97,46,72,237
97,48,30,50
97,48,38,44
97,48,37,51
97,48,38,38
97,48,39,103
97,48,40,47
97,48,46,42
97,48,46,48
97,48,53,52
97,48,55,31
97,48,55,36
97,48,54,45
97,48,61,31
97,48,61,37
97,48,62,44
97,48,60,52
97,48,62,59
97,48,62,66
97,47,64,72
97,48,66,31
97,47,66,36
97,48,65,40
97,48,68,48
97,48,70,69
97,48,70,54
97,48,71,62
97,48,72,31
97,48,72,36
97,48,71,43
97,48,76,54
97,48,78,60
97,48,78,29
97,47,78,34
97,48,77,40
97,48,78,45
97,48,84,31
97,48,84,36
97,48,84,44
97,48,86,54
97,48,94,53
97,48,94,31
97,48,135,71
97,48,30,44
97,48,38,32
97,48,45,101
97,48,46,30
97,48,94,38
97,48,119,81
97,48,126,82
97,48,132,80
97,48,138,76
97,60,108,181
97,60,211,214
97,60,225,207
97,60,221,217
98,20,139,74
98,21,225,58
98,27,120,114
98,32,144,116
98,28,178,89
98,28,224,94
98,6,33,76
98,8,49,87
98,15,66,79
98,15,76,75
98,17,100,66
98,18,100,56
98,31,104,108
98,30,151,110
98,42,44,198
98,42,50,191
98,43,179,129
98,41,190,125
98,46,84,183
98,50,145,120
98,18,75,63
98,40,73,115
98,47,149,150
98,26,29,155
98,31,195,45
98,18,46,104
98,16,197,45
98,21,59,126
98,22,189,62
98,5,50,42
98,33,53,113
98,34,54,175
98,38,32,215
98,51,220,92
98,10,169,51
98,17,135,37
98,17,28,95
98,21,67,124
98,30,129,71
98,30,97,81
98,34,71,165
98,46,218,125
98,46,174,96
98,3,97,36
98,13,37,68
98,13,44,65
98,13,47,75
98,13,53,66
98,13,137,45
98,14,136,52
98,17,26,84
98,17,33,83
98,17,36,92
98,17,62,62
98,20,162,63
98,20,171,62
98,21,147,35
98,21,158,35
98,20,209,54
98,23,127,48
98,25,116,76
98,25,120,84
98,25,187,74
98,25,195,69
98,25,197,78
98,25,202,70
98,26,116,70
98,27,39,126
98,27,49,125
98,28,107,60
98,28,118,57
98,27,121,66
98,29,30,114
98,29,37,115
98,29,90,79
98,30,77,113
98,31,64,138
98,31,77,132
98,32,76,143
98,31,76,86
98,31,77,97
98,31,85,117
98,33,44,183
98,33,54,184
98,33,77,159
98,33,78,170
98,33,86,163
98,33,189,86
98,33,193,100
98,34,94,91
98,34,101,90
98,34,158,98
98,35,95,98
98,35,109,81
98,35,116,80
98,35,123,84
98,35,159,107
98,35,169,100
98,36,172,141
98,35,182,137
98,35,201,97
98,36,206,101
98,35,215,95
98,36,215,105
98,37,27,142
98,37,33,206
98,37,51,165
98,37,56,158
98,37,64,156
98,37,62,166
98,37,131,123
98,37,165,68
98,37,174,68
98,37,180,71
98,37,208,52
98,38,217,55
98,42,167,87
98,42,178,82
98,43,224,118
98,45,151,101
98,45,54,147
98,47,186,94
98,47,29,217
98,47,37,211
98,46,52,129
98,47,63,149
98,47,64,129
98,47,118,118
98,47,128,120
98,47,150,210
98,47,159,204
98,49,209,94
98,51,101,147
98,51,108,144
98,51,108,199
98,51,118,194
98,51,171,113
98,52,173,122
98,53,200,173
98,57,29,211
98,60,49,200
98,57,181,179
98,59,198,185
98,57,216,186
98,59,231,190
98,25,79,74
98,31,226,34
98,42,236,158
98,47,107,130
98,47,212,198
98,50,43,175
98,56,90,228
98,7,217,23
98,9,181,29
98,39,85,105
98,39,136,86
98,50,194,107
98,55,55,235
98,56,226,117
98,11,121,28
98,26,199,28
98,29,216,32
98,44,95,219
98,27,183,35
98,31,47,103
98,33,156,71
98,45,228,81
98,49,28,184
98,49,83,196
98,52,158,179
98,54,133,189
98,10,89,53
98,10,90,60
98,12,39,57
98,12,46,55
98,12,53,56
98,12,70,44
98,12,76,37
98,12,76,48
98,12,82,41
98,12,82,50
98,12,113,32
98,15,95,39
98,16,88,69
98,16,88,78
98,16,94,75
98,16,97,46
98,16,100,75
98,16,102,36
98,16,104,45
98,16,110,39
98,16,111,47
98,16,114,52
98,16,117,57
98,16,116,65
98,16,133,59
98,16,143,59
98,17,26,118
98,20,39,73
98,20,248,46
98,24,41,90
98,24,48,83
98,24,48,93
98,24,55,90
98,24,136,45
98,24,136,55
98,24,142,42
98,25,143,53
98,24,149,49
98,24,170,42
98,24,171,32
98,24,177,39
98,24,178,31
98,24,190,98
98,24,190,86
98,24,197,94
98,24,198,86
98,24,206,27
98,28,185,30
98,28,192,28
98,31,136,66
98,31,169,55
98,31,177,52
98,32,65,88
98,32,67,98
98,32,135,101
98,32,140,94
98,32,140,72
98,32,143,99
98,32,143,65
98,32,147,73
98,32,150,65
98,32,181,102
98,32,217,76
98,32,217,85
98,32,223,74
98,32,223,84
98,32,230,74
98,32,230,84
98,36,28,132
98,36,34,126
98,36,34,132
98,36,35,138
98,36,40,124
98,36,41,133
98,37,47,129
98,40,118,99
98,41,117,107
98,40,126,98
98,40,125,105
98,40,182,114
98,40,190,114
98,40,197,159
98,41,228,64
98,44,156,94
98,44,201,72
98,44,202,80
98,44,205,86
98,44,207,69
98,44,210,76
98,44,212,83
98,48,118,157
98,48,125,155
98,48,28,162
98,48,31,170
98,48,34,160
98,48,42,162
98,48,64,158
98,48,71,153
98,48,83,140
98,48,87,97
98,48,91,133
98,48,92,142
98,48,93,79
98,48,95,86
98,48,95,94
98,48,102,70
98,48,116,166
98,48,122,168
98,48,128,163
98,48,128,171
98,48,132,152
98,48,133,158
98,48,135,165
98,48,173,147
98,48,172,154
98,48,179,142
98,48,179,149
98,48,179,156
98,48,185,144
98,48,185,151
98,48,185,158
98,48,191,148
98,48,192,155
98,48,206,131
98,48,206,138
98,48,212,129
98,48,212,137
98,48,212,144
98,48,221,132
98,48,220,139
98,50,68,162
98,51,161,171
98,52,206,153
98,51,213,150
98,52,214,158
98,52,63,171
98,52,91,159
98,52,99,156
98,52,107,157
98,53,134,138
98,52,153,172
98,52,205,161
98,53,94,165
98,53,140,136
98,55,191,122
98,55,198,124
98,56,39,199
98,56,130,127
98,55,245,170
98,59,141,156
98,17,17,120
98,36,244,45
98,41,106,111
98,48,110,63
98,52,238,201
98,53,228,146
98,12,140,26
98,17,186,28
98,20,230,5
98,22,10,175
98,40,6,196
98,41,6,202
98,41,12,199
98,43,240,115
98,47,29,85
98,47,30,65
98,47,29,76
98,48,29,91
98,48,29,96
98,48,33,81
98,47,35,64
98,48,35,72
98,48,35,87
98,47,35,93
98,48,40,78
98,47,40,62
98,48,41,71
98,48,41,84
98,48,41,90
98,48,46,77
98,47,47,61
98,47,48,69
98,47,47,83
98,48,47,89
98,48,54,75
98,48,55,65
98,48,55,95
98,48,77,91
98,47,81,75
98,47,118,63
98,47,118,69
98,48,29,103
98,48,31,111
98,48,35,99
98,48,37,108
98,48,41,96
98,48,41,103
98,48,48,94
98,48,47,102
98,48,55,80
98,48,53,88
98,48,53,101
98,48,59,87
98,48,59,101
98,48,61,93
98,48,65,100
98,48,68,88
98,48,71,98
98,48,77,99
98,48,80,85
98,48,87,66
98,48,119,75
98,48,126,67
98,53,218,39
98,53,225,35
98,60,160,193
98,61,148,218
98,58,158,146
98,58,165,142
98,59,166,148
98,60,180,219
98,60,180,229
98,59,189,219
98,60,190,229
98,31,31,45
98,31,37,45
98,53,219,59
98,56,148,154
98,6,25,53
98,4,122,54
98,4,128,52
98,5,135,46
98,31,46,31
98,31,52,30
98,31,28,54
98,32,30,32
98,31,30,60
98,32,34,54
98,32,36,30
98,31,36,60
98,31,38,36
98,31,38,54
98,32,46,36
98,31,46,46
98,33,105,203
98,48,31,47
98,48,32,53
98,48,37,43
98,48,37,49
98,48,38,38
98,48,42,45
98,48,42,52
98,48,46,39
98,48,46,35
98,48,47,44
98,48,47,50
98,48,54,34
98,48,54,40
98,48,54,46
98,48,54,53
98,48,60,32
98,48,60,38
98,48,60,44
98,48,60,50
98,48,62,56
98,47,63,62
98,48,65,70
98,48,67,31
98,48,66,36
98,48,66,41
98,48,65,47
98,48,68,79
98,48,70,54
98,48,69,61
98,48,72,31
98,48,72,36
98,47,72,42
98,48,72,48
98,48,77,54
98,48,79,62
98,48,78,31
98,48,78,36
98,48,78,42
98,48,78,48
98,48,86,32
98,48,85,38
98,48,84,44
98,48,86,57
98,48,30,40
98,48,38,30
98,48,72,68
98,48,93,55
98,48,136,72
98,48,224,48
98,54,213,47
98,54,218,49
98,54,224,50
98,57,54,189
99,22,104,61
99,17,73,70
99,29,112,118
99,29,191,98
99,42,184,125
99,10,42,87
99,15,138,45
99,18,132,70
99,19,145,71
99,43,47,203
99,52,144,124
99,15,48,67
99,18,201,46
99,26,126,116
99,26,191,75
99,26,201,72
99,29,180,91
99,31,106,108
99,30,143,117
99,30,152,111
99,30,153,120
99,29,172,89
99,33,49,113
99,34,51,181
99,33,58,112
99,38,52,166
99,38,63,162
99,38,61,171
99,42,47,194
99,46,85,183
99,24,226,62
99,41,75,116
99,22,66,127
99,28,227,95
99,30,37,117
99,25,29,156
99,28,126,77
99,45,225,122
99,4,49,33
99,10,181,29
99,12,175,54
99,21,168,63
99,23,189,62
99,25,134,50
99,30,225,72
99,33,73,165
99,47,149,148
99,47,183,96
99,49,39,171
99,51,213,148
99,5,58,49
99,7,38,44
99,7,48,43
99,9,215,27
99,11,166,53
99,13,76,48
99,12,87,52
99,16,190,39
99,17,118,60
99,19,36,97
99,19,36,109
99,18,45,100
99,19,45,111
99,18,52,101
99,20,29,90
99,19,52,111
99,19,224,51
99,21,208,53
99,23,153,37
99,23,161,36
99,25,50,90
99,25,135,86
99,25,144,85
99,25,174,43
99,26,178,34
99,25,148,46
99,27,111,82
99,27,119,76
99,27,119,86
99,27,148,56
99,29,46,133
99,29,55,127
99,29,199,40
99,31,67,135
99,31,76,134
99,29,89,80
99,33,80,159
99,34,83,171
99,33,88,163
99,33,143,100
99,33,187,84
99,33,196,85
99,33,225,83
99,34,148,73
99,34,172,138
99,35,183,136
99,35,100,94
99,35,156,104
99,35,166,99
99,35,174,146
99,35,184,145
99,37,29,140
99,37,32,208
99,37,125,126
99,37,133,116
99,37,135,124
99,37,204,97
99,38,206,107
99,37,206,56
99,37,211,96
99,38,213,108
99,37,219,102
99,38,29,218
99,38,36,216
99,38,178,71
99,39,220,59
99,45,95,220
99,45,141,101
99,45,145,107
99,45,148,99
99,46,154,107
99,45,156,99
99,44,173,87
99,48,60,142
99,47,115,158
99,47,116,167
99,47,125,155
99,48,128,166
99,47,137,154
99,47,148,159
99,47,149,203
99,48,158,201
99,49,173,154
99,49,177,146
99,49,180,156
99,49,187,148
99,49,188,155
99,49,219,138
99,52,223,90
99,53,199,168
99,54,193,172
99,59,48,197
99,58,181,181
99,57,188,179
99,60,208,200
99,59,230,191
99,13,119,33
99,30,80,115
99,49,82,197
99,52,112,199
99,25,209,28
99,33,27,165
99,37,126,87
99,41,139,91
99,42,232,161
99,49,69,157
99,51,106,144
99,51,214,101
99,55,53,238
99,31,225,36
99,45,215,76
99,46,44,157
99,17,92,77
99,20,25,122
99,31,78,85
99,38,165,68
99,43,111,110
99,44,53,124
99,45,195,86
99,45,199,81
99,47,55,131
99,51,194,110
99,56,91,228
99,6,123,60
99,6,130,60
99,5,131,53
99,8,90,33
99,8,97,28
99,8,97,36
99,3,102,37
99,12,128,27
99,16,94,41
99,16,96,48
99,16,100,39
99,16,102,46
99,16,107,38
99,16,108,45
99,16,115,44
99,19,17,123
99,24,122,50
99,24,126,58
99,24,160,47
99,28,111,69
99,28,116,62
99,28,188,29
99,28,196,30
99,30,71,113
99,32,67,88
99,32,68,96
99,32,69,146
99,32,73,91
99,32,72,101
99,32,76,147
99,32,82,93
99,32,81,99
99,32,82,144
99,32,83,135
99,32,136,66
99,32,136,74
99,32,171,52
99,32,173,59
99,32,181,49
99,32,182,57
99,35,159,73
99,36,110,80
99,36,109,87
99,36,118,79
99,36,117,87
99,36,194,56
99,37,36,131
99,38,45,131
99,39,78,104
99,40,85,102
99,40,89,109
99,40,136,83
99,40,199,161
99,41,123,110
99,42,229,68
99,42,123,102
99,43,242,157
99,44,223,73
99,45,223,80
99,46,66,122
99,48,28,216
99,48,122,124
99,48,130,125
99,47,229,86
99,48,27,222
99,48,31,208
99,48,34,223
99,48,35,215
99,48,41,210
99,48,41,219
99,48,57,155
99,48,81,147
99,48,84,140
99,48,88,147
99,48,93,137
99,48,94,144
99,48,94,77
99,48,99,85
99,48,102,135
99,48,109,132
99,48,114,119
99,48,115,127
99,48,120,114
99,48,129,116
99,50,28,186
99,50,28,193
99,51,162,117
99,52,167,120
99,51,202,106
99,51,240,204
99,52,44,185
99,52,100,152
99,52,109,153
99,52,152,174
99,52,152,181
99,52,159,173
99,52,158,181
99,52,163,179
99,52,175,116
99,53,173,127
99,52,200,151
99,53,203,158
99,52,208,156
99,52,214,157
99,53,103,159
99,54,94,166
99,54,126,189
99,54,132,184
99,54,132,192
99,54,140,185
99,54,139,191
99,55,129,129
99,56,189,124
99,56,197,122
99,56,197,129
99,56,223,114
99,60,223,134
99,56,230,114
99,56,245,170
99,59,29,217
99,52,64,174
99,21,249,46
99,14,144,27
99,4,26,59
99,11,228,19
99,36,246,47
99,41,8,202
99,44,243,118
99,48,30,71
99,48,29,77
99,48,29,83
99,48,29,89
99,48,29,95
99,47,31,63
99,48,35,71
99,48,35,77
99,48,35,83
99,47,35,89
99,47,38,62
99,48,40,70
99,48,41,77
99,48,41,83
99,47,41,88
99,48,45,62
99,47,47,71
99,47,47,77
99,48,46,83
99,48,209,197
99,48,213,203
99,47,214,191
99,48,217,197
99,48,28,101
99,48,28,107
99,48,30,115
99,48,34,101
99,48,36,107
99,48,35,95
99,48,36,113
99,48,40,102
99,48,41,95
99,48,46,103
99,48,47,89
99,48,47,95
99,48,52,102
99,48,54,63
99,48,55,71
99,48,55,76
99,48,54,82
99,48,55,89
99,48,53,95
99,48,57,102
99,48,60,95
99,48,64,101
99,48,72,99
99,48,95,62
99,48,103,62
99,48,109,62
99,49,110,70
99,49,115,65
99,53,221,35
99,53,227,34
99,58,128,157
99,59,140,160
99,61,153,210
99,59,163,150
99,60,185,225
99,8,153,6
99,14,14,92
99,31,54,32
99,6,18,58
99,15,10,91
99,32,31,31
99,32,31,37
99,32,31,42
99,32,31,47
99,32,30,54
99,32,38,31
99,32,37,36
99,32,37,43
99,32,37,47
99,32,38,52
99,32,42,32
99,32,42,38
99,32,42,44
99,48,29,55
99,48,31,47
99,48,34,53
99,48,37,44
99,48,38,39
99,48,40,50
99,48,45,44
99,48,46,38
99,48,46,51
99,48,53,54
99,48,54,37
99,48,54,46
99,48,62,33
99,48,62,38
99,48,62,45
99,48,63,53
99,48,63,60
99,48,62,68
99,48,69,38
99,48,70,33
99,48,70,44
99,48,70,49
99,48,70,56
99,48,69,62
99,48,78,47
99,48,78,54
99,48,78,36
99,48,78,59
99,47,80,92
99,48,30,38
99,48,38,30
99,48,46,30
99,48,52,30
99,48,76,30
99,48,78,66
99,48,82,54
99,48,84,32
99,48,84,46
99,48,86,62
99,48,227,47
99,49,131,95
99,52,226,52
99,54,180,239
