frame,z,y,x
0,41,7,173
0,48,101,171
0,20,179,83
0,51,137,175
0,8,12,83
0,17,104,84
0,35,92,130
0,13,141,72
0,46,163,159
0,55,170,186
0,24,62,108
0,56,145,223
0,8,226,54
0,27,94,113
0,54,57,198
0,26,233,99
0,48,188,158
0,32,41,129
0,57,9,224
0,44,11,190
0,34,145,124
0,28,10,145
0,44,203,147
0,26,153,97
0,55,42,216
0,18,46,95
0,7,36,76
0,13,213,65
0,58,137,202
0,36,16,149
0,36,125,132
0,36,217,119
0,25,38,121
0,27,208,101
0,46,42,188
0,54,99,190
0,56,242,190
0,40,52,146
0,36,123,156
0,45,31,174
0,58,99,249
0,18,20,104
0,12,192,59
0,33,68,131
0,35,193,121
0,49,179,200
0,39,55,162
0,58,89,211
0,40,228,132
0,43,242,153
0,50,209,171
0,48,238,189
0,7,73,70
0,29,215,129
0,52,18,205
0,46,140,162
0,43,104,159
0,44,104,189
0,41,178,142
0,58,182,169
0,36,244,151
0,6,121,56
0,50,236,173
0,10,110,70
0,29,174,104
0,21,222,110
0,7,26,106
0,55,208,184
0,12,163,86
0,14,166,68
0,12,102,101
0,33,217,162
0,21,85,92
0,25,123,101
0,51,89,215
0,6,198,48
0,49,125,205
0,7,157,60
0,20,159,117
0,13,67,81
0,31,176,137
0,22,75,156
0,46,147,191
0,24,183,115
0,42,197,172
0,6,80,104
0,39,106,175
0,37,68,185
0,30,186,159
0,19,53,136
0,53,117,235
0,25,113,128
0,16,243,115
0,40,134,185
0,11,141,96
0,26,163,140
0,34,201,144
0,45,167,195
0,11,85,62
0,8,206,85
0,28,104,147
0,13,10,129
0,22,30,150
0,28,46,163
0,53,148,243
0,14,56,111
0,56,197,243
0,44,79,198
0,5,179,80
0,16,174,103
0,9,186,95
0,20,74,139
0,12,34,134
0,21,120,159
0,31,137,186
0,30,22,172
0,15,229,95
0,23,44,181
0,34,7,223
0,36,140,165
0,15,201,106
0,46,19,218
0,39,97,217
1,41,8,175
1,21,183,85
1,49,103,174
1,18,105,85
1,25,60,112
1,13,141,74
1,52,139,176
1,9,13,86
1,27,237,102
1,28,95,117
1,36,93,132
1,46,165,159
1,58,142,203
1,55,175,190
1,48,191,160
1,55,61,202
1,29,9,146
1,26,154,97
1,9,230,57
1,33,43,132
1,48,45,192
1,46,14,193
1,37,126,134
1,56,149,224
1,44,210,148
1,19,51,95
1,26,41,122
1,41,58,150
1,36,16,149
1,28,213,104
1,20,26,107
1,56,44,218
1,44,248,153
1,36,148,128
1,36,221,121
1,8,39,78
1,36,125,157
1,14,217,68
1,58,12,228
1,57,247,193
1,34,70,133
1,30,218,130
1,41,235,134
1,34,196,119
1,41,181,143
1,46,31,176
1,36,249,152
1,40,57,163
1,47,143,163
1,55,103,195
1,48,241,186
1,50,214,170
1,21,161,112
1,12,193,63
1,50,183,206
1,8,74,73
1,44,100,190
1,7,126,56
1,22,224,111
1,11,113,72
1,29,176,105
1,53,23,209
1,43,105,161
1,50,239,176
1,58,185,170
1,22,88,95
1,21,58,138
1,36,221,163
1,13,104,106
1,14,169,69
1,32,178,139
1,14,67,83
1,7,202,52
1,55,210,185
1,26,124,104
1,13,168,88
1,44,49,175
1,8,161,61
1,31,189,162
1,50,127,207
1,25,188,119
1,28,142,128
1,8,29,107
1,46,147,194
1,7,82,105
1,40,108,177
1,45,169,196
1,25,231,138
1,26,117,131
1,27,163,141
1,28,12,162
1,43,204,172
1,35,206,146
1,22,40,152
1,17,248,114
1,11,87,62
1,48,46,222
1,13,143,97
1,35,117,186
1,10,213,89
1,54,129,187
1,15,14,132
1,38,69,185
1,28,52,163
1,53,164,212
1,5,232,77
1,54,144,244
1,12,35,139
1,54,118,235
1,15,62,113
1,30,107,146
1,22,84,157
1,22,127,161
1,21,80,140
1,17,180,103
1,10,189,98
1,28,96,163
1,26,201,161
1,33,141,191
1,6,183,84
1,45,80,201
1,50,223,196
1,35,14,225
1,24,51,183
1,32,25,172
1,40,104,223
1,14,236,94
1,36,141,168
1,16,207,107
2,42,7,176
2,19,106,85
2,22,184,87
2,25,59,110
2,50,104,176
2,28,241,106
2,37,95,134
2,11,13,89
2,14,142,73
2,53,139,179
2,31,9,149
2,9,231,59
2,47,166,159
2,26,156,96
2,55,58,202
2,29,94,118
2,35,45,137
2,37,222,122
2,58,9,226
2,49,44,194
2,48,190,159
2,47,14,196
2,29,219,105
2,43,59,153
2,36,72,136
2,19,52,96
2,37,124,135
2,21,26,108
2,44,211,146
2,10,37,83
2,56,175,192
2,57,150,223
2,35,199,120
2,42,240,134
2,5,157,49
2,27,43,122
2,46,30,175
2,36,147,127
2,44,249,153
2,41,182,141
2,16,221,72
2,33,28,145
2,36,126,154
2,13,193,64
2,57,44,220
2,49,244,186
2,30,218,130
2,56,103,196
2,51,212,172
2,54,24,209
2,41,59,166
2,48,145,165
2,9,76,73
2,8,128,56
2,51,184,205
2,21,162,117
2,15,171,68
2,44,99,191
2,44,106,162
2,5,131,79
2,30,176,107
2,12,117,71
2,38,221,164
2,56,214,185
2,14,170,89
2,26,188,120
2,23,87,96
2,52,92,217
2,32,190,162
2,26,122,103
2,58,189,171
2,15,70,84
2,44,42,173
2,33,178,142
2,11,31,111
2,8,205,55
2,21,62,140
2,50,127,203
2,10,162,64
2,15,104,109
2,28,145,124
2,46,168,199
2,9,83,108
2,46,146,194
2,40,108,176
2,54,149,244
2,26,230,139
2,5,51,98
2,28,164,140
2,35,208,146
2,16,18,136
2,54,168,215
2,30,9,168
2,26,118,131
2,54,123,235
2,14,147,99
2,28,53,160
2,23,84,151
2,11,214,89
2,38,67,187
2,23,33,154
2,7,231,78
2,48,53,222
2,16,63,115
2,30,105,145
2,23,78,142
2,41,142,180
2,6,154,83
2,14,37,142
2,46,72,202
2,24,128,163
2,18,185,105
2,12,191,98
2,6,158,116
2,5,65,127
2,8,188,86
2,58,232,235
2,29,96,165
2,34,146,192
2,32,28,171
2,42,112,227
2,27,204,164
2,35,20,221
2,26,55,185
2,15,239,98
2,48,19,223
2,36,144,165
3,42,8,181
3,20,108,87
3,23,184,91
3,12,14,92
3,15,143,77
3,51,106,181
3,10,234,62
3,54,142,184
3,27,62,117
3,48,169,164
3,30,243,111
3,27,157,100
3,32,10,152
3,38,96,141
3,21,53,100
3,36,49,143
3,30,93,124
3,45,215,149
3,56,60,206
3,30,217,109
3,5,100,64
3,43,248,138
3,11,40,87
3,23,29,113
3,38,124,140
3,47,16,200
3,49,194,162
3,50,45,196
3,6,159,52
3,38,227,128
3,29,45,126
3,17,224,76
3,36,199,123
3,43,62,156
3,38,149,134
3,36,74,141
3,14,194,68
3,46,28,178
3,36,128,155
3,58,108,206
3,52,216,177
3,34,31,151
3,31,216,134
3,57,45,224
3,43,184,146
3,49,247,191
3,8,130,58
3,10,77,78
3,16,172,73
3,42,60,172
3,58,154,226
3,24,230,116
3,49,149,169
3,55,21,214
3,56,190,192
3,51,188,204
3,44,41,173
3,31,176,112
3,46,101,195
3,23,64,141
3,46,110,169
3,6,131,82
3,15,173,92
3,27,191,122
3,24,81,150
3,13,117,74
3,29,148,128
3,39,222,166
3,57,216,191
3,27,124,107
3,9,207,59
3,51,130,211
3,58,167,202
3,10,162,66
3,34,178,145
3,12,32,114
3,24,87,99
3,6,56,101
3,53,95,221
3,41,111,182
3,16,107,109
3,9,80,111
3,32,183,163
3,46,168,199
3,36,207,149
3,48,151,198
3,55,151,249
3,27,122,135
3,27,233,142
3,22,164,121
3,28,167,143
3,55,212,214
3,24,42,157
3,42,146,185
3,13,93,66
3,14,149,104
3,12,217,94
3,30,61,162
3,31,13,174
3,18,19,144
3,54,171,219
3,18,67,119
3,50,53,229
3,24,134,164
3,7,154,86
3,12,194,103
3,48,73,210
3,18,185,108
3,6,70,131
3,7,233,82
3,41,69,205
3,28,207,167
3,7,162,120
3,15,42,144
3,7,205,104
3,58,206,247
3,30,94,167
3,34,32,176
3,51,247,233
3,42,107,230
3,36,24,226
3,15,241,101
3,50,22,229
3,35,151,199
3,38,146,168
3,26,59,189
4,44,10,186
4,22,110,91
4,54,141,187
4,24,187,95
4,28,62,120
4,13,15,95
4,17,145,83
4,40,100,150
4,56,65,210
4,29,157,105
4,31,246,115
4,12,237,66
4,49,171,167
4,53,111,188
4,38,52,147
4,32,96,129
4,23,54,105
4,26,7,133
4,46,218,155
4,24,29,118
4,6,103,66
4,13,40,91
4,5,71,67
4,34,14,157
4,39,127,143
4,31,50,131
4,31,221,111
4,50,197,168
4,56,194,193
4,48,16,203
4,39,151,138
4,38,201,129
4,45,68,163
4,8,166,55
4,39,229,131
4,5,224,55
4,43,64,174
4,46,28,182
4,37,131,159
4,50,47,200
4,38,80,147
4,50,150,173
4,32,213,136
4,16,199,73
4,44,185,150
4,25,83,150
4,54,247,188
4,17,176,75
4,19,231,81
4,56,26,218
4,53,220,182
4,35,34,153
4,58,43,228
4,45,47,179
4,47,116,175
4,10,134,62
4,12,81,80
4,32,175,114
4,25,65,144
4,27,192,124
4,7,134,85
4,14,117,78
4,17,74,91
4,52,192,210
4,25,234,122
4,35,225,167
4,29,126,113
4,12,6,130
4,30,150,137
4,41,224,171
4,47,108,202
4,14,34,117
4,11,212,63
4,25,93,104
4,23,165,125
4,54,93,223
4,36,177,150
4,16,175,99
4,7,58,103
4,10,84,114
4,12,163,70
4,29,172,143
4,16,107,111
4,52,133,219
4,34,193,167
4,43,116,186
4,50,156,203
4,43,150,190
4,57,217,218
4,27,127,139
4,37,210,154
4,19,21,144
4,12,217,93
4,47,171,203
4,45,207,181
4,56,133,242
4,15,150,107
4,32,16,175
4,24,138,166
4,37,75,183
4,18,64,122
4,31,107,148
4,26,43,161
4,25,35,160
4,31,63,168
4,51,48,239
4,28,235,146
4,48,77,216
4,19,188,120
4,56,178,224
4,9,156,90
4,43,66,209
4,16,40,149
4,7,72,135
4,10,178,124
4,9,185,91
4,6,209,105
4,13,199,105
4,9,238,91
4,30,97,171
4,40,29,239
4,43,107,237
4,35,38,178
4,44,41,216
4,52,250,238
4,20,214,113
4,37,165,202
4,38,149,171
4,16,243,108
4,21,89,128
4,50,20,236
4,27,63,194
5,45,11,189
5,27,193,99
5,58,67,217
5,29,163,104
5,5,41,67
5,55,141,191
5,17,147,83
5,23,114,91
5,50,172,171
5,42,101,154
5,14,18,95
5,39,51,150
5,54,111,190
5,13,238,65
5,29,63,120
5,24,55,105
5,34,97,132
5,58,197,198
5,25,31,118
5,7,107,65
5,47,220,157
5,14,44,92
5,49,14,206
5,28,7,135
5,41,129,147
5,6,74,67
5,46,25,182
5,46,69,166
5,35,13,158
5,51,199,168
5,40,232,131
5,32,50,133
5,40,153,140
5,38,128,160
5,9,175,57
5,52,47,203
5,6,223,55
5,39,206,132
5,45,64,180
5,32,222,112
5,33,219,138
5,39,80,150
5,51,151,178
5,20,235,83
5,18,179,77
5,57,28,219
5,18,203,74
5,11,139,62
5,45,187,153
5,54,221,185
5,19,77,92
5,33,177,117
5,28,197,127
5,36,35,158
5,15,119,78
5,52,194,208
5,46,46,181
5,14,36,116
5,7,138,86
5,13,83,82
5,25,235,122
5,54,96,229
5,23,169,124
5,11,214,64
5,18,177,102
5,31,129,116
5,49,109,206
5,50,157,206
5,37,182,151
5,41,228,172
5,44,114,190
5,35,193,168
5,35,229,167
5,31,145,137
5,53,137,220
5,29,174,144
5,26,94,106
5,17,110,108
5,13,9,131
5,11,87,111
5,26,62,146
5,9,60,104
5,23,85,146
5,13,165,73
5,44,152,190
5,47,170,203
5,57,221,217
5,38,213,153
5,7,48,79
5,13,219,91
5,5,199,78
5,56,135,244
5,20,22,145
5,26,36,163
5,28,122,138
5,6,94,98
5,32,16,174
5,16,151,109
5,44,66,214
5,57,182,227
5,46,209,182
5,16,41,144
5,19,66,122
5,5,119,99
5,23,125,118
5,23,140,162
5,9,161,94
5,48,76,222
5,29,238,145
5,31,62,169
5,11,239,94
5,33,108,157
5,10,188,93
5,52,48,242
5,15,200,103
5,52,231,198
5,13,186,128
5,9,74,138
5,41,28,246
5,45,40,218
5,38,157,204
5,36,43,179
5,29,89,172
5,22,90,125
5,44,111,239
5,21,218,113
5,39,148,170
5,17,248,106
5,28,65,195
6,46,16,191
6,28,196,97
6,19,154,82
6,6,49,67
6,56,145,189
6,44,109,156
6,31,169,105
6,24,118,91
6,55,116,193
6,6,21,81
6,14,242,63
6,51,179,172
6,15,23,95
6,40,58,150
6,46,27,179
6,25,62,104
6,47,227,154
6,16,50,90
6,35,104,131
6,26,37,117
6,41,156,139
6,43,136,148
6,29,14,134
6,9,113,65
6,31,70,119
6,34,55,133
6,7,81,66
6,35,16,155
6,46,68,180
6,41,234,130
6,50,24,208
6,40,87,150
6,46,76,167
6,51,204,167
6,39,132,161
6,53,54,205
6,40,211,130
6,19,206,74
6,11,182,56
6,7,230,55
6,34,224,139
6,33,226,111
6,19,183,76
6,52,156,176
6,57,39,218
6,20,82,90
6,22,241,83
6,12,146,60
6,47,49,182
6,35,181,118
6,45,192,151
6,54,228,182
6,37,36,156
6,29,200,128
6,16,41,117
6,19,179,103
6,24,170,124
6,16,126,76
6,55,103,228
6,13,216,60
6,37,189,148
6,32,135,115
6,6,203,48
6,18,115,106
6,7,143,84
6,42,233,170
6,29,101,109
6,27,239,121
6,31,149,138
6,9,69,102
6,51,162,204
6,12,93,109
6,15,172,71
6,26,64,140
6,30,175,146
6,14,9,129
6,29,124,139
6,44,156,193
6,27,43,160
6,22,93,145
6,54,147,220
6,22,26,141
6,6,100,98
6,39,217,152
6,17,156,107
6,15,226,88
6,6,210,76
6,32,20,174
6,48,176,202
6,35,200,164
6,58,187,226
6,46,208,180
6,57,227,217
6,16,40,143
6,34,113,155
6,5,124,100
6,31,61,166
6,20,73,119
6,43,72,216
6,23,128,117
6,11,168,91
6,30,244,145
6,14,189,127
6,11,196,87
6,53,57,248
6,49,81,221
6,24,143,162
6,12,244,91
6,21,202,121
6,16,203,96
6,5,230,81
6,31,220,173
6,46,43,215
6,10,81,134
6,42,35,247
6,22,93,124
6,40,167,209
6,29,91,169
6,37,46,179
6,46,116,241
6,21,223,111
6,40,151,171
6,29,69,193
7,48,17,195
7,29,200,98
7,56,144,190
7,56,117,194
7,20,156,85
7,15,243,64
7,24,120,92
7,45,111,160
7,42,59,154
7,7,50,68
7,16,25,97
7,52,181,175
7,32,172,108
7,32,74,123
7,36,107,133
7,8,24,84
7,48,231,155
7,26,5,132
7,26,64,107
7,8,86,69
7,30,15,137
7,47,27,182
7,17,52,93
7,11,115,69
7,41,237,130
7,43,135,149
7,28,39,122
7,48,77,170
7,6,5,69
7,36,57,137
7,42,158,141
7,51,206,167
7,54,54,206
7,47,71,182
7,42,89,155
7,51,28,208
7,41,137,161
7,37,18,159
7,21,210,77
7,41,216,133
7,58,39,218
7,21,187,80
7,53,157,177
7,35,224,140
7,12,186,58
7,38,5,195
7,34,229,113
7,36,185,120
7,46,198,152
7,23,242,85
7,6,161,54
7,21,83,93
7,54,206,210
7,15,150,66
7,55,230,183
7,48,53,187
7,42,233,174
7,16,41,118
7,30,199,127
7,20,183,107
7,17,129,78
7,15,218,65
7,33,141,117
7,52,165,206
7,25,174,129
7,55,151,221
7,19,119,110
7,55,108,229
7,9,146,87
7,30,104,112
7,27,241,126
7,32,151,140
7,8,206,50
7,16,175,74
7,26,67,140
7,37,190,150
7,11,72,105
7,35,200,168
7,30,174,144
7,45,163,196
7,5,172,78
7,17,232,93
7,28,45,161
7,40,220,152
7,31,128,141
7,14,97,114
7,8,103,104
7,18,159,109
7,58,229,218
7,47,211,183
7,17,43,145
7,7,211,77
7,32,22,174
7,49,179,208
7,32,64,167
7,31,246,146
7,22,30,143
7,35,113,155
7,50,86,220
7,19,70,121
7,17,206,103
7,24,130,119
7,7,127,100
7,24,97,152
7,22,200,125
7,12,172,91
7,13,200,88
7,54,56,250
7,11,82,137
7,41,166,212
7,7,234,88
7,46,52,215
7,25,145,162
7,38,48,181
7,31,92,167
7,43,31,248
7,47,118,243
7,23,94,127
7,22,223,111
7,30,69,194
7,41,184,179
8,50,21,200
8,30,201,101
8,57,146,194
8,21,161,90
8,57,120,199
8,17,5,119
8,46,114,165
8,15,245,65
8,33,174,112
8,7,54,71
8,31,16,141
8,43,64,158
8,16,28,99
8,37,108,138
8,25,120,99
8,17,7,101
8,27,6,138
8,53,184,180
8,9,27,87
8,36,58,141
8,44,137,153
8,33,77,126
8,17,53,93
8,9,88,72
8,26,67,111
8,49,236,160
8,48,31,187
8,12,121,73
8,42,241,132
8,49,85,175
8,55,58,210
8,6,141,56
8,43,159,145
8,29,42,128
8,52,207,171
8,9,237,57
8,21,189,81
8,43,220,138
8,35,228,143
8,48,75,185
8,7,11,72
8,22,213,81
8,35,231,116
8,41,141,167
8,13,192,60
8,43,93,160
8,52,29,214
8,38,20,168
8,43,32,167
8,24,245,89
8,47,200,155
8,54,161,183
8,37,188,124
8,16,155,70
8,6,164,56
8,55,232,185
8,39,8,201
8,53,128,186
8,22,89,96
8,49,57,191
8,43,235,177
8,16,92,88
8,30,204,130
8,55,204,217
8,56,155,227
8,8,210,50
8,34,143,120
8,17,43,123
8,10,149,93
8,15,221,66
8,35,204,166
8,56,110,233
8,21,190,108
8,31,107,117
8,16,11,132
8,18,135,83
8,28,244,127
8,5,73,104
8,32,153,141
8,26,179,127
8,54,171,210
8,46,131,193
8,30,175,147
8,6,174,81
8,30,51,163
8,41,221,156
8,5,41,98
8,20,118,115
8,37,191,153
8,46,164,196
8,12,76,109
8,32,132,147
8,27,74,147
8,49,206,205
8,24,33,146
8,15,99,119
8,8,212,80
8,8,105,111
8,19,165,115
8,32,247,149
8,36,115,155
8,8,128,105
8,13,200,91
8,48,215,189
8,34,70,170
8,48,222,188
8,21,77,124
8,17,209,102
8,51,91,223
8,19,47,150
8,25,100,161
8,24,132,123
8,26,97,151
8,8,239,89
8,12,174,96
8,9,76,139
8,46,55,213
8,39,51,183
8,33,98,171
8,42,169,218
8,26,155,169
8,23,226,114
8,25,100,132
8,25,5,199
8,29,70,196
8,46,117,241
8,42,157,178
8,42,184,177
9,50,25,205
9,31,203,102
9,58,148,194
9,23,166,93
9,58,125,201
9,33,75,130
9,46,117,164
9,18,7,121
9,34,179,114
9,16,250,67
9,28,9,141
9,26,124,100
9,44,67,160
9,17,31,101
9,37,111,136
9,10,33,87
9,19,10,105
9,54,186,183
9,32,18,141
9,18,55,94
9,10,95,73
9,44,139,153
9,38,61,145
9,9,59,72
9,55,58,212
9,28,71,113
9,47,30,189
9,14,124,77
9,44,164,146
9,50,238,161
9,10,241,58
9,51,85,178
9,44,224,141
9,30,45,128
9,42,243,133
9,8,144,58
9,22,192,80
9,14,196,60
9,23,216,83
9,52,207,172
9,44,36,171
9,5,114,62
9,42,145,168
9,18,158,72
9,38,22,164
9,49,76,187
9,36,233,146
9,18,96,90
9,35,231,114
9,55,163,182
9,48,199,157
9,25,250,90
9,38,190,128
9,43,95,159
9,8,169,57
9,52,29,219
9,9,210,51
9,31,208,129
9,57,233,190
9,55,210,219
9,11,155,94
9,27,185,133
9,57,160,230
9,50,60,194
9,19,137,83
9,39,12,200
9,8,13,75
9,17,225,68
9,32,109,117
9,44,240,177
9,46,130,191
9,13,79,109
9,18,47,126
9,17,14,138
9,39,198,155
9,37,210,173
9,25,7,164
9,21,123,114
9,8,180,80
9,54,175,213
9,34,143,117
9,22,192,111
9,19,239,98
9,5,82,104
9,5,145,81
9,30,53,165
9,8,41,104
9,27,77,148
9,32,159,138
9,10,109,108
9,32,134,144
9,25,35,152
9,9,222,80
9,48,168,195
9,49,225,190
9,31,181,153
9,34,25,181
9,9,132,102
9,20,168,117
9,16,101,118
9,50,208,206
9,19,214,107
9,34,78,168
9,15,204,92
9,36,116,155
9,32,250,147
9,41,88,185
9,5,28,112
9,9,242,89
9,55,63,250
9,17,215,131
9,20,52,155
9,25,102,162
9,14,178,98
9,25,134,124
9,46,118,237
9,46,57,214
9,10,79,140
9,47,86,213
9,26,160,168
9,39,54,182
9,26,8,201
9,33,105,168
9,41,168,218
9,24,230,117
9,25,104,133
9,30,68,197
9,43,187,178
9,42,164,180
9,29,19,119
10,52,22,204
10,32,199,103
10,58,148,195
10,24,162,93
10,34,70,131
10,20,5,123
10,45,134,154
10,47,116,165
10,56,186,187
10,35,177,114
10,17,247,69
10,27,120,99
10,13,92,76
10,19,27,101
10,39,107,138
10,20,53,96
10,29,69,113
10,51,84,178
10,45,62,160
10,32,14,142
10,11,30,85
10,46,161,149
10,11,55,72
10,57,56,214
10,39,56,146
10,45,34,173
10,15,193,60
10,15,119,77
10,23,190,81
10,46,222,144
10,48,26,189
10,43,239,133
10,51,236,161
10,11,238,58
10,53,203,172
10,7,112,62
10,31,40,130
10,10,145,59
10,55,159,183
10,38,232,144
10,36,230,115
10,43,143,169
10,24,89,95
10,50,74,189
10,24,214,84
10,39,19,168
10,40,189,130
10,5,79,66
10,44,92,158
10,53,26,219
10,57,229,188
10,19,155,71
10,29,185,127
10,26,250,90
10,57,209,218
10,50,195,158
10,10,172,57
10,32,208,129
10,51,57,196
10,21,134,83
10,11,208,53
10,18,222,69
10,23,193,110
10,34,105,120
10,55,170,216
10,19,178,78
10,39,239,173
10,32,157,138
10,39,7,202
10,40,197,155
10,10,180,79
10,15,76,108
10,20,45,125
10,46,239,179
10,18,14,136
10,7,74,103
10,36,140,120
10,11,156,97
10,33,187,150
10,5,183,28
10,10,222,80
10,50,164,196
10,23,116,120
10,26,11,163
10,29,77,149
10,21,237,99
10,7,145,80
10,33,137,147
10,26,31,154
10,11,105,102
10,10,36,107
10,38,208,174
10,51,206,204
10,35,78,166
10,16,100,118
10,21,166,118
10,52,90,222
10,6,112,86
10,55,63,247
10,31,58,166
10,20,213,107
10,10,131,103
10,10,241,87
10,15,180,98
10,23,75,127
10,18,212,132
10,16,205,91
10,20,47,153
10,48,83,212
10,42,85,184
10,27,160,169
10,8,20,114
10,12,84,140
10,5,132,119
10,47,55,212
10,43,166,222
10,27,230,118
10,26,101,160
10,47,117,242
10,42,34,207
10,32,66,202
10,33,109,172
10,44,190,180
10,25,101,133
10,43,162,183
11,52,25,204
11,32,206,103
11,36,78,134
11,24,167,94
11,21,7,126
11,46,136,157
11,20,32,103
11,57,187,191
11,31,7,148
11,28,125,101
11,12,63,73
11,14,96,79
11,48,119,168
11,21,57,96
11,39,58,149
11,53,89,182
11,30,71,116
11,11,39,80
11,22,9,110
11,57,60,217
11,36,184,118
11,40,110,141
11,10,241,58
11,46,165,152
11,15,194,60
11,34,18,145
11,11,146,61
11,8,119,62
11,49,29,191
11,46,67,160
11,46,224,145
11,42,240,134
11,52,241,164
11,25,95,98
11,37,236,118
11,16,124,78
11,56,162,186
11,23,194,81
11,24,219,85
11,53,206,173
11,32,44,131
11,43,147,173
11,43,92,160
11,20,159,74
11,6,86,67
11,51,76,189
11,37,236,146
11,46,34,176
11,41,26,175
11,50,200,160
11,6,7,88
11,30,191,130
11,55,133,191
11,58,112,238
11,11,177,60
11,58,232,191
11,31,214,129
11,53,28,221
11,41,194,133
11,36,150,125
11,52,62,197
11,46,246,178
11,22,136,85
11,23,200,114
11,11,213,55
11,18,229,71
11,49,140,198
11,21,48,127
11,20,182,82
11,35,109,122
11,10,186,82
11,57,170,219
11,5,89,92
11,39,199,155
11,6,142,76
11,5,188,28
11,33,162,140
11,13,159,98
11,39,243,173
11,50,167,197
11,52,208,200
11,16,80,111
11,20,243,99
11,39,13,205
11,11,12,76
11,6,115,84
11,30,83,152
11,12,109,100
11,9,82,103
11,24,119,123
11,9,228,83
11,34,141,149
11,17,105,118
11,28,13,163
11,32,64,167
11,27,34,157
11,37,211,172
11,50,227,190
11,20,47,152
11,23,70,129
11,11,41,107
11,36,22,189
11,33,186,153
11,11,136,98
11,36,83,171
11,16,213,91
11,10,245,90
11,20,218,106
11,52,93,227
11,22,178,118
11,7,140,119
11,27,135,127
11,15,193,99
11,18,224,135
11,27,165,167
11,27,114,159
11,42,88,187
11,8,19,110
11,48,92,214
11,40,49,187
11,47,59,213
11,36,242,190
11,13,83,142
11,49,122,243
11,35,119,176
11,27,238,117
11,32,79,199
11,43,40,214
11,29,15,206
11,44,168,182
11,26,103,134
11,54,44,245
11,43,173,224
12,52,31,205
12,12,53,81
12,25,176,95
12,37,86,134
12,33,213,103
12,22,17,124
12,13,75,73
12,29,136,101
12,5,155,53
12,15,108,79
12,31,14,147
12,20,41,103
12,22,22,107
12,48,125,168
12,39,63,147
12,21,66,94
12,53,98,181
12,45,143,156
12,58,192,193
12,30,79,113
12,39,116,140
12,52,7,205
12,37,191,120
12,15,201,61
12,54,5,230
12,46,231,146
12,57,64,215
12,35,25,146
12,37,245,116
12,46,72,162
12,25,107,100
12,17,136,78
12,23,201,78
12,42,244,132
12,8,127,61
12,44,153,173
12,56,166,184
12,21,168,75
12,50,34,191
12,6,98,65
12,54,213,175
12,47,176,153
12,25,228,86
12,51,208,160
12,37,246,143
12,32,52,128
12,46,41,176
12,43,99,157
12,56,140,195
12,51,82,188
12,11,185,61
12,8,19,88
12,53,37,219
12,5,214,49
12,52,69,198
12,18,235,71
12,58,115,241
12,32,222,130
12,42,200,136
12,58,240,191
12,30,200,132
12,24,208,113
12,23,146,86
12,12,223,56
12,58,214,220
12,5,25,75
12,41,31,175
12,39,10,162
12,21,189,82
12,20,57,124
12,6,152,76
12,16,89,111
12,36,118,122
12,11,194,84
12,56,177,217
12,35,155,126
12,20,249,98
12,5,199,28
12,24,128,122
12,39,208,153
12,49,149,197
12,5,97,88
12,10,234,84
12,43,241,159
12,14,167,98
12,8,92,102
12,28,18,161
12,39,11,204
12,38,219,173
12,33,172,145
12,7,123,85
12,11,49,109
12,51,214,199
12,13,113,97
12,39,19,204
12,49,178,198
12,5,228,75
12,30,91,155
12,17,116,117
12,32,74,165
12,34,150,155
12,24,79,128
12,21,58,148
12,15,222,93
12,52,188,218
12,56,75,248
12,37,97,172
12,28,44,158
12,20,227,109
12,27,124,159
12,12,144,97
12,42,95,185
12,22,180,118
12,22,187,118
12,5,148,89
12,52,99,229
12,8,23,111
12,18,235,134
12,16,11,168
12,26,173,166
12,37,243,190
12,15,199,100
12,14,92,145
12,7,152,118
12,46,69,214
12,43,46,210
12,32,89,200
12,35,123,180
12,42,186,220
12,30,23,205
12,48,106,214
12,27,114,134
12,44,177,184
12,53,48,242
12,48,124,237
13,52,35,202
13,12,56,81
13,13,85,71
13,32,217,100
13,29,143,98
13,25,181,93
13,47,131,164
13,22,22,120
13,19,47,97
13,5,162,49
13,52,103,177
13,15,117,75
13,39,122,137
13,39,69,144
13,51,11,201
13,44,150,150
13,57,198,194
13,30,81,113
13,21,71,91
13,57,69,212
13,36,196,118
13,36,84,133
13,31,17,143
13,49,38,186
13,34,29,140
13,22,31,102
13,45,80,162
13,23,207,76
13,17,142,75
13,6,106,61
13,7,73,62
13,15,209,59
13,36,98,127
13,46,237,143
13,53,217,173
13,8,136,57
13,25,111,95
13,32,57,125
13,51,214,160
13,24,234,81
13,47,182,153
13,44,160,171
13,51,87,184
13,53,9,227
13,55,171,184
13,21,176,72
13,10,193,56
13,53,40,217
13,40,36,171
13,52,75,196
13,42,203,135
13,42,105,152
13,46,45,172
13,56,143,192
13,8,24,84
13,30,208,128
13,58,243,191
13,38,15,157
13,58,120,237
13,32,230,129
13,18,241,66
13,5,32,71
13,11,230,51
13,23,153,83
13,23,213,113
13,20,62,119
13,20,195,79
13,43,7,178
13,57,217,221
13,5,106,86
13,5,161,69
13,56,185,216
13,37,225,168
13,16,97,106
13,24,133,117
13,10,241,80
13,35,157,119
13,5,210,24
13,12,174,90
13,10,199,80
13,35,121,119
13,39,212,150
13,51,219,199
13,43,248,162
13,27,22,157
13,8,102,96
13,28,134,153
13,33,185,140
13,38,25,198
13,50,185,198
13,58,168,232
13,16,16,97
13,6,130,79
13,34,161,150
13,50,234,189
13,9,57,98
13,30,95,148
13,13,125,95
13,17,124,115
13,49,155,195
13,32,79,160
13,56,84,244
13,22,187,112
13,11,152,92
13,36,103,169
13,21,65,141
13,43,98,185
13,27,49,151
13,15,227,90
13,51,103,233
13,19,232,107
13,18,244,129
13,44,186,223
13,46,76,211
13,15,17,163
13,39,61,180
13,7,31,103
13,49,100,213
13,38,7,244
13,15,202,99
13,26,182,160
13,32,93,195
13,43,52,206
13,34,130,176
13,27,120,131
13,47,129,241
13,48,128,235
13,8,159,116
13,44,184,183
13,52,55,236
13,12,105,135
13,12,98,138
14,53,36,205
14,30,147,101
14,36,77,136
14,46,82,167
14,14,87,74
14,27,183,97
14,33,217,103
14,37,106,128
14,13,60,84
14,23,25,124
14,6,165,51
14,20,5,118
14,20,49,100
14,58,161,198
14,16,118,77
14,53,104,178
14,45,149,153
14,49,134,171
14,52,13,205
14,21,72,93
14,32,18,148
14,5,246,36
14,40,74,149
14,58,69,217
14,40,123,139
14,35,30,143
14,58,197,200
14,50,40,189
14,18,144,78
14,32,84,116
14,38,197,124
14,26,114,98
14,24,207,79
14,10,138,60
14,15,211,58
14,52,92,189
14,23,32,108
14,7,112,63
14,8,78,64
14,54,11,232
14,48,184,157
14,42,248,128
14,43,106,154
14,32,55,128
14,25,236,82
14,52,218,162
14,11,192,57
14,46,236,144
14,52,141,214
14,56,143,193
14,54,43,220
14,54,217,176
14,43,202,138
14,55,171,185
14,45,167,174
14,22,178,76
14,30,208,129
14,54,76,199
14,41,36,172
14,19,245,67
14,12,5,105
14,5,227,46
14,10,27,88
14,40,16,164
14,47,48,175
14,12,232,54
14,40,27,200
14,44,10,182
14,57,219,226
14,24,214,117
14,7,38,75
14,42,58,169
14,21,196,79
14,25,155,87
14,7,109,85
14,33,231,131
14,13,176,90
14,5,153,32
14,56,186,218
14,6,165,71
14,16,100,111
14,10,244,82
14,20,64,121
14,11,204,79
14,36,127,120
14,39,215,151
14,6,213,26
14,33,187,143
14,52,219,204
14,36,160,120
14,51,234,192
14,8,103,103
14,44,247,165
14,7,132,83
14,17,18,101
14,58,167,234
14,18,129,115
14,13,129,97
14,38,228,167
14,10,58,101
14,25,136,118
14,24,90,125
14,50,188,204
14,35,162,154
14,50,161,199
14,23,189,113
14,33,87,163
14,20,234,107
14,29,140,158
14,14,228,91
14,44,104,189
14,38,108,172
14,27,50,152
14,31,101,147
14,12,156,96
14,21,71,142
14,47,77,211
14,53,108,233
14,50,102,218
14,31,98,192
14,15,207,97
14,33,11,195
14,8,33,106
14,44,186,225
14,27,194,163
14,15,19,162
14,8,161,117
14,45,213,178
14,40,69,181
14,44,56,208
14,53,60,240
14,36,137,183
14,50,140,246
14,44,185,187
14,13,99,141
14,27,127,134
14,12,108,137
14,45,124,232
15,31,145,103
15,54,33,208
15,38,75,137
15,38,110,130
15,47,79,169
15,16,88,78
15,29,185,102
15,16,64,91
15,22,5,121
15,35,217,108
15,18,117,84
15,14,166,62
15,22,49,104
15,25,26,127
15,23,72,96
15,7,163,55
15,54,103,182
15,51,138,174
15,8,245,42
15,33,17,151
15,33,86,120
15,46,150,155
15,25,32,112
15,42,121,144
15,36,31,146
15,54,11,210
15,5,195,49
15,26,209,83
15,51,41,193
15,40,197,129
15,42,76,153
15,20,145,83
15,11,135,65
15,45,105,158
15,43,247,131
15,26,239,85
15,18,212,63
15,56,10,238
15,9,77,68
15,54,90,193
15,33,57,132
15,25,119,96
15,10,112,68
15,53,219,165
15,28,109,102
15,48,240,147
15,32,206,129
15,54,141,216
15,13,192,61
15,24,180,79
15,55,215,180
15,50,186,161
15,45,202,143
15,47,172,176
15,41,16,166
15,5,64,64
15,42,37,175
15,55,37,225
15,48,49,179
15,55,77,207
15,34,230,137
15,58,142,200
15,57,172,190
15,8,228,51
15,20,245,69
15,14,230,58
15,46,10,186
15,28,72,109
15,25,216,115
15,27,156,91
15,8,39,79
15,42,27,204
15,18,99,112
15,43,60,172
15,12,30,92
15,15,178,97
15,21,62,124
15,7,167,73
15,7,155,34
15,58,186,221
15,40,229,173
15,53,219,205
15,8,116,89
15,38,125,123
15,12,246,84
15,12,204,82
15,25,142,119
15,7,215,28
15,37,162,125
15,9,106,105
15,37,188,147
15,15,133,99
15,33,112,153
15,18,19,105
15,30,26,162
15,19,127,115
15,34,210,156
15,46,248,167
15,5,241,75
15,40,218,154
15,22,234,110
15,14,157,97
15,5,100,39
15,9,137,89
15,29,57,155
15,24,189,116
15,10,56,105
15,36,89,165
15,52,190,209
15,37,167,159
15,51,159,202
15,28,188,165
15,40,109,176
15,16,231,98
15,8,191,95
15,52,101,218
15,30,141,159
15,15,207,101
15,23,69,147
15,33,99,192
15,36,14,196
15,46,185,228
15,53,206,229
15,46,125,231
15,12,164,124
15,38,249,191
15,42,68,186
15,17,25,165
15,8,33,107
15,46,56,213
15,56,62,245
15,38,139,185
15,15,107,142
15,15,100,146
15,46,185,192
15,29,129,137
16,30,140,118
16,51,29,220
16,44,74,182
16,36,109,144
16,27,182,113
16,36,71,147
16,58,123,222
16,58,154,213
16,15,82,90
16,32,216,118
16,20,44,116
16,12,163,73
16,48,132,185
16,40,118,157
16,14,56,104
16,17,112,96
16,6,158,66
16,21,66,108
16,31,83,133
16,23,21,142
16,44,146,167
16,7,244,53
16,51,96,192
16,31,11,164
16,34,26,159
16,23,27,127
16,19,146,96
16,24,238,95
16,49,39,205
16,8,71,82
16,38,192,142
16,16,209,74
16,10,130,76
16,57,60,233
16,52,138,228
16,39,70,165
16,53,9,225
16,41,241,140
16,52,83,205
16,45,233,156
16,24,208,94
16,31,52,148
16,27,105,116
16,48,181,175
16,43,101,171
16,51,216,176
16,45,170,189
16,52,207,191
16,8,106,79
16,40,34,189
16,11,189,71
16,39,12,182
16,42,197,154
16,46,45,188
16,53,72,220
16,52,33,236
16,22,176,91
16,6,224,59
16,18,244,79
16,58,240,209
16,56,215,236
16,33,162,130
16,55,167,203
16,44,7,197
16,26,66,122
16,12,226,69
16,55,139,212
16,31,228,148
16,28,203,144
16,21,196,95
16,7,36,92
16,40,22,217
16,24,141,130
16,10,26,106
16,40,55,183
16,5,154,46
16,13,177,107
16,11,244,92
16,16,96,122
16,36,121,135
16,7,114,98
16,37,143,150
16,51,214,216
16,18,56,136
16,22,214,130
16,10,200,91
16,8,109,117
16,35,185,164
16,30,109,163
16,34,93,176
16,56,185,235
16,50,233,208
16,38,213,164
16,7,139,96
16,44,242,174
16,57,166,247
16,16,15,118
16,32,207,167
16,28,26,174
16,49,188,223
16,48,156,215
16,17,124,129
16,19,232,120
16,38,230,181
16,12,158,106
16,13,133,112
16,27,57,165
16,46,106,208
16,23,85,139
16,34,163,170
16,14,230,110
16,38,109,188
16,29,138,175
16,6,185,102
16,43,119,246
16,13,207,112
16,29,165,148
16,27,188,179
16,21,187,128
16,50,99,235
16,51,203,240
16,44,182,241
16,21,194,130
16,19,66,155
16,26,248,126
16,10,163,137
16,15,20,176
16,33,11,207
16,12,104,153
16,38,246,207
16,44,185,204
16,37,139,199
16,30,100,200
16,27,129,146
16,42,63,219
17,52,33,223
17,31,140,120
17,17,87,91
17,29,187,116
17,19,116,98
17,13,168,75
17,8,161,68
17,33,220,118
17,46,78,182
17,23,71,110
17,49,134,187
17,37,110,147
17,22,48,120
17,25,24,145
17,38,74,151
17,41,121,157
17,5,191,53
17,52,101,195
17,36,29,162
17,8,243,54
17,46,147,171
17,25,31,129
17,54,12,228
17,12,133,78
17,33,84,136
17,33,14,168
17,25,242,96
17,10,75,83
17,39,194,145
17,41,244,141
17,52,143,231
17,21,149,98
17,51,45,207
17,49,185,176
17,53,88,207
17,45,105,172
17,54,38,240
17,11,110,82
17,6,68,76
17,17,211,74
17,38,142,154
17,41,77,168
17,33,165,129
17,46,175,189
17,46,237,157
17,54,212,193
17,25,212,95
17,42,37,192
17,10,10,105
17,25,118,109
17,56,169,204
17,28,106,118
17,25,182,96
17,12,196,70
17,41,18,184
17,52,220,179
17,55,74,221
17,44,202,156
17,57,218,236
17,32,53,153
17,14,62,98
17,47,52,191
17,7,226,60
17,46,13,201
17,14,181,106
17,28,69,123
17,9,40,93
17,32,232,151
17,30,202,144
17,19,248,79
17,57,139,214
17,41,29,219
17,13,228,68
17,5,74,96
17,23,200,98
17,13,246,92
17,13,30,109
17,6,159,45
17,5,86,74
17,56,187,231
17,37,124,136
17,17,100,123
17,5,117,65
17,24,217,132
17,19,58,137
17,25,146,132
17,39,216,164
17,12,203,94
17,5,217,36
17,13,159,107
17,32,110,162
17,29,31,174
17,52,217,215
17,8,123,103
17,10,112,118
17,19,127,132
17,32,210,168
17,9,144,97
17,35,97,177
17,14,137,114
17,51,236,208
17,58,169,248
17,37,190,170
17,39,230,182
17,30,141,175
17,6,190,99
17,18,18,120
17,44,247,173
17,48,110,214
17,23,86,140
17,9,56,112
17,52,199,241
17,36,169,173
17,28,60,169
17,16,232,109
17,49,159,216
17,29,191,185
17,40,109,192
17,30,167,149
17,54,111,250
17,15,211,113
17,22,191,131
17,20,66,154
17,48,169,214
17,21,236,125
17,37,140,203
17,35,19,207
17,44,119,249
17,13,167,142
17,15,19,179
17,13,107,156
17,39,249,210
17,44,187,207
17,31,105,205
17,45,214,194
17,6,214,80
17,53,247,243
17,28,130,146
17,30,41,219
17,44,58,222
17,23,10,176
18,53,36,229
18,32,140,124
18,18,83,98
18,31,189,121
18,20,116,102
18,10,161,71
18,51,135,193
18,6,192,60
18,27,26,153
18,15,170,80
18,42,122,163
18,35,219,124
18,23,46,125
18,39,72,154
18,25,72,116
18,39,110,152
18,34,18,175
18,41,195,152
18,54,101,200
18,5,12,104
18,38,30,169
18,6,137,63
18,13,131,83
18,27,31,136
18,47,148,176
18,22,147,103
18,11,73,88
18,7,67,81
18,34,81,141
18,35,162,131
18,10,245,57
18,55,88,213
18,42,75,173
18,33,50,155
18,11,10,109
18,55,13,233
18,26,243,100
18,19,214,78
18,47,84,188
18,52,49,215
18,50,186,180
18,45,104,177
18,27,212,100
18,46,174,195
18,42,245,146
18,55,214,197
18,39,141,162
18,53,142,235
18,43,41,199
18,55,40,247
18,12,107,87
18,48,241,165
18,30,104,124
18,47,16,206
18,14,195,73
18,53,218,182
18,48,55,198
18,27,183,102
18,42,22,192
18,57,172,207
18,43,60,189
18,45,204,161
18,8,226,62
18,14,227,70
18,14,60,107
18,29,72,129
18,56,77,229
18,42,29,227
18,14,30,115
18,58,140,218
18,10,41,98
18,34,230,158
18,38,126,142
18,57,219,237
18,31,202,147
18,26,148,135
18,16,183,107
18,20,248,82
18,15,246,94
18,29,35,179
18,6,85,79
18,7,160,48
18,13,207,98
18,6,80,105
18,40,215,172
18,7,116,71
18,56,185,234
18,52,215,218
18,10,122,108
18,24,216,141
18,10,113,124
18,33,209,175
18,15,139,118
18,17,103,125
18,6,218,38
18,18,59,140
18,20,128,133
18,36,97,181
18,19,36,156
18,10,148,100
18,38,192,176
18,19,18,125
18,51,236,210
18,39,230,191
18,32,113,165
18,15,163,110
18,29,61,173
18,8,193,103
18,18,234,109
18,50,159,220
18,24,88,143
18,31,192,192
18,37,170,181
18,48,110,216
18,40,112,195
18,50,112,245
18,52,203,248
18,6,227,118
18,24,191,138
18,31,140,183
18,22,237,131
18,31,167,151
18,5,162,105
18,49,170,217
18,20,69,158
18,38,141,211
18,17,216,118
18,40,246,216
18,5,36,119
18,46,189,249
18,17,23,184
18,15,107,161
18,15,168,148
18,29,131,151
18,7,214,83
18,32,102,205
18,30,45,220
18,46,57,234
18,44,188,214
18,24,13,180
19,53,34,232
19,12,159,75
19,19,83,103
19,33,139,129
19,21,115,106
19,29,26,160
19,37,224,129
19,17,60,111
19,32,190,125
19,43,196,157
19,52,134,200
19,24,42,130
19,17,171,85
19,7,12,109
19,55,101,207
19,25,72,114
19,47,98,194
19,44,121,169
19,39,28,175
19,9,183,65
19,43,77,181
19,48,146,182
19,14,129,86
19,40,73,159
19,8,136,69
19,40,111,157
19,35,82,147
19,13,12,115
19,6,207,61
19,28,30,143
19,48,70,199
19,47,106,183
19,24,145,108
19,13,73,93
19,9,65,86
19,27,242,104
19,19,216,79
19,52,48,218
19,52,185,187
19,24,61,127
19,11,247,60
19,56,12,239
19,49,53,204
19,14,104,92
19,44,249,150
19,15,195,77
19,55,89,218
19,35,14,182
19,49,241,168
19,44,43,204
19,15,228,71
19,28,212,102
19,28,183,107
19,32,61,153
19,31,102,129
19,56,216,203
19,43,61,194
19,28,117,118
19,53,144,240
19,48,14,213
19,44,20,200
19,58,173,212
19,54,215,187
19,47,208,166
19,40,139,163
19,15,31,119
19,57,74,233
19,12,40,104
19,37,161,137
19,43,30,232
19,31,208,150
19,35,232,159
19,8,162,50
19,21,249,85
19,26,200,107
19,16,186,109
19,46,172,197
19,7,85,82
19,39,229,193
19,39,126,145
19,8,114,73
19,15,245,97
19,27,149,137
19,31,35,185
19,14,208,100
19,34,204,174
19,36,43,165
19,7,81,110
19,41,217,174
19,26,219,140
19,57,220,238
19,53,217,220
19,30,74,133
19,57,185,241
19,18,103,128
19,19,57,145
19,7,216,42
19,21,37,164
19,10,5,142
19,31,61,179
19,52,237,214
19,12,122,111
19,21,126,138
19,11,149,103
19,16,166,110
19,38,187,177
19,16,142,121
19,32,111,167
19,32,141,190
19,20,18,131
19,45,241,183
19,35,97,180
19,25,83,147
19,9,194,108
19,51,109,245
19,39,168,184
19,50,170,227
19,8,230,122
19,31,165,153
19,19,235,114
19,36,22,220
19,22,67,162
19,51,160,224
19,40,140,215
19,49,109,222
19,5,164,106
19,18,215,122
19,16,107,164
19,6,42,155
19,23,247,136
19,6,32,120
19,31,197,193
19,43,240,226
19,17,172,154
19,19,25,190
19,8,213,84
19,25,16,186
19,46,63,238
19,33,93,218
19,32,186,196
19,31,46,225
19,46,210,199
19,30,107,203
19,44,184,217
20,55,35,237
20,19,84,104
20,33,192,129
20,37,227,132
20,34,140,131
20,50,66,199
20,13,160,80
20,44,195,160
20,30,25,160
20,22,114,109
20,47,98,196
20,53,134,203
20,44,76,182
20,18,174,90
20,55,100,208
20,26,72,117
20,29,32,147
20,49,149,184
20,25,43,134
20,11,181,71
20,50,52,208
20,40,28,178
20,35,13,183
20,8,14,112
20,36,83,150
20,18,64,116
20,7,212,65
20,9,137,73
20,45,122,173
20,15,131,90
20,40,70,162
20,55,87,218
20,20,221,82
20,52,184,186
20,24,145,110
20,53,48,224
20,28,245,107
20,41,112,159
20,57,11,243
20,10,64,90
20,50,245,173
20,32,60,151
20,47,107,183
20,15,106,93
20,57,219,205
20,30,183,113
20,12,250,64
20,24,59,128
20,54,215,188
20,28,215,104
20,32,103,133
20,49,15,216
20,29,119,121
20,16,200,82
20,45,21,203
20,32,199,152
20,37,42,170
20,48,207,169
20,6,173,59
20,58,175,213
20,58,75,236
20,42,145,169
20,16,31,121
20,30,160,115
20,44,30,234
20,8,86,85
20,5,139,62
20,27,201,111
20,30,75,135
20,35,230,161
20,13,39,108
20,58,225,235
20,31,36,186
20,47,172,198
20,37,162,137
20,18,190,114
20,26,150,137
20,40,127,147
20,42,217,176
20,40,229,194
20,57,186,243
20,10,114,76
20,27,221,148
20,53,217,221
20,17,246,103
20,53,141,242
20,33,110,168
20,22,36,164
20,10,246,102
20,19,105,131
20,14,211,105
20,8,218,44
20,8,84,112
20,52,236,215
20,20,59,147
20,5,142,91
20,12,151,108
20,31,62,179
20,52,190,227
20,22,128,140
20,37,97,182
20,11,5,146
20,18,168,115
20,38,190,178
20,38,168,185
20,31,194,196
20,34,205,177
20,20,17,133
20,17,143,124
20,10,235,126
20,26,84,150
20,12,131,113
20,50,171,229
20,49,106,222
20,20,235,115
20,8,47,160
20,10,194,112
20,52,108,245
20,40,139,220
20,42,249,225
20,25,74,165
20,7,166,109
20,17,111,163
20,31,158,153
20,37,23,221
20,7,32,124
20,19,218,127
20,32,141,189
20,20,28,195
20,20,175,162
20,30,108,201
20,32,133,156
20,26,20,187
20,35,87,225
20,46,65,238
20,46,209,201
20,45,209,144
21,38,229,135
21,56,39,243
21,34,198,132
21,20,87,108
21,34,143,134
21,15,162,84
21,48,103,199
21,31,29,165
21,12,182,72
21,45,195,164
21,31,36,152
21,51,71,204
21,45,79,185
21,23,116,113
21,26,45,139
21,26,75,120
21,27,6,157
21,19,174,93
21,5,249,54
21,55,101,213
21,36,85,156
21,54,135,209
21,7,215,66
21,41,31,182
21,11,138,77
21,51,152,192
21,14,77,99
21,9,16,115
21,35,15,185
21,51,56,215
21,21,225,85
21,25,144,114
21,16,130,92
21,41,116,161
21,19,66,118
21,47,108,185
21,11,68,92
21,45,126,175
21,56,90,224
21,15,14,125
21,53,52,227
21,33,106,136
21,16,107,98
21,57,12,245
21,41,73,166
21,50,250,175
21,16,234,76
21,33,62,156
21,52,185,189
21,31,186,117
21,29,247,109
21,51,20,222
21,29,218,107
21,7,140,67
21,32,198,154
21,54,218,190
21,57,223,207
21,25,62,134
21,17,203,85
21,10,89,87
21,14,43,113
21,48,176,200
21,7,173,63
21,18,32,125
21,31,77,138
21,30,161,118
21,53,164,231
21,45,32,237
21,48,214,171
21,5,66,76
21,9,167,53
21,58,224,239
21,5,103,69
21,46,22,209
21,27,152,141
21,38,167,138
21,39,46,176
21,11,250,102
21,36,229,163
21,19,189,117
21,5,180,88
21,28,203,115
21,44,150,172
21,27,219,151
21,40,131,149
21,11,116,81
21,32,39,189
21,15,216,108
21,17,246,105
21,41,231,199
21,23,41,166
21,13,133,119
21,19,108,135
21,8,218,46
21,58,189,245
21,54,219,223
21,34,112,174
21,9,88,114
21,6,144,95
21,53,144,248
21,53,191,229
21,21,63,150
21,21,128,140
21,12,8,147
21,12,155,113
21,33,67,184
21,34,210,180
21,17,33,99
21,52,239,217
21,22,21,140
21,33,191,202
21,39,108,191
21,12,240,132
21,18,169,121
21,39,190,181
21,40,168,184
21,27,91,153
21,42,123,200
21,27,79,168
21,16,142,132
21,38,6,225
21,32,146,192
21,50,111,227
21,21,238,119
21,30,240,154
21,20,220,127
21,7,170,111
21,19,113,170
21,31,160,156
21,8,60,166
21,21,180,165
21,38,29,223
21,20,33,199
21,41,142,222
21,31,132,159
21,26,23,188
21,47,211,202
21,30,103,206
21,47,58,246
22,38,231,137
22,56,38,248
22,21,87,112
22,35,197,135
22,16,164,85
22,29,7,161
22,33,31,170
22,36,144,138
22,32,40,157
22,46,78,188
22,28,75,125
22,49,102,200
22,25,116,119
22,45,197,166
22,20,175,95
22,36,16,189
22,27,45,143
22,37,88,158
22,42,32,187
22,15,79,102
22,22,226,87
22,51,54,217
22,11,19,121
22,17,130,95
22,52,154,195
22,54,134,210
22,11,141,78
22,26,144,117
22,41,120,165
22,56,102,218
22,16,14,128
22,45,126,179
22,9,216,65
22,20,67,118
22,47,108,187
22,13,185,73
22,12,71,95
22,29,249,111
22,33,107,140
22,18,109,100
22,57,91,232
22,52,72,210
22,26,65,139
22,42,75,169
22,57,10,250
22,30,218,110
22,18,236,80
22,54,52,232
22,32,186,118
22,8,142,68
22,52,187,193
22,18,204,86
22,34,64,159
22,8,177,64
22,51,20,227
22,54,218,192
22,45,66,202
22,46,23,213
22,57,223,208
22,47,178,202
22,11,90,90
22,12,237,70
22,49,215,174
22,31,159,122
22,28,155,143
22,20,110,138
22,46,33,240
22,37,233,166
22,39,45,180
22,32,76,141
22,18,33,130
22,32,209,157
22,39,171,138
22,58,222,240
22,29,202,117
22,14,44,115
22,45,153,174
22,6,103,72
22,7,116,105
22,9,169,53
22,57,188,247
22,19,249,106
22,6,66,77
22,41,131,153
22,12,117,84
22,20,192,119
22,52,164,234
22,22,40,165
22,33,40,194
22,8,148,98
22,21,63,151
22,28,222,150
22,9,217,48
22,10,91,118
22,16,217,106
22,53,140,249
22,14,134,121
22,22,135,145
22,55,214,225
22,34,202,179
22,41,231,201
22,39,104,198
22,52,190,229
22,42,219,180
22,34,69,187
22,34,114,184
22,6,182,92
22,26,200,146
22,14,156,116
22,39,192,180
22,23,22,146
22,5,77,121
22,52,239,220
22,18,35,101
22,11,74,123
22,27,91,156
22,39,10,229
22,33,201,203
22,13,10,151
22,19,173,127
22,18,145,133
22,14,242,136
22,5,7,134
22,43,122,209
22,27,78,170
22,40,165,189
22,20,224,125
22,19,114,176
22,22,241,126
22,51,113,233
22,29,242,158
22,32,165,158
22,22,33,203
22,9,53,171
22,12,198,115
22,33,143,194
22,22,6,180
22,22,183,169
22,31,131,159
22,45,249,239
22,25,20,190
22,39,141,220
22,46,217,149
23,34,32,172
23,39,231,138
23,5,21,89
23,36,198,136
23,16,165,86
23,26,114,120
23,47,77,190
23,29,75,127
23,34,41,160
23,23,88,114
23,57,102,221
23,46,199,167
23,30,6,164
23,28,48,142
23,43,31,189
23,38,146,143
23,22,177,98
23,38,94,162
23,37,19,190
23,54,136,209
23,50,106,202
23,13,143,81
23,26,144,116
23,5,10,98
23,53,160,198
23,6,42,94
23,10,217,67
23,24,228,91
23,19,131,97
23,12,20,122
23,58,92,236
23,16,82,107
23,18,108,103
23,46,128,180
23,5,198,53
23,34,109,142
23,41,122,166
23,52,56,219
23,47,110,187
23,20,68,120
23,13,71,96
23,18,17,132
23,29,67,143
23,42,78,172
23,52,75,212
23,55,53,235
23,31,250,113
23,46,66,204
23,31,222,112
23,53,191,196
23,34,186,121
23,52,20,232
23,57,226,208
23,55,222,193
23,20,205,89
23,10,181,66
23,47,180,201
23,47,37,243
23,13,235,70
23,12,90,92
23,33,77,144
23,50,218,175
23,9,143,70
23,32,158,123
23,20,35,133
23,15,186,77
23,41,50,185
23,21,110,141
23,47,22,217
23,16,45,118
23,34,209,157
23,39,171,137
23,29,156,146
23,58,224,243
23,35,64,159
23,31,206,119
23,14,179,101
23,42,230,201
23,7,67,78
23,37,234,167
23,30,226,149
23,47,157,179
23,10,170,53
23,8,104,75
23,20,250,108
23,24,41,166
23,10,153,98
23,9,120,106
23,58,188,246
23,42,134,155
23,18,221,107
23,14,116,86
23,10,92,116
23,14,134,126
23,22,195,121
23,53,171,238
23,23,65,154
23,35,69,193
23,10,219,48
23,54,215,224
23,23,139,149
23,36,114,182
23,52,191,228
23,35,204,184
23,40,193,181
23,34,39,198
23,35,201,209
23,53,236,218
23,11,107,65
23,46,248,190
23,25,27,152
23,12,76,127
23,27,205,149
23,15,159,119
23,40,110,202
23,7,187,91
23,23,243,119
23,19,34,102
23,15,245,137
23,7,13,139
23,28,92,156
23,11,138,109
23,18,146,137
23,40,162,190
23,13,9,154
23,45,145,200
23,39,11,229
23,45,126,211
23,20,177,129
23,48,149,242
23,21,227,126
23,29,81,175
23,34,167,163
23,22,110,177
23,30,243,156
23,33,141,196
23,14,203,115
23,5,206,89
23,10,61,170
23,23,31,207
23,5,199,121
23,38,35,228
23,23,7,183
23,44,72,223
23,23,176,171
23,31,131,162
23,47,210,202
23,26,20,194
23,40,142,224
23,33,106,219
24,36,34,177
24,37,197,140
24,7,24,95
24,40,231,141
24,18,165,90
24,27,115,123
24,24,88,118
24,29,74,131
24,31,7,170
24,40,149,149
24,47,199,171
24,36,45,168
24,48,79,194
24,43,33,193
24,55,139,212
24,29,49,148
24,57,104,223
24,24,177,102
24,6,10,102
24,39,20,196
24,6,200,56
24,20,132,101
24,50,107,204
24,52,55,221
24,15,71,100
24,43,124,170
24,14,142,84
24,20,110,108
24,14,23,127
24,40,96,166
24,28,144,122
24,8,45,97
24,47,131,183
24,11,217,69
24,49,114,191
24,54,163,201
24,31,68,148
24,22,67,126
24,43,79,177
24,19,16,138
24,56,56,242
24,54,194,198
24,32,224,115
24,25,228,94
24,21,236,85
24,35,111,146
24,17,188,80
24,5,148,65
24,35,189,123
24,11,183,67
24,53,21,237
24,48,69,209
24,11,143,74
24,56,223,194
24,57,224,207
24,49,181,209
24,22,205,91
24,14,237,72
24,50,222,175
24,14,91,96
24,19,46,122
24,22,34,138
24,8,68,82
24,47,40,249
24,54,77,220
24,43,51,191
24,48,26,222
24,42,233,203
24,16,181,104
24,33,160,126
24,12,92,119
24,35,80,150
24,40,170,141
24,36,62,161
24,10,104,80
24,12,154,103
24,11,170,55
24,26,41,171
24,16,138,126
24,23,114,146
24,43,136,158
24,16,117,89
24,24,200,124
24,36,203,185
24,41,185,152
24,31,224,153
24,32,207,121
24,35,214,161
24,8,86,129
24,9,120,110
24,58,225,241
24,31,159,153
24,29,97,131
24,35,37,204
24,11,220,50
24,10,186,94
24,5,65,105
24,36,71,196
24,38,237,169
24,19,223,111
24,49,162,184
24,37,114,190
24,13,77,131
24,12,106,68
24,27,27,157
24,54,217,228
24,16,159,125
24,25,141,153
24,20,36,103
24,17,120,134
24,52,192,233
24,43,6,203
24,54,164,239
24,28,94,158
24,17,249,139
24,28,206,154
24,9,15,141
24,24,244,122
24,6,206,121
24,14,11,157
24,21,186,135
24,32,244,155
24,54,173,245
24,44,59,235
24,45,126,217
24,34,143,205
24,22,112,178
24,36,168,167
24,35,202,207
24,20,148,139
24,29,76,178
24,53,113,240
24,8,206,90
24,6,137,138
24,41,164,198
24,22,229,129
24,40,16,234
24,40,37,231
24,12,53,173
24,23,8,188
24,5,160,122
24,23,33,209
24,46,78,228
24,39,104,246
24,23,181,171
24,33,132,172
24,48,213,208
24,28,20,198
24,47,215,151
25,8,26,100
25,39,200,148
25,37,34,182
25,5,158,56
25,29,116,130
25,19,168,95
25,32,8,175
25,41,232,146
25,41,152,157
25,47,203,176
25,30,75,136
25,58,106,229
25,39,22,201
25,45,34,199
25,15,25,133
25,37,48,176
25,49,83,199
25,29,52,150
25,15,72,103
25,25,91,123
25,12,218,73
25,42,96,171
25,24,177,105
25,56,140,218
25,8,12,108
25,9,47,102
25,21,109,113
25,25,228,97
25,55,167,207
25,15,141,89
25,21,133,105
25,49,116,195
25,7,202,59
25,19,83,117
25,43,127,177
25,54,58,232
25,51,109,209
25,21,19,145
25,23,72,130
25,44,78,185
25,36,112,153
25,32,69,152
25,6,151,69
25,5,47,87
25,33,223,122
25,29,144,127
25,54,197,202
25,48,136,191
25,57,57,250
25,58,226,213
25,54,22,241
25,9,70,87
25,36,186,130
25,56,224,199
25,49,26,228
25,13,186,72
25,51,227,180
25,55,78,224
25,36,63,163
25,15,239,75
25,49,70,216
25,23,207,97
25,15,93,100
25,17,189,84
25,44,53,193
25,48,185,209
25,23,38,144
25,43,238,208
25,35,214,168
25,11,106,85
25,33,163,131
25,20,53,128
25,17,183,107
25,24,116,152
25,32,226,155
25,58,223,240
25,40,170,146
25,18,139,129
25,36,83,155
25,44,138,163
25,24,202,130
25,26,45,176
25,17,118,97
25,33,207,127
25,34,6,213
25,9,86,135
25,7,116,82
25,12,219,55
25,9,119,113
25,6,245,75
25,6,66,109
25,12,155,107
25,38,239,170
25,41,200,193
25,49,164,188
25,32,159,163
25,25,70,162
25,31,98,137
25,18,120,139
25,37,41,209
25,20,224,119
25,13,106,72
25,8,21,146
25,28,30,164
25,37,74,200
25,52,239,223
25,26,140,158
25,14,77,139
25,38,214,185
25,38,117,201
25,44,10,208
25,16,161,128
25,29,205,158
25,25,247,124
25,6,207,125
25,28,95,161
25,21,152,143
25,40,16,240
25,46,130,222
25,43,111,217
25,8,141,138
25,54,172,238
25,22,185,139
25,39,163,191
25,13,183,122
25,41,36,237
25,53,113,243
25,30,74,182
25,23,229,136
25,9,209,95
25,51,197,238
25,25,12,191
25,13,54,178
25,23,112,184
25,7,166,128
25,7,165,93
25,25,187,177
25,46,77,232
25,35,207,211
25,24,39,212
25,48,216,213
25,39,108,249
25,35,144,214
25,34,132,179
25,29,26,207
25,47,216,154
26,38,33,183
26,9,28,103
26,6,160,60
26,20,169,98
26,39,198,150
26,29,115,132
26,33,8,177
26,41,232,148
26,30,53,153
26,30,76,137
26,40,24,203
26,25,92,124
26,25,179,106
26,42,97,173
26,41,153,159
26,45,34,200
26,15,72,105
26,16,20,137
26,21,110,114
26,49,204,182
26,19,83,118
26,23,137,109
26,38,53,180
26,9,14,109
26,26,230,99
26,12,214,73
26,58,109,233
26,55,138,218
26,7,200,59
26,21,19,147
26,22,237,92
26,33,71,157
26,44,127,179
26,23,73,129
26,15,143,91
26,33,223,121
26,54,57,236
26,10,50,102
26,50,117,198
26,7,152,72
26,49,82,202
26,30,144,130
26,56,168,212
26,5,90,74
26,44,78,188
26,27,6,166
26,49,137,194
26,23,204,97
26,54,19,244
26,36,112,154
26,9,69,87
26,51,110,211
26,18,189,85
26,34,125,141
26,50,46,225
26,49,26,231
26,55,197,207
26,16,94,102
26,14,187,73
26,56,80,227
26,36,186,131
26,51,226,181
26,15,235,76
26,24,39,148
26,12,142,79
26,56,224,201
26,32,226,155
26,44,53,195
26,17,121,97
26,12,106,85
26,24,118,151
26,34,162,133
26,37,84,159
26,34,208,130
26,10,89,140
26,20,52,127
26,49,185,213
26,39,118,198
26,17,136,128
26,24,199,132
26,17,183,111
26,36,211,168
26,44,139,166
26,41,170,149
26,38,239,170
26,58,225,244
26,41,198,198
26,49,72,221
26,28,47,181
26,41,183,160
26,18,121,137
26,6,244,75
26,20,224,119
26,6,67,113
26,12,219,55
26,9,122,119
26,43,238,209
26,29,30,168
26,50,166,192
26,24,69,161
26,37,42,212
26,36,7,220
26,12,155,109
26,27,140,157
26,44,228,189
26,54,214,232
26,17,77,143
26,32,160,162
26,10,190,103
26,53,170,233
26,7,208,127
26,17,160,126
26,51,195,241
26,37,74,203
26,28,95,162
26,37,214,188
26,33,244,156
26,21,34,110
26,22,151,143
26,8,21,145
26,25,245,128
26,43,110,224
26,52,238,225
26,36,167,174
26,45,57,243
26,39,161,191
26,19,247,148
26,46,133,225
26,8,138,142
26,22,179,142
26,41,16,244
26,47,158,212
26,23,227,135
26,41,37,237
26,29,72,183
26,26,12,193
26,9,209,98
26,53,114,246
26,26,188,179
26,35,143,216
26,36,203,219
26,14,59,182
26,9,163,135
26,20,104,184
26,24,125,187
26,48,216,213
26,34,133,180
26,23,29,213
27,39,34,185
27,8,164,63
27,22,171,102
27,43,232,152
27,35,9,181
27,40,197,152
27,25,138,114
27,31,117,137
27,41,25,206
27,40,54,186
27,43,98,178
27,10,29,106
27,31,75,140
27,31,50,153
27,58,108,234
27,18,140,95
27,43,156,165
27,46,34,206
27,17,72,109
27,26,182,108
27,50,205,184
27,10,12,113
27,17,19,140
27,27,92,127
27,23,18,149
27,5,182,54
27,35,69,159
27,8,202,60
27,56,137,221
27,55,55,240
27,24,239,95
27,21,82,119
27,13,213,74
27,50,80,207
27,24,71,133
27,45,126,182
27,50,114,200
27,12,51,104
27,23,109,118
27,32,146,134
27,6,66,77
27,9,153,75
27,51,138,196
27,35,225,125
27,57,167,215
27,7,88,82
27,36,125,146
27,38,112,159
27,25,38,151
27,29,7,167
27,51,24,237
27,57,78,230
27,45,73,193
27,37,185,132
27,25,210,101
27,5,121,75
27,20,193,88
27,52,108,215
27,55,19,249
27,56,194,209
27,33,221,158
27,57,219,204
27,18,95,109
27,15,187,76
27,22,52,128
27,52,226,186
27,17,44,116
27,11,69,89
27,16,235,78
27,13,106,87
27,14,143,83
27,35,163,135
27,19,119,100
27,38,84,160
27,12,87,138
27,18,133,128
27,25,118,151
27,47,54,199
27,34,207,131
27,14,86,127
27,45,139,169
27,7,245,51
27,39,234,171
27,42,170,150
27,25,195,134
27,34,163,164
27,55,213,233
27,7,244,78
27,42,199,205
27,29,48,181
27,39,43,214
27,43,236,208
27,14,155,111
27,40,118,202
27,53,167,231
27,7,68,115
27,45,225,190
27,21,224,122
27,10,119,117
27,43,183,165
27,35,209,173
27,13,219,56
27,18,80,149
27,29,139,159
27,40,160,194
27,51,164,193
27,26,71,164
27,37,8,223
27,30,31,171
27,19,120,140
27,24,150,145
27,21,245,153
27,10,20,150
27,11,188,106
27,52,240,225
27,42,15,246
27,46,12,219
27,24,177,141
27,26,245,132
27,17,18,165
27,19,158,129
27,8,208,127
27,30,94,165
27,29,71,186
27,44,109,227
27,38,169,177
27,46,58,248
27,52,197,241
27,47,156,217
27,34,240,157
27,24,225,136
27,38,75,205
27,6,226,95
27,28,14,193
27,9,129,144
27,46,133,228
27,43,35,242
27,26,128,193
27,38,213,193
27,10,211,101
27,27,188,184
27,15,62,187
27,15,54,145
27,6,76,155
27,10,160,138
27,14,179,128
27,36,134,182
27,38,202,223
27,49,216,216
27,30,20,214
27,35,148,210
27,42,150,237
27,38,215,223
28,40,37,186
28,10,168,65
28,5,39,88
28,44,236,154
28,23,175,103
28,45,99,181
28,41,200,153
28,19,145,97
28,35,9,184
28,32,119,138
28,41,57,189
28,31,54,153
28,6,185,56
28,32,78,140
28,28,96,130
28,25,79,129
28,23,87,119
28,51,207,186
28,26,143,116
28,58,109,235
28,24,58,130
28,45,157,168
28,24,20,149
28,42,27,208
28,52,138,200
28,46,37,208
28,27,189,109
28,57,139,223
28,19,74,111
28,11,15,110
28,19,22,141
28,57,58,246
28,49,81,205
28,12,32,109
28,5,101,66
28,9,204,59
28,10,156,75
28,36,73,161
28,8,67,79
28,50,114,199
28,24,244,92
28,46,125,186
28,46,70,195
28,9,91,83
28,57,196,212
28,25,115,122
28,14,54,109
28,58,79,233
28,15,215,74
28,29,9,169
28,53,47,232
28,33,149,135
28,28,235,103
28,26,37,149
28,16,147,84
28,19,97,108
28,36,229,127
28,26,209,102
28,16,188,78
28,17,238,78
28,58,220,205
28,37,186,132
28,39,114,161
28,51,26,240
28,52,111,216
28,21,199,89
28,15,111,90
28,7,126,77
28,12,72,93
28,54,230,188
28,21,125,103
28,48,54,200
28,33,225,163
28,14,88,125
28,8,247,53
28,37,165,140
28,36,212,135
28,27,200,137
28,26,119,153
28,46,140,171
28,39,86,161
28,43,238,211
28,37,210,171
28,12,90,137
28,8,248,77
28,20,138,130
28,22,227,125
28,43,173,153
28,8,72,115
28,15,157,113
28,41,237,176
28,30,51,184
28,26,72,165
28,54,171,232
28,44,189,166
28,10,123,116
28,20,123,142
28,55,216,232
28,52,164,197
28,38,11,223
28,14,220,56
28,19,83,147
28,45,227,191
28,25,152,144
28,35,164,164
28,29,140,161
28,43,198,202
28,31,35,171
28,41,120,203
28,12,193,105
28,16,108,76
28,10,210,130
28,19,164,131
28,18,19,165
28,29,76,187
28,53,242,227
28,31,97,168
28,25,181,140
28,23,32,113
28,5,41,122
28,22,246,156
28,26,246,134
28,47,59,249
28,50,249,203
28,42,16,245
28,47,15,219
28,44,119,230
28,24,227,140
28,35,240,160
28,40,163,195
28,10,132,146
28,43,34,240
28,53,195,242
28,39,172,178
28,47,160,214
28,11,215,101
28,7,226,91
28,26,123,203
28,39,201,226
28,47,136,227
28,6,17,128
28,11,162,138
28,21,93,196
28,6,199,78
28,15,188,128
28,17,55,149
28,17,62,193
28,38,213,197
28,7,80,159
28,28,189,188
28,49,212,215
28,37,135,180
28,30,24,213
28,35,149,211
28,23,29,217
28,22,38,215
28,50,216,161
28,42,154,237
29,41,38,187
29,42,59,192
29,47,102,183
29,12,173,68
29,37,10,184
29,46,238,155
29,34,124,142
29,25,180,105
29,43,201,155
29,8,41,90
29,21,148,98
29,30,103,134
29,35,80,143
29,53,208,188
29,25,92,122
29,48,161,174
29,30,194,111
29,28,83,132
29,9,189,58
29,29,150,120
29,32,58,154
29,11,210,59
29,26,25,149
29,7,103,69
29,47,70,195
29,20,26,141
29,48,39,211
29,13,158,78
29,54,141,203
29,38,75,165
29,48,127,189
29,12,93,86
29,14,34,112
29,43,28,211
29,52,117,203
29,31,243,108
29,58,196,213
29,21,76,116
29,27,119,122
29,16,219,74
29,5,163,47
29,58,61,248
29,5,80,76
29,35,151,138
29,10,71,80
29,26,250,92
29,12,20,112
29,39,189,134
29,41,116,163
29,31,11,168
29,28,39,149
29,15,56,112
29,53,29,243
29,50,83,209
29,38,233,130
29,27,62,137
29,54,48,233
29,12,51,98
29,54,112,220
29,18,242,78
29,23,205,91
29,35,230,162
29,28,216,103
29,17,116,91
29,56,231,191
29,16,77,96
29,21,100,110
29,23,130,106
29,19,193,80
29,10,250,53
29,39,215,168
29,39,168,142
29,21,50,120
29,10,131,79
29,41,92,163
29,44,239,210
29,49,55,202
29,16,88,128
29,31,49,187
29,37,214,136
29,48,142,175
29,28,202,135
29,42,242,177
29,21,137,130
29,14,194,107
29,13,92,138
29,28,121,155
29,53,165,200
29,16,162,114
29,24,230,125
29,39,17,222
29,45,177,155
29,7,13,100
29,28,75,167
29,22,126,142
29,30,144,159
29,26,155,142
29,10,124,113
29,47,229,192
29,42,53,219
29,10,75,116
29,5,56,63
29,16,224,57
29,20,84,150
29,36,168,166
29,12,212,131
29,23,250,156
29,21,164,129
29,25,34,115
29,17,110,75
29,55,202,240
29,33,36,173
29,44,201,199
29,56,222,236
29,6,143,70
29,5,99,107
29,56,174,236
29,42,123,202
29,18,132,117
29,54,244,227
29,15,27,155
29,23,6,176
29,41,165,195
29,13,133,144
29,30,76,190
29,36,245,163
29,49,17,223
29,39,215,192
29,29,124,201
29,47,59,247
29,32,99,170
29,6,42,122
29,5,168,99
29,41,17,246
29,25,185,143
29,45,124,231
29,21,25,166
29,40,79,205
29,13,216,100
29,40,177,176
29,30,17,196
29,48,166,212
29,41,207,225
29,48,142,222
29,27,230,140
29,37,152,214
29,18,64,195
29,12,161,135
29,18,57,149
29,16,186,129
29,30,192,190
29,10,83,161
29,26,34,219
29,19,230,106
29,31,26,212
29,35,108,236
29,37,140,181
30,42,40,188
30,13,176,68
30,48,101,186
30,47,239,155
30,36,126,143
30,38,10,185
30,44,6,200
30,43,59,193
30,32,106,135
30,23,152,100
30,45,206,156
30,27,184,106
30,8,177,50
30,31,197,112
30,49,72,197
30,27,97,123
30,36,82,144
30,44,25,212
30,10,44,90
30,6,144,53
30,28,28,150
30,55,208,188
30,50,163,177
30,37,155,140
30,14,164,79
30,15,39,113
30,14,96,89
30,32,246,108
30,34,59,157
30,12,214,59
30,10,194,58
30,22,28,142
30,51,6,239
30,30,155,118
30,10,109,73
30,54,117,205
30,29,86,130
30,39,78,167
30,30,42,150
30,55,141,206
30,30,124,126
30,13,75,82
30,40,235,130
30,6,67,82
30,14,24,113
30,49,38,213
30,18,223,76
30,40,190,135
30,17,58,114
30,50,126,191
30,55,51,237
30,43,118,165
30,24,79,117
30,24,209,91
30,5,76,63
30,28,63,137
30,7,85,77
30,42,70,169
30,29,218,102
30,32,11,168
30,20,247,77
30,19,149,85
30,19,8,127
30,18,80,99
30,13,55,100
30,20,196,80
30,22,50,122
30,19,118,94
30,53,192,213
30,57,234,191
30,50,55,205
30,53,30,244
30,6,28,91
30,52,87,211
30,40,219,168
30,56,115,222
30,12,134,80
30,26,133,110
30,41,171,143
30,42,93,165
30,43,246,180
30,23,104,112
30,12,250,54
30,36,235,167
30,30,205,133
30,38,216,134
30,24,142,128
30,17,92,127
30,23,128,145
30,32,51,192
30,28,76,169
30,11,76,116
30,48,177,160
30,29,123,155
30,50,142,178
30,5,205,88
30,55,165,203
30,48,195,168
30,14,96,140
30,43,60,220
30,32,149,160
30,48,230,189
30,25,234,125
30,9,15,101
30,46,243,210
30,42,128,196
30,8,146,71
30,14,215,132
30,57,224,234
30,18,163,115
30,7,58,64
30,37,170,163
30,11,128,115
30,26,35,116
30,34,37,175
30,28,158,145
30,45,122,225
30,18,113,74
30,31,74,189
30,22,87,149
30,24,9,179
30,43,167,191
30,6,102,109
30,56,204,240
30,54,249,225
30,28,234,140
30,27,188,140
30,23,166,128
30,44,204,200
30,22,214,131
30,16,28,157
30,41,81,208
30,8,43,127
30,40,220,193
30,34,100,172
30,15,135,148
30,6,169,97
30,40,28,241
30,41,181,172
30,38,157,211
30,10,232,91
30,22,27,169
30,14,219,105
30,31,16,198
30,41,211,229
30,25,90,195
30,28,38,221
30,49,91,234
30,21,62,196
30,20,60,151
30,18,189,132
30,14,164,136
30,13,85,162
30,5,235,66
30,30,126,208
30,31,196,192
30,38,138,179
30,35,109,231
31,42,40,188
31,14,176,68
31,9,179,51
31,43,7,200
31,48,102,187
31,23,33,145
31,47,245,155
31,37,10,185
31,24,154,102
31,37,129,145
31,7,143,55
31,33,199,116
31,44,62,195
31,32,107,138
31,45,209,156
31,32,246,108
31,45,28,213
31,28,185,109
31,49,73,197
31,16,167,83
31,56,141,206
31,11,47,93
31,35,61,156
31,13,218,59
31,51,164,181
31,28,98,128
31,11,197,59
31,40,237,131
31,39,156,144
31,37,83,145
31,31,127,130
31,15,97,92
31,5,125,67
31,40,74,169
31,7,69,83
31,56,211,192
31,51,5,241
31,31,157,120
31,11,110,77
31,54,116,207
31,17,39,118
31,30,44,152
31,18,221,76
31,25,79,118
31,31,86,134
31,49,38,212
31,9,91,76
31,20,150,89
31,15,25,113
31,54,48,237
31,52,86,214
31,25,214,93
31,14,75,88
31,29,63,136
31,30,219,105
31,19,83,103
31,18,60,118
31,32,13,166
31,21,197,83
31,40,189,137
31,51,57,206
31,40,220,167
31,50,127,192
31,14,56,103
31,20,249,77
31,7,77,66
31,58,236,192
31,21,120,97
31,20,8,130
31,42,172,146
31,44,118,168
31,23,51,122
31,14,137,84
31,39,217,136
31,27,133,111
31,52,196,215
31,24,143,130
31,42,93,165
31,29,206,133
31,8,31,93
31,54,30,247
31,24,106,114
31,56,115,224
31,18,96,129
31,15,196,108
31,45,246,209
31,20,189,115
31,24,131,150
31,30,124,158
31,42,250,182
31,29,76,168
31,11,78,117
31,36,240,167
31,50,140,179
31,48,180,164
31,43,60,221
31,15,98,141
31,17,164,119
31,31,48,192
31,48,234,193
31,5,204,86
31,10,16,101
31,49,199,171
31,34,38,173
31,9,150,74
31,42,131,194
31,32,152,163
31,56,166,205
31,6,103,108
31,26,33,115
31,24,10,180
31,24,167,132
31,40,214,227
31,31,72,190
31,22,87,151
31,28,159,149
31,11,130,117
31,41,221,191
31,36,179,161
31,51,18,226
31,45,122,222
31,25,227,120
31,15,229,134
31,7,169,99
31,44,207,200
31,25,235,123
31,22,33,169
31,48,172,205
31,40,184,173
31,47,60,249
31,34,98,172
31,40,30,241
31,9,46,131
31,56,209,239
31,27,189,142
31,41,82,208
31,28,237,141
31,11,231,90
31,48,149,216
31,37,156,212
31,14,218,106
31,30,9,199
31,14,151,148
31,16,125,158
31,28,36,219
31,9,23,129
31,30,128,209
31,49,92,234
31,6,236,67
31,32,197,194
31,21,59,198
31,20,231,106
31,20,61,152
31,15,167,137
31,38,142,180
31,31,18,216
31,43,166,231
31,13,88,167
31,34,106,230
31,24,100,197
32,43,45,188
32,8,150,54
32,16,185,71
32,48,250,156
32,50,108,189
32,25,161,104
32,47,216,161
32,45,65,197
32,44,13,201
32,38,16,188
32,24,37,145
32,12,186,52
32,17,173,83
32,35,208,119
32,34,114,139
32,29,194,112
32,13,204,61
32,12,55,94
32,5,35,77
32,46,31,214
32,36,71,160
32,57,218,196
32,52,8,243
32,13,118,78
32,18,47,120
32,52,169,184
32,33,93,135
32,7,133,68
32,39,139,146
32,40,163,144
32,16,104,91
32,27,85,119
32,42,246,135
32,9,77,85
32,50,78,199
32,53,95,216
32,38,91,145
32,14,224,61
32,20,228,78
32,57,147,210
32,56,120,210
32,16,34,113
32,32,166,121
32,52,62,208
32,50,41,213
32,31,226,106
32,55,52,240
32,43,73,170
32,6,105,65
32,42,197,140
32,31,48,153
32,41,81,170
32,42,135,157
32,10,99,79
32,26,221,94
32,33,134,130
32,21,155,90
32,20,67,120
32,22,127,99
32,21,91,104
32,25,57,124
32,21,21,132
32,16,63,104
32,41,225,137
32,22,201,83
32,52,133,195
32,34,19,168
32,10,85,69
32,53,202,214
32,43,180,149
32,45,123,170
32,30,66,139
32,15,145,84
32,31,217,134
32,9,38,96
32,28,141,113
32,38,243,167
32,55,34,249
32,44,100,171
32,26,112,114
32,30,81,170
32,19,105,128
32,58,119,227
32,17,204,110
32,12,87,116
32,43,63,221
32,25,138,150
32,50,183,168
32,51,147,180
32,31,131,159
32,51,205,177
32,16,104,139
32,56,171,208
32,25,152,131
32,32,48,193
32,35,44,177
32,7,216,92
32,19,170,118
32,10,160,72
32,49,240,195
32,58,234,235
32,9,178,97
32,43,138,193
32,11,24,104
32,29,167,146
32,57,80,241
32,25,10,183
32,27,39,117
32,25,178,130
32,52,23,230
32,41,218,228
32,7,110,107
32,35,98,174
32,12,133,114
32,17,233,136
32,26,246,127
32,23,97,147
32,15,159,147
32,41,190,173
32,33,158,165
32,30,243,141
32,29,197,141
32,41,34,238
32,41,230,193
32,23,38,170
32,10,53,132
32,44,181,188
32,15,28,154
32,30,9,198
32,45,213,200
32,26,236,125
32,31,74,190
32,12,243,94
32,47,65,248
32,17,126,164
32,19,198,131
32,33,196,199
32,15,234,107
32,48,150,215
32,46,125,220
32,11,217,78
32,22,65,198
32,7,245,64
32,27,104,199
32,38,166,208
32,50,97,236
32,31,135,209
32,29,42,221
32,5,30,158
32,42,206,229
32,5,157,122
32,39,151,178
32,21,71,151
32,5,68,147
32,44,172,229
32,36,113,232
32,32,21,215
32,14,98,166
33,43,47,183
33,17,187,69
33,24,39,141
33,50,110,188
33,38,18,185
33,44,16,199
33,9,157,52
33,13,61,91
33,26,166,103
33,12,11,99
33,45,66,194
33,46,35,210
33,31,197,112
33,52,171,182
33,58,219,197
33,5,41,73
33,47,217,160
33,19,50,119
33,14,211,59
33,52,10,238
33,18,176,82
33,36,213,117
33,13,124,74
33,7,138,65
33,37,72,156
33,39,142,145
33,13,191,53
33,17,107,93
33,58,151,210
33,31,108,131
33,34,94,137
33,27,92,117
33,17,38,111
33,43,139,157
33,50,82,197
33,33,230,107
33,43,250,136
33,20,229,77
33,39,166,140
33,5,229,35
33,41,83,169
33,15,230,60
33,33,170,121
33,35,116,139
33,55,122,210
33,6,107,61
33,55,54,237
33,9,78,80
33,44,73,170
33,21,21,132
33,52,63,206
33,27,228,94
33,21,156,87
33,11,104,77
33,31,51,149
33,16,67,103
33,21,96,103
33,33,137,128
33,49,95,206
33,42,199,140
33,16,87,90
33,15,150,81
33,23,132,97
33,41,228,137
33,25,62,119
33,43,232,169
33,52,135,194
33,21,73,116
33,11,89,68
33,44,181,148
33,33,19,166
33,9,43,95
33,23,205,83
33,55,36,248
33,56,94,221
33,52,206,210
33,29,145,113
33,58,120,227
33,31,218,133
33,27,117,114
33,45,102,170
33,57,82,235
33,46,125,169
33,31,136,157
33,38,246,169
33,25,143,149
33,16,108,136
33,43,64,217
33,50,183,166
33,33,51,193
33,25,155,131
33,20,110,126
33,31,85,168
33,57,174,208
33,42,143,187
33,51,149,177
33,23,206,111
33,51,205,175
33,29,175,144
33,12,89,111
33,5,55,84
33,10,165,68
33,19,177,115
33,7,222,91
33,28,68,131
33,25,13,176
33,49,244,194
33,8,114,105
33,31,247,137
33,53,26,230
33,24,40,168
33,27,40,116
33,33,162,162
33,13,144,113
33,35,104,172
33,42,224,231
33,32,79,187
33,28,203,140
33,42,234,191
33,26,180,127
33,8,185,92
33,23,100,146
33,17,233,136
33,15,33,149
33,27,240,123
33,41,192,173
33,12,211,94
33,23,67,195
33,41,31,236
33,47,67,244
33,12,249,91
33,9,34,123
33,44,183,187
33,40,83,202
33,16,161,145
33,55,131,244
33,42,125,207
33,7,34,158
33,16,125,161
33,45,43,243
33,30,47,221
33,34,199,202
33,47,153,212
33,37,167,203
33,19,202,131
33,47,126,226
33,15,237,105
33,49,99,233
33,14,173,131
33,46,216,196
33,17,8,193
33,21,75,147
33,39,155,174
33,31,137,204
33,6,158,125
33,26,104,193
33,43,211,226
33,53,233,218
33,15,99,164
33,5,73,144
33,31,19,210
33,43,174,223
34,44,47,186
34,18,191,72
34,39,17,187
34,51,112,192
34,32,198,113
34,14,62,91
34,48,36,214
34,21,51,121
34,36,94,141
34,6,42,74
34,26,40,145
34,47,65,198
34,46,16,203
34,21,180,84
34,13,10,100
34,32,108,135
34,40,142,146
34,37,213,121
34,40,71,161
34,50,100,211
34,37,117,141
34,49,218,164
34,15,124,78
34,28,169,104
34,15,214,60
34,5,70,71
34,29,92,121
34,23,21,138
34,53,172,184
34,52,14,238
34,5,198,42
34,19,107,96
34,6,231,35
34,44,141,159
34,9,138,68
34,35,233,112
34,18,36,115
34,50,47,209
34,30,230,99
34,35,171,124
34,41,166,145
34,43,85,174
34,57,56,241
34,11,79,82
34,13,109,78
34,23,233,78
34,44,70,171
34,15,191,56
34,57,121,215
34,17,230,63
34,26,61,120
34,52,82,201
34,11,156,56
34,58,94,225
34,23,157,88
34,32,55,151
34,35,136,131
34,5,13,81
34,44,236,170
34,43,229,141
34,17,152,81
34,7,108,63
34,53,64,208
34,22,96,105
34,22,72,119
34,43,197,141
34,17,65,104
34,29,66,129
34,35,19,169
34,17,86,91
34,53,209,212
34,25,135,99
34,32,221,134
34,12,92,70
34,25,209,84
34,26,161,130
34,53,138,196
34,31,147,117
34,11,42,96
34,40,249,168
34,28,116,116
34,47,103,173
34,45,181,149
34,48,128,172
34,35,55,193
34,33,137,160
34,27,143,147
34,51,184,170
34,30,178,143
34,32,87,173
34,21,111,126
34,24,209,112
34,13,87,112
34,45,64,220
34,33,249,139
34,17,108,136
34,9,115,103
34,53,152,183
34,20,182,114
34,35,82,192
34,5,143,96
34,42,25,222
34,8,222,92
34,26,14,176
34,38,185,158
34,51,250,196
34,50,130,230
34,12,167,69
34,43,145,191
34,28,39,117
34,34,164,166
34,5,235,76
34,36,106,172
34,25,44,168
34,14,136,111
34,54,28,233
34,27,182,132
34,43,125,208
34,30,206,139
34,43,237,195
34,20,202,128
34,17,41,148
34,31,10,197
34,42,190,174
34,9,32,122
34,31,45,224
34,18,122,156
34,18,236,141
34,48,156,218
34,46,187,188
34,49,70,247
34,50,182,211
34,46,42,243
34,57,135,245
34,23,69,196
34,13,226,79
34,47,223,199
34,23,81,148
34,9,190,92
34,7,31,159
34,17,240,107
34,7,159,123
34,39,160,207
34,42,228,226
34,40,155,178
34,17,156,142
34,32,137,202
34,16,101,158
34,16,192,96
34,35,198,203
34,44,174,225
34,6,73,144
34,31,24,209
34,52,109,237
34,44,213,232
34,26,105,192
35,46,48,190
35,19,196,75
35,49,67,205
35,52,113,196
35,39,16,191
35,49,35,218
35,15,63,97
35,50,220,169
35,50,97,219
35,47,16,205
35,28,42,150
35,34,200,117
35,15,13,106
35,38,115,148
35,41,72,167
35,22,184,86
35,53,15,244
35,8,44,79
35,42,143,152
35,20,52,125
35,39,214,127
35,37,94,146
35,5,69,75
35,17,128,84
35,7,233,38
35,30,171,110
35,34,107,143
35,6,200,44
35,54,172,187
35,42,98,153
35,16,217,62
35,5,178,45
35,24,22,135
35,30,93,125
35,51,46,214
35,10,140,70
35,31,233,103
35,24,235,84
35,45,86,179
35,46,145,166
35,12,81,86
35,14,112,79
35,24,159,91
35,52,84,207
35,37,172,130
35,20,38,120
35,27,6,159
35,8,108,65
35,21,111,103
35,18,236,65
35,46,70,177
35,43,168,150
35,45,238,173
35,58,58,244
35,16,197,59
35,58,123,218
35,37,234,117
35,6,15,87
35,31,67,133
35,26,68,123
35,36,136,136
35,45,198,145
35,44,230,145
35,36,19,172
35,55,211,217
35,34,56,157
35,47,184,154
35,49,132,177
35,24,96,109
35,18,90,96
35,48,105,178
35,33,147,122
35,12,94,76
35,18,68,109
35,55,141,203
35,13,156,61
35,34,139,164
35,6,161,55
35,34,223,137
35,27,212,88
35,12,44,101
35,31,116,120
35,27,139,106
35,29,161,135
35,13,90,113
35,54,210,181
35,37,56,198
35,18,116,140
35,28,148,150
35,52,136,236
35,54,154,187
35,46,72,220
35,6,6,119
35,5,214,68
35,46,149,199
35,52,187,176
35,20,6,136
35,33,182,145
35,21,110,128
35,26,213,116
35,10,117,105
35,33,89,174
35,22,186,113
35,7,146,96
35,11,226,95
35,34,250,142
35,36,164,170
35,14,172,71
35,21,228,145
35,37,86,196
35,16,138,114
35,27,16,179
35,42,233,219
35,18,44,152
35,40,185,162
35,29,41,119
35,55,29,237
35,29,184,134
35,6,124,57
35,49,227,204
35,44,240,200
35,26,114,149
35,45,127,212
35,7,237,79
35,49,158,225
35,26,232,135
35,37,108,176
35,6,206,85
35,46,208,242
35,44,96,207
35,44,192,178
35,51,185,216
35,22,204,129
35,13,64,127
35,32,48,228
35,40,160,212
35,47,190,195
35,24,75,200
35,11,192,96
35,14,231,82
35,19,244,113
35,47,45,243
35,37,199,208
35,27,117,190
35,49,72,248
35,46,174,231
35,24,84,149
35,18,6,198
35,33,140,206
35,41,158,185
35,8,31,161
35,9,162,126
35,18,166,153
35,7,75,146
35,53,111,242
35,16,180,132
35,31,31,208
35,19,132,160
35,17,106,166
35,20,189,143
36,45,44,191
36,42,74,175
36,20,197,76
36,51,223,172
36,48,34,223
36,39,15,195
36,34,200,118
36,47,15,210
36,53,114,203
36,49,65,208
36,28,42,153
36,16,63,102
36,55,173,189
36,39,116,154
36,39,215,128
36,42,143,154
36,10,46,83
36,22,51,131
36,22,184,87
36,55,16,249
36,18,129,87
36,37,93,149
36,42,98,156
36,30,171,111
36,25,232,87
36,31,93,129
36,42,168,148
36,16,14,108
36,7,69,76
36,9,109,65
36,6,180,46
36,34,108,147
36,32,232,104
36,20,38,124
36,17,221,63
36,7,202,45
36,11,142,72
36,10,6,101
36,22,111,105
36,24,158,95
36,46,87,183
36,8,236,40
36,13,81,90
36,44,239,176
36,37,174,129
36,53,84,210
36,46,144,168
36,51,46,217
36,28,6,162
36,25,22,141
36,32,66,138
36,17,199,62
36,15,109,82
36,37,236,118
36,36,136,139
36,28,66,130
36,58,124,223
36,58,59,247
36,19,159,86
36,51,92,222
36,34,58,163
36,19,237,69
36,36,18,177
36,44,231,146
36,13,156,62
36,56,210,221
36,45,197,147
36,49,103,185
36,55,142,207
36,7,17,91
36,20,91,101
36,33,148,124
36,13,93,79
36,48,184,157
36,31,116,125
36,50,130,182
36,7,162,55
36,25,97,114
36,34,226,137
36,19,68,115
36,27,211,91
36,13,44,105
36,29,163,135
36,25,213,113
36,34,141,165
36,28,135,110
36,17,137,116
36,54,212,185
36,21,109,130
36,46,72,223
36,19,117,143
36,37,60,198
36,14,90,118
36,21,5,142
36,22,185,112
36,33,94,176
36,33,184,146
36,6,219,70
36,54,153,188
36,29,151,151
36,45,150,201
36,46,237,199
36,41,193,166
36,7,6,123
36,53,189,180
36,42,235,217
36,50,227,207
36,7,148,97
36,14,29,114
36,11,119,108
36,14,176,69
36,36,166,170
36,10,229,97
36,29,41,122
36,55,31,239
36,7,239,80
36,7,126,59
36,36,92,195
36,19,45,156
36,52,139,237
36,26,19,180
36,38,113,178
36,28,187,134
36,23,207,130
36,22,229,150
36,6,206,85
36,14,65,128
36,45,194,182
36,22,239,149
36,11,35,129
36,22,164,126
36,10,188,96
36,53,182,222
36,48,191,200
36,51,160,226
36,37,208,207
36,11,165,132
36,25,78,203
36,45,128,214
36,25,84,153
36,19,244,113
36,47,46,245
36,32,49,230
36,40,164,215
36,45,208,247
36,14,230,83
36,11,35,167
36,50,79,249
36,28,121,193
36,42,159,186
36,19,8,201
36,7,220,109
36,46,174,235
36,17,107,172
36,31,33,207
36,53,114,244
36,19,180,139
36,17,162,160
36,22,188,149
36,20,132,165
36,33,147,207
36,36,211,164
37,46,49,192
37,22,202,77
37,42,74,173
37,49,38,224
37,55,177,191
37,35,206,119
37,50,70,208
37,47,17,211
37,42,147,153
37,52,228,175
37,29,47,153
37,24,188,88
37,17,66,104
37,40,120,153
37,26,238,87
37,40,216,129
37,18,133,88
37,22,52,132
37,12,49,86
37,5,90,65
37,43,100,159
37,8,210,44
37,12,150,71
37,39,17,196
37,32,96,131
37,15,86,92
37,7,185,45
37,31,176,111
37,53,118,204
37,18,20,110
37,46,148,166
37,21,40,125
37,8,74,77
37,10,245,42
37,38,179,133
37,10,114,64
37,16,226,60
37,58,61,246
37,33,238,105
37,36,111,147
37,16,114,82
37,25,162,93
37,51,48,215
37,43,174,147
37,37,94,147
37,13,160,60
37,32,71,136
37,54,86,213
37,47,91,185
37,24,117,105
37,28,10,161
37,35,60,161
37,11,9,105
37,45,245,177
37,37,139,138
37,26,28,143
37,20,244,69
37,20,166,84
37,18,205,64
37,8,17,93
37,55,67,219
37,38,23,182
37,38,239,120
37,30,168,135
37,57,208,223
37,14,47,106
37,6,170,53
37,49,108,184
37,32,122,126
37,35,152,124
37,46,203,148
37,13,100,83
37,45,231,148
37,51,134,184
37,28,217,91
37,29,141,110
37,26,101,113
37,22,97,103
37,20,71,115
37,52,96,220
37,35,233,138
37,48,186,158
37,25,218,112
37,35,147,165
37,56,144,207
37,37,85,163
37,8,220,70
37,19,121,139
37,37,64,199
37,55,213,184
37,46,74,221
37,55,157,189
37,29,154,150
37,22,114,129
37,33,188,147
37,16,6,128
37,17,144,114
37,37,42,182
37,45,152,200
37,23,192,112
37,11,237,100
37,15,180,68
37,53,190,180
37,22,8,140
37,10,75,64
37,34,98,176
37,7,10,122
37,45,125,169
37,8,153,94
37,15,94,120
37,8,132,58
37,11,126,106
37,51,228,207
37,30,44,122
37,41,199,165
37,23,233,149
37,56,34,239
37,33,218,142
37,46,244,201
37,27,114,150
37,28,192,131
37,8,243,82
37,27,242,130
37,18,9,164
37,26,21,183
37,23,167,125
37,36,94,195
37,35,174,169
37,10,192,95
37,51,159,227
37,41,245,222
37,14,65,127
37,7,210,85
37,23,212,131
37,44,99,211
37,45,198,182
37,52,134,239
37,45,139,216
37,12,39,130
37,32,55,230
37,13,170,135
37,48,197,197
37,26,89,152
37,28,126,196
37,48,51,245
37,25,86,202
37,21,250,116
37,46,211,246
37,21,12,206
37,13,39,172
37,9,219,114
37,18,110,174
37,11,77,156
37,42,164,187
37,53,108,246
37,56,245,226
37,40,173,214
37,47,180,234
37,33,156,207
37,20,186,142
37,37,214,207
37,32,37,209
37,21,133,173
37,37,214,164
38,43,5,208
38,46,49,195
38,22,199,80
38,36,206,121
38,47,17,216
38,42,73,177
38,40,122,155
38,30,46,153
38,42,147,157
38,52,228,176
38,39,16,197
38,41,216,130
38,55,176,189
38,23,52,134
38,49,69,209
38,50,38,226
38,6,90,68
38,13,51,88
38,34,44,164
38,7,184,44
38,43,100,159
38,10,114,64
38,37,176,130
38,18,67,104
38,24,185,91
38,43,174,149
38,13,148,72
38,19,131,90
38,26,237,88
38,21,39,126
38,54,119,207
38,18,19,114
38,33,96,132
38,31,175,114
38,16,87,92
38,16,220,59
38,9,76,78
38,37,141,142
38,37,93,148
38,53,91,215
38,25,161,94
38,33,72,139
38,8,206,45
38,11,244,44
38,47,149,169
38,29,72,132
38,36,112,148
38,51,48,217
38,26,28,147
38,16,114,81
38,35,60,163
38,58,62,246
38,20,245,69
38,24,117,107
38,19,206,66
38,34,239,107
38,12,8,107
38,38,22,181
38,13,160,60
38,28,8,164
38,9,15,96
38,7,171,53
38,15,48,112
38,39,240,123
38,48,91,188
38,35,153,128
38,27,100,114
38,45,246,178
38,32,121,127
38,29,169,137
38,46,202,149
38,22,95,105
38,56,144,210
38,49,109,186
38,35,234,140
38,44,230,148
38,30,141,115
38,55,214,187
38,48,187,158
38,51,136,187
38,13,101,86
38,29,153,150
38,57,210,225
38,35,147,166
38,28,216,93
38,37,40,183
38,22,113,129
38,32,188,146
38,23,10,143
38,45,155,198
38,55,157,191
38,22,226,110
38,9,223,71
38,11,127,109
38,11,75,66
38,37,66,201
38,8,131,57
38,45,75,225
38,53,193,185
38,15,178,70
38,16,88,123
38,23,190,114
38,6,8,123
38,16,143,120
38,45,124,171
38,33,97,177
38,9,163,79
38,8,156,98
38,20,114,142
38,31,46,124
38,51,231,207
38,28,193,131
38,8,246,79
38,27,245,131
38,35,92,195
38,28,115,151
38,23,236,150
38,51,159,227
38,26,18,185
38,46,244,200
38,55,32,240
38,33,220,143
38,34,172,169
38,41,197,163
38,12,238,99
38,8,213,86
38,14,64,130
38,20,46,160
38,10,195,97
38,26,91,203
38,45,140,218
38,45,197,184
38,12,36,133
38,53,135,237
38,43,249,227
38,29,126,197
38,26,89,152
38,54,184,228
38,49,197,201
38,21,10,211
38,19,109,173
38,48,55,245
38,46,180,236
38,13,40,173
38,32,59,230
38,14,173,135
38,23,213,133
38,10,222,114
38,37,225,201
38,56,248,227
38,33,157,211
38,12,78,160
38,41,177,215
38,6,122,132
38,45,215,246
38,31,39,208
38,20,187,141
38,20,165,163
38,22,138,170
39,53,229,178
39,45,7,212
39,23,200,82
39,48,49,200
39,36,208,123
39,41,122,158
39,49,17,221
39,40,16,201
39,55,177,191
39,32,48,158
39,15,53,95
39,41,216,134
39,14,149,75
39,7,91,72
39,43,149,160
39,25,52,139
39,51,39,231
39,25,189,95
39,8,187,47
39,20,23,118
39,20,132,93
39,20,69,109
39,50,72,215
39,16,221,60
39,55,119,208
39,43,74,186
39,43,176,149
39,11,116,68
39,28,238,91
39,43,76,178
39,37,177,131
39,44,100,163
39,35,44,169
39,34,98,136
39,37,113,153
39,23,39,133
39,31,177,116
39,12,245,45
39,17,91,95
39,48,151,173
39,13,163,62
39,25,160,93
39,34,73,140
39,9,208,47
39,18,114,89
39,48,7,235
39,24,119,111
39,52,50,223
39,39,91,151
39,30,9,167
39,48,92,193
39,21,243,71
39,8,170,56
39,40,240,126
39,39,22,186
39,28,29,153
39,34,240,109
39,36,62,169
39,10,79,81
39,10,14,100
39,20,209,70
39,17,50,117
39,56,93,223
39,52,101,212
39,38,142,144
39,5,99,57
39,14,10,113
39,6,48,80
39,31,143,117
39,36,155,130
39,24,99,111
39,23,73,124
39,51,138,191
39,45,244,180
39,57,214,225
39,5,123,46
39,46,204,152
39,50,113,190
39,45,232,150
39,29,217,94
39,49,188,163
39,36,233,142
39,33,122,132
39,6,117,89
39,29,170,139
39,56,143,212
39,55,213,188
39,10,230,72
39,24,117,136
39,46,157,203
39,33,190,148
39,30,154,153
39,21,113,145
39,24,12,149
39,18,8,136
39,16,180,73
39,38,41,187
39,36,149,168
39,38,87,166
39,38,74,202
39,17,147,123
39,11,165,84
39,43,33,235
39,9,135,59
39,23,192,116
39,27,222,121
39,53,192,185
39,29,56,180
39,55,159,193
39,9,157,103
39,22,230,114
39,17,92,124
39,35,99,180
39,29,194,136
39,13,131,113
39,31,46,125
39,21,8,172
39,28,246,131
39,29,117,157
39,46,240,200
39,56,31,247
39,37,96,200
39,51,225,208
39,40,127,183
39,28,23,187
39,24,236,152
39,16,65,137
39,9,248,80
39,14,5,156
39,13,242,101
39,42,203,170
39,36,178,172
39,12,199,99
39,51,159,228
39,6,178,86
39,10,215,85
39,45,198,185
39,21,53,162
39,46,141,223
39,23,14,215
39,27,90,209
39,13,42,136
39,50,194,205
39,24,215,138
39,38,228,203
39,30,128,203
39,33,61,235
39,20,110,180
39,53,137,245
39,9,216,30
39,26,87,155
39,46,181,236
39,7,12,139
39,42,165,190
39,32,44,209
39,11,227,117
39,15,49,178
39,34,157,217
39,13,85,163
39,20,192,140
39,41,165,220
39,15,174,137
39,7,117,135
39,23,139,177
40,45,72,188
40,46,6,221
40,50,15,227
40,42,124,163
40,24,200,85
40,54,226,182
40,55,173,190
40,49,50,210
40,42,15,209
40,51,70,221
40,33,48,167
40,43,215,139
40,37,205,127
40,25,190,96
40,15,147,79
40,6,70,76
40,56,117,213
40,7,111,71
40,17,52,100
40,45,150,164
40,21,22,124
40,21,132,97
40,38,177,134
40,26,50,146
40,9,89,80
40,36,97,142
40,52,36,240
40,21,68,116
40,5,147,52
40,9,185,49
40,39,112,159
40,28,239,95
40,30,25,163
40,35,238,114
40,26,161,96
40,16,221,62
40,25,38,139
40,32,179,117
40,40,87,156
40,37,44,177
40,46,98,171
40,8,23,90
40,54,49,231
40,26,121,115
40,40,237,130
40,39,144,150
40,46,243,181
40,44,176,153
40,53,98,216
40,19,90,100
40,12,242,47
40,19,116,91
40,48,151,176
40,41,21,196
40,9,206,49
40,35,72,145
40,49,89,198
40,14,160,67
40,16,8,118
40,11,13,107
40,32,8,175
40,26,98,119
40,38,60,175
40,22,240,75
40,6,119,52
40,12,75,89
40,19,48,124
40,47,203,157
40,8,47,86
40,21,211,74
40,9,168,58
40,7,94,64
40,57,92,228
40,16,104,96
40,37,155,135
40,57,213,227
40,6,113,93
40,46,232,151
40,29,169,147
40,57,138,212
40,50,109,194
40,30,219,100
40,35,123,136
40,56,211,192
40,32,145,120
40,52,136,194
40,50,186,165
40,25,7,159
40,36,234,144
40,25,236,157
40,11,229,75
40,40,39,195
40,40,75,211
40,54,191,188
40,8,12,128
40,23,231,117
40,34,190,151
40,23,114,149
40,44,39,241
40,26,121,139
40,11,156,108
40,17,177,77
40,37,151,173
40,37,103,185
40,39,84,173
40,12,163,88
40,31,156,157
40,9,132,64
40,46,155,208
40,18,145,126
40,56,155,196
40,24,192,121
40,21,248,58
40,5,42,115
40,28,221,123
40,30,57,186
40,40,11,236
40,29,194,140
40,22,196,65
40,30,120,161
40,24,170,135
40,20,95,133
40,30,25,193
40,13,131,114
40,13,250,105
40,5,194,66
40,48,238,202
40,41,129,188
40,9,247,83
40,38,94,207
40,42,199,172
40,52,223,207
40,36,180,179
40,13,201,101
40,28,245,135
40,45,197,190
40,22,52,165
40,27,94,211
40,11,213,88
40,38,230,207
40,17,66,141
40,7,178,91
40,14,44,140
40,34,63,237
40,52,158,238
40,27,94,157
40,53,156,229
40,24,13,223
40,42,177,228
40,46,142,226
40,50,190,208
40,18,243,91
40,10,226,117
40,25,216,140
40,30,126,208
40,7,121,137
40,47,180,243
40,20,192,142
40,14,100,118
40,56,243,228
40,33,44,214
40,21,113,185
40,36,161,220
40,17,55,184
40,15,86,170
40,17,181,145
40,41,167,196
40,25,139,186
41,56,175,193
41,25,200,86
41,43,123,169
41,46,5,225
41,50,47,212
41,51,15,232
41,52,69,224
41,18,53,103
41,16,150,81
41,25,189,97
41,55,227,187
41,44,215,142
41,22,23,129
41,8,73,81
41,9,113,76
41,6,152,54
41,9,189,50
41,11,91,82
41,34,48,169
41,55,50,234
41,37,206,129
41,27,51,151
41,6,14,98
41,43,16,213
41,23,69,120
41,57,119,218
41,46,63,192
41,31,26,171
41,29,244,96
41,53,37,243
41,17,224,64
41,37,97,147
41,45,150,167
41,22,132,101
41,27,162,98
41,33,7,180
41,26,38,144
41,13,244,51
41,19,121,91
41,10,208,53
41,6,122,54
41,33,180,120
41,17,11,122
41,41,87,161
41,39,112,161
41,49,150,180
41,45,178,157
41,37,243,119
41,27,99,123
41,39,181,139
41,20,91,104
41,9,29,94
41,47,97,176
41,12,16,111
41,15,163,67
41,40,147,153
41,45,83,192
41,50,88,203
41,42,21,201
41,21,215,75
41,41,239,133
41,10,49,89
41,37,73,151
41,27,123,119
41,22,242,77
41,38,43,183
41,9,98,65
41,14,77,93
41,57,94,232
41,45,244,184
41,53,101,217
41,21,52,128
41,57,143,218
41,7,118,95
41,48,206,161
41,39,61,180
41,57,215,230
41,53,139,198
41,9,171,60
41,12,232,76
41,25,77,135
41,51,111,198
41,46,231,153
41,57,211,197
41,33,148,125
41,50,189,167
41,31,222,102
41,30,172,147
41,25,241,157
41,41,40,200
41,24,234,116
41,38,157,138
41,23,126,149
41,18,101,98
41,8,17,129
41,40,87,177
41,36,124,140
41,41,76,214
41,17,179,78
41,36,241,145
41,10,137,65
41,56,157,198
41,13,158,110
41,54,190,191
41,27,8,164
41,38,104,189
41,21,5,151
41,36,194,154
41,29,225,124
41,7,47,116
41,25,197,123
41,34,225,151
41,27,151,115
41,31,61,188
41,47,157,207
41,22,249,61
41,19,150,127
41,40,12,238
41,47,240,204
41,30,26,194
41,38,154,178
41,42,193,175
41,45,40,246
41,13,167,89
41,14,133,118
41,32,161,157
41,48,83,240
41,16,6,167
41,22,198,65
41,23,9,181
41,52,228,210
41,30,199,142
41,31,124,166
41,20,90,137
41,42,130,193
41,22,56,169
41,40,98,210
41,52,161,235
41,29,246,137
41,12,216,90
41,28,95,213
41,14,247,106
41,14,205,101
41,48,110,229
41,8,183,92
41,37,229,206
41,15,45,143
41,5,72,107
41,37,183,181
41,28,97,160
41,20,197,141
41,25,18,226
41,46,199,195
41,43,204,178
41,47,145,228
41,23,117,191
41,24,147,190
41,19,63,188
41,26,215,140
41,35,65,241
41,17,186,148
41,51,193,211
41,11,231,120
41,8,22,148
41,31,129,212
41,8,127,142
41,56,242,231
41,47,181,246
41,42,179,230
41,33,49,215
41,16,91,172
41,24,169,182
41,55,228,166
41,43,170,228
41,35,168,220
42,51,52,209
42,43,127,166
42,51,18,229
42,55,175,190
42,45,7,223
42,25,208,87
42,18,58,100
42,5,71,72
42,55,231,186
42,22,24,124
42,43,20,210
42,37,213,123
42,25,195,94
42,45,60,188
42,45,93,191
42,16,156,79
42,44,220,143
42,27,39,144
42,31,28,167
42,57,120,217
42,12,99,80
42,53,40,239
42,9,79,78
42,6,159,51
42,10,197,47
42,35,51,164
42,27,55,147
42,39,185,135
42,23,74,118
42,11,215,52
42,52,74,219
42,33,11,182
42,49,151,177
42,17,15,120
42,6,17,93
42,37,100,143
42,37,249,118
42,55,52,229
42,56,77,231
42,40,115,158
42,10,119,74
42,34,186,118
42,23,138,99
42,27,167,95
42,41,84,160
42,18,231,65
42,45,153,164
42,11,56,85
42,28,125,115
42,12,21,107
42,22,222,73
42,27,104,119
42,21,95,101
42,21,125,91
42,33,72,145
42,53,101,215
42,38,46,179
42,46,99,172
42,40,152,149
42,42,245,130
42,45,179,155
42,42,24,197
42,14,83,92
42,8,130,54
42,5,206,35
42,15,169,65
42,9,37,90
42,30,80,138
42,30,179,144
42,57,144,215
42,10,106,62
42,39,64,177
42,56,98,229
42,49,211,162
42,57,223,228
42,51,112,195
42,31,229,99
42,33,154,121
42,21,54,125
42,39,163,134
42,36,128,138
42,52,142,192
42,47,239,152
42,19,107,98
42,12,240,75
42,10,179,55
42,8,126,92
42,50,191,164
42,37,245,143
42,41,42,197
42,54,190,186
42,17,186,74
42,57,212,195
42,24,246,150
42,38,108,185
42,24,242,118
42,27,11,161
42,26,205,119
42,11,147,63
42,56,159,197
42,7,54,111
42,38,160,172
42,26,130,137
42,16,74,107
42,29,231,122
42,51,236,211
42,32,167,154
42,47,161,201
42,36,204,152
42,14,164,105
42,9,22,125
42,18,152,128
42,20,6,145
42,20,98,134
42,21,206,59
42,41,81,211
42,13,174,85
42,34,231,149
42,47,247,205
42,42,132,189
42,14,141,115
42,30,208,139
42,38,181,177
42,16,12,164
42,32,49,130
42,30,131,158
42,48,86,235
42,29,32,190
42,22,19,177
42,23,137,149
42,23,62,163
42,43,199,173
42,40,104,204
42,12,224,86
42,18,71,140
42,47,149,220
42,46,203,192
42,15,48,139
42,14,212,98
42,29,99,213
42,13,105,111
42,8,188,87
42,24,22,221
42,29,102,155
42,48,115,226
42,30,136,209
42,42,187,223
42,51,200,208
42,5,76,103
42,37,233,202
42,26,223,135
42,34,69,238
42,18,68,185
42,33,77,234
42,21,204,139
42,54,142,248
42,18,188,146
42,51,168,222
42,24,124,192
42,26,151,189
42,8,28,141
42,12,232,119
42,47,180,239
42,35,177,210
42,56,248,230
42,8,135,139
42,32,53,210
43,56,178,190
43,52,55,211
43,45,59,188
43,53,22,230
43,56,235,187
43,26,199,95
43,52,75,218
43,45,128,167
43,7,76,74
43,27,211,86
43,24,78,119
43,57,122,217
43,45,222,143
43,8,162,51
43,38,216,123
43,19,61,102
43,47,11,223
43,18,162,80
43,44,23,212
43,32,32,166
43,54,43,240
43,23,28,127
43,47,96,191
43,56,57,231
43,25,139,103
43,28,43,147
43,36,53,166
43,35,16,184
43,14,103,81
43,38,104,144
43,16,132,76
43,11,200,47
43,42,85,161
43,12,220,53
43,40,187,137
43,19,19,119
43,34,76,145
43,56,79,230
43,28,58,148
43,23,99,101
43,11,124,76
43,39,49,180
43,8,22,92
43,28,169,96
43,47,101,171
43,24,225,77
43,51,154,179
43,11,40,89
43,53,103,214
43,41,118,158
43,46,159,166
43,46,181,156
43,22,127,92
43,13,59,85
43,41,154,150
43,57,99,229
43,19,233,66
43,13,26,109
43,42,23,196
43,35,189,119
43,30,127,119
43,5,171,41
43,15,84,93
43,43,247,132
43,16,175,64
43,28,107,121
43,50,215,165
43,10,135,57
43,40,67,177
43,6,210,37
43,51,67,197
43,11,108,66
43,27,86,131
43,34,158,122
43,52,116,197
43,22,59,125
43,12,180,54
43,51,13,245
43,33,233,103
43,40,165,134
43,58,226,229
43,57,142,213
43,37,132,138
43,53,144,192
43,51,195,164
43,47,242,152
43,25,247,120
43,30,181,141
43,22,10,148
43,39,112,187
43,8,137,92
43,56,195,188
43,27,132,136
43,57,162,198
43,18,192,74
43,33,169,152
43,13,148,65
43,8,59,113
43,26,210,117
43,37,249,144
43,39,164,172
43,43,45,199
43,41,90,176
43,51,244,208
43,35,236,149
43,46,167,199
43,9,29,120
43,19,157,124
43,15,142,115
43,37,208,152
43,21,102,134
43,5,8,135
43,17,16,160
43,13,244,72
43,32,73,181
43,24,136,146
43,31,40,187
43,22,211,59
43,14,170,102
43,31,210,140
43,42,84,212
43,33,56,129
43,38,183,175
43,24,66,163
43,43,137,190
43,42,24,234
43,32,134,160
43,44,192,224
43,23,23,174
43,47,53,246
43,13,230,86
43,42,109,206
43,26,230,137
43,47,207,191
43,15,219,100
43,55,199,227
43,13,110,113
43,52,184,215
43,48,157,220
43,16,51,139
43,52,204,205
43,18,75,139
43,29,107,154
43,19,193,145
43,54,146,244
43,25,26,220
43,9,193,88
43,49,117,228
43,6,85,101
43,37,235,201
43,29,101,215
43,35,71,238
43,6,93,99
43,27,152,191
43,20,72,185
43,8,35,137
43,26,127,191
43,32,140,211
43,56,248,231
43,12,237,118
43,22,208,141
43,24,185,175
43,35,180,209
43,10,131,141
43,41,183,193
43,17,100,168
43,33,59,211
43,32,5,221
44,56,176,192
44,46,125,170
44,53,19,231
44,52,55,211
44,45,56,189
44,53,74,219
44,28,198,97
44,25,75,122
44,8,76,74
44,29,213,92
44,57,232,189
44,55,41,240
44,46,23,214
44,27,137,106
44,39,214,124
44,9,161,52
44,36,13,185
44,19,161,81
44,48,8,223
44,13,84,83
44,20,59,104
44,16,103,82
44,36,50,168
44,24,24,127
44,47,221,146
44,14,217,54
44,35,75,144
44,11,197,46
44,57,54,231
44,48,93,191
44,20,18,120
44,30,41,148
44,18,132,77
44,9,21,92
44,33,28,166
44,12,38,92
44,30,56,148
44,42,116,161
44,24,98,104
44,57,79,234
44,43,84,163
44,42,185,142
44,13,120,78
44,29,167,98
44,26,221,81
44,48,99,173
44,55,102,216
44,5,239,31
44,40,44,181
44,43,154,154
44,47,177,158
44,44,244,135
44,24,127,95
44,39,101,147
44,16,81,95
44,37,187,123
44,52,150,183
44,15,22,110
44,17,173,67
44,14,55,86
44,29,105,124
44,21,231,68
44,48,156,169
44,43,19,196
44,13,107,66
44,6,167,43
44,32,128,126
44,24,57,128
44,8,208,39
44,12,134,59
44,58,99,232
44,52,10,245
44,58,142,217
44,34,231,105
44,6,225,34
44,53,115,201
44,52,66,198
44,51,214,166
44,24,172,88
44,28,86,133
44,12,180,55
44,41,162,135
44,36,157,125
44,39,132,145
44,21,109,103
44,30,9,163
44,48,241,155
44,55,137,197
44,52,194,165
44,28,132,138
44,25,245,124
44,30,157,114
44,52,244,209
44,31,178,142
44,19,191,74
44,15,148,66
44,8,136,94
44,58,159,202
44,56,194,190
44,28,206,120
44,24,12,151
44,44,41,201
44,34,169,155
44,21,38,123
44,49,88,238
44,35,236,149
44,9,58,112
44,22,101,135
44,47,166,202
44,41,164,176
44,16,137,116
44,48,51,246
44,39,110,189
44,31,206,139
44,31,36,188
44,33,73,182
44,19,152,126
44,13,239,69
44,37,209,151
44,23,209,60
44,5,7,137
44,24,20,173
44,15,169,104
44,33,52,128
44,24,63,163
44,27,250,153
44,42,20,232
44,42,84,212
44,14,228,85
44,5,158,85
44,30,234,121
44,43,112,208
44,39,184,176
44,52,183,212
44,28,228,144
44,56,201,228
44,44,136,192
44,34,133,162
44,36,183,102
44,45,192,226
44,48,206,189
44,16,212,100
44,31,104,158
44,6,84,100
44,31,101,216
44,35,62,237
44,50,160,225
44,23,67,192
44,52,203,207
44,54,149,248
44,16,52,138
44,27,25,225
44,14,109,116
44,10,189,86
44,50,118,230
44,21,246,108
44,19,79,139
44,25,182,176
44,9,38,137
44,34,140,208
44,21,204,139
44,38,233,200
44,28,153,191
44,20,194,148
44,27,126,192
44,11,126,140
44,36,178,211
44,34,45,209
44,13,233,123
44,18,98,169
44,43,185,194
44,41,233,174
45,47,124,170
45,54,52,213
45,57,175,193
45,30,211,92
45,54,70,220
45,31,198,100
45,46,55,189
45,55,15,232
45,27,73,125
45,10,73,75
45,22,56,105
45,38,45,168
45,42,212,129
45,10,160,52
45,21,159,82
45,48,20,215
45,57,38,242
45,38,9,187
45,58,51,233
45,18,102,83
45,48,219,149
45,29,137,107
45,11,20,93
45,14,82,84
45,21,14,122
45,32,54,149
45,5,140,41
45,20,131,80
45,6,21,79
45,31,39,149
45,36,72,145
45,26,21,129
45,14,37,94
45,13,196,48
45,50,5,223
45,27,218,81
45,15,118,79
45,45,81,164
45,42,249,125
45,44,184,142
45,39,185,125
45,26,126,97
45,49,97,172
45,34,26,167
45,56,96,217
45,15,216,56
45,31,164,97
45,53,87,200
45,19,171,68
45,25,94,105
45,15,104,69
45,18,78,95
45,23,228,72
45,46,243,138
45,49,174,160
45,7,165,43
45,53,149,185
45,15,55,86
45,40,99,151
45,17,18,110
45,54,7,248
45,50,155,174
45,53,212,170
45,41,40,181
45,44,152,155
45,8,222,36
45,7,239,33
45,26,55,128
45,30,104,126
45,14,133,63
45,14,177,56
45,36,229,107
45,53,64,199
45,25,5,152
45,55,112,202
45,9,205,41
45,50,240,158
45,43,163,138
45,34,130,126
45,31,6,166
45,56,138,200
45,54,193,168
45,31,157,113
45,10,136,96
45,23,108,103
45,30,85,135
45,37,156,125
45,57,191,192
45,27,242,126
45,41,130,147
45,32,175,145
45,5,107,51
45,8,6,138
45,29,207,120
45,21,189,75
45,51,86,241
45,16,145,68
45,41,159,175
45,33,34,188
45,10,53,112
45,9,124,55
45,46,37,201
45,39,208,154
45,17,136,114
45,35,168,155
45,21,73,112
45,23,100,135
45,24,207,59
45,54,243,210
45,48,165,202
45,15,171,102
45,36,233,147
45,40,109,189
45,32,205,139
45,7,250,55
45,26,59,163
45,57,201,231
45,35,51,128
45,25,17,173
45,20,151,126
45,34,69,185
45,5,39,75
45,15,228,89
45,14,239,72
45,40,182,176
45,5,197,68
45,28,180,131
45,6,158,87
45,26,142,150
45,45,84,219
45,45,22,235
45,34,98,221
45,45,112,210
45,5,229,72
45,31,230,119
45,22,245,112
45,29,223,143
45,25,242,147
45,38,182,104
45,53,185,215
45,33,134,162
45,52,160,222
45,45,134,192
45,29,247,163
45,49,208,192
45,18,216,106
45,46,188,226
45,28,16,228
45,14,107,114
45,30,149,194
45,20,187,145
45,7,84,99
45,27,178,174
45,10,32,136
45,12,193,86
45,39,231,201
45,24,62,194
45,37,64,243
45,54,145,245
45,14,231,121
45,11,124,141
45,36,136,213
45,29,125,195
45,19,95,171
45,44,186,193
45,51,179,242
45,39,176,215
45,42,233,174
46,58,167,200
46,49,116,176
46,55,43,220
46,32,206,99
46,55,60,226
46,58,30,249
46,14,190,54
46,43,206,136
46,12,154,59
46,47,47,193
46,49,14,223
46,20,100,90
46,33,192,107
46,39,35,173
46,23,156,89
46,56,5,240
46,24,51,110
46,20,248,60
46,12,68,82
46,6,135,48
46,45,176,150
46,50,213,155
46,29,67,131
46,33,31,155
46,43,241,131
46,35,243,103
46,7,18,81
46,33,48,155
46,28,210,89
46,57,83,224
46,46,74,172
46,22,9,126
46,16,79,88
46,29,118,107
46,38,65,148
46,13,17,99
46,41,181,133
46,10,220,42
46,22,126,88
46,42,92,156
46,16,112,83
46,30,133,113
46,42,30,186
46,26,84,109
46,17,31,101
46,24,220,76
46,26,11,136
46,36,124,136
46,36,19,173
46,50,168,166
46,55,142,193
46,27,246,82
46,5,85,62
46,9,159,50
46,16,210,60
46,27,165,97
46,19,73,105
46,8,234,39
46,55,79,207
46,50,88,179
46,50,81,200
46,21,166,76
46,32,158,103
46,17,49,92
46,16,172,63
46,18,102,75
46,45,144,161
46,51,147,179
46,47,235,144
46,16,127,70
46,28,49,135
46,11,202,45
46,32,98,133
46,49,245,190
46,57,128,205
46,53,204,172
46,5,117,48
46,55,187,174
46,50,232,161
46,53,55,205
46,37,221,113
46,56,103,209
46,42,125,154
46,11,131,103
46,44,156,145
46,38,154,132
46,32,79,142
46,25,100,111
46,23,185,82
46,6,100,58
46,30,201,124
46,19,142,72
46,32,153,120
46,45,75,187
46,58,186,198
46,41,153,180
46,28,237,132
46,33,170,151
46,54,238,218
46,28,125,157
46,25,29,135
46,52,77,248
46,23,65,118
46,18,127,120
46,46,27,206
46,22,143,134
46,17,165,110
46,34,27,194
46,57,196,236
46,49,161,210
46,5,35,78
46,7,151,94
46,11,48,116
46,24,96,138
46,25,202,63
46,37,229,152
46,15,232,79
46,35,59,189
46,29,176,138
46,47,16,242
46,8,244,63
46,47,73,228
46,36,44,133
46,16,225,97
46,33,198,144
46,40,176,182
46,32,229,125
46,37,162,160
46,48,247,213
46,27,11,178
46,39,201,163
46,6,193,74
46,52,158,230
46,26,55,169
46,24,233,149
46,46,103,216
46,22,239,118
46,42,102,196
46,35,125,170
46,53,177,222
46,46,125,199
46,19,42,142
46,40,29,216
46,34,93,230
46,30,217,147
46,40,228,211
46,49,202,196
46,33,97,165
46,19,208,113
46,30,246,175
46,53,200,216
46,28,175,181
46,38,54,250
46,6,225,79
46,15,101,118
46,13,185,91
46,20,177,150
46,24,187,148
46,14,228,126
46,56,141,249
46,52,113,237
46,31,142,202
46,8,81,109
46,25,54,201
46,11,23,139
46,37,122,225
46,40,170,223
46,24,201,151
46,12,118,143
46,43,177,197
46,20,87,177
46,52,175,249
46,28,117,201
47,55,48,234
47,33,197,107
47,56,32,230
47,16,183,63
47,51,105,186
47,15,144,70
47,42,25,181
47,25,147,99
47,22,92,102
47,46,198,147
47,26,40,120
47,35,184,118
47,14,60,92
47,35,20,164
47,31,110,118
47,31,58,141
47,36,234,112
47,47,168,161
47,22,157,84
47,21,239,73
47,36,38,167
47,9,126,58
47,51,202,165
47,15,7,106
47,19,72,99
47,24,116,98
47,44,232,140
47,19,23,112
47,57,133,203
47,29,75,121
47,26,211,88
47,52,76,188
47,32,125,123
47,7,5,90
47,28,236,91
47,52,71,210
47,21,62,111
47,47,65,182
47,18,201,71
47,38,110,146
47,39,53,156
47,38,11,184
47,52,157,176
47,56,67,217
47,10,13,90
47,43,172,141
47,9,225,48
47,19,91,85
47,7,62,72
47,19,40,102
47,18,161,72
47,8,79,72
47,9,110,57
47,18,103,91
47,29,158,107
47,34,148,111
47,44,82,167
47,52,135,189
47,50,33,204
47,12,153,59
47,54,244,174
47,12,212,54
47,13,193,57
47,30,38,147
47,7,174,48
47,20,116,83
47,55,196,187
47,48,224,154
47,52,223,172
47,44,18,197
47,56,177,187
47,55,45,214
47,50,234,198
47,39,88,142
47,47,135,170
47,45,41,195
47,58,90,217
47,44,56,167
47,35,159,161
47,28,91,122
47,39,211,123
47,24,175,91
47,34,71,151
47,41,145,143
47,9,92,66
47,44,115,160
47,34,145,129
47,31,191,132
47,46,148,155
47,13,122,110
47,13,110,70
47,48,62,198
47,33,112,157
47,21,133,85
47,17,225,90
47,50,149,217
47,35,17,204
47,42,141,189
47,13,42,122
47,30,116,166
47,54,100,200
47,33,244,153
47,48,15,215
47,7,26,85
47,55,228,225
47,21,119,129
47,18,155,118
47,9,236,75
47,38,220,161
47,33,220,134
47,57,186,245
47,26,195,72
47,24,136,145
47,32,167,147
47,9,141,99
47,26,221,158
47,26,17,144
47,37,47,203
47,29,42,179
47,19,248,125
47,29,229,142
47,38,151,172
47,16,246,98
47,45,183,187
47,8,181,82
47,49,63,238
47,34,188,156
47,49,237,222
47,47,92,226
47,18,215,105
47,53,147,239
47,43,92,207
47,40,165,192
47,41,192,174
47,31,209,155
47,36,112,179
47,23,230,130
47,31,239,186
47,47,112,206
47,36,82,240
47,7,216,87
47,17,94,127
47,50,195,204
47,36,88,177
47,20,198,122
47,54,164,230
47,23,245,111
47,54,190,221
47,53,98,246
47,26,177,157
47,15,176,100
47,38,116,234
47,27,42,212
47,41,222,219
47,11,75,118
47,40,160,232
47,5,142,118
47,7,98,104
47,16,219,137
47,14,15,149
47,30,167,193
47,45,166,209
47,32,104,212
47,15,102,154
47,23,78,188
47,33,133,213
48,56,49,228
48,58,170,203
48,33,210,101
48,55,64,231
48,50,121,180
48,23,108,96
48,52,19,233
48,33,198,109
48,17,199,58
48,25,162,93
48,46,214,143
48,14,158,63
48,36,52,160
48,57,7,249
48,28,16,140
48,25,56,116
48,14,76,86
48,42,41,178
48,25,132,94
48,20,88,93
48,35,36,162
48,47,186,156
48,51,220,162
48,8,143,52
48,32,73,139
48,31,125,116
48,26,228,82
48,15,26,103
48,35,247,105
48,22,172,78
48,5,168,41
48,42,186,135
48,39,69,151
48,33,141,119
48,56,147,195
48,51,90,181
48,24,13,129
48,17,121,84
48,20,39,110
48,44,250,137
48,21,243,67
48,19,107,82
48,18,216,63
48,29,89,115
48,52,174,171
48,58,84,227
48,38,26,184
48,13,211,50
48,11,32,85
48,20,131,81
48,7,21,85
48,12,168,53
48,8,78,68
48,19,57,96
48,55,213,183
48,8,94,67
48,44,36,195
48,18,178,63
48,33,163,103
48,43,98,161
48,9,240,41
48,8,124,52
48,56,83,215
48,38,129,140
48,52,151,181
48,54,62,210
48,21,78,105
48,38,106,137
48,51,238,165
48,47,8,212
48,7,191,40
48,47,237,147
48,12,230,48
48,56,195,183
48,47,151,165
48,37,75,162
48,52,87,204
48,30,53,143
48,11,5,107
48,29,175,103
48,58,133,207
48,10,107,60
48,45,57,193
48,28,107,117
48,58,107,214
48,35,88,149
48,38,227,116
48,41,165,138
48,36,65,198
48,43,131,155
48,45,69,167
48,35,7,175
48,46,165,150
48,29,11,162
48,23,192,82
48,31,130,149
48,13,139,102
48,48,76,196
48,21,150,78
48,33,160,122
48,30,206,129
48,35,32,201
48,49,166,208
48,47,19,245
48,20,137,120
48,40,247,151
48,13,60,115
48,31,181,140
48,26,238,149
48,34,177,155
48,17,243,83
48,17,175,114
48,48,31,212
48,26,73,126
48,36,168,165
48,13,28,124
48,42,158,181
48,9,157,91
48,54,115,197
48,37,48,135
48,27,33,142
48,21,7,165
48,26,211,64
48,6,22,114
48,33,237,126
48,57,203,237
48,23,154,136
48,38,234,155
48,48,80,233
48,34,204,150
48,26,101,143
48,54,242,220
48,7,197,72
48,29,20,187
48,45,206,184
48,46,107,220
48,39,180,109
48,36,100,234
48,40,182,183
48,28,245,135
48,31,226,147
48,40,207,166
48,22,52,147
48,28,55,175
48,18,230,98
48,26,192,152
48,23,79,145
48,42,108,202
48,53,163,230
48,23,245,123
48,52,114,241
48,17,110,117
48,19,212,114
48,55,186,220
48,58,168,247
48,35,128,173
48,54,211,214
48,50,209,197
48,56,147,247
48,35,102,174
48,15,197,90
48,44,122,201
48,28,62,210
48,46,131,200
48,11,95,111
48,31,13,240
48,31,182,191
48,7,115,100
48,40,175,227
48,7,232,79
48,37,135,228
48,14,32,145
48,6,157,116
48,16,235,128
48,32,122,209
48,40,238,210
48,44,182,200
48,23,93,185
48,14,225,32
48,15,116,152
48,47,180,231
49,51,123,181
49,25,110,99
49,26,163,95
49,57,49,230
49,34,213,106
49,22,240,68
49,44,41,178
49,48,215,145
49,56,62,232
49,16,75,88
49,27,58,117
49,53,17,235
49,37,51,162
49,18,198,60
49,33,71,141
49,36,199,116
49,30,17,139
49,16,159,67
49,52,220,163
49,36,248,106
49,48,185,157
49,37,35,164
49,39,132,141
49,26,133,97
49,27,230,84
49,7,169,44
49,10,147,53
49,22,90,96
49,48,114,175
49,44,187,137
49,52,91,184
49,5,140,41
49,16,27,104
49,23,172,79
49,54,176,173
49,21,41,110
49,5,209,35
49,57,148,194
49,34,142,120
49,14,171,57
49,21,59,97
49,19,120,86
49,40,69,154
49,39,27,184
49,12,33,87
49,32,126,118
49,19,216,67
49,9,79,68
49,53,157,181
49,30,89,117
49,19,176,64
49,9,24,87
49,10,127,53
49,38,107,138
49,25,14,130
49,21,108,84
49,14,212,53
49,45,98,162
49,9,192,40
49,48,240,150
49,48,8,214
49,23,79,107
49,47,152,164
49,34,166,104
49,9,96,67
49,11,107,60
49,55,212,178
49,46,37,199
49,21,25,124
49,21,132,83
49,46,55,193
49,56,81,218
49,42,164,140
49,53,87,204
49,55,63,210
49,13,232,49
49,40,230,119
49,11,243,43
49,57,197,184
49,58,106,216
49,30,108,119
49,45,131,155
49,36,89,150
49,24,193,83
49,50,234,163
49,31,52,142
49,36,30,202
49,5,35,70
49,46,69,168
49,37,65,199
49,31,133,143
49,30,11,164
49,37,7,178
49,34,162,123
49,22,150,80
49,13,140,102
49,49,75,198
49,30,134,155
49,27,242,154
49,48,19,248
49,31,208,134
49,35,177,155
49,20,138,121
49,49,30,215
49,49,165,209
49,55,113,196
49,14,5,150
49,42,156,183
49,27,105,143
49,10,163,90
49,39,238,155
49,17,246,86
49,13,61,117
49,27,73,129
49,36,169,167
49,30,19,186
49,48,81,231
49,33,238,128
49,6,25,117
49,27,215,65
49,29,33,145
49,7,201,74
49,32,184,143
49,46,204,182
49,54,240,220
49,40,208,166
49,20,83,74
49,57,205,235
49,26,191,153
49,29,55,176
49,19,233,99
49,23,51,149
49,33,204,155
49,23,157,139
49,47,105,222
49,40,181,110
49,24,249,124
49,43,110,203
49,52,161,230
49,37,136,173
49,47,124,202
49,31,231,151
49,34,149,213
49,41,182,185
49,54,209,214
49,20,213,112
49,47,133,201
49,55,182,217
49,13,98,111
49,18,111,119
49,41,239,212
49,56,148,248
49,23,82,146
49,58,170,245
49,36,100,240
49,8,117,99
49,48,176,233
49,36,101,174
49,31,7,243
49,7,229,82
49,29,62,215
49,18,237,133
49,53,115,242
49,30,183,196
49,45,182,201
49,16,32,147
49,7,158,117
49,40,174,230
49,38,133,235
49,31,125,213
49,53,182,249
49,14,226,34
49,23,97,185
49,17,120,158
50,22,242,72
50,44,44,192
50,51,127,190
50,55,67,241
50,24,111,108
50,37,54,173
50,33,74,152
50,34,217,114
50,57,54,243
50,48,216,152
50,16,81,97
50,27,61,129
50,26,166,103
50,22,91,103
50,27,137,107
50,10,151,62
50,30,23,149
50,52,97,195
50,37,39,176
50,28,232,92
50,36,204,125
50,7,174,52
50,16,164,75
50,6,215,43
50,54,23,249
50,53,158,191
50,53,179,183
50,21,40,118
50,53,225,173
50,48,188,166
50,41,8,216
50,43,190,146
50,18,201,69
50,57,150,206
50,31,216,102
50,19,180,72
50,6,148,49
50,48,118,184
50,53,90,214
50,9,83,77
50,23,82,117
50,20,123,98
50,21,62,109
50,24,176,89
50,34,145,131
50,14,176,65
50,10,130,63
50,38,110,149
50,40,29,196
50,39,134,149
50,30,92,128
50,34,173,113
50,12,38,96
50,20,221,73
50,51,46,215
50,21,30,136
50,48,243,155
50,48,157,176
50,54,70,219
50,9,99,76
50,14,215,59
50,21,136,94
50,44,101,171
50,40,72,165
50,54,213,186
50,56,88,229
50,45,41,214
50,46,59,205
50,48,17,230
50,9,198,49
50,21,110,92
50,33,129,128
50,58,110,228
50,38,78,175
50,31,56,155
50,11,247,49
50,56,198,190
50,14,238,58
50,12,112,68
50,11,10,118
50,44,134,164
50,40,236,125
50,29,111,128
50,31,20,176
50,37,14,189
50,35,182,161
50,36,92,162
50,24,196,92
50,41,168,146
50,15,125,76
50,18,7,134
50,47,166,159
50,13,144,109
50,22,152,88
50,45,70,184
50,49,170,218
50,34,168,130
50,31,137,152
50,37,73,210
50,49,36,227
50,29,39,158
50,14,13,161
50,27,75,141
50,54,116,203
50,21,145,128
50,13,218,85
50,10,170,96
50,6,34,123
50,42,162,192
50,35,175,176
50,30,216,143
50,27,111,152
50,33,243,137
50,40,212,174
50,37,54,143
50,47,89,240
50,27,246,166
50,7,208,83
50,22,18,175
50,30,26,197
50,29,61,188
50,13,65,125
50,17,185,122
50,20,84,84
50,44,127,213
50,47,109,232
50,45,208,192
50,23,161,144
50,51,165,240
50,36,143,180
50,33,209,165
50,19,240,107
50,34,152,225
50,57,208,245
50,40,189,116
50,50,212,207
50,16,199,95
50,22,56,161
50,41,188,192
50,46,138,209
50,55,213,224
50,54,186,224
50,25,197,172
50,7,236,92
50,36,114,181
50,54,243,227
50,42,115,213
50,20,219,121
50,23,86,155
50,12,101,121
50,18,118,126
50,38,137,243
50,41,243,219
50,8,123,102
50,25,227,126
50,15,41,155
50,19,246,141
50,29,69,222
50,14,6,197
50,23,100,195
50,40,178,239
50,8,169,129
50,47,179,244
50,45,187,212
50,32,188,207
50,14,231,40
50,16,136,167
51,40,55,155
51,36,76,137
51,57,68,225
51,46,45,176
51,54,128,177
51,10,5,89
51,50,215,134
51,27,112,93
51,24,40,104
51,13,151,44
51,31,231,73
51,54,6,238
51,25,91,86
51,10,176,35
51,36,215,94
51,55,98,181
51,38,250,92
51,30,169,83
51,30,62,115
51,18,162,56
51,9,218,24
51,32,23,133
51,19,80,82
51,25,242,54
51,55,225,155
51,40,206,109
51,6,175,23
51,45,189,128
51,56,25,233
51,30,138,91
51,42,29,178
51,22,220,55
51,55,159,175
51,22,178,55
51,53,48,199
51,50,119,170
51,17,178,47
51,56,91,198
51,43,7,200
51,23,121,82
51,56,179,164
51,17,215,40
51,32,91,110
51,5,79,48
51,36,145,112
51,24,60,93
51,21,201,52
51,25,81,102
51,50,189,147
51,26,174,70
51,23,29,121
51,49,239,133
51,9,149,30
51,34,217,81
51,47,103,156
51,40,143,125
51,40,41,164
51,37,173,96
51,38,108,135
51,33,184,94
51,57,72,204
51,33,56,140
51,13,87,64
51,49,62,193
51,24,110,76
51,57,215,170
51,12,99,60
51,42,122,138
51,50,17,214
51,15,40,81
51,43,74,150
51,35,127,111
51,13,131,47
51,42,234,107
51,12,200,31
51,50,157,158
51,58,201,170
51,14,112,51
51,14,247,30
51,17,239,39
51,14,10,103
51,33,22,163
51,39,11,174
51,41,80,162
51,7,240,16
51,47,134,148
51,8,116,42
51,31,112,112
51,24,153,71
51,27,196,74
51,49,168,144
51,20,8,120
51,18,127,60
51,44,167,129
51,37,177,160
51,16,15,147
51,39,92,148
51,57,118,188
51,47,71,171
51,51,35,210
51,10,5,128
51,35,167,110
51,39,76,192
51,13,169,76
51,29,112,134
51,31,38,142
51,51,171,198
51,32,217,122
51,38,36,193
51,16,147,93
51,35,243,113
51,31,143,147
51,38,184,143
51,33,138,136
51,8,34,107
51,25,26,161
51,39,53,127
51,49,92,220
51,47,208,171
51,16,67,108
51,43,214,153
51,44,164,173
51,41,239,139
51,9,210,63
51,32,27,182
51,23,146,113
51,41,196,173
51,48,137,192
51,49,112,212
51,31,64,172
51,20,186,100
51,45,126,197
51,35,210,144
51,21,238,86
51,25,172,127
51,39,144,163
51,55,100,246
51,28,250,150
51,17,201,74
51,57,156,243
51,53,166,217
51,55,123,231
51,17,12,184
51,33,238,140
51,28,200,155
51,52,215,190
51,39,106,234
51,23,218,100
51,10,238,69
51,28,227,100
51,56,191,203
51,58,216,210
51,25,89,139
51,5,99,76
51,21,124,108
51,15,103,103
51,45,49,219
51,38,116,163
51,31,70,205
51,21,246,121
51,56,191,240
51,35,191,188
51,33,17,240
51,10,125,84
51,40,66,243
51,49,180,228
51,46,189,192
51,10,175,110
51,43,246,199
51,38,154,208
51,19,137,149
52,41,52,162
52,37,73,144
52,54,127,180
52,25,38,111
52,38,214,96
52,11,173,37
52,47,42,182
52,51,216,137
52,15,152,48
52,26,89,90
52,20,76,87
52,58,64,226
52,10,217,25
52,54,43,203
52,28,109,97
52,23,217,58
52,32,229,74
52,34,22,141
52,39,248,96
52,11,149,35
52,41,207,114
52,32,61,122
52,27,241,57
52,28,17,131
52,8,175,26
52,19,177,52
52,20,162,63
52,28,173,75
52,56,157,178
52,56,98,185
52,24,180,62
52,19,214,43
52,56,226,158
52,43,26,182
52,31,171,88
52,23,199,57
52,24,25,125
52,42,147,126
52,41,180,97
52,6,79,53
52,56,22,237
52,46,190,130
52,27,80,106
52,43,119,142
52,52,116,172
52,50,240,136
52,20,33,102
52,25,60,98
52,40,38,167
52,32,137,95
52,24,122,86
52,51,189,149
52,48,100,157
52,34,53,144
52,15,85,70
52,56,179,167
52,57,87,200
52,16,248,33
52,51,156,162
52,51,11,216
52,6,123,36
52,16,133,49
52,36,146,115
52,13,199,33
52,33,90,115
52,16,114,56
52,17,41,85
52,25,109,79
52,50,59,199
52,5,60,55
52,14,100,65
52,14,27,92
52,7,97,44
52,19,238,42
52,58,216,173
52,43,105,133
52,43,79,169
52,29,197,77
52,37,125,118
52,9,241,18
52,43,234,108
52,15,8,108
52,45,167,134
52,58,69,207
52,48,133,151
52,8,38,66
52,32,111,114
52,10,116,46
52,40,10,179
52,26,150,76
52,37,168,114
52,34,19,166
52,11,9,131
52,41,91,153
52,5,7,76
52,50,166,147
52,20,129,64
52,40,72,196
52,51,31,213
52,18,146,95
52,39,185,148
52,58,116,193
52,17,11,151
52,49,67,178
52,32,37,146
52,45,164,176
52,14,166,79
52,32,77,132
52,39,177,166
52,33,215,124
52,8,23,80
52,31,111,138
52,10,206,62
52,10,28,113
52,52,171,200
52,48,208,174
52,18,66,114
52,49,91,223
52,25,144,117
52,37,243,116
52,25,16,165
52,44,214,156
52,33,26,187
52,50,137,197
52,45,123,199
52,34,137,137
52,33,62,174
52,40,145,165
52,32,141,150
52,50,114,211
52,37,207,147
52,19,13,189
52,18,197,76
52,23,239,89
52,26,173,131
52,56,100,246
52,27,250,109
52,53,213,192
52,56,123,231
52,23,214,102
52,30,226,106
52,42,196,176
52,30,205,159
52,34,236,142
52,56,190,207
52,57,157,246
52,22,185,114
52,5,104,77
52,46,51,221
52,41,107,237
52,16,103,104
52,53,165,221
52,10,233,68
52,22,123,111
52,27,89,143
52,39,119,164
52,22,245,122
52,37,190,193
52,11,126,84
52,18,41,141
52,12,176,114
52,5,229,45
52,56,190,240
52,41,64,249
52,44,243,201
52,34,20,244
52,32,66,208
52,47,187,194
52,52,172,231
52,42,136,230
52,41,153,210
52,7,24,147
52,19,137,150
52,41,35,228
52,45,246,169
53,22,74,91
53,49,41,186
53,38,73,148
53,52,214,141
53,28,84,95
53,28,37,117
53,41,51,165
53,58,63,229
53,13,172,44
53,56,126,183
53,36,22,146
53,43,145,128
53,43,209,118
53,39,213,100
53,58,99,192
53,41,173,102
53,12,216,29
53,24,215,62
53,58,226,163
53,41,246,100
53,33,63,126
53,17,152,53
53,44,117,149
53,54,41,205
53,44,25,188
53,29,107,101
53,58,84,202
53,24,196,59
53,41,36,171
53,13,150,39
53,33,228,78
53,30,16,136
53,48,190,133
53,57,19,238
53,58,157,181
53,10,171,31
53,53,114,176
53,17,88,75
53,20,213,47
53,21,177,52
53,29,173,79
53,8,78,60
53,35,52,150
53,26,23,129
53,52,190,152
53,33,169,91
53,26,118,90
53,35,90,121
53,57,175,169
53,21,31,109
53,33,136,97
53,49,98,162
53,8,124,40
53,21,162,66
53,26,59,104
53,38,144,119
53,25,179,67
53,20,42,90
53,28,79,112
53,8,97,51
53,52,13,222
53,18,110,60
53,52,241,140
53,36,187,106
53,54,233,153
53,27,106,82
53,44,234,109
53,16,99,68
53,38,124,121
53,51,58,200
53,45,79,177
53,52,157,166
53,17,248,36
53,18,133,54
53,16,26,96
53,28,239,61
53,10,237,21
53,20,238,45
53,30,195,80
53,17,6,112
53,14,198,36
53,49,132,156
53,7,58,58
53,58,67,210
53,35,19,170
53,33,111,117
53,42,9,185
53,46,167,137
53,44,105,135
53,19,142,101
53,38,167,116
53,27,150,80
53,51,167,151
53,42,87,158
53,52,27,214
53,41,175,167
53,22,126,68
53,40,191,151
53,19,9,154
53,40,102,147
53,21,247,72
53,49,66,182
53,11,22,85
53,46,166,177
53,14,5,135
53,34,37,153
53,26,143,121
53,6,192,20
53,12,28,117
53,33,210,127
53,57,247,210
53,15,160,84
53,19,66,119
53,45,214,156
53,11,205,67
53,53,171,201
53,34,23,192
53,33,110,143
53,35,64,179
53,43,234,142
53,51,25,250
53,33,142,153
53,51,138,201
53,51,90,225
53,50,211,180
53,34,132,137
53,26,22,169
53,5,177,63
53,40,85,196
53,46,122,203
53,23,235,91
53,56,98,249
53,41,146,168
53,21,17,196
53,25,212,104
53,28,174,133
53,57,122,234
53,28,249,110
53,51,115,211
53,25,185,122
53,37,206,151
53,35,192,134
53,18,102,107
53,20,196,81
53,35,235,145
53,44,197,179
53,54,212,193
53,43,68,210
53,12,229,70
53,55,163,222
53,47,51,225
53,28,92,145
53,57,190,210
53,36,18,249
53,38,187,197
53,40,119,166
53,31,204,163
53,24,122,115
53,57,191,245
53,46,182,228
53,34,66,216
53,11,124,89
53,23,242,125
53,13,176,117
53,6,226,48
53,42,111,243
53,21,138,154
53,8,25,152
53,57,156,249
53,46,244,173
53,45,243,205
53,48,189,198
54,23,72,99
54,29,83,102
54,42,48,170
54,49,39,193
54,40,69,155
54,40,210,105
54,53,214,147
54,36,17,151
54,56,126,187
54,5,111,34
54,29,35,123
54,11,92,56
54,15,171,50
54,12,216,33
54,44,209,123
54,35,63,134
54,44,23,191
54,12,172,38
54,29,74,117
54,17,96,74
54,14,149,44
54,25,215,64
54,21,40,98
54,22,30,117
54,21,212,51
54,19,86,83
54,58,98,200
54,33,227,80
54,41,246,104
54,44,145,135
54,55,39,213
54,42,172,107
54,31,106,108
54,57,14,243
54,42,36,179
54,25,197,66
54,18,152,60
54,48,191,141
54,33,167,97
54,58,152,186
54,22,179,56
54,26,177,72
54,23,164,72
54,53,111,182
54,58,81,208
54,10,122,47
54,5,157,35
54,39,141,126
54,50,96,170
54,36,89,130
54,33,135,103
54,45,116,155
54,19,111,67
54,37,217,95
54,37,186,111
54,28,56,111
54,10,236,25
54,30,172,85
54,27,117,97
54,36,23,177
54,28,105,92
54,5,38,68
54,36,51,156
54,53,189,157
54,52,239,144
54,58,175,174
54,9,75,66
54,18,248,39
54,45,233,113
54,52,57,208
54,53,156,173
54,19,134,61
54,27,21,135
54,15,200,41
54,46,78,183
54,8,59,64
54,28,241,65
54,17,27,105
54,54,231,157
54,50,131,163
54,5,222,14
54,58,63,216
54,21,238,49
54,32,196,86
54,14,117,57
54,42,6,191
54,33,107,121
54,40,100,151
54,44,103,140
54,40,122,132
54,11,34,78
54,39,164,121
54,41,188,155
54,48,166,144
54,15,159,88
54,51,165,152
54,28,148,87
54,43,87,167
54,25,185,127
54,50,62,188
54,52,22,218
54,35,34,158
54,12,20,93
54,20,142,112
54,34,212,130
54,20,172,100
54,22,248,77
54,5,91,40
54,41,173,171
54,8,191,26
54,20,10,162
54,38,39,204
54,13,26,125
54,27,139,126
54,54,171,205
54,51,208,182
54,47,162,182
54,56,249,216
54,27,17,177
54,46,214,160
54,11,204,71
54,35,21,199
54,39,241,125
54,44,234,144
54,51,135,207
54,33,105,149
54,33,141,158
54,20,64,127
54,34,132,143
54,24,234,95
54,6,173,64
54,38,205,157
54,52,88,232
54,52,112,219
54,26,211,107
54,36,232,149
54,35,191,141
54,36,64,187
54,45,188,178
54,42,144,174
54,22,16,201
54,44,64,217
54,29,250,115
54,47,121,207
54,29,166,137
54,57,121,239
54,55,215,200
54,31,224,109
54,20,198,85
54,28,63,160
54,40,91,200
54,55,162,228
54,13,227,73
54,5,41,100
54,18,95,114
54,23,116,121
54,33,210,169
54,29,90,150
54,5,100,92
54,47,183,238
54,21,44,153
54,35,66,223
54,58,190,217
54,54,170,246
54,42,95,248
54,58,238,241
54,7,224,53
54,9,22,159
54,11,123,93
54,40,117,171
54,38,189,205
54,24,242,131
54,22,137,161
54,31,185,159
54,44,138,244
54,48,187,202
54,57,191,250
54,42,35,232
54,38,129,215
54,47,243,175
55,37,15,152
55,50,37,194
55,30,81,104
55,53,213,149
55,25,70,100
55,41,68,157
55,57,121,191
55,16,173,51
55,43,44,171
55,45,208,125
55,13,218,34
55,40,209,107
55,7,112,37
55,6,125,33
55,36,58,139
55,43,35,181
55,26,214,66
55,45,22,192
55,20,85,85
55,22,38,100
55,24,29,121
55,20,154,60
55,16,151,46
55,49,188,141
55,31,102,111
55,43,174,104
55,41,245,104
55,34,224,80
55,30,74,120
55,19,97,77
55,13,174,40
55,26,196,66
55,34,164,98
55,57,8,244
55,23,163,72
55,54,109,183
55,30,34,126
55,56,33,217
55,37,88,131
55,50,93,171
55,53,238,144
55,30,104,94
55,21,213,52
55,23,180,58
55,21,111,69
55,38,217,96
55,27,177,74
55,44,143,136
55,11,122,48
55,40,139,124
55,35,132,106
55,31,171,85
55,37,50,157
55,19,250,39
55,6,159,36
55,13,94,59
55,11,74,65
55,54,189,160
55,6,38,71
55,54,87,200
55,33,194,85
55,22,240,50
55,29,243,65
55,36,17,177
55,16,198,39
55,53,55,213
55,29,55,114
55,46,73,184
55,19,23,108
55,45,231,112
55,54,154,174
55,11,236,25
55,58,172,175
55,20,135,61
55,10,148,35
55,46,101,143
55,46,115,155
55,15,60,74
55,28,117,101
55,51,128,164
55,41,120,132
55,6,223,16
55,41,188,153
55,9,59,66
55,13,32,79
55,35,107,124
55,40,162,121
55,49,164,147
55,53,165,159
55,52,16,216
55,7,89,43
55,29,147,89
55,24,125,76
55,25,184,126
55,36,33,163
55,51,60,191
55,14,19,95
55,20,8,160
55,47,163,180
55,41,172,168
55,34,207,129
55,18,69,87
55,9,192,29
55,15,157,88
55,22,248,75
55,14,25,124
55,34,106,149
55,39,241,123
55,24,238,95
55,45,198,176
55,21,61,128
55,6,19,77
55,51,205,182
55,35,190,135
55,27,17,176
55,7,169,63
55,28,142,126
55,53,86,234
55,41,90,199
55,25,172,102
55,11,200,69
55,53,167,205
55,52,132,210
55,21,139,104
55,57,247,216
55,19,173,101
55,37,231,148
55,26,213,106
55,34,141,160
55,40,43,205
55,51,109,220
55,36,63,186
55,38,206,153
55,29,175,138
55,45,59,219
55,5,39,101
55,33,144,77
55,42,142,172
55,33,128,141
55,55,213,200
55,29,250,115
55,12,226,72
55,47,121,204
55,34,205,172
55,57,118,240
55,29,62,162
55,21,195,87
55,19,95,115
55,55,157,227
55,29,86,149
55,7,100,93
55,24,116,122
55,21,17,198
55,41,115,171
55,21,44,153
55,55,169,247
55,39,187,204
55,58,187,216
55,11,21,162
55,57,237,239
55,41,33,231
55,7,223,52
55,35,65,222
55,57,189,249
55,43,94,247
55,11,119,93
55,48,182,237
55,24,242,129
55,23,135,161
55,43,159,224
55,46,241,208
55,49,189,201
56,54,209,152
56,51,34,199
56,32,82,110
56,42,67,161
56,5,247,10
56,57,120,194
56,9,117,40
56,41,207,112
56,17,175,56
56,39,14,158
56,14,218,37
56,25,72,103
56,46,207,129
56,23,39,105
56,31,35,129
56,37,56,143
56,44,41,173
56,43,32,184
56,50,186,144
56,20,98,80
56,25,29,124
56,31,72,124
56,27,213,70
56,25,164,76
56,17,154,52
56,21,154,66
56,28,197,71
56,58,6,247
56,35,166,104
56,32,103,113
56,12,124,53
56,14,177,45
56,51,91,173
56,55,106,188
56,38,48,162
56,43,247,107
56,15,95,61
56,7,161,39
56,28,177,75
56,22,112,72
56,43,171,105
56,23,213,56
56,38,88,137
56,21,86,88
56,46,20,197
56,9,129,35
56,35,227,84
56,53,236,146
56,47,72,185
56,31,102,96
56,32,171,89
56,57,32,223
56,55,187,163
56,45,56,167
56,41,135,131
56,19,23,112
56,29,242,68
56,12,75,66
56,24,181,60
56,11,150,41
56,31,55,119
56,36,16,180
56,55,153,179
56,23,242,53
56,39,220,102
56,35,131,109
56,8,39,73
56,43,177,122
56,34,196,92
56,21,136,64
56,54,83,203
56,45,231,117
56,17,201,43
56,39,185,119
56,13,238,29
56,42,118,136
56,42,95,155
56,11,59,69
56,45,143,143
56,56,228,163
56,8,224,20
56,47,102,146
56,47,114,158
56,52,125,169
56,15,57,79
56,13,33,83
56,36,107,126
56,41,159,124
56,50,163,151
56,54,164,165
56,10,191,33
56,22,6,164
56,42,190,155
56,51,56,195
56,37,31,167
56,21,141,108
56,35,209,130
56,52,12,219
56,10,94,45
56,30,144,95
56,5,60,56
56,15,19,98
56,21,60,130
56,25,123,80
56,34,101,152
56,19,70,89
56,15,160,89
56,45,62,225
56,47,160,183
56,41,172,170
56,51,202,185
56,20,173,102
56,13,27,124
56,57,248,218
56,7,18,83
56,25,238,98
56,38,231,153
56,28,142,129
56,38,67,192
56,8,169,67
56,28,17,180
56,45,235,146
56,53,89,235
56,51,109,223
56,13,202,72
56,38,207,153
56,46,221,163
56,34,126,145
56,41,44,205
56,40,243,126
56,7,205,5
56,52,132,214
56,26,181,128
56,35,143,161
56,36,187,134
56,33,142,79
56,30,61,166
56,5,10,113
56,44,94,204
56,29,172,140
56,52,165,211
56,28,209,107
56,46,121,206
56,42,143,176
56,13,224,76
56,20,95,120
56,44,101,247
56,55,212,202
56,31,230,112
56,35,210,174
56,22,194,89
56,56,123,245
56,42,113,177
56,21,42,155
56,29,84,155
56,24,115,127
56,55,157,227
56,8,98,94
56,57,186,219
56,38,136,214
56,23,17,203
56,40,186,205
56,42,33,231
56,12,20,165
56,13,118,98
56,36,64,228
56,33,187,163
56,58,189,250
56,8,224,55
56,23,134,164
56,17,181,129
56,31,94,197
56,54,169,246
56,23,244,129
57,11,121,39
57,32,85,110
57,43,210,113
57,58,121,195
57,55,210,152
57,43,70,161
57,25,73,106
57,40,18,159
57,54,244,147
57,18,177,59
57,45,42,173
57,52,37,202
57,47,207,129
57,38,60,144
57,26,31,128
57,35,110,113
57,44,34,186
57,51,188,145
57,35,165,103
57,16,223,39
57,31,75,125
57,22,154,68
57,29,199,71
57,30,180,77
57,14,128,54
57,9,135,33
57,43,247,107
57,19,158,52
57,28,216,71
57,24,39,107
57,26,183,62
57,44,173,106
57,33,175,91
57,34,12,150
57,56,108,190
57,46,23,197
57,21,22,114
57,21,101,82
57,39,89,138
57,52,92,175
57,16,184,44
57,25,167,77
57,9,165,39
57,56,189,164
57,35,229,82
57,47,73,182
57,22,137,65
57,30,246,69
57,42,137,131
57,44,53,165
57,36,134,111
57,24,246,54
57,53,32,219
57,23,114,74
57,22,88,91
57,43,120,136
57,13,78,69
57,32,104,97
57,9,40,75
57,56,56,222
57,19,206,46
57,32,57,121
57,24,219,58
57,46,232,118
57,40,223,102
57,5,160,18
57,56,155,182
57,34,199,94
57,43,179,122
57,46,144,141
57,11,61,72
57,40,187,117
57,9,228,22
57,43,97,154
57,16,96,63
57,56,227,163
57,13,155,42
57,48,115,158
57,47,101,146
57,37,14,181
57,37,109,131
57,16,60,80
57,32,45,134
57,37,212,126
57,5,129,66
57,52,131,169
57,42,162,124
57,44,14,205
57,38,32,167
57,14,34,86
57,14,242,32
57,50,162,151
57,55,166,166
57,23,250,79
57,52,60,197
57,12,97,46
57,52,12,220
57,23,9,163
57,6,62,58
57,22,62,131
57,43,191,155
57,30,146,94
57,51,207,186
57,17,161,90
57,46,63,224
57,48,164,180
57,17,21,100
57,38,192,140
57,34,108,152
57,19,73,89
57,8,19,84
57,57,250,213
57,6,195,59
57,15,27,128
57,42,175,170
57,51,111,221
57,40,250,122
57,29,142,128
57,39,210,154
57,26,239,99
57,38,234,148
57,24,73,79
57,28,19,180
57,45,240,143
57,53,91,238
57,27,174,105
57,47,228,166
57,7,11,117
57,53,133,214
57,35,132,145
57,23,149,115
57,14,202,73
57,21,96,118
57,41,45,208
57,34,144,79
57,38,62,194
57,9,167,69
57,53,167,209
57,28,210,106
57,22,136,110
57,27,183,128
57,31,172,138
57,31,64,169
57,45,93,206
57,35,158,160
57,47,120,207
57,14,228,77
57,43,145,176
57,55,212,201
57,57,126,249
57,31,230,109
57,23,195,88
57,34,209,173
57,58,186,217
57,49,46,233
57,56,158,225
57,40,190,206
57,25,118,127
57,8,98,90
57,23,46,156
57,30,87,156
57,19,186,131
57,55,170,245
57,42,118,177
57,15,118,97
57,24,134,165
57,58,191,250
57,14,21,168
57,43,32,232
57,36,67,233
57,10,223,59
57,38,140,211
57,56,237,240
57,10,131,158
57,32,96,200
57,49,187,203
57,24,28,204
57,49,244,175
57,5,152,96
58,54,242,145
58,43,211,113
58,12,124,39
58,43,69,163
58,33,86,112
58,45,44,175
58,6,119,37
58,55,211,153
58,20,161,53
58,41,19,161
58,34,23,135
58,19,180,58
58,39,61,145
58,27,77,108
58,45,250,111
58,48,211,130
58,36,111,116
58,53,37,203
58,22,25,114
58,11,168,41
58,27,34,129
58,17,227,40
58,37,166,104
58,31,205,73
58,10,139,32
58,23,160,67
58,47,23,197
58,32,52,136
58,53,91,177
58,45,35,189
58,44,52,161
58,52,189,146
58,48,72,183
58,25,40,109
58,31,183,77
58,57,108,191
58,32,78,128
58,29,222,71
58,17,186,45
58,27,188,63
58,34,176,92
58,15,132,53
58,37,136,111
58,44,121,138
58,25,116,76
58,25,250,53
58,26,171,77
58,53,33,222
58,41,93,142
58,37,235,84
58,33,60,122
58,10,43,73
58,57,189,164
58,23,105,85
58,20,213,46
58,57,56,224
58,58,156,186
58,25,221,57
58,14,83,68
58,43,138,133
58,23,140,68
58,33,106,98
58,24,90,92
58,7,167,21
58,38,15,182
58,47,234,120
58,41,228,104
58,7,86,51
58,13,63,72
58,45,179,125
58,41,186,118
58,5,32,71
58,47,143,143
58,35,202,95
58,49,102,151
58,18,62,81
58,19,126,65
58,37,215,128
58,43,164,127
58,44,188,101
58,38,110,135
58,7,135,66
58,10,230,21
58,15,39,87
58,53,61,199
58,50,118,162
58,56,166,168
58,13,102,46
58,53,133,168
58,52,164,153
58,5,208,17
58,15,244,31
58,17,7,147
58,23,64,133
58,44,195,158
58,24,10,164
58,18,162,92
58,7,66,59
58,53,16,224
58,7,7,88
58,53,211,184
58,22,132,109
58,19,98,71
58,31,149,95
58,47,201,181
58,35,114,151
58,39,190,139
58,16,31,128
58,49,167,184
58,18,27,100
58,5,84,90
58,36,161,160
58,54,93,237
58,9,23,84
58,20,75,91
58,48,62,224
58,29,21,180
58,11,169,72
58,29,149,131
58,17,102,58
58,28,179,106
58,8,195,58
58,26,242,101
58,43,180,172
58,39,237,150
58,25,81,76
58,51,110,220
58,42,45,208
58,25,162,115
58,35,138,146
58,9,13,118
58,40,212,155
58,39,62,190
58,47,227,165
58,32,177,139
58,54,170,207
58,16,205,76
58,48,122,205
58,54,134,214
58,35,146,80
58,21,178,104
58,29,213,106
58,22,98,119
58,29,188,129
58,56,216,201
58,31,66,166
58,44,145,179
58,10,99,87
58,57,126,247
58,14,230,78
58,9,51,103
58,32,234,111
58,24,200,92
58,46,86,202
58,50,46,236
58,25,120,125
58,36,213,176
58,41,194,206
58,39,143,213
58,43,118,176
58,16,122,95
58,57,157,226
58,25,134,165
58,24,46,156
58,25,32,205
58,14,24,170
58,44,168,228
58,55,174,242
58,11,225,58
58,31,91,155
58,44,35,233
58,57,233,241
58,20,189,129
58,33,100,202
58,6,157,97
58,50,193,203
58,11,133,157
59,34,55,135
59,6,122,37
59,21,181,62
59,14,128,41
59,45,212,117
59,44,71,166
59,56,210,154
59,29,78,110
59,35,21,140
59,18,191,45
59,22,164,55
59,54,35,204
59,13,169,45
59,46,46,180
59,28,172,82
59,42,21,167
59,24,162,71
59,35,90,115
59,39,165,106
59,38,111,121
59,33,206,77
59,46,249,113
59,50,213,133
59,40,64,146
59,8,143,33
59,34,119,115
59,29,35,132
59,53,189,148
59,19,228,41
59,50,74,187
59,55,91,183
59,23,25,118
59,28,191,65
59,56,240,145
59,47,34,191
59,25,110,86
59,58,107,195
59,39,137,114
59,33,184,79
59,45,52,162
59,37,10,154
59,48,23,198
59,27,41,111
59,26,93,96
59,54,33,224
59,31,222,74
59,33,79,129
59,21,215,47
59,17,134,55
59,15,86,70
59,38,236,89
59,42,93,144
59,27,223,58
59,35,64,124
59,26,121,76
59,11,38,75
59,45,139,137
59,22,97,78
59,6,54,59
59,5,194,15
59,36,177,94
59,24,142,71
59,43,228,107
59,47,180,128
59,46,120,140
59,9,172,23
59,37,203,98
59,49,237,123
59,58,188,166
59,35,112,103
59,45,151,112
59,9,140,68
59,20,65,84
59,20,126,66
59,8,90,53
59,15,64,76
59,50,100,156
59,5,179,14
59,46,164,132
59,11,233,21
59,51,121,167
59,40,15,187
59,44,200,98
59,44,196,163
59,46,15,209
59,40,112,138
59,25,10,169
59,17,107,58
59,17,40,88
59,58,167,174
59,24,68,132
59,54,62,202
59,33,150,96
59,53,163,154
59,17,247,33
59,53,210,186
59,5,228,32
59,21,162,95
59,31,23,182
59,7,214,19
59,54,17,227
59,9,72,59
59,55,132,172
59,29,129,88
59,19,28,102
59,41,192,144
59,38,215,129
59,13,171,73
59,9,6,91
59,22,75,94
59,11,20,89
59,47,242,145
59,44,180,173
59,22,220,72
59,56,95,236
59,36,117,155
59,24,132,112
59,48,201,183
59,17,32,129
59,36,166,164
59,30,152,135
59,25,77,77
59,9,199,60
59,27,244,101
59,7,87,92
59,5,107,65
59,41,215,154
59,49,167,186
59,34,179,142
59,51,107,222
59,54,171,210
59,27,164,123
59,49,232,169
59,11,13,123
59,5,152,55
59,30,177,112
59,40,62,188
59,43,46,211
59,17,204,76
59,35,147,79
59,23,182,111
59,31,216,110
59,49,120,207
59,57,218,205
59,36,142,150
59,31,191,134
59,33,67,166
59,24,102,123
59,25,203,94
59,57,127,246
59,44,147,179
59,12,104,89
59,25,25,207
59,58,161,223
59,47,84,201
59,37,214,178
59,17,125,95
59,33,236,112
59,40,144,213
59,43,118,178
59,51,45,242
59,24,43,156
59,26,136,168
59,56,175,242
59,58,237,240
59,12,224,57
59,35,105,204
59,38,69,239
59,7,153,100
59,16,24,176
59,41,187,207
59,20,192,128
59,49,190,238
60,7,126,37
60,47,212,120
60,23,183,62
60,56,209,157
60,55,34,210
60,45,71,171
60,35,56,139
60,51,211,135
60,15,129,42
60,20,193,48
60,47,45,184
60,42,65,150
60,36,21,141
60,24,165,57
60,40,167,108
60,36,91,117
60,43,21,170
60,47,249,114
60,31,78,114
60,29,172,85
60,34,204,79
60,40,112,125
60,55,34,228
60,9,148,35
60,26,161,74
60,31,35,135
60,46,52,165
60,52,75,191
60,25,26,121
60,48,33,194
60,5,236,5
60,49,23,201
60,53,188,150
60,56,92,186
60,46,139,138
60,38,10,158
60,13,173,44
60,41,138,119
60,34,184,81
60,27,108,88
60,28,225,60
60,20,229,44
60,57,240,146
60,35,80,133
60,23,95,81
60,18,138,56
60,29,194,67
60,32,225,76
60,7,196,16
60,44,94,147
60,17,88,73
60,23,217,48
60,47,179,128
60,7,54,60
60,37,179,100
60,29,42,115
60,39,235,90
60,27,92,98
60,55,5,244
60,45,201,97
60,28,122,79
60,37,114,107
60,48,122,146
60,46,149,115
60,58,185,165
60,37,63,129
60,44,226,110
60,14,42,78
60,50,236,126
60,10,174,25
60,10,141,69
60,26,142,72
60,16,66,78
60,6,179,16
60,51,146,150
60,21,65,87
60,10,91,55
60,51,103,159
60,45,199,164
60,22,125,69
60,13,236,23
60,52,122,171
60,18,107,59
60,33,24,154
60,56,133,176
60,41,113,141
60,48,16,212
60,19,41,93
60,47,164,135
60,25,130,112
60,55,15,228
60,55,61,203
60,27,11,175
60,41,16,190
60,54,162,158
60,8,214,21
60,25,65,136
60,22,162,97
60,54,210,186
60,10,72,62
60,5,228,31
60,34,151,99
60,20,29,104
60,30,130,92
60,25,75,99
60,33,24,185
60,15,173,74
60,18,246,34
60,47,243,145
60,10,7,92
60,48,202,186
60,18,31,132
60,56,94,236
60,37,120,157
60,50,166,191
60,13,19,92
60,6,108,66
60,27,167,124
60,35,178,142
60,41,216,158
60,31,153,136
60,8,87,94
60,26,77,79
60,10,201,62
60,22,221,75
60,41,194,145
60,44,182,176
60,30,181,111
60,37,169,166
60,41,64,190
60,49,231,168
60,12,10,124
60,54,129,217
60,28,245,102
60,54,172,214
60,58,164,222
60,58,212,204
60,6,6,77
60,36,146,81
60,18,206,77
60,7,157,57
60,45,49,214
60,51,65,235
60,47,89,206
60,45,147,179
60,51,106,221
60,37,144,152
60,31,218,112
60,33,67,167
60,26,202,93
60,12,53,105
60,13,103,89
60,24,102,123
60,57,122,245
60,37,212,180
60,52,47,247
60,12,44,110
60,15,228,83
60,39,69,239
60,33,241,114
60,26,24,210
60,19,125,95
60,42,191,208
60,27,33,208
60,26,246,132
60,26,43,161
60,26,135,170
60,33,93,159
60,40,143,214
60,46,167,229
60,45,39,240
60,13,223,60
60,56,172,241
60,51,199,205
60,52,247,183
60,20,183,132
61,8,129,39
61,48,214,124
61,47,72,173
61,56,33,212
61,57,208,158
61,16,131,43
61,44,68,151
61,48,45,186
61,21,192,51
61,24,183,65
61,35,203,83
61,36,56,142
61,6,240,7
61,52,212,135
61,47,250,116
61,45,24,173
61,25,165,61
61,46,52,164
61,41,166,111
61,18,90,75
61,37,91,118
61,29,109,89
61,32,78,117
61,32,37,139
61,31,172,89
61,49,34,199
61,14,174,45
61,8,201,16
61,56,33,230
61,48,179,131
61,47,137,141
61,37,120,119
61,26,26,123
61,56,91,184
61,37,24,141
61,41,111,127
61,33,225,78
61,52,72,193
61,39,12,163
61,54,189,151
61,25,97,83
61,46,94,149
61,28,162,77
61,31,197,70
61,49,21,200
61,30,43,117
61,35,184,84
61,29,225,62
61,22,231,47
61,41,234,93
61,9,57,63
61,42,138,122
61,19,138,58
61,11,151,38
61,58,83,214
61,24,218,52
61,29,95,102
61,58,238,151
61,11,176,27
61,37,82,136
61,18,69,80
61,39,180,106
61,46,148,115
61,37,63,129
61,45,225,112
61,49,120,149
61,46,202,98
61,28,124,80
61,58,53,226
61,52,103,163
61,23,68,90
61,40,204,105
61,11,141,73
61,11,93,57
61,23,125,71
61,50,235,128
61,8,182,18
61,14,238,24
61,16,47,79
61,42,16,193
61,20,41,95
61,19,106,60
61,26,143,75
61,11,37,81
61,51,148,155
61,56,62,204
61,33,27,154
61,52,121,173
61,29,18,178
61,6,52,99
61,54,164,156
61,42,114,145
61,9,214,25
61,5,229,31
61,57,133,177
61,47,162,135
61,49,15,216
61,45,197,167
61,22,29,107
61,16,112,51
61,23,163,99
61,19,31,135
61,26,64,139
61,11,9,94
61,11,76,63
61,27,77,104
61,31,131,96
61,5,34,70
61,48,203,187
61,54,212,191
61,34,150,103
61,56,93,238
61,32,153,140
61,10,90,94
61,14,21,95
61,47,247,146
61,16,176,78
61,26,79,78
61,37,119,158
61,49,167,191
61,31,182,114
61,50,232,167
61,25,128,114
61,23,222,77
61,36,179,144
61,38,169,168
61,7,109,70
61,50,130,207
61,41,193,146
61,33,25,188
61,7,7,81
61,42,215,156
61,42,65,192
61,10,201,66
61,31,219,116
61,44,182,178
61,14,10,128
61,9,163,59
61,38,219,123
61,37,149,84
61,48,91,207
61,18,209,80
61,46,55,216
61,37,142,153
61,52,108,222
61,34,69,172
61,28,246,104
61,55,174,214
61,13,46,109
61,14,109,95
61,51,65,235
61,33,191,138
61,40,238,153
61,44,148,177
61,27,202,96
61,25,99,125
61,28,31,213
61,57,124,248
61,28,166,125
61,27,120,131
61,38,216,183
61,34,242,116
61,20,124,99
61,48,111,250
61,16,229,84
61,40,70,244
61,26,246,133
61,32,91,159
61,57,173,243
61,27,134,174
61,12,225,59
61,32,227,142
61,9,155,105
61,46,38,243
61,49,190,240
61,31,192,161
62,48,213,124
62,48,72,175
62,10,131,41
62,57,32,212
62,48,46,189
62,58,210,160
62,17,133,43
62,36,207,84
62,33,34,139
62,33,77,118
62,20,139,61
62,53,214,139
62,44,68,153
62,46,25,177
62,7,241,8
62,50,33,201
62,10,204,19
62,31,107,92
62,32,173,90
62,41,165,112
62,38,91,123
62,46,52,165
62,48,137,141
62,23,200,53
62,30,227,64
62,26,169,62
62,36,54,145
62,36,187,84
62,31,38,119
62,42,111,127
62,48,178,130
62,25,185,67
62,38,24,144
62,55,189,156
62,28,165,79
62,37,119,121
62,53,71,195
62,41,14,165
62,19,88,76
62,5,156,24
62,57,92,189
62,57,32,232
62,23,237,47
62,32,200,72
62,31,95,105
62,27,27,123
62,46,95,151
62,49,17,198
62,5,85,47
62,35,229,81
62,10,58,65
62,37,80,138
62,42,237,99
62,39,64,134
62,47,226,113
62,40,183,108
62,16,178,48
62,13,182,30
62,17,48,84
62,39,137,119
62,20,68,83
62,25,95,83
62,13,155,40
62,53,103,164
62,29,124,81
62,50,123,153
62,58,249,157
62,41,206,107
62,13,92,59
62,25,66,93
62,10,187,21
62,27,143,78
62,20,167,53
62,15,240,27
62,12,141,76
62,24,122,72
62,51,238,131
62,57,135,180
62,21,41,98
62,12,37,83
62,47,161,134
62,57,234,153
62,46,146,113
62,50,15,219
62,56,12,230
62,56,60,205
62,47,205,98
62,47,199,166
62,11,218,28
62,29,19,182
62,35,25,157
62,21,103,63
62,53,121,177
62,7,109,42
62,43,113,146
62,55,164,159
62,19,249,39
62,6,230,32
62,6,53,101
62,35,149,105
62,12,8,96
62,12,76,67
62,6,35,70
62,54,212,195
62,52,147,158
62,23,28,109
62,36,219,123
62,46,113,247
62,16,111,53
62,20,30,138
62,56,93,239
62,49,198,189
62,24,168,100
62,10,198,65
62,39,171,169
62,55,130,217
62,36,177,142
62,32,130,97
62,14,23,96
62,54,174,213
62,42,61,196
62,11,89,97
62,41,193,147
62,32,149,139
62,26,66,139
62,9,9,82
62,47,248,152
62,27,77,81
62,37,113,159
62,26,131,115
62,8,110,71
62,16,178,79
62,24,224,79
62,44,183,180
62,42,216,159
62,10,164,60
62,38,149,85
62,50,235,171
62,14,10,129
62,35,69,173
62,49,166,191
62,28,32,214
62,38,136,152
62,46,58,218
62,52,104,222
62,48,90,206
62,18,209,83
62,45,146,177
62,29,246,105
62,40,236,153
62,14,46,114
62,16,232,84
62,30,161,125
62,57,125,248
62,39,218,186
62,51,67,240
62,28,118,131
62,44,121,178
62,5,194,45
62,27,202,98
62,15,115,101
62,25,100,126
62,35,238,118
62,26,247,131
62,41,69,247
62,32,90,158
62,13,227,62
62,41,143,225
62,28,45,168
62,28,136,178
62,37,106,214
62,50,191,207
63,21,136,56
63,17,135,42
63,49,215,125
63,11,134,41
63,47,71,177
63,37,209,88
63,58,212,164
63,54,214,142
63,34,79,121
63,49,46,193
63,57,32,218
63,47,26,180
63,50,33,203
63,8,242,9
63,43,113,130
63,50,16,200
63,24,201,55
63,46,51,168
63,11,206,22
63,45,68,154
63,38,122,123
63,27,173,63
63,33,35,143
63,31,111,93
63,56,231,154
63,24,238,48
63,32,177,90
63,26,186,69
63,49,140,146
63,47,97,156
63,39,94,126
63,20,89,77
63,7,159,25
63,42,168,115
63,36,188,87
63,54,73,198
63,57,92,191
63,17,181,48
63,57,32,234
63,36,231,83
63,38,20,148
63,26,223,55
63,40,184,108
63,42,14,168
63,49,180,133
63,31,38,121
63,31,229,68
63,5,89,46
63,28,23,129
63,11,61,64
63,36,54,148
63,29,167,78
63,32,203,74
63,31,96,109
63,56,189,161
63,47,226,115
63,5,216,7
63,39,62,136
63,37,80,140
63,17,47,84
63,14,186,33
63,53,104,167
63,43,140,125
63,42,241,98
63,20,70,84
63,42,205,109
63,12,192,23
63,12,38,83
63,13,95,60
63,49,163,138
63,50,123,155
63,17,154,45
63,14,160,39
63,52,242,135
63,26,69,96
63,21,103,65
63,30,127,83
63,16,243,26
63,47,199,167
63,51,15,221
63,12,142,77
63,53,147,160
63,28,146,77
63,13,222,31
63,25,122,73
63,21,40,99
63,31,19,184
63,58,135,182
63,57,58,206
63,43,115,148
63,56,164,163
63,55,15,233
63,7,53,103
63,6,230,34
63,6,33,70
63,47,208,96
63,39,175,169
63,37,222,125
63,54,122,179
63,55,215,195
63,7,112,43
63,42,193,147
63,12,79,65
63,37,29,192
63,24,163,100
63,15,24,99
63,10,199,66
63,45,210,140
63,49,200,188
63,33,146,138
63,17,111,55
63,50,240,169
63,27,65,142
63,36,151,107
63,21,31,142
63,56,94,238
63,13,8,98
63,55,132,220
63,44,249,133
63,42,64,199
63,37,114,158
63,11,94,98
63,9,6,85
63,32,134,98
63,15,11,133
63,26,132,115
63,46,118,250
63,28,80,83
63,36,174,144
63,31,186,112
63,25,228,82
63,17,178,83
63,8,112,70
63,42,219,158
63,46,57,219
63,54,177,216
63,41,240,156
63,6,31,99
63,50,130,207
63,19,211,85
63,38,149,86
63,44,185,178
63,50,169,190
63,44,148,177
63,30,248,108
63,9,165,61
63,43,18,227
63,52,106,222
63,15,47,115
63,38,137,155
63,39,218,185
63,18,235,86
63,51,65,241
63,34,199,137
63,35,70,175
63,48,92,206
63,6,195,46
63,30,162,126
63,36,245,118
63,27,205,99
63,44,121,178
63,25,101,125
63,29,32,219
63,17,123,104
63,33,96,159
63,28,48,168
63,50,203,240
63,42,142,227
63,14,230,63
63,12,148,112
63,25,197,140
63,19,18,186
63,42,202,212
64,48,71,181
64,22,136,60
64,13,136,43
64,49,216,126
64,49,47,197
64,58,31,222
64,38,211,89
64,34,34,146
64,58,226,155
64,54,215,143
64,27,174,64
64,50,16,203
64,9,242,12
64,33,176,93
64,37,233,87
64,12,207,25
64,47,27,186
64,51,34,207
64,46,69,158
64,43,113,133
64,5,122,35
64,25,240,51
64,24,201,58
64,9,161,28
64,28,21,134
64,21,87,80
64,31,37,126
64,46,49,169
64,40,96,132
64,34,77,123
64,55,73,201
64,36,187,87
64,32,110,97
64,57,30,235
64,39,121,127
64,37,52,151
64,43,168,119
64,42,14,173
64,48,97,159
64,56,190,162
64,30,166,82
64,48,183,136
64,27,185,72
64,6,47,63
64,27,226,58
64,50,140,150
64,32,93,110
64,17,180,51
64,44,242,102
64,19,49,91
64,39,18,151
64,37,78,141
64,12,62,68
64,33,231,72
64,7,217,11
64,33,207,76
64,48,227,116
64,42,185,111
64,40,59,141
64,41,139,126
64,51,123,159
64,7,93,51
64,20,68,87
64,53,106,170
64,31,127,88
64,26,69,99
64,15,162,41
64,19,157,51
64,14,94,61
64,15,189,36
64,13,39,86
64,12,142,77
64,53,240,138
64,42,206,110
64,5,65,56
64,5,66,87
64,48,197,171
64,36,26,162
64,29,145,81
64,51,15,225
64,21,105,67
64,17,245,29
64,5,163,17
64,26,121,76
64,23,41,105
64,56,15,238
64,20,7,112
64,13,222,34
64,54,148,166
64,50,163,142
64,44,117,151
64,57,166,165
64,58,60,210
64,21,215,53
64,31,19,186
64,7,33,74
64,7,234,37
64,10,117,47
64,42,192,147
64,50,204,190
64,47,210,96
64,54,124,183
64,37,27,196
64,13,78,69
64,5,14,79
64,27,67,144
64,7,53,106
64,12,8,91
64,12,200,67
64,17,24,102
64,33,144,143
64,38,114,160
64,52,241,172
64,14,10,102
64,38,223,131
64,45,186,180
64,55,216,200
64,25,163,107
64,47,145,114
64,37,153,109
64,27,226,86
64,55,134,221
64,42,64,202
64,40,170,171
64,34,132,104
64,19,209,87
64,9,111,75
64,33,182,117
64,55,177,216
64,10,166,62
64,11,94,101
64,51,109,222
64,42,218,160
64,50,169,192
64,6,31,102
64,31,247,111
64,18,177,85
64,35,171,149
64,38,147,86
64,45,43,221
64,51,63,243
64,15,50,116
64,51,129,209
64,42,240,158
64,14,12,132
64,26,130,120
64,45,149,182
64,56,92,241
64,31,161,130
64,43,17,229
64,38,136,156
64,29,31,217
64,40,219,187
64,6,200,48
64,48,89,206
64,44,120,182
64,28,205,103
64,26,99,129
64,36,242,123
64,22,139,110
64,58,169,247
64,51,192,208
64,34,100,161
64,17,127,107
64,25,198,141
64,15,233,67
64,28,44,170
64,20,24,189
64,17,117,106
64,43,198,215
64,42,142,230
64,13,147,115
64,45,39,243
65,15,138,45
65,49,71,182
65,50,49,203
65,51,218,128
65,47,70,161
65,23,138,58
65,39,212,91
65,52,34,208
65,10,163,29
65,35,36,147
65,10,244,11
65,50,16,203
65,26,242,49
65,55,213,143
65,19,180,51
65,29,25,136
65,36,80,126
65,13,209,24
65,29,178,65
65,8,130,37
65,26,205,59
65,45,113,136
65,48,30,188
65,47,49,172
65,34,177,95
65,22,89,80
65,29,192,73
65,32,40,129
65,56,74,206
65,58,29,240
65,50,184,140
65,39,235,91
65,38,54,153
65,30,229,60
65,32,168,82
65,43,17,176
65,50,103,165
65,35,209,77
65,13,63,67
65,38,189,89
65,46,245,107
65,33,114,97
65,42,95,134
65,8,49,63
65,39,79,143
65,44,171,121
65,41,124,128
65,34,233,75
65,40,21,155
65,41,62,142
65,20,50,91
65,22,70,89
65,6,197,10
65,51,141,151
65,8,219,11
65,31,6,155
65,57,187,158
65,28,71,99
65,16,42,89
65,43,142,128
65,15,97,60
65,21,160,52
65,43,186,111
65,33,98,113
65,5,105,40
65,8,96,51
65,50,230,118
65,17,163,41
65,32,130,88
65,54,242,138
65,53,126,164
65,18,246,29
65,17,192,39
65,49,197,168
65,44,208,112
65,24,43,105
65,11,137,73
65,52,17,229
65,31,147,84
65,21,9,113
65,5,67,85
65,11,120,48
65,29,97,91
65,45,120,152
65,7,67,56
65,58,170,167
65,14,223,33
65,27,122,75
65,56,149,171
65,24,109,67
65,9,239,37
65,6,168,17
65,50,200,191
65,26,28,116
65,56,14,240
65,56,124,189
65,31,15,186
65,6,145,29
65,51,164,144
65,31,76,114
65,55,211,198
65,28,225,90
65,18,25,103
65,13,11,91
65,10,35,76
65,12,201,66
65,14,79,71
65,15,9,103
65,41,172,172
65,28,69,143
65,6,20,79
65,38,156,108
65,52,240,173
65,42,193,148
65,36,134,105
65,38,27,203
65,24,165,104
65,56,175,213
65,46,208,147
65,8,53,105
65,40,222,130
65,33,145,145
65,42,65,202
65,20,211,86
65,56,93,240
65,22,33,150
65,47,144,114
65,14,11,132
65,9,113,76
65,55,134,221
65,10,166,59
65,17,178,83
65,33,185,116
65,32,249,111
65,51,132,212
65,7,29,102
65,44,218,165
65,52,110,226
65,46,46,223
65,36,199,139
65,36,175,150
65,38,133,161
65,46,150,182
65,52,63,245
65,11,93,101
65,45,188,183
65,51,170,193
65,27,130,122
65,43,18,232
65,29,32,213
65,43,241,160
65,29,208,104
65,15,42,120
65,26,99,130
65,7,200,47
65,42,218,190
65,37,248,123
65,29,119,134
65,28,43,169
65,46,120,187
65,32,160,130
65,46,41,245
65,51,198,209
65,17,127,104
65,10,197,89
65,44,199,217
65,22,140,110
65,26,197,142
65,16,235,66
65,21,24,189
65,14,147,117
66,51,70,186
66,17,139,46
66,42,216,94
66,53,218,135
66,9,132,38
66,52,48,210
66,48,71,166
66,27,242,50
66,52,16,206
66,37,178,97
66,47,113,140
66,38,81,128
66,37,39,152
66,35,170,83
66,12,167,33
66,26,140,62
66,15,212,25
66,21,181,55
66,48,49,175
66,53,34,212
66,31,26,139
66,50,30,191
66,51,105,171
66,56,210,145
66,29,205,62
66,57,72,210
66,43,125,132
66,24,91,83
66,11,244,14
66,15,65,70
66,41,237,96
66,40,81,146
66,33,41,130
66,40,190,94
66,52,182,143
66,32,180,66
66,47,172,124
66,10,51,67
66,36,235,78
66,44,97,138
66,17,99,62
66,45,16,179
66,10,219,14
66,42,22,159
66,8,198,13
66,36,210,82
66,31,185,77
66,47,142,136
66,35,113,101
66,48,246,112
66,42,62,143
66,11,100,55
66,22,53,95
66,24,73,91
66,23,162,55
66,32,231,65
66,29,71,101
66,54,127,170
66,39,14,170
66,41,51,155
66,19,165,44
66,36,96,115
66,54,140,158
66,56,240,141
66,33,7,159
66,34,130,92
66,17,44,91
66,8,109,42
66,46,210,116
66,45,189,116
66,12,141,74
66,13,123,49
66,51,197,168
66,33,148,87
66,53,15,230
66,20,247,30
66,26,44,108
66,52,231,122
66,19,191,41
66,8,69,57
66,23,10,115
66,31,100,94
66,58,150,178
66,47,122,154
66,29,123,79
66,8,172,20
66,16,223,36
66,51,198,193
66,30,226,92
66,27,30,117
66,6,69,85
66,8,150,31
66,58,125,194
66,26,112,71
66,32,15,188
66,58,16,246
66,20,26,104
66,17,7,105
66,29,69,146
66,11,239,41
66,16,82,72
66,9,21,82
66,11,37,77
66,14,11,95
66,54,164,149
66,15,202,70
66,42,222,132
66,42,174,174
66,38,133,110
66,39,28,207
66,40,157,113
66,26,167,101
66,35,147,146
66,39,118,157
66,44,191,151
66,57,93,243
66,9,52,104
66,57,135,224
66,53,242,177
66,53,134,213
66,23,32,151
66,22,209,89
66,58,173,219
66,19,178,86
66,11,117,76
66,15,13,132
66,15,95,101
66,8,28,102
66,35,189,114
66,16,44,123
66,43,66,204
66,49,144,116
66,38,200,141
66,53,170,197
66,33,250,113
66,47,185,184
66,30,136,120
66,37,177,154
66,54,108,228
66,11,170,61
66,44,240,158
66,35,164,127
66,40,136,160
66,5,150,60
66,46,219,168
66,44,13,239
66,8,222,55
66,10,197,53
66,31,34,218
66,31,210,107
66,48,149,184
66,43,218,192
66,54,66,249
66,37,69,172
66,47,116,189
66,28,101,130
66,32,125,136
66,29,41,173
66,19,130,104
66,47,42,250
66,53,195,212
66,24,141,105
66,5,51,125
66,46,200,218
66,23,32,190
66,12,206,93
66,17,237,68
66,16,149,119
67,19,142,49
67,11,134,39
67,29,240,53
67,52,69,186
67,43,215,97
67,53,15,209
67,54,218,137
67,38,178,100
67,40,83,131
67,48,112,144
67,30,205,66
67,13,101,57
67,18,100,64
67,17,67,70
67,38,38,152
67,26,93,86
67,36,170,85
67,54,33,214
67,41,14,168
67,56,206,147
67,46,18,184
67,49,49,176
67,58,73,212
67,37,114,105
67,34,180,71
67,47,173,128
67,53,48,212
67,23,184,58
67,35,44,133
67,51,30,194
67,14,169,33
67,17,214,27
67,12,52,69
67,38,236,82
67,38,211,85
67,32,27,141
67,53,104,173
67,45,97,141
67,13,246,17
67,25,75,91
67,43,61,144
67,41,191,96
67,48,73,166
67,49,144,140
67,9,200,12
67,54,179,144
67,43,124,133
67,50,246,117
67,40,31,167
67,41,82,148
67,42,235,98
67,31,72,103
67,33,187,80
67,37,96,118
67,12,221,17
67,33,230,69
67,28,134,65
67,19,46,92
67,42,49,156
67,49,130,136
67,36,132,98
67,57,241,143
67,56,129,173
67,14,140,77
67,9,109,44
67,35,7,162
67,36,149,93
67,46,191,120
67,15,124,51
67,53,230,126
67,25,163,59
67,28,48,109
67,55,141,160
67,55,14,231
67,21,165,47
67,47,211,121
67,21,193,44
67,24,56,98
67,6,157,20
67,21,248,31
67,48,121,157
67,10,152,31
67,51,196,171
67,32,100,99
67,31,124,83
67,52,200,196
67,24,12,117
67,12,236,42
67,27,111,74
67,8,68,84
67,31,71,146
67,17,225,37
67,18,83,75
67,9,177,20
67,6,8,111
67,29,28,118
67,13,39,78
67,31,224,95
67,41,29,212
67,16,14,96
67,33,14,192
67,37,220,62
67,31,55,123
67,12,24,86
67,17,92,101
67,41,117,163
67,19,9,107
67,36,147,148
67,17,198,71
67,22,26,105
67,55,162,152
67,19,177,88
67,28,166,105
67,10,55,103
67,44,64,205
67,40,135,114
67,12,114,78
67,48,213,152
67,45,193,153
67,41,156,115
67,36,191,116
67,42,225,139
67,54,134,215
67,37,220,128
67,44,175,178
67,54,241,177
67,18,44,123
67,10,29,104
67,12,160,59
67,16,12,135
67,54,169,199
67,58,135,228
67,50,144,117
67,38,175,156
67,57,94,242
67,8,215,55
67,41,136,161
67,31,137,122
67,25,206,90
67,34,250,116
67,47,220,171
67,49,150,189
67,45,242,165
67,45,16,238
67,54,107,230
67,47,186,188
67,35,162,132
67,33,209,108
67,38,70,174
67,31,31,221
67,29,103,128
67,12,197,54
67,38,148,176
67,44,221,196
67,21,130,105
67,30,39,174
67,48,120,192
67,48,42,250
67,37,93,165
67,6,53,122
67,38,147,192
67,25,139,107
67,33,123,136
67,47,201,220
67,19,231,67
67,46,141,241
67,55,187,214
67,5,148,88
67,24,26,195
68,5,10,74
68,21,146,53
68,14,136,45
68,55,69,189
68,29,238,54
68,55,217,140
68,42,84,136
68,54,13,212
68,32,206,69
68,28,93,92
68,40,178,107
68,45,216,100
68,7,89,44
68,50,113,149
68,51,49,182
68,16,171,37
68,40,37,156
68,36,181,77
68,57,206,149
68,38,115,109
68,18,69,72
68,55,33,218
68,38,170,91
68,49,175,129
68,18,212,33
68,53,31,198
68,25,185,64
68,34,27,146
68,41,12,169
68,27,75,96
68,10,203,16
68,6,137,27
68,34,186,87
68,36,43,134
68,14,53,73
68,56,48,219
68,54,103,176
68,39,236,86
68,20,100,69
68,39,98,124
68,48,17,188
68,56,179,143
68,30,153,71
68,15,103,59
68,43,83,154
68,45,126,138
68,39,208,89
68,44,62,149
68,51,246,122
68,47,97,144
68,42,192,99
68,33,73,107
68,28,125,73
68,13,223,19
68,15,246,20
68,48,192,122
68,51,130,142
68,44,234,105
68,42,31,173
68,16,141,83
68,57,128,179
68,35,230,73
68,50,146,142
68,8,161,24
68,12,112,47
68,50,70,171
68,21,47,95
68,58,241,147
68,56,140,164
68,37,131,102
68,52,196,175
68,26,57,102
68,24,169,50
68,49,212,123
68,30,48,114
68,54,230,131
68,37,148,98
68,56,14,236
68,27,163,66
68,18,125,59
68,12,154,34
68,49,123,161
68,26,14,119
68,33,123,85
68,29,113,82
68,29,219,62
68,11,181,23
68,19,226,42
68,5,55,50
68,22,191,48
68,13,235,45
68,11,73,58
68,55,206,200
68,42,119,168
68,56,160,157
68,20,82,79
68,35,99,105
68,31,29,121
68,15,41,83
68,18,196,74
68,32,70,147
68,21,7,110
68,8,10,116
68,19,93,104
68,9,68,86
68,35,11,196
68,18,14,97
68,14,25,91
68,13,114,81
68,42,136,118
68,31,219,97
68,23,29,108
68,37,146,151
68,42,26,216
68,38,190,122
68,11,52,108
68,29,166,109
68,50,59,229
68,5,123,69
68,43,158,122
68,48,186,190
68,46,192,155
68,33,60,126
68,55,171,201
68,39,177,157
68,49,83,182
68,9,215,56
68,19,41,127
68,54,245,179
68,26,229,91
68,46,66,209
68,14,162,64
68,20,172,91
68,26,31,152
68,56,108,233
68,10,29,103
68,55,135,222
68,7,152,64
68,39,221,133
68,51,141,119
68,17,11,135
68,57,93,241
68,26,204,92
68,48,219,173
68,43,226,144
68,46,15,241
68,35,211,116
68,31,136,124
68,42,136,166
68,50,151,193
68,46,242,166
68,13,192,58
68,30,104,136
68,37,162,135
68,30,39,174
68,39,72,178
68,49,120,196
68,46,221,203
68,38,148,197
68,32,20,228
68,38,93,167
68,26,138,112
68,20,227,67
68,48,204,224
68,25,25,199
68,21,126,109
68,34,124,141
68,6,149,88
68,56,188,218
68,31,191,157
68,17,141,123
69,16,137,48
69,7,15,78
69,55,71,194
69,56,216,146
69,32,5,142
69,22,144,58
69,31,238,56
69,55,14,216
69,30,122,73
69,44,85,140
69,50,115,151
69,18,175,40
69,41,178,111
69,29,92,96
69,56,33,223
69,58,205,152
69,46,218,104
69,39,115,112
69,45,237,106
69,9,94,46
69,42,40,160
69,39,170,94
69,19,213,35
69,27,182,69
69,20,71,74
69,38,184,79
69,50,176,132
69,56,180,148
69,53,148,146
69,14,115,51
69,54,33,203
69,35,185,90
69,38,44,139
69,51,48,184
69,35,29,148
69,48,16,194
69,29,75,99
69,56,48,222
69,32,154,77
69,45,60,153
69,33,204,69
69,12,205,17
69,45,126,137
69,56,103,179
69,8,141,30
69,15,54,75
69,47,12,174
69,48,191,122
69,36,231,77
69,44,83,157
69,43,32,174
69,17,105,60
69,8,236,5
69,41,237,88
69,58,129,181
69,40,97,127
69,16,245,22
69,53,131,147
69,43,194,101
69,49,100,152
69,51,246,124
69,22,47,98
69,28,57,106
69,41,210,92
69,14,224,20
69,50,212,128
69,5,114,31
69,10,166,27
69,57,141,169
69,22,101,72
69,17,141,86
69,39,132,105
69,45,49,165
69,51,67,170
69,31,47,118
69,37,9,168
69,25,169,54
69,34,71,111
69,38,149,102
69,53,197,179
69,55,228,134
69,57,13,239
69,30,217,65
69,30,112,88
69,29,164,69
69,19,126,61
69,50,127,162
69,13,74,62
69,20,227,44
69,13,188,25
69,56,207,204
69,34,124,91
69,14,156,38
69,10,71,86
69,27,15,121
69,5,189,7
69,24,193,53
69,57,160,159
69,16,42,85
69,36,101,108
69,5,111,54
69,31,28,125
69,44,119,174
69,19,200,77
69,15,237,50
69,9,7,120
69,19,100,101
69,21,83,81
69,20,15,99
69,14,115,80
69,15,24,92
69,22,8,111
69,36,11,197
69,15,117,37
69,45,158,124
69,43,136,120
69,24,29,109
69,30,165,111
69,40,178,156
69,58,94,246
69,9,216,54
69,35,61,132
69,39,191,124
69,42,25,217
69,45,177,183
69,50,59,233
69,32,219,99
69,55,174,202
69,47,45,145
69,49,191,197
69,33,72,148
69,20,172,92
69,12,51,110
69,33,42,161
69,26,205,93
69,55,134,223
69,57,110,238
69,6,123,71
69,54,245,180
69,37,147,151
69,28,231,93
69,39,218,130
69,8,152,65
69,20,43,129
69,51,138,119
69,15,165,65
69,26,30,153
69,12,29,107
69,49,221,176
69,47,18,244
69,46,67,209
69,18,10,140
69,51,151,198
69,42,134,170
69,35,210,119
69,43,223,146
69,40,73,182
69,46,243,166
69,33,20,233
69,14,196,60
69,31,105,139
69,41,152,202
69,31,40,176
69,49,120,198
69,45,139,201
69,27,140,112
69,20,230,70
69,23,125,112
69,26,25,201
69,35,126,142
69,8,152,90
69,32,140,128
69,36,165,133
69,56,190,222
69,46,220,206
69,18,141,124
69,50,203,231
69,31,192,157
69,18,136,169
70,8,13,82
70,17,134,50
70,56,68,200
70,12,6,97
70,31,234,58
70,25,142,62
70,34,5,147
70,29,177,74
70,20,208,39
70,57,215,150
70,56,14,222
70,45,83,145
70,19,173,44
70,31,91,100
70,30,144,70
70,51,114,156
70,52,68,180
70,36,184,93
70,12,205,19
70,41,170,97
70,46,238,110
70,41,115,117
70,15,113,55
70,53,148,148
70,47,220,109
70,43,38,164
70,31,124,74
70,37,28,154
70,39,184,82
70,10,92,50
70,39,42,144
70,30,73,106
70,42,178,115
70,57,47,227
70,45,81,161
70,48,13,201
70,53,46,188
70,18,104,63
70,37,230,79
70,55,33,207
70,22,69,80
70,50,98,158
70,57,32,228
70,49,191,126
70,51,180,135
70,57,103,185
70,9,237,5
70,17,54,79
70,17,245,25
70,57,179,150
70,46,62,159
70,29,56,113
70,42,97,132
70,35,153,82
70,48,9,181
70,10,142,36
70,27,168,57
70,42,236,91
70,6,114,34
70,34,207,69
70,12,166,31
70,38,250,77
70,46,128,143
70,40,130,108
70,52,245,126
70,54,132,151
70,36,70,116
70,19,139,90
70,15,224,23
70,45,32,180
70,41,210,96
70,24,100,77
70,46,50,170
70,58,140,174
70,44,197,105
70,24,248,36
70,39,149,104
70,30,161,75
70,5,233,30
70,14,187,28
70,32,47,123
70,38,9,172
70,57,230,139
70,51,126,166
70,52,209,131
70,15,72,66
70,5,82,41
70,28,15,124
70,55,201,182
70,24,43,103
70,17,154,44
70,32,111,92
70,35,124,95
70,21,123,66
70,6,189,8
70,20,202,81
70,21,224,46
70,18,42,88
70,44,118,176
70,21,13,104
70,17,25,95
70,10,6,121
70,58,210,206
70,11,71,91
70,20,100,106
70,15,236,52
70,6,111,57
70,23,82,88
70,23,9,116
70,37,101,114
70,50,198,201
70,58,157,162
70,25,187,58
70,15,113,83
70,47,177,186
70,58,92,250
70,32,25,129
70,43,25,222
70,44,136,125
70,26,27,114
70,33,216,104
70,31,162,113
70,9,214,57
70,36,60,135
70,31,73,89
70,36,10,203
70,27,206,98
70,15,114,38
70,39,190,127
70,35,45,166
70,46,159,127
70,38,146,152
70,41,176,157
70,12,53,112
70,21,170,95
70,57,110,243
70,29,230,98
70,8,119,75
70,56,174,204
70,16,164,69
70,34,69,156
70,50,60,237
70,12,31,110
70,40,217,130
70,9,150,67
70,47,13,248
70,52,137,122
70,5,46,90
70,46,61,214
70,21,39,135
70,54,244,182
70,55,134,226
70,18,11,143
70,49,218,178
70,41,197,156
70,52,151,204
70,43,222,146
70,41,70,186
70,27,32,162
70,44,136,173
70,43,151,204
70,37,165,138
70,33,134,130
70,51,93,225
70,14,197,64
70,29,138,114
70,32,104,143
70,50,120,203
70,47,243,168
70,24,126,115
70,32,38,182
70,28,25,209
70,36,123,146
70,46,136,206
70,21,231,75
70,8,48,128
70,9,151,93
70,57,196,224
70,19,139,129
70,34,17,237
70,32,187,161
70,50,200,236
71,13,5,100
71,10,14,87
71,58,70,201
71,32,236,60
71,19,136,55
71,21,208,42
71,35,7,152
71,30,178,78
71,26,143,65
71,31,147,74
71,52,115,159
71,42,173,102
71,24,71,84
71,58,217,151
71,13,207,20
71,53,147,149
71,57,13,227
71,33,94,105
71,48,221,113
71,41,118,120
71,12,92,54
71,46,238,112
71,46,86,150
71,20,174,47
71,44,39,169
71,52,181,138
71,6,65,52
71,37,182,97
71,44,179,121
71,41,186,87
71,38,30,158
71,38,232,81
71,51,99,162
71,46,79,164
71,34,201,80
71,32,76,109
71,58,104,189
71,8,114,38
71,18,58,82
71,16,114,57
71,40,43,150
71,43,99,135
71,50,193,128
71,8,218,6
71,10,239,8
71,17,244,26
71,57,36,211
71,43,205,102
71,42,235,93
71,58,34,232
71,28,169,59
71,20,106,68
71,54,246,131
71,49,14,207
71,31,56,118
71,48,63,163
71,49,11,187
71,47,128,146
71,15,223,25
71,46,31,185
71,54,46,192
71,58,179,154
71,55,131,154
71,11,142,37
71,42,134,114
71,15,188,31
71,53,60,187
71,14,167,35
71,32,126,77
71,37,72,120
71,15,73,67
71,58,140,176
71,40,9,178
71,25,102,80
71,25,249,39
71,7,83,44
71,52,211,134
71,58,231,143
71,32,112,96
71,53,76,177
71,6,234,32
71,22,227,47
71,31,164,78
71,34,48,131
71,30,15,128
71,36,153,86
71,41,154,107
71,12,71,95
71,21,203,85
71,18,153,46
71,20,139,93
71,26,44,106
71,56,207,183
71,10,54,62
71,37,125,101
71,7,114,58
71,7,189,11
71,22,124,66
71,52,131,167
71,31,215,67
71,47,179,188
71,58,161,165
71,16,237,54
71,20,44,91
71,45,118,181
71,11,5,124
71,39,101,119
71,24,84,92
71,19,26,98
71,28,27,117
71,23,16,107
71,21,101,108
71,33,29,132
71,27,190,60
71,56,177,206
71,34,215,108
71,14,53,116
71,44,25,226
71,16,113,86
71,51,197,201
71,42,179,161
71,38,62,141
71,27,208,100
71,40,217,134
71,47,160,129
71,30,164,115
71,22,171,96
71,36,45,171
71,9,117,77
71,37,13,209
71,39,149,157
71,51,61,240
71,16,161,69
71,34,71,160
71,55,139,227
71,10,215,57
71,30,233,101
71,14,32,116
71,42,198,159
71,10,147,66
71,58,111,246
71,55,244,184
71,5,46,92
71,44,142,94
71,19,11,147
71,22,43,138
71,36,167,140
71,15,199,69
71,41,72,189
71,27,33,166
71,45,140,177
71,25,123,120
71,47,62,217
71,33,134,135
71,33,106,146
71,36,19,243
71,44,219,150
71,52,154,204
71,50,120,205
71,57,198,225
71,52,94,227
71,47,244,169
71,29,25,215
71,37,122,150
71,44,151,212
71,9,47,129
71,34,186,164
71,8,207,72
71,22,233,79
71,41,143,204
71,20,139,129
71,10,145,97
71,21,201,116
72,5,19,68
72,16,6,105
72,12,15,90
72,21,138,59
72,33,237,62
72,38,12,156
72,22,210,42
72,47,87,153
72,58,216,153
72,53,183,141
72,22,176,48
72,53,116,163
72,36,207,77
72,34,148,78
72,43,176,104
72,54,147,151
72,44,119,125
72,13,93,57
72,34,96,108
72,28,146,69
72,38,187,98
72,46,39,173
72,45,182,123
72,7,65,56
72,47,238,113
72,25,70,90
72,39,234,84
72,13,209,19
72,8,219,5
72,42,45,156
72,44,100,139
72,31,181,81
72,56,85,179
72,33,78,114
72,39,33,162
72,58,104,194
72,9,116,40
72,52,101,166
72,43,235,95
72,16,226,26
72,18,247,28
72,49,225,116
72,46,203,110
72,17,115,58
72,16,193,31
72,54,57,197
72,47,83,168
72,21,105,69
72,13,146,40
72,11,242,8
72,51,194,128
72,33,127,83
72,19,60,82
72,48,130,148
72,56,184,157
72,16,75,69
72,55,247,135
72,16,171,37
72,50,12,191
72,50,15,211
72,48,35,192
72,38,75,125
72,49,64,169
72,56,133,158
72,33,59,122
72,56,45,199
72,29,169,64
72,43,135,116
72,41,10,181
72,27,103,83
72,53,212,138
72,48,53,180
72,28,46,111
72,8,83,48
72,36,52,137
72,32,164,81
72,42,156,111
72,8,242,33
72,23,228,48
72,34,114,98
72,19,156,49
72,31,17,131
72,38,130,103
72,5,98,35
72,32,218,69
72,53,130,171
72,37,157,92
72,13,73,100
72,11,26,81
72,23,126,68
72,22,204,85
72,25,86,93
72,36,32,136
72,40,103,122
72,29,31,119
72,8,115,60
72,56,211,185
72,7,191,12
72,26,10,123
72,47,136,130
72,12,5,128
72,21,141,95
72,23,101,113
72,25,18,110
72,17,238,53
72,28,192,62
72,22,48,93
72,14,47,79
72,47,178,190
72,39,146,159
72,46,120,184
72,5,181,48
72,41,218,135
72,17,115,87
72,50,188,169
72,56,175,207
72,10,118,79
72,21,27,101
72,15,55,119
72,6,87,78
72,11,216,56
72,31,165,118
72,35,215,112
72,42,179,162
72,28,210,102
72,40,64,147
72,24,172,100
72,55,140,228
72,32,233,103
72,11,148,66
72,48,163,133
72,16,163,70
72,37,45,177
72,54,91,197
72,58,94,250
72,27,26,166
72,38,8,217
72,51,61,242
72,51,199,202
72,23,42,142
72,44,27,229
72,47,69,215
72,6,47,93
72,15,30,118
72,43,200,162
72,55,243,186
72,35,72,166
72,5,158,59
72,45,222,151
72,16,199,71
72,42,73,195
72,45,139,179
72,26,126,122
72,20,10,149
72,57,202,227
72,34,108,150
72,34,134,138
72,36,166,140
72,37,24,247
72,51,121,207
72,48,247,174
72,30,137,116
72,10,46,130
72,53,153,206
72,52,95,230
72,38,123,154
72,29,25,217
72,24,233,81
72,11,147,99
72,54,205,248
72,21,139,132
72,40,138,205
73,6,22,69
73,14,17,92
73,55,187,143
73,34,240,63
73,17,6,107
73,57,90,184
73,24,211,45
73,23,141,60
73,55,149,154
73,33,183,82
73,36,98,110
73,39,16,160
73,15,93,60
73,49,241,115
73,40,190,99
73,51,228,119
73,49,89,155
73,10,223,5
73,30,150,70
73,40,236,86
73,46,186,125
73,55,116,166
73,37,152,81
73,15,210,20
73,44,193,91
73,45,180,107
73,55,55,200
73,48,40,178
73,23,178,50
73,9,67,56
73,48,208,111
73,15,149,42
73,46,101,141
73,17,229,25
73,27,72,93
73,45,48,161
73,45,125,127
73,50,135,151
73,42,35,164
73,54,102,167
73,19,246,29
73,38,212,81
73,19,116,59
73,11,118,42
73,5,165,11
73,20,64,83
73,35,79,115
73,35,61,125
73,24,110,74
73,18,195,32
73,52,199,130
73,51,15,214
73,48,84,169
73,52,11,196
73,28,105,82
73,54,215,140
73,17,77,70
73,6,43,63
73,17,173,38
73,31,172,66
73,31,5,138
73,12,246,8
73,29,48,114
73,50,54,183
73,50,35,194
73,57,187,159
73,40,77,126
73,10,243,33
73,45,142,119
73,51,69,175
73,38,53,140
73,8,150,24
73,9,84,50
73,43,12,187
73,34,165,84
73,35,131,85
73,45,163,111
73,24,228,48
73,55,137,170
73,36,119,99
73,38,163,97
73,40,134,106
73,18,238,52
73,24,200,84
73,53,36,223
73,24,130,68
73,33,17,133
73,7,100,38
73,38,34,139
73,31,32,120
73,27,88,96
73,22,159,51
73,9,191,12
73,30,195,65
73,42,109,125
73,10,117,63
73,58,213,186
73,14,5,131
73,13,57,68
73,27,10,124
73,41,149,159
73,24,48,96
73,5,122,27
73,51,190,170
73,15,76,99
73,26,20,111
73,25,101,113
73,16,47,80
73,49,142,134
73,12,119,81
73,49,180,191
73,19,121,85
73,23,145,94
73,58,178,208
73,48,121,184
73,51,165,135
73,45,28,228
73,6,227,37
73,17,55,121
73,13,218,57
73,34,233,106
73,8,86,79
73,17,198,12
73,32,168,116
73,8,160,59
73,13,147,65
73,38,44,179
73,42,67,153
73,24,175,98
73,6,184,48
73,43,228,72
73,17,165,68
73,43,223,135
73,48,70,217
73,37,213,113
73,57,140,229
73,42,180,163
73,52,62,243
73,54,84,200
73,39,7,219
73,30,211,103
73,55,249,185
73,53,196,202
73,28,27,168
73,8,49,96
73,18,199,71
73,24,43,138
73,44,203,162
73,37,68,170
73,17,26,122
73,39,26,250
73,58,201,227
73,36,109,148
73,43,77,196
73,36,136,140
73,37,167,140
73,45,224,153
73,37,213,135
73,52,121,209
73,49,246,171
73,27,127,120
73,12,47,132
73,53,94,233
73,46,145,179
73,32,140,118
73,25,232,82
73,54,156,207
73,31,27,219
73,41,138,205
73,13,149,98
73,55,206,245
74,41,14,164
74,9,22,73
74,19,6,111
74,16,18,96
74,41,218,81
74,12,225,7
74,56,186,150
74,41,193,104
74,25,215,47
74,58,56,206
74,25,146,64
74,33,153,74
74,11,68,59
74,45,196,96
74,35,188,87
74,46,182,112
74,17,94,63
74,38,100,114
74,53,230,122
74,35,243,64
74,50,38,183
74,58,91,188
74,21,250,29
74,50,89,159
74,55,103,169
74,48,189,129
74,38,155,85
74,44,38,170
74,16,213,22
74,50,243,119
74,52,139,155
74,58,117,172
74,25,181,53
74,47,212,111
74,42,240,86
74,29,72,97
74,13,120,44
74,47,47,167
74,21,118,62
74,34,177,68
74,26,112,77
74,7,167,13
74,22,63,88
74,47,101,144
74,19,232,27
74,46,128,129
74,53,17,219
74,17,154,44
74,54,199,135
74,57,130,161
74,55,216,143
74,20,177,41
74,37,62,132
74,37,81,118
74,8,43,66
74,50,84,174
74,53,10,201
74,51,37,202
74,30,105,86
74,42,77,130
74,10,151,27
74,57,151,159
74,47,245,100
74,20,78,75
74,47,143,124
74,54,65,178
74,46,165,115
74,20,199,35
74,11,248,34
74,51,54,190
74,11,84,54
74,36,134,91
74,14,249,10
74,41,54,146
74,56,137,173
74,36,170,88
74,37,120,103
74,32,49,119
74,35,17,137
74,45,12,193
74,25,231,47
74,8,99,42
74,42,135,109
74,40,166,104
74,10,192,14
74,26,132,71
74,25,204,82
74,11,119,63
74,19,241,51
74,23,163,54
74,26,49,100
74,47,28,237
74,29,88,100
74,58,212,188
74,17,74,101
74,38,33,143
74,32,194,67
74,54,36,228
74,29,10,129
74,8,124,30
74,50,143,136
74,44,111,130
74,5,7,104
74,20,124,87
74,33,165,117
74,33,33,125
74,42,147,161
74,24,146,96
74,18,46,84
74,13,124,80
74,26,90,120
74,24,31,107
74,28,19,114
74,49,123,185
74,35,233,106
74,25,176,98
74,53,205,205
74,50,179,193
74,19,55,124
74,45,67,160
74,24,38,137
74,41,11,221
74,14,220,59
74,52,167,140
74,51,192,176
74,10,85,82
74,19,172,70
74,8,234,41
74,31,212,97
74,14,151,67
74,43,182,166
74,49,69,219
74,8,189,50
74,30,28,171
74,50,219,185
74,10,50,99
74,10,165,60
74,37,69,170
74,53,61,246
74,19,24,128
74,44,226,140
74,37,134,141
74,47,226,155
74,39,165,142
74,45,96,176
74,38,216,133
74,55,96,237
74,50,246,171
74,36,107,149
74,45,77,198
74,44,204,161
74,47,137,184
74,5,33,97
74,40,117,150
74,53,120,211
74,28,117,120
74,33,137,120
74,6,141,46
74,55,157,208
74,26,233,80
74,28,126,121
74,13,215,77
74,33,27,224
74,14,151,96
74,23,149,134
75,41,217,83
75,22,9,115
75,18,19,99
75,10,25,79
75,6,134,21
75,55,231,126
75,19,95,66
75,26,214,50
75,26,146,67
75,37,243,66
75,42,196,108
75,34,157,77
75,48,185,115
75,51,39,190
75,58,188,153
75,42,15,168
75,48,191,130
75,14,227,11
75,56,102,172
75,46,36,177
75,51,244,122
75,13,70,62
75,46,197,99
75,51,86,163
75,47,129,133
75,36,190,91
75,57,153,164
75,22,119,65
75,52,137,157
75,40,101,119
75,52,35,206
75,58,58,214
75,17,212,25
75,8,166,15
75,24,65,90
75,49,47,173
75,48,215,115
75,27,114,79
75,8,6,78
75,41,158,91
75,58,116,175
75,43,242,90
75,54,15,225
75,51,212,122
75,35,178,72
75,55,217,144
75,31,73,101
75,48,100,148
75,58,131,165
75,27,181,59
75,48,247,104
75,21,230,33
75,51,84,180
75,38,61,136
75,15,119,50
75,57,138,176
75,55,66,184
75,38,82,122
75,18,151,47
75,5,23,67
75,52,54,194
75,21,80,77
75,48,142,127
75,21,179,45
75,36,17,141
75,55,5,207
75,43,78,134
75,33,51,122
75,12,149,30
75,15,249,13
75,34,9,148
75,32,107,91
75,12,83,56
75,9,46,69
75,21,198,37
75,38,171,93
75,17,77,101
75,49,164,123
75,38,139,97
75,42,54,151
75,39,121,106
75,10,100,46
75,41,170,106
75,47,12,200
75,9,122,32
75,43,137,112
75,26,229,51
75,12,115,67
75,24,162,57
75,28,135,75
75,25,203,84
75,11,191,16
75,33,194,71
75,27,51,106
75,30,89,102
75,27,93,121
75,34,36,127
75,25,148,97
75,21,125,88
75,43,148,161
75,45,112,136
75,20,243,54
75,51,142,141
75,14,124,81
75,39,34,149
75,54,35,231
75,48,30,240
75,56,82,206
75,29,18,118
75,34,165,118
75,50,122,187
75,16,61,74
75,19,45,87
75,6,7,105
75,26,33,112
75,15,221,64
75,20,56,125
75,46,66,166
75,36,234,109
75,15,149,70
75,54,204,109
75,16,7,134
75,39,217,115
75,50,179,196
75,54,170,148
75,11,83,84
75,27,175,101
75,52,189,178
75,56,249,195
75,10,234,46
75,25,36,142
75,8,195,53
75,43,182,167
75,51,220,187
75,19,176,70
75,11,168,61
75,12,51,101
75,48,68,222
75,58,136,235
75,41,9,226
75,30,25,174
75,21,21,131
75,40,163,142
75,32,211,100
75,54,61,249
75,39,69,176
75,5,165,46
75,39,216,135
75,55,94,241
75,51,244,170
75,29,119,122
75,48,137,184
75,38,108,156
75,55,151,212
75,44,210,163
75,45,75,201
75,38,135,145
75,47,228,158
75,8,144,49
75,54,123,213
75,34,136,125
75,6,32,100
75,14,216,80
75,26,238,80
75,42,119,153
75,43,145,218
75,33,27,225
75,23,148,133
75,55,212,248
76,7,135,23
76,22,10,112
76,19,20,100
76,43,198,108
76,49,195,131
76,27,215,50
76,12,27,80
76,27,148,68
76,52,39,193
76,37,191,91
76,55,231,128
76,56,102,172
76,35,159,79
76,53,33,206
76,20,98,67
76,52,88,166
76,52,244,123
76,47,131,134
76,46,32,179
76,14,71,62
76,42,211,86
76,58,153,167
76,9,6,78
76,56,199,142
76,49,188,117
76,37,244,66
76,23,120,66
76,9,166,16
76,18,212,27
76,49,215,118
76,52,212,124
76,41,103,120
76,24,65,90
76,44,14,169
76,42,160,93
76,36,182,71
76,55,14,225
76,50,46,175
76,32,73,102
76,20,150,48
76,28,117,79
76,5,59,51
76,15,228,12
76,42,227,86
76,52,136,157
76,48,98,149
76,56,217,147
76,53,55,195
76,44,245,92
76,21,231,34
76,28,181,58
76,49,144,126
76,43,79,135
76,39,63,137
76,22,82,78
76,56,67,185
76,49,249,105
76,39,83,123
76,5,85,37
76,10,47,68
76,57,134,177
76,6,23,67
76,16,250,13
76,34,52,124
76,16,119,51
76,52,83,181
76,13,150,31
76,22,176,45
76,37,17,141
76,35,9,148
76,47,12,199
76,13,83,56
76,44,139,114
76,43,53,154
76,49,167,122
76,33,110,91
76,10,123,34
76,43,172,107
76,39,172,96
76,18,76,101
76,27,229,53
76,12,112,68
76,26,205,87
76,12,100,47
76,51,16,209
76,40,122,108
76,37,226,73
76,11,190,17
76,22,200,37
76,26,162,59
76,34,200,73
76,39,140,99
76,26,148,98
76,31,90,103
76,27,53,107
76,58,214,191
76,29,137,77
76,35,37,129
76,46,113,137
76,54,33,231
76,39,35,148
76,14,122,81
76,30,20,120
76,17,63,75
76,20,48,88
76,27,35,114
76,43,148,160
76,7,8,105
76,21,56,125
76,22,127,89
76,53,197,208
76,34,169,118
76,51,142,142
76,42,11,222
76,49,122,186
76,54,167,149
76,12,82,85
76,16,10,133
76,15,148,68
76,9,196,52
76,27,93,120
76,36,235,109
76,27,176,100
76,47,65,168
76,40,220,118
76,25,35,142
76,16,226,65
76,12,175,58
76,12,51,101
76,50,177,197
76,20,178,71
76,5,206,35
76,21,23,129
76,54,206,173
76,44,218,140
76,53,68,247
76,43,182,166
76,49,69,223
76,30,24,172
76,51,186,177
76,58,134,234
76,51,245,170
76,11,242,48
76,21,205,72
76,40,164,141
76,32,214,99
76,39,110,158
76,56,93,243
76,48,225,156
76,36,177,167
76,6,167,47
76,45,212,165
76,47,139,183
76,55,158,212
76,50,220,222
76,38,136,143
76,30,122,123
76,38,69,172
76,45,77,200
76,7,144,47
76,53,120,215
76,42,122,152
76,14,218,79
76,34,138,125
76,27,237,81
76,33,28,226
76,24,149,134
76,5,27,129
76,43,144,219
77,43,210,91
77,8,140,25
77,24,17,116
77,21,26,100
77,45,202,111
77,14,34,81
77,28,220,53
77,43,240,88
77,36,165,82
77,57,107,176
77,57,238,131
77,22,104,71
77,28,156,68
77,50,194,120
77,50,201,133
77,52,46,198
77,49,136,137
77,52,248,124
77,15,78,63
77,19,217,28
77,53,217,127
77,47,37,180
77,25,71,90
77,53,36,208
77,30,125,80
77,43,163,95
77,39,199,95
77,53,98,170
77,56,205,142
77,10,168,17
77,58,120,174
77,58,159,168
77,11,11,82
77,25,129,68
77,21,155,49
77,15,233,12
77,6,65,52
77,37,188,74
77,35,56,127
77,53,59,195
77,51,50,177
77,48,103,148
77,23,89,81
77,54,143,162
77,22,237,35
77,58,135,165
77,41,110,123
77,49,150,131
77,33,79,105
77,29,189,60
77,40,66,140
77,55,17,226
77,43,84,136
77,40,89,123
77,57,73,186
77,57,138,178
77,44,18,167
77,12,51,70
77,56,224,147
77,36,14,151
77,52,87,182
77,6,90,38
77,14,90,58
77,43,18,177
77,47,19,200
77,13,156,31
77,49,170,122
77,11,130,37
77,18,124,54
77,7,183,6
77,37,22,144
77,22,181,46
77,45,58,158
77,12,105,51
77,44,146,116
77,27,234,55
77,23,203,40
77,39,176,98
77,19,82,106
77,40,130,110
77,51,18,211
77,40,145,102
77,33,116,94
77,12,196,16
77,38,232,76
77,35,207,75
77,43,175,109
77,42,15,223
77,33,16,135
77,27,212,92
77,13,116,72
77,36,42,132
77,30,145,78
77,21,55,91
77,27,171,59
77,26,153,101
77,28,58,110
77,40,40,151
77,28,39,114
77,46,118,137
77,52,149,144
77,18,68,76
77,14,128,82
77,43,154,164
77,8,12,106
77,34,175,121
77,17,16,134
77,31,95,105
77,27,94,123
77,54,201,210
77,54,173,152
77,23,133,89
77,20,55,125
77,27,181,103
77,40,228,118
77,13,86,87
77,5,65,70
77,10,202,54
77,17,231,66
77,54,211,171
77,48,128,190
77,41,46,191
77,15,152,68
77,53,74,247
77,48,70,170
77,37,242,111
77,26,41,144
77,13,56,100
77,33,223,106
77,20,183,74
77,13,180,60
77,11,244,48
77,22,26,132
77,38,72,175
77,6,214,35
77,35,8,197
77,58,142,237
77,21,211,72
77,51,194,181
77,44,224,143
77,43,183,168
77,50,181,200
77,41,170,144
77,25,10,162
77,50,73,225
77,45,210,165
77,40,118,163
77,7,149,48
77,7,176,47
77,48,232,158
77,31,33,174
77,36,182,168
77,31,122,127
77,53,127,220
77,48,146,186
77,8,37,99
77,28,240,83
77,51,230,227
77,34,144,128
77,5,97,64
77,25,156,135
77,43,128,156
77,46,89,203
77,55,160,212
77,5,33,130
77,40,153,145
77,14,171,90
77,34,32,228
78,45,209,94
78,9,140,28
78,45,244,91
78,21,26,103
78,46,205,115
78,24,18,119
78,29,160,73
78,28,220,55
78,15,37,82
78,51,196,126
78,50,203,136
78,45,21,172
78,37,168,87
78,54,220,131
78,49,138,141
78,48,39,185
78,23,105,74
78,20,218,31
78,58,239,136
78,44,163,102
78,54,98,172
78,16,78,67
78,57,207,145
78,53,47,200
78,26,72,94
78,58,107,179
78,23,239,37
78,53,249,128
78,26,132,70
78,20,6,103
78,54,37,211
78,57,160,170
78,52,53,181
78,30,190,65
78,43,113,127
78,54,144,166
78,30,127,83
78,16,234,14
78,54,60,198
78,8,67,55
78,41,91,126
78,22,158,51
78,39,191,78
78,34,81,107
78,56,18,228
78,50,152,136
78,37,57,130
78,37,16,158
78,24,91,84
78,12,170,21
78,57,141,181
78,13,12,83
78,45,86,140
78,13,55,71
78,45,191,97
78,41,67,143
78,50,107,155
78,39,22,149
78,35,121,95
78,51,173,127
78,56,224,150
78,57,75,191
78,7,91,39
78,53,89,185
78,15,91,61
78,6,47,57
78,15,158,35
78,48,16,208
78,19,124,57
78,28,233,58
78,56,51,220
78,46,59,162
78,23,203,41
78,42,131,115
78,7,183,7
78,23,182,50
78,12,131,40
78,39,233,82
78,34,17,139
78,20,84,110
78,13,197,19
78,13,107,53
78,27,214,96
78,42,17,223
78,28,156,104
78,13,118,72
78,46,150,123
78,29,174,65
78,58,217,194
78,38,41,137
78,44,174,118
78,40,178,102
78,31,147,81
78,47,120,141
78,41,42,157
78,32,97,106
78,29,59,112
78,41,148,105
78,35,176,124
78,55,176,158
78,36,208,79
78,35,7,197
78,53,202,212
78,19,70,80
78,32,27,127
78,44,156,169
78,55,35,234
78,23,57,93
78,18,17,137
78,5,119,50
78,30,41,118
78,41,233,122
78,28,95,125
78,9,13,109
78,24,137,92
78,6,69,71
78,15,130,85
78,14,90,90
78,22,56,130
78,47,36,235
78,34,218,109
78,48,133,196
78,18,236,69
78,51,193,181
78,49,74,173
78,53,75,249
78,10,204,55
78,16,153,70
78,13,182,61
78,28,184,106
78,22,183,77
78,58,143,240
78,14,48,105
78,43,183,172
78,7,221,37
78,55,214,178
78,25,5,168
78,41,172,146
78,12,247,53
78,49,67,225
78,39,66,180
78,21,214,73
78,27,41,150
78,41,120,171
78,48,150,188
78,40,226,140
78,46,100,187
78,56,103,247
78,31,27,178
78,45,222,147
78,50,179,203
78,35,147,131
78,46,82,207
78,8,151,51
78,56,159,219
78,46,214,170
78,8,181,49
78,48,235,163
78,53,130,223
78,52,234,228
78,32,123,129
78,44,131,162
78,28,243,85
78,41,149,152
78,5,98,67
78,6,33,132
78,26,160,138
78,6,138,75
78,34,28,230
79,11,144,28
79,46,209,94
79,47,207,115
79,22,28,105
79,54,222,129
79,26,18,123
79,50,204,135
79,45,245,89
79,23,107,73
79,39,250,70
79,48,42,187
79,16,40,82
79,20,215,29
79,52,198,126
79,51,137,142
79,29,221,54
79,54,99,176
79,18,81,68
79,55,148,167
79,53,47,202
79,31,162,74
79,57,207,144
79,20,9,105
79,38,169,88
79,45,164,103
79,23,237,33
79,26,133,69
79,38,16,158
79,42,199,106
79,12,171,21
79,17,235,12
79,43,111,129
79,53,53,184
79,32,130,84
79,51,152,135
79,14,13,84
79,30,190,61
79,41,89,125
79,54,35,212
79,39,190,78
79,9,69,56
79,28,74,96
79,37,58,132
79,14,57,72
79,55,60,201
79,42,67,146
79,52,108,160
79,24,160,51
79,26,92,85
79,35,81,110
79,56,14,231
79,35,120,96
79,48,27,183
79,56,224,148
79,8,92,40
79,17,94,62
79,45,88,140
79,22,86,114
79,14,197,18
79,16,161,35
79,46,192,97
79,43,129,114
79,48,16,208
79,14,107,52
79,20,124,58
79,7,48,59
79,25,205,41
79,14,132,40
79,52,175,128
79,47,61,165
79,8,185,8
79,14,120,71
79,56,51,222
79,34,15,139
79,25,184,50
79,54,152,148
79,45,17,171
79,40,232,83
79,29,236,56
79,28,156,103
79,41,178,104
79,27,216,91
79,7,27,67
79,38,42,137
79,21,71,81
79,30,174,63
79,41,149,108
79,48,120,143
79,32,148,81
79,45,173,118
79,42,42,160
79,37,208,78
79,54,203,211
79,30,98,124
79,30,61,114
79,6,121,49
79,27,42,101
79,5,100,29
79,24,59,93
79,35,11,200
79,44,154,169
79,42,18,226
79,33,97,106
79,18,16,137
79,56,177,158
79,30,42,122
79,14,94,90
79,10,13,110
79,36,176,125
79,42,232,121
79,35,218,107
79,25,136,95
79,7,71,72
79,16,133,84
79,15,183,61
79,29,185,103
79,12,205,54
79,19,238,70
79,51,194,179
79,17,156,69
79,50,72,176
79,55,35,235
79,38,243,113
79,55,215,175
79,46,234,143
79,22,56,132
79,22,190,72
79,39,69,179
79,47,38,235
79,43,182,170
79,49,127,195
79,50,49,156
79,22,217,70
79,25,6,170
79,15,53,106
79,8,221,36
79,49,235,161
79,53,77,247
79,21,181,71
79,49,148,186
79,41,172,142
79,9,176,49
79,49,69,224
79,28,43,152
79,41,117,170
79,47,212,170
79,46,82,207
79,41,146,151
79,40,224,139
79,50,179,199
79,8,152,49
79,56,106,244
79,9,40,97
79,32,33,178
79,51,236,222
79,29,247,85
79,58,169,215
79,35,148,133
79,44,129,161
79,6,97,67
79,32,124,129
79,54,128,221
79,27,160,141
79,6,34,131
79,6,138,73
79,35,35,230
80,13,144,30
80,52,136,147
80,24,24,108
80,51,204,119
80,26,103,79
80,47,209,97
80,6,136,15
80,52,203,139
80,54,197,134
80,27,15,124
80,19,37,86
80,56,220,135
80,49,31,189
80,22,213,31
80,46,244,94
80,56,96,178
80,50,43,191
80,33,161,78
80,41,248,76
80,55,246,135
80,55,44,206
80,20,78,73
80,45,10,172
80,57,145,173
80,14,171,22
80,43,196,108
80,25,235,34
80,32,189,62
80,18,234,13
80,21,6,108
80,28,130,73
80,54,51,188
80,45,110,134
80,33,216,60
80,40,187,82
80,33,128,89
80,39,55,137
80,25,156,55
80,46,162,105
80,52,150,144
80,43,87,130
80,39,14,161
80,40,165,91
80,16,13,88
80,30,72,99
80,37,80,114
80,47,86,144
80,56,58,203
80,37,119,100
80,57,12,234
80,54,109,163
80,28,90,90
80,17,54,77
80,43,66,148
80,11,67,59
80,56,32,216
80,11,90,43
80,19,91,66
80,53,186,133
80,18,156,39
80,6,120,24
80,26,201,43
80,16,197,20
80,58,222,155
80,10,186,10
80,9,46,64
80,22,128,60
80,48,59,167
80,52,159,135
80,7,13,80
80,16,105,55
80,44,127,119
80,29,216,92
80,43,175,106
80,24,84,117
80,15,117,71
80,15,129,42
80,36,13,144
80,49,16,213
80,44,41,165
80,30,236,58
80,41,229,87
80,43,146,114
80,32,60,118
80,46,171,122
80,34,24,132
80,23,68,86
80,29,155,104
80,33,147,84
80,31,172,66
80,20,15,142
80,48,147,129
80,10,24,71
80,25,39,100
80,40,40,142
80,27,56,98
80,5,57,42
80,32,91,130
80,32,40,126
80,16,94,91
80,40,207,84
80,36,9,204
80,35,96,111
80,51,192,182
80,8,120,52
80,50,116,150
80,7,99,31
80,55,202,217
80,50,87,165
80,46,153,172
80,36,219,106
80,21,239,70
80,37,174,126
80,11,9,114
80,30,183,106
80,43,11,233
80,9,68,74
80,55,26,239
80,23,58,135
80,51,70,178
80,48,36,239
80,47,234,146
80,17,183,63
80,18,130,87
80,40,70,182
80,57,174,163
80,43,229,124
80,23,188,75
80,40,182,182
80,51,126,199
80,39,244,115
80,25,29,140
80,18,153,73
80,14,205,57
80,15,248,55
80,11,177,51
80,43,171,147
80,10,220,39
80,48,136,107
80,50,232,166
80,44,186,174
80,33,34,181
80,56,214,177
80,55,133,132
80,50,146,189
80,18,51,112
80,52,177,202
80,43,142,154
80,57,107,248
80,43,116,175
80,29,39,156
80,51,70,230
80,41,220,138
80,58,162,220
80,8,31,135
80,48,211,174
80,10,152,50
80,29,160,147
80,11,36,104
80,30,246,84
80,38,145,136
80,47,78,209
80,46,128,167
80,8,94,70
80,8,138,75
80,18,177,96
80,55,133,223
80,36,35,232
81,28,105,82
81,8,139,17
81,21,38,88
81,57,222,137
81,46,10,175
81,28,17,126
81,24,26,112
81,53,136,149
81,58,102,186
81,35,218,60
81,51,34,194
81,53,204,141
81,51,47,195
81,14,145,32
81,53,208,119
81,22,82,76
81,58,146,175
81,47,211,101
81,35,163,81
81,55,46,212
81,57,195,144
81,55,190,134
81,23,214,33
81,30,134,75
81,53,224,127
81,22,7,112
81,43,198,106
81,20,236,17
81,48,245,98
81,16,172,26
81,26,236,36
81,53,149,148
81,35,130,94
81,41,163,95
81,44,87,133
81,43,250,81
81,33,191,67
81,47,162,109
81,47,112,138
81,19,18,90
81,41,55,139
81,8,164,7
81,42,190,84
81,27,159,58
81,54,157,138
81,55,109,166
81,21,94,69
81,33,74,107
81,39,82,119
81,48,87,147
81,13,94,46
81,19,58,80
81,13,72,63
81,56,32,219
81,45,66,154
81,30,91,94
81,29,206,47
81,39,121,103
81,57,58,210
81,8,125,27
81,25,130,64
81,20,161,41
81,17,118,75
81,45,127,123
81,18,198,24
81,44,176,108
81,19,109,58
81,12,188,13
81,32,240,61
81,9,16,84
81,49,61,173
81,11,51,67
81,44,147,117
81,30,219,94
81,29,58,104
81,33,174,69
81,43,232,92
81,35,25,137
81,6,82,43
81,37,15,149
81,27,42,104
81,41,43,147
81,45,43,169
81,47,171,125
81,24,88,117
81,29,159,107
81,17,132,45
81,34,60,125
81,34,147,86
81,33,41,131
81,9,101,34
81,25,71,90
81,12,29,75
81,21,16,145
81,37,99,114
81,17,96,94
81,9,122,55
81,41,212,86
81,7,61,45
81,51,88,168
81,51,116,153
81,37,221,106
81,50,10,220
81,24,60,137
81,53,193,186
81,47,154,177
81,22,243,72
81,15,203,56
81,33,94,131
81,18,185,61
81,53,74,184
81,20,133,91
81,37,9,207
81,38,175,134
81,28,131,106
81,52,70,233
81,52,125,203
81,56,26,244
81,13,10,117
81,49,237,146
81,56,204,220
81,44,15,233
81,41,69,186
81,5,236,26
81,48,35,240
81,31,189,110
81,19,154,75
81,24,188,78
81,52,177,204
81,48,141,105
81,40,246,119
81,44,230,128
81,12,224,42
81,45,190,173
81,12,177,53
81,52,48,160
81,26,31,144
81,51,234,167
81,44,113,180
81,44,174,151
81,57,216,181
81,51,146,192
81,34,36,185
81,19,54,114
81,58,160,223
81,56,134,134
81,30,42,161
81,25,218,74
81,44,146,157
81,41,223,140
81,49,212,178
81,48,82,213
81,32,247,88
81,52,235,228
81,9,32,137
81,47,130,171
81,10,97,71
81,40,152,135
81,13,38,108
81,10,142,78
81,37,36,235
81,31,164,153
81,56,130,228
82,30,20,131
82,10,144,19
82,54,209,123
82,49,12,180
82,54,136,153
82,37,165,86
82,23,41,91
82,30,108,85
82,58,221,138
82,26,27,115
82,16,148,35
82,24,83,80
82,54,202,145
82,49,213,103
82,55,224,131
82,54,33,199
82,57,48,216
82,53,50,198
82,42,167,99
82,5,93,27
82,36,197,72
82,39,220,66
82,31,134,79
82,49,246,103
82,25,217,37
82,44,201,107
82,49,164,112
82,58,146,177
82,46,90,136
82,44,250,86
82,57,111,171
82,28,239,40
82,57,191,136
82,9,166,8
82,25,7,117
82,20,17,94
82,48,110,142
82,47,67,158
82,34,75,112
82,55,155,141
82,44,191,89
82,29,162,61
82,18,177,29
82,54,150,155
82,42,57,146
82,37,132,98
82,10,130,29
82,22,59,82
82,49,88,150
82,33,226,57
82,57,34,224
82,23,95,72
82,22,240,21
82,30,208,51
82,15,74,65
82,41,83,123
82,58,61,214
82,49,193,114
82,15,98,51
82,40,121,108
82,27,130,68
82,23,161,44
82,21,204,27
82,32,93,98
82,51,63,178
82,44,30,163
82,18,119,78
82,47,45,176
82,46,178,112
82,47,128,126
82,5,243,13
82,45,236,96
82,14,191,16
82,22,112,63
82,46,148,121
82,51,14,219
82,12,18,88
82,31,222,97
82,9,86,45
82,34,242,64
82,14,52,70
82,50,146,134
82,35,42,134
82,43,214,87
82,19,134,48
82,43,45,151
82,52,116,156
82,26,73,94
82,45,121,135
82,10,66,48
82,54,77,188
82,35,149,88
82,36,61,129
82,49,172,126
82,30,160,112
82,53,90,170
82,39,100,120
82,30,62,109
82,44,9,238
82,35,177,74
82,11,124,57
82,7,10,77
82,48,156,180
82,38,18,155
82,11,107,37
82,25,86,121
82,18,95,97
82,32,44,114
82,22,15,150
82,35,94,139
82,26,63,143
82,42,68,190
82,6,206,33
82,23,241,74
82,30,133,112
82,38,9,209
82,14,8,120
82,11,72,78
82,53,71,235
82,53,196,193
82,46,193,176
82,48,233,78
82,47,10,198
82,39,178,133
82,58,30,249
82,38,223,109
82,6,239,29
82,53,124,205
82,21,132,95
82,54,180,207
82,20,185,67
82,20,156,78
82,45,235,130
82,14,229,46
82,49,142,106
82,17,203,59
82,57,205,222
82,52,238,170
82,20,122,39
82,52,50,159
82,41,247,124
82,27,32,145
82,57,218,180
82,32,190,113
82,26,192,82
82,57,133,136
82,14,180,55
82,31,42,165
82,46,176,154
82,45,110,187
82,35,36,188
82,20,53,117
82,45,144,162
82,50,215,181
82,49,37,244
82,26,221,79
82,51,147,197
82,38,127,146
82,42,225,143
82,5,176,58
82,48,79,216
82,53,228,233
82,6,6,104
82,42,153,138
82,53,238,231
82,58,129,232
82,11,98,75
82,13,38,110
82,11,140,81
82,48,129,174
82,38,38,236
82,10,34,140
82,21,243,90
83,54,206,126
83,32,109,87
83,32,21,134
83,12,148,22
83,38,165,88
83,25,40,96
83,26,84,83
83,49,15,183
83,18,149,39
83,28,28,120
83,50,212,105
83,46,202,109
83,56,224,133
83,55,136,158
83,55,202,148
83,58,50,220
83,56,33,204
83,7,95,31
83,14,219,5
83,43,170,102
83,24,95,75
83,26,8,121
83,50,162,117
83,29,241,41
83,33,136,82
83,16,73,66
83,53,48,199
83,26,219,39
83,36,76,116
83,48,68,163
83,44,189,91
83,47,91,137
83,49,110,144
83,57,112,173
83,37,195,74
83,23,58,83
83,22,17,99
83,22,241,21
83,30,163,64
83,11,166,12
83,52,249,111
83,11,131,30
83,20,178,33
83,44,61,148
83,55,152,156
83,51,89,154
83,58,57,203
83,38,133,101
83,42,84,127
83,17,101,52
83,51,192,116
83,34,228,59
83,31,206,54
83,42,123,110
83,29,133,70
83,34,92,101
83,57,158,147
83,24,161,47
83,40,222,71
83,23,112,66
83,22,205,30
83,53,65,183
83,33,220,96
83,47,180,115
83,45,32,167
83,15,51,74
83,6,246,13
83,52,17,220
83,39,26,143
83,25,244,76
83,37,148,92
83,21,137,51
83,13,20,91
83,15,190,19
83,47,241,99
83,35,249,65
83,45,215,90
83,32,63,113
83,48,130,129
83,26,81,123
83,53,118,160
83,10,88,49
83,15,32,82
83,52,145,140
83,50,172,133
83,39,19,159
83,47,148,124
83,27,75,96
83,49,47,179
83,45,11,240
83,18,119,81
83,36,176,76
83,37,44,136
83,41,103,123
83,44,49,156
83,37,62,131
83,11,68,51
83,54,93,175
83,12,108,39
83,11,123,60
83,49,156,182
83,45,121,135
83,31,160,116
83,9,10,80
83,34,43,118
83,47,195,178
83,23,13,153
83,53,198,194
83,55,79,192
83,31,136,115
83,16,11,124
83,47,14,196
83,54,121,209
83,42,69,191
83,19,96,99
83,7,186,39
83,8,209,37
83,22,134,98
83,27,64,145
83,8,149,45
83,19,209,66
83,36,92,144
83,8,240,30
83,58,220,183
83,13,73,81
83,40,177,133
83,16,229,49
83,39,234,99
83,53,68,238
83,53,238,172
83,46,235,131
83,49,144,106
83,21,184,72
83,21,121,41
83,50,240,150
83,45,108,186
83,17,250,56
83,21,156,81
83,54,177,208
83,39,12,210
83,53,52,161
83,33,189,115
83,53,145,197
83,32,43,171
83,31,5,185
83,27,190,84
83,47,174,158
83,57,203,225
83,29,221,80
83,16,182,58
83,21,55,118
83,28,26,151
83,14,156,59
83,36,36,193
83,46,141,165
83,42,225,142
83,39,128,151
83,8,9,107
83,5,177,57
83,49,81,220
83,43,153,141
83,54,228,237
83,15,39,115
83,13,99,79
83,53,239,234
83,50,126,179
83,11,32,142
83,13,142,84
83,23,185,108
84,55,208,130
84,26,41,102
84,55,136,159
84,47,205,112
84,18,150,41
84,50,15,185
84,28,27,122
84,28,87,88
84,57,34,210
84,14,223,5
84,33,109,91
84,56,203,152
84,57,227,135
84,8,95,35
84,39,165,93
84,12,148,26
84,32,20,137
84,58,50,223
84,44,168,107
84,26,96,79
84,27,221,42
84,49,111,147
84,49,69,168
84,53,48,203
84,40,223,70
84,45,191,94
84,27,10,126
84,50,163,119
84,18,77,69
84,31,164,67
84,48,91,143
84,24,59,87
84,45,61,154
84,30,241,44
84,5,57,45
84,23,19,103
84,18,104,57
84,56,152,159
84,39,194,78
84,58,112,177
84,34,136,87
84,23,245,23
84,12,168,15
84,6,150,12
84,21,180,36
84,37,77,121
84,53,249,116
84,44,87,133
84,44,24,178
84,51,90,160
84,39,135,106
84,51,193,118
84,25,163,50
84,29,133,73
84,37,95,111
84,36,234,62
84,33,190,66
84,32,208,57
84,42,124,114
84,8,35,68
84,12,132,35
84,25,113,71
84,17,53,78
84,58,161,151
84,7,246,16
84,49,243,102
84,22,137,54
84,23,207,32
84,46,33,172
84,16,192,21
84,47,182,120
84,53,66,188
84,15,19,94
84,52,19,222
84,39,150,96
84,49,133,135
84,26,244,76
84,50,47,184
84,27,79,128
84,48,149,127
84,46,13,245
84,54,119,162
84,34,222,97
84,11,90,51
84,52,149,141
84,45,50,162
84,16,33,86
84,45,218,95
84,34,64,118
84,18,118,82
84,29,76,99
84,38,44,141
84,55,93,181
84,13,69,55
84,40,27,150
84,54,198,194
84,35,43,124
84,51,173,136
84,36,175,79
84,32,162,120
84,38,63,136
84,56,81,196
84,40,19,164
84,13,108,43
84,10,9,85
84,12,123,62
84,42,106,128
84,50,158,183
84,20,213,68
84,23,135,98
84,56,15,236
84,9,208,40
84,36,90,148
84,24,15,156
84,47,195,179
84,17,11,126
84,28,64,149
84,58,206,230
84,43,69,194
84,58,219,184
84,48,231,78
84,19,96,103
84,8,187,36
84,16,230,48
84,46,237,131
84,41,177,134
84,32,135,120
84,40,241,101
84,5,59,75
84,54,122,209
84,48,19,202
84,53,66,241
84,21,156,82
84,34,46,173
84,49,143,107
84,22,188,74
84,13,70,84
84,51,239,152
84,21,123,42
84,8,237,32
84,34,190,117
84,17,247,57
84,39,10,213
84,45,107,187
84,47,144,167
84,28,194,88
84,16,183,59
84,36,35,195
84,14,160,55
84,22,61,119
84,29,221,81
84,47,173,161
84,54,175,212
84,53,145,201
84,42,250,123
84,39,128,153
84,50,82,222
84,53,241,174
84,6,177,60
84,44,224,145
84,9,10,109
84,42,151,144
84,15,38,116
84,13,98,82
84,50,127,182
84,53,240,234
84,23,186,110
84,25,247,103
85,27,40,104
85,56,137,162
85,55,209,130
85,40,163,96
85,47,203,114
85,45,166,110
85,19,78,72
85,30,28,125
85,57,204,156
85,33,18,140
85,16,226,7
85,30,85,93
85,14,148,28
85,19,150,43
85,58,225,138
85,34,108,94
85,51,111,151
85,28,9,129
85,51,165,122
85,58,34,217
85,51,12,189
85,9,93,38
85,30,240,44
85,40,192,82
85,58,110,181
85,57,154,162
85,51,213,108
85,25,20,107
85,25,57,91
85,35,134,91
85,41,218,73
85,32,164,70
85,46,187,98
85,27,222,42
85,6,148,12
85,45,87,137
85,53,43,206
85,50,68,173
85,38,77,126
85,46,61,158
85,13,167,16
85,52,192,121
85,49,92,147
85,20,104,60
85,23,182,39
85,36,232,63
85,27,95,81
85,45,21,181
85,52,88,163
85,24,248,25
85,6,58,49
85,31,136,74
85,6,22,71
85,37,95,112
85,40,132,109
85,54,248,120
85,34,189,70
85,43,122,118
85,26,163,51
85,13,131,37
85,49,243,103
85,48,180,122
85,18,190,23
85,24,210,30
85,23,136,55
85,33,208,59
85,7,248,17
85,58,162,151
85,50,131,137
85,26,113,73
85,54,64,191
85,49,149,130
85,35,65,121
85,34,220,101
85,18,55,80
85,39,148,100
85,53,148,144
85,55,196,197
85,28,76,134
85,9,34,69
85,15,19,96
85,51,46,188
85,36,41,128
85,54,15,228
85,13,89,54
85,41,18,168
85,19,116,85
85,54,120,163
85,18,33,91
85,39,42,144
85,31,74,103
85,57,79,200
85,37,174,82
85,52,175,141
85,46,48,166
85,36,88,148
85,11,5,88
85,40,26,153
85,31,158,121
85,15,70,57
85,27,245,78
85,46,10,248
85,46,41,213
85,55,92,184
85,38,64,138
85,14,108,45
85,48,192,182
85,12,123,62
85,9,209,40
85,39,239,100
85,53,65,244
85,23,135,98
85,58,205,229
85,49,13,204
85,49,154,185
85,43,105,132
85,19,90,106
85,54,117,210
85,21,212,71
85,25,12,159
85,8,186,39
85,29,62,151
85,46,234,133
85,17,13,127
85,51,240,155
85,34,44,169
85,40,209,125
85,49,142,108
85,48,200,149
85,41,174,138
85,57,13,242
85,48,228,79
85,17,232,51
85,39,70,107
85,21,120,42
85,5,53,80
85,22,155,84
85,18,249,59
85,34,187,120
85,42,67,193
85,9,238,32
85,53,145,202
85,33,130,125
85,22,58,119
85,30,219,83
85,42,245,124
85,22,187,76
85,40,10,216
85,47,144,170
85,53,240,176
85,37,36,197
85,28,187,90
85,6,120,74
85,45,223,150
85,14,157,65
85,47,172,163
85,7,179,61
85,50,82,225
85,51,221,185
85,58,122,245
85,40,125,157
85,17,189,62
85,54,180,214
85,10,10,110
85,45,194,198
85,16,37,117
85,26,247,107
85,44,101,191
85,50,126,184
85,42,148,147
85,24,45,169
85,51,183,250
85,18,99,121
86,41,164,100
86,29,42,110
86,57,139,166
86,18,229,11
86,57,212,133
86,48,204,117
86,22,80,74
86,31,86,94
86,21,150,47
86,41,194,85
86,34,20,145
86,31,29,128
86,35,111,95
86,52,114,157
86,33,165,73
86,15,150,30
86,11,96,42
86,52,164,126
86,29,222,46
86,46,169,111
86,25,247,27
86,47,23,187
86,36,135,93
86,54,42,211
86,52,13,194
86,47,63,162
86,51,95,152
86,31,241,48
86,52,214,113
86,27,59,96
86,26,23,110
86,47,190,99
86,58,157,166
86,29,11,133
86,8,151,15
86,52,71,176
86,46,89,139
86,24,181,42
86,29,97,85
86,55,249,126
86,22,108,64
86,41,134,112
86,53,91,166
86,14,171,17
86,8,62,54
86,52,194,124
86,40,79,131
86,32,133,77
86,39,99,117
86,7,22,73
86,36,189,73
86,49,181,126
86,33,206,61
86,55,16,229
86,19,192,26
86,37,234,65
86,6,74,43
86,8,248,18
86,49,242,105
86,20,114,87
86,21,5,114
86,55,146,148
86,24,212,33
86,51,135,143
86,45,123,124
86,14,134,39
86,46,220,100
86,27,169,53
86,10,37,70
86,24,136,59
86,20,54,83
86,42,213,77
86,40,149,103
86,36,66,125
86,27,114,75
86,33,78,107
86,29,77,135
86,55,64,196
86,17,21,99
86,53,48,192
86,53,177,146
86,56,122,168
86,19,34,93
86,50,151,134
86,42,19,174
86,58,165,157
86,36,86,151
86,38,45,134
86,14,88,58
86,40,42,150
86,42,28,160
86,38,173,84
86,13,122,64
86,16,110,49
86,55,122,214
86,32,159,123
86,37,249,71
86,54,199,204
86,48,52,171
86,29,246,84
86,12,7,88
86,17,71,61
86,58,79,206
86,35,221,106
86,40,65,142
86,45,107,136
86,10,210,42
86,46,244,135
86,57,92,189
86,49,194,186
86,23,135,98
86,51,157,189
86,20,88,107
86,49,201,152
86,17,10,127
86,57,15,247
86,48,235,77
86,29,61,153
86,40,241,104
86,25,9,161
86,23,158,86
86,51,15,210
86,34,186,122
86,40,212,129
86,35,44,172
86,49,143,108
86,10,147,54
86,18,235,53
86,5,56,80
86,22,212,73
86,11,240,36
86,24,189,78
86,53,150,207
86,41,177,141
86,29,186,95
86,51,240,157
86,34,130,127
86,40,5,220
86,23,59,121
86,48,121,190
86,48,145,171
86,38,35,202
86,8,121,77
86,11,184,50
86,43,66,196
86,6,190,33
86,54,241,178
86,17,159,65
86,18,188,65
86,30,219,86
86,54,175,216
86,47,173,168
86,43,96,191
86,8,181,63
86,51,223,186
86,50,81,228
86,42,152,149
86,11,10,112
86,17,34,121
86,26,186,119
86,40,121,161
86,14,94,83
86,28,247,113
86,44,186,205
86,36,163,171
86,10,214,62
87,43,164,104
87,31,43,112
87,58,138,170
87,57,212,136
87,20,230,15
87,48,169,116
87,49,206,119
87,17,152,34
87,30,223,48
87,35,19,151
87,35,167,77
87,32,86,98
87,27,248,30
87,38,134,95
87,53,115,161
87,23,154,50
87,43,193,90
87,33,29,131
87,40,233,72
87,13,98,45
87,53,70,181
87,37,111,102
87,48,25,192
87,55,39,217
87,54,165,132
87,52,15,200
87,28,25,113
87,48,189,102
87,28,59,99
87,23,81,76
87,33,241,51
87,40,97,118
87,9,177,7
87,52,96,159
87,30,12,137
87,49,64,167
87,26,184,45
87,47,90,142
87,15,172,19
87,54,194,127
87,24,107,67
87,30,98,89
87,55,91,173
87,10,65,57
87,9,27,76
87,7,76,46
87,10,155,17
87,46,124,128
87,22,194,32
87,35,207,65
87,50,181,128
87,37,190,78
87,55,14,233
87,5,117,27
87,41,79,133
87,33,139,80
87,9,248,19
87,16,137,43
87,44,210,83
87,42,132,114
87,23,7,118
87,56,146,152
87,50,244,108
87,52,135,146
87,11,40,70
87,26,215,36
87,21,57,84
87,29,168,59
87,19,25,101
87,21,115,91
87,29,118,78
87,27,140,62
87,51,152,136
87,43,29,164
87,33,78,110
87,21,37,95
87,37,67,129
87,41,148,104
87,57,120,174
87,48,223,103
87,54,179,149
87,5,39,57
87,18,112,51
87,31,78,142
87,44,20,178
87,40,43,139
87,42,39,155
87,13,8,92
87,14,123,65
87,54,48,197
87,16,93,59
87,42,64,146
87,5,231,32
87,38,87,159
87,46,108,142
87,21,87,110
87,56,125,218
87,11,210,45
87,50,52,176
87,58,79,210
87,18,72,64
87,35,187,125
87,35,219,107
87,30,247,85
87,57,89,194
87,56,62,203
87,50,201,158
87,43,247,133
87,5,55,80
87,33,159,126
87,24,133,100
87,51,196,191
87,30,61,154
87,43,175,148
87,50,141,110
87,14,60,90
87,27,9,166
87,41,71,112
87,30,185,97
87,19,235,54
87,25,189,80
87,51,16,217
87,11,241,38
87,49,123,194
87,47,33,224
87,24,157,88
87,55,148,207
87,11,146,57
87,36,44,177
87,5,167,37
87,20,249,63
87,51,153,192
87,55,198,206
87,49,147,175
87,55,174,220
87,6,190,33
87,55,242,184
87,39,33,205
87,41,236,109
87,36,127,136
87,52,241,162
87,23,209,75
87,10,121,82
87,43,67,194
87,19,186,69
87,24,60,124
87,47,232,160
87,31,217,89
87,43,94,195
87,13,180,51
87,41,117,166
87,48,172,171
87,52,224,189
87,12,10,116
87,9,184,65
87,18,34,125
87,53,133,193
87,43,147,157
87,17,161,69
87,15,95,86
87,12,214,67
88,45,164,107
88,6,155,7
88,33,42,117
88,50,170,120
88,22,231,17
88,43,236,74
88,51,206,122
88,19,152,38
88,55,114,166
88,37,168,81
88,56,163,136
88,15,98,48
88,29,249,34
88,35,88,101
88,26,155,56
88,33,224,53
88,37,16,155
88,34,29,136
88,50,22,198
88,45,194,95
88,56,71,185
88,57,39,223
88,7,125,19
88,54,14,205
88,40,135,99
88,39,110,108
88,50,188,107
88,12,180,11
88,30,25,117
88,54,95,163
88,35,242,55
88,48,123,134
88,30,60,104
88,32,99,92
88,11,26,78
88,32,11,141
88,49,90,146
88,57,93,179
88,42,96,122
88,50,64,173
88,7,118,30
88,26,107,71
88,47,209,89
88,55,191,133
88,26,83,81
88,37,209,69
88,44,132,119
88,13,65,62
88,12,155,19
88,27,183,48
88,24,194,36
88,52,181,133
88,10,77,50
88,17,171,23
88,43,80,140
88,26,5,123
88,57,15,238
88,39,190,81
88,10,249,22
88,18,136,46
88,36,133,87
88,28,214,40
88,52,244,112
88,24,58,87
88,54,135,151
88,39,67,134
88,14,40,75
88,20,113,53
88,36,78,115
88,22,114,92
88,57,147,157
88,18,91,65
88,51,224,108
88,29,140,66
88,31,173,63
88,43,149,109
88,56,176,153
88,23,36,98
88,45,26,168
88,38,217,111
88,56,48,202
88,46,17,181
88,6,38,60
88,21,25,104
88,39,50,131
88,33,79,145
88,31,115,81
88,42,43,146
88,40,86,161
88,15,120,67
88,43,36,163
88,48,108,145
88,5,139,50
88,58,62,206
88,45,175,153
88,43,63,153
88,15,7,97
88,21,74,68
88,26,133,101
88,52,51,184
88,52,199,190
88,13,206,48
88,5,203,21
88,7,232,36
88,38,186,129
88,7,54,84
88,52,158,196
88,8,191,34
88,22,85,113
88,52,202,162
88,21,13,136
88,48,244,142
88,32,248,92
88,28,13,169
88,57,124,223
88,23,195,21
88,6,167,37
88,27,191,85
88,31,57,158
88,54,21,220
88,24,210,78
88,32,185,101
88,35,159,127
88,22,248,68
88,20,232,57
88,26,159,88
88,37,43,182
88,56,173,225
88,54,237,163
88,38,127,138
88,13,142,59
88,45,62,200
88,16,58,94
88,56,241,186
88,50,151,179
88,56,196,211
88,41,31,210
88,50,172,175
88,12,117,87
88,55,50,172
88,48,32,228
88,33,28,165
88,26,61,129
88,56,149,215
88,46,90,195
88,51,122,201
88,21,185,72
88,33,216,92
88,42,234,112
88,15,180,55
88,43,116,170
88,53,222,194
88,45,146,158
88,10,184,66
88,55,241,244
88,20,33,131
88,14,11,120
88,29,184,126
88,14,217,69
88,47,183,212
88,11,30,126
88,52,82,231
89,47,166,111
89,7,158,8
89,52,172,123
89,23,234,18
89,35,45,122
89,38,169,84
89,56,116,169
89,36,88,105
89,21,153,40
89,45,239,77
89,34,224,55
89,18,100,53
89,38,17,157
89,53,206,131
89,36,30,139
89,9,126,21
89,40,111,110
89,27,155,56
89,58,166,142
89,46,195,98
89,51,21,201
89,51,190,109
89,41,138,103
89,54,14,211
89,14,179,12
89,57,38,225
89,52,64,176
89,37,244,58
89,34,100,94
89,50,125,137
89,30,250,35
89,55,96,167
89,56,71,187
89,28,108,75
89,28,87,86
89,15,207,6
89,45,77,147
89,54,181,138
89,28,187,49
89,33,13,143
89,50,90,150
89,46,133,123
89,38,209,71
89,43,96,127
89,10,118,33
89,31,61,105
89,14,29,83
89,31,25,119
89,22,113,92
89,27,5,125
89,57,194,138
89,26,60,90
89,37,140,87
89,58,15,242
89,52,223,114
89,19,174,26
89,14,157,20
89,41,226,78
89,12,250,24
89,12,105,41
89,40,191,83
89,25,197,37
89,58,178,159
89,49,213,93
89,12,78,53
89,29,216,42
89,14,64,63
89,54,154,145
89,20,91,68
89,16,43,78
89,46,151,114
89,55,139,156
89,38,79,120
89,25,40,100
89,31,144,69
89,58,29,204
89,40,68,137
89,53,244,115
89,56,46,205
89,35,82,146
89,46,25,173
89,32,175,65
89,22,115,56
89,33,116,85
89,22,27,105
89,43,41,150
89,47,13,183
89,16,118,69
89,45,37,168
89,40,51,136
89,7,205,22
89,23,73,72
89,41,86,162
89,6,92,28
89,7,38,63
89,53,51,185
89,56,199,214
89,49,109,150
89,27,135,100
89,26,209,78
89,17,8,100
89,46,177,152
89,33,238,91
89,54,160,198
89,53,199,196
89,23,85,112
89,6,140,50
89,45,61,158
89,14,207,48
89,53,202,164
89,29,12,171
89,39,217,111
89,22,229,58
89,39,186,129
89,57,174,225
89,34,185,104
89,49,247,145
89,29,189,88
89,22,12,139
89,7,228,35
89,5,7,101
89,36,156,130
89,9,54,87
89,55,19,226
89,24,194,21
89,54,237,167
89,7,170,35
89,39,129,139
89,32,59,160
89,24,248,70
89,14,235,41
89,16,175,61
89,17,57,97
89,10,191,39
89,46,65,202
89,38,43,183
89,14,140,61
89,13,117,89
89,50,151,179
89,57,149,218
89,53,119,204
89,27,161,87
89,41,31,212
89,8,28,96
89,51,173,177
89,44,115,169
89,27,63,129
89,54,224,200
89,44,234,116
89,34,215,95
89,44,205,136
89,57,245,188
89,23,189,76
89,47,92,198
89,16,12,122
89,53,73,235
89,29,184,126
89,21,32,134
89,25,75,155
89,15,221,69
90,49,167,116
90,9,159,10
90,54,173,129
90,10,129,22
90,36,43,125
90,57,115,173
90,58,35,228
90,37,89,109
90,46,196,100
90,55,208,135
90,40,171,90
90,20,105,56
90,43,138,108
90,29,85,86
90,23,153,42
90,24,234,22
90,29,156,61
90,41,111,114
90,35,222,59
90,55,12,218
90,53,193,116
90,37,30,143
90,39,17,163
90,29,111,77
90,46,239,82
90,43,223,88
90,50,126,140
90,16,207,8
90,57,69,191
90,52,19,207
90,37,243,60
90,47,135,126
90,55,94,171
90,11,117,35
90,53,64,180
90,55,182,143
90,15,179,13
90,35,102,98
90,51,91,154
90,15,30,85
90,38,142,91
90,32,24,122
90,46,75,150
90,28,60,94
90,30,186,54
90,33,62,109
90,34,12,146
90,54,226,120
90,39,208,75
90,15,158,21
90,31,218,45
90,28,5,129
90,44,96,133
90,23,111,94
90,54,246,120
90,55,154,150
90,56,138,160
90,48,153,120
90,18,229,7
90,42,194,87
90,14,79,56
90,17,68,66
90,21,178,30
90,13,104,43
90,26,198,40
90,13,250,27
90,22,90,72
90,32,143,74
90,34,118,89
90,8,206,25
90,47,24,179
90,5,25,63
90,7,93,32
90,39,78,124
90,41,218,113
90,36,82,149
90,17,116,70
90,26,41,101
90,47,13,189
90,50,217,99
90,18,44,82
90,34,176,71
90,44,40,154
90,57,44,209
90,58,198,218
90,54,48,189
90,47,174,159
90,42,48,141
90,45,33,172
90,55,160,200
90,5,68,66
90,34,236,93
90,50,110,152
90,16,202,50
90,41,65,141
90,17,6,100
90,10,42,65
90,7,134,53
90,24,69,77
90,46,58,162
90,27,210,81
90,23,25,108
90,23,227,59
90,56,239,173
90,54,199,199
90,28,135,103
90,10,53,89
90,24,82,115
90,42,85,166
90,58,173,228
90,54,199,169
90,41,131,141
90,8,228,36
90,30,10,176
90,11,192,40
90,50,246,150
90,24,192,22
90,18,53,101
90,38,153,135
90,46,248,142
90,7,7,105
90,40,184,133
90,35,185,108
90,30,189,93
90,58,148,223
90,15,235,42
90,25,247,74
90,52,152,183
90,47,65,204
90,39,41,188
90,16,138,64
90,5,92,59
90,52,173,180
90,28,159,92
90,15,117,92
90,33,54,164
90,9,162,40
90,42,28,214
90,56,18,232
90,44,232,123
90,45,115,173
90,28,56,135
90,29,62,133
90,48,208,159
90,17,176,62
90,35,215,96
90,9,23,101
90,24,190,76
90,45,205,140
90,55,222,203
90,57,240,190
90,47,144,168
90,40,249,108
90,50,226,167
90,48,92,205
90,54,125,209
90,21,144,88
90,54,73,238
90,46,29,238
90,17,11,126
90,49,182,218
90,26,65,159
91,11,161,14
91,51,169,121
91,55,170,135
91,22,107,62
91,37,42,131
91,38,90,114
91,58,115,176
91,24,152,45
91,47,74,155
91,11,129,25
91,25,233,25
91,36,223,62
91,47,194,103
91,30,157,64
91,38,27,146
91,6,138,14
91,41,16,169
91,53,17,212
91,53,193,119
91,41,169,92
91,17,206,13
91,56,203,147
91,43,138,112
91,56,9,224
91,42,110,121
91,12,116,39
91,44,226,91
91,30,112,82
91,51,124,146
91,56,93,175
91,53,61,184
91,5,69,44
91,48,134,130
91,18,66,68
91,46,241,79
91,19,228,10
91,24,110,96
91,58,213,134
91,36,102,103
91,39,144,94
91,34,64,113
91,57,68,194
91,16,29,90
91,16,182,19
91,31,217,48
91,35,13,152
91,27,198,44
91,39,244,68
91,29,61,97
91,39,207,76
91,56,180,149
91,16,160,25
91,33,23,130
91,30,186,56
91,18,198,51
91,22,179,35
91,42,195,88
91,52,92,157
91,14,103,48
91,42,219,120
91,55,225,123
91,23,92,76
91,30,95,87
91,37,81,152
91,45,95,138
91,56,152,156
91,57,137,165
91,50,152,128
91,30,75,96
91,36,119,95
91,15,80,57
91,55,245,125
91,33,142,78
91,19,47,85
91,35,176,74
91,10,207,29
91,39,77,127
91,58,42,214
91,8,93,36
91,27,40,106
91,45,40,159
91,14,248,29
91,26,120,65
91,6,24,67
91,42,45,146
91,45,170,104
91,11,42,69
91,19,5,106
91,48,24,183
91,55,156,205
91,55,46,192
91,24,26,111
91,27,211,84
91,41,65,143
91,26,76,81
91,46,33,177
91,9,226,37
91,24,76,119
91,49,13,196
91,8,134,55
91,46,57,165
91,58,170,231
91,52,109,159
91,58,195,220
91,28,136,104
91,53,151,184
91,24,227,64
91,42,85,169
91,38,154,137
91,54,196,201
91,6,91,60
91,10,163,43
91,47,173,158
91,26,246,79
91,52,244,154
91,11,54,90
91,56,236,176
91,58,145,230
91,36,236,99
91,46,249,145
91,36,185,112
91,42,25,218
91,15,137,66
91,13,187,42
91,53,195,172
91,57,15,237
91,8,7,110
91,41,185,137
91,41,128,146
91,31,189,98
91,28,159,94
91,34,42,169
91,19,49,105
91,5,245,12
91,36,216,103
91,40,40,193
91,46,240,125
91,18,175,64
91,8,21,103
91,29,59,136
91,55,47,175
91,45,114,177
91,48,209,161
91,52,172,181
91,25,191,78
91,49,57,215
91,58,238,194
91,46,207,145
91,22,88,96
91,54,221,201
91,50,89,209
91,49,178,220
91,54,124,218
91,55,73,244
91,22,142,88
91,25,72,155
91,46,27,240
91,58,132,215
92,11,191,5
92,12,163,16
92,51,169,125
92,39,43,135
92,56,171,140
92,7,142,16
92,23,112,65
92,42,16,173
92,39,92,118
92,25,156,47
92,26,236,28
92,53,17,216
92,45,228,92
92,40,26,152
92,13,133,28
92,37,225,64
92,48,75,153
92,44,138,117
92,18,208,16
92,42,172,95
92,48,195,106
92,48,135,135
92,31,161,67
92,43,112,124
92,20,229,13
92,56,202,150
92,56,11,226
92,32,116,83
92,58,66,199
92,35,65,116
92,54,192,125
92,39,245,68
92,56,94,178
92,6,69,46
92,12,118,41
92,32,219,47
92,31,100,86
92,57,181,153
92,40,142,100
92,54,61,188
92,28,201,44
92,17,184,21
92,52,124,149
92,35,15,153
92,37,104,106
92,17,31,93
92,23,181,35
92,32,72,101
92,24,111,98
92,34,23,134
92,6,122,22
92,29,62,100
92,17,163,28
92,38,121,102
92,31,188,56
92,16,81,60
92,18,68,69
92,47,248,80
92,19,199,57
92,40,211,79
92,55,223,125
92,42,195,89
92,37,83,153
92,52,91,161
92,57,136,167
92,46,95,144
92,15,105,50
92,24,93,78
92,56,153,161
92,43,221,124
92,28,41,111
92,51,155,132
92,21,51,90
92,36,177,76
92,35,145,82
92,56,245,128
92,23,75,122
92,5,70,66
92,40,81,130
92,46,170,107
92,49,22,187
92,6,26,70
92,20,6,108
92,25,27,115
92,46,42,164
92,14,249,31
92,12,42,71
92,27,78,83
92,55,45,196
92,52,224,107
92,10,95,38
92,53,112,160
92,39,153,141
92,8,130,58
92,19,128,48
92,50,9,198
92,12,209,33
92,27,212,86
92,58,192,221
92,56,159,210
92,47,33,181
92,11,227,43
92,43,87,171
92,29,135,109
92,54,201,175
92,47,58,169
92,28,245,82
92,53,244,159
92,54,200,202
92,58,171,235
92,11,54,91
92,8,6,112
92,36,239,101
92,25,226,67
92,6,93,61
92,36,185,115
92,31,191,102
92,17,140,69
92,57,13,241
92,12,167,46
92,34,41,171
92,43,26,220
92,54,152,189
92,56,244,179
92,15,190,47
92,8,21,104
92,41,129,149
92,29,161,98
92,48,171,166
92,36,218,103
92,42,188,141
92,40,37,200
92,6,243,8
92,49,56,221
92,58,237,196
92,49,206,164
92,56,45,179
92,19,177,69
92,30,61,139
92,46,241,129
92,46,116,182
92,53,174,183
92,26,192,82
92,30,54,144
92,55,72,247
92,22,82,100
92,16,185,78
92,51,229,170
92,46,208,146
92,5,196,30
92,54,221,204
92,55,120,223
92,49,139,178
92,25,71,157
92,50,86,212
92,18,222,78
92,23,142,91
92,25,33,145
92,41,154,189
93,52,169,129
93,12,194,7
93,7,166,7
93,14,163,21
93,57,169,143
93,40,44,141
93,46,140,120
93,27,161,51
93,28,239,33
93,54,15,218
93,38,227,67
93,14,132,29
93,40,94,122
93,49,195,108
93,44,14,177
93,9,144,17
93,24,114,67
93,50,74,159
93,19,212,17
93,50,136,138
93,45,228,92
93,43,173,97
93,33,119,85
93,57,203,153
93,32,166,68
93,58,93,183
93,41,27,158
93,53,123,154
93,21,232,15
93,37,66,120
93,55,62,191
93,54,193,126
93,56,8,230
93,19,188,24
93,41,145,103
93,14,121,42
93,45,114,129
93,34,72,102
93,8,68,48
93,25,184,40
93,19,30,97
93,40,247,71
93,19,66,72
93,32,102,87
93,58,66,202
93,54,90,164
93,33,224,50
93,36,16,156
93,17,109,51
93,24,111,98
93,35,28,135
93,19,164,31
93,57,181,157
93,33,200,61
93,38,105,109
93,46,96,143
93,18,84,60
93,41,209,80
93,43,195,92
93,29,205,46
93,56,223,128
93,40,123,105
93,30,64,101
93,38,85,156
93,58,135,169
93,52,154,137
93,37,177,79
93,19,200,59
93,56,244,129
93,34,47,129
93,46,249,94
93,43,219,125
93,36,147,85
93,47,171,110
93,54,111,166
93,22,50,92
93,24,95,79
93,42,81,135
93,50,22,191
93,29,43,112
93,52,225,111
93,47,42,169
93,6,71,68
93,28,79,85
93,57,160,211
93,27,27,118
93,50,6,199
93,13,211,34
93,8,28,73
93,56,46,200
93,9,106,53
93,21,7,111
93,49,60,175
93,8,136,57
93,14,43,75
93,58,171,237
93,24,77,124
93,43,87,173
93,30,137,110
93,38,241,104
93,48,34,185
93,28,214,86
93,40,157,142
93,5,221,15
93,19,234,50
93,55,202,177
93,12,226,44
93,26,230,67
93,53,242,160
93,35,42,175
93,29,246,84
93,11,55,91
93,42,132,149
93,56,243,181
93,18,142,71
93,9,20,105
93,9,5,114
93,48,250,151
93,19,47,107
93,56,195,202
93,30,164,99
93,47,239,134
93,40,36,201
93,7,94,62
93,32,193,103
93,58,16,245
93,44,27,224
93,43,189,144
93,15,190,50
93,32,5,187
93,50,61,220
93,38,183,118
93,13,168,49
93,27,194,82
93,54,154,190
93,54,174,183
93,46,167,162
93,56,41,180
93,38,220,104
93,21,180,71
93,30,60,139
93,55,118,223
93,47,114,183
93,54,220,203
93,23,82,103
93,51,229,173
93,49,141,179
93,46,210,147
93,55,74,246
93,5,163,50
93,7,197,33
93,51,88,214
93,58,137,213
93,19,225,80
93,23,152,111
93,24,147,92
93,26,37,148
93,47,27,247
94,29,240,35
94,6,94,33
94,27,114,70
94,14,196,10
94,53,168,131
94,16,166,22
94,58,169,144
94,47,227,96
94,29,163,55
94,41,40,144
94,50,72,163
94,9,169,9
94,55,15,222
94,45,11,178
94,47,137,122
94,40,91,123
94,40,227,70
94,50,193,111
94,16,131,32
94,21,213,21
94,34,119,87
94,51,136,140
94,20,186,25
94,22,70,75
94,45,174,100
94,35,199,62
94,23,233,19
94,11,148,20
94,27,187,42
94,34,167,72
94,54,120,157
94,42,26,163
94,39,64,124
94,56,58,194
94,42,146,102
94,46,110,132
94,44,214,126
94,55,191,131
94,21,29,101
94,38,16,159
94,41,246,74
94,42,210,83
94,15,119,43
94,58,180,158
94,25,112,99
94,57,7,234
94,44,194,94
94,35,226,51
94,33,102,90
94,39,106,113
94,20,85,63
94,9,65,51
94,18,107,54
94,55,88,171
94,20,198,61
94,48,93,149
94,35,25,137
94,21,165,35
94,9,127,25
94,57,222,133
94,40,122,108
94,39,177,81
94,24,50,94
94,39,83,161
94,30,210,46
94,54,154,140
94,52,21,195
94,48,247,98
94,31,65,105
94,6,139,35
94,28,28,121
94,36,73,107
94,38,236,108
94,45,44,155
94,37,146,86
94,26,96,80
94,55,107,170
94,10,137,59
94,58,242,133
94,43,77,140
94,9,105,52
94,30,39,114
94,49,31,188
94,7,70,70
94,30,76,88
94,48,40,173
94,48,170,113
94,31,136,112
94,57,154,211
94,57,44,205
94,20,233,50
94,10,26,76
94,15,44,78
94,44,84,177
94,22,127,53
94,40,151,141
94,51,7,204
94,53,223,115
94,51,184,171
94,50,57,179
94,25,76,125
94,55,201,178
94,27,230,68
94,14,225,46
94,30,209,89
94,5,220,12
94,54,239,162
94,57,241,182
94,13,54,95
94,38,179,119
94,10,19,107
94,30,243,85
94,44,185,144
94,18,139,72
94,8,246,10
94,48,245,152
94,20,47,108
94,8,92,64
94,43,132,150
94,36,47,177
94,14,167,53
94,34,189,105
94,57,192,205
94,31,160,100
94,48,236,136
94,54,151,191
94,41,35,203
94,44,23,226
94,14,205,38
94,22,179,72
94,58,11,249
94,28,192,85
94,39,216,109
94,49,204,168
94,50,57,222
94,55,167,182
94,47,204,144
94,51,89,216
94,25,80,105
94,48,111,185
94,27,60,165
94,54,217,203
94,19,184,84
94,20,223,81
94,55,79,248
94,51,226,175
94,49,142,179
94,30,178,130
94,23,150,110
94,56,116,224
94,5,161,50
94,47,159,159
94,26,33,151
95,31,238,39
95,5,114,22
95,28,112,73
95,18,166,27
95,54,168,137
95,8,93,37
95,43,38,152
95,53,134,144
95,56,15,227
95,37,204,66
95,48,138,127
95,41,228,73
95,49,225,100
95,52,195,117
95,47,10,186
95,42,91,129
95,18,132,37
95,52,72,169
95,17,197,14
95,46,173,107
95,36,169,76
95,24,215,25
95,11,172,13
95,47,108,139
95,31,164,59
95,57,191,137
95,41,63,132
95,44,212,88
95,22,186,29
95,24,72,80
95,57,56,199
95,35,118,90
95,6,38,60
95,20,108,58
95,25,235,23
95,14,148,26
95,54,118,161
95,44,26,170
95,46,192,100
95,29,187,46
95,23,30,105
95,37,227,54
95,43,143,108
95,43,248,80
95,49,92,154
95,56,89,175
95,17,118,47
95,41,104,117
95,37,19,141
95,44,213,132
95,41,123,110
95,26,50,99
95,39,15,163
95,23,164,41
95,38,46,141
95,40,81,168
95,12,68,57
95,27,110,104
95,32,208,51
95,58,5,241
95,49,246,102
95,21,196,67
95,56,107,176
95,27,147,61
95,35,104,97
95,41,177,87
95,23,86,68
95,57,131,171
95,53,20,200
95,7,136,37
95,28,94,84
95,33,65,111
95,54,152,145
95,38,148,90
95,38,73,114
95,43,75,146
95,50,29,193
95,30,27,126
95,32,128,74
95,41,151,145
95,45,83,182
95,32,39,119
95,50,37,178
95,58,153,214
95,6,67,46
95,58,241,186
95,16,93,47
95,12,136,64
95,23,122,59
95,50,171,120
95,51,56,183
95,39,235,111
95,32,73,95
95,58,44,210
95,9,70,73
95,52,6,211
95,28,74,133
95,11,102,57
95,18,46,82
95,54,221,119
95,57,201,181
95,12,25,82
95,30,209,93
95,45,184,146
95,54,244,166
95,32,137,115
95,49,244,158
95,58,186,208
95,6,219,16
95,29,231,74
95,22,232,58
95,50,56,225
95,20,140,75
95,14,224,49
95,38,49,184
95,15,202,46
95,12,17,111
95,39,180,123
95,9,243,17
95,44,131,153
95,31,245,89
95,20,123,107
95,13,54,95
95,35,190,111
95,42,35,207
95,44,19,230
95,32,161,104
95,16,164,58
95,22,47,115
95,53,37,244
95,40,219,112
95,49,235,141
95,29,192,89
95,55,151,191
95,50,203,170
95,48,209,151
95,20,182,87
95,56,215,206
95,53,227,179
95,45,240,126
95,9,195,38
95,49,112,192
95,57,118,232
95,52,91,222
95,24,146,114
95,27,63,162
95,32,176,136
95,46,162,164
95,22,221,87
95,5,160,52
95,58,97,239
95,27,140,96
95,28,31,156
96,6,118,21
96,20,170,28
96,55,168,139
96,57,16,229
96,19,201,15
96,33,243,41
96,42,232,73
96,13,178,12
96,50,138,130
96,30,116,75
96,9,96,37
96,53,134,145
96,20,135,38
96,44,37,156
96,45,25,172
96,53,196,119
96,48,12,191
96,44,92,131
96,39,175,78
96,47,174,110
96,51,227,105
96,58,192,140
96,27,221,29
96,24,191,31
96,33,169,63
96,58,9,240
96,39,204,68
96,49,109,142
96,42,63,131
96,27,240,24
96,56,121,162
96,16,152,27
96,46,216,90
96,8,40,60
96,21,110,59
96,39,232,57
96,24,31,105
96,30,191,46
96,43,105,120
96,13,68,56
96,41,15,166
96,6,138,12
96,47,194,101
96,58,88,182
96,50,92,157
96,41,82,172
96,18,121,46
96,44,145,109
96,46,215,131
96,27,51,99
96,40,48,142
96,27,70,82
96,42,180,88
96,36,120,93
96,34,210,52
96,25,89,72
96,9,137,38
96,55,22,204
96,43,124,112
96,51,248,105
96,23,197,69
96,55,153,147
96,39,75,114
96,26,167,45
96,40,151,92
96,54,70,176
96,22,121,76
96,29,148,62
96,33,42,119
96,30,95,86
96,27,110,105
96,17,95,49
96,58,128,174
96,40,240,114
96,51,29,195
96,36,103,101
96,53,9,215
96,53,78,167
96,52,41,182
96,56,223,122
96,58,106,179
96,45,74,146
96,38,21,146
96,34,131,76
96,42,155,145
96,33,74,96
96,25,6,119
96,12,106,55
96,7,69,44
96,51,174,121
96,19,47,83
96,48,70,162
96,14,138,65
96,54,60,189
96,10,71,73
96,25,128,58
96,33,138,115
96,9,6,83
96,32,210,96
96,7,221,15
96,14,29,81
96,31,28,126
96,28,76,133
96,54,245,166
96,40,183,125
96,45,187,147
96,5,41,75
96,15,227,49
96,54,183,172
96,51,58,227
96,23,230,59
96,17,204,48
96,29,233,74
96,57,199,213
96,22,143,76
96,14,54,96
96,12,18,110
96,45,132,154
96,58,189,210
96,20,125,104
96,33,162,104
96,38,50,185
96,11,93,67
96,16,167,57
96,50,239,141
96,33,57,152
96,55,154,189
96,36,189,115
96,23,43,117
96,51,202,171
96,41,217,117
96,24,175,81
96,29,188,94
96,49,213,150
96,31,242,91
96,47,162,167
96,44,19,227
96,53,223,179
96,44,35,207
96,7,167,52
96,25,148,112
96,10,194,39
96,39,240,148
96,29,59,167
96,29,142,94
96,53,92,221
96,48,115,189
96,23,223,89
96,58,100,240
96,57,216,211
97,57,167,142
97,12,98,37
97,46,36,158
97,16,180,14
97,22,169,31
97,21,205,17
97,9,118,23
97,51,138,133
97,45,89,132
97,35,245,43
97,22,135,40
97,54,199,121
97,50,10,194
97,41,175,80
97,33,118,78
97,53,227,107
97,56,134,149
97,44,234,76
97,18,152,29
97,47,24,177
97,36,174,66
97,26,191,33
97,50,107,142
97,28,221,28
97,49,174,112
97,44,62,137
97,28,240,25
97,40,231,60
97,29,51,101
97,10,43,61
97,27,30,109
97,48,217,91
97,9,138,15
97,45,125,115
97,42,203,74
97,16,71,58
97,24,111,61
97,44,104,122
97,58,117,167
97,51,91,157
97,20,123,48
97,55,87,168
97,27,90,75
97,49,196,104
97,29,69,85
97,32,193,46
97,56,61,181
97,47,215,131
97,11,138,41
97,43,11,169
97,39,120,98
97,47,150,113
97,44,179,90
97,28,168,48
97,42,83,171
97,40,18,145
97,56,21,209
97,35,212,53
97,57,152,149
97,32,96,88
97,53,248,109
97,14,106,56
97,24,195,70
97,42,45,146
97,42,152,96
97,29,109,107
97,36,68,114
97,53,28,201
97,19,95,54
97,24,119,79
97,47,71,150
97,42,240,113
97,58,225,124
97,55,8,219
97,47,81,183
97,35,41,122
97,56,57,194
97,12,71,72
97,22,48,85
97,31,150,64
97,15,136,66
97,44,152,146
97,39,105,103
97,29,72,133
97,7,89,57
97,35,75,99
97,27,5,122
97,50,68,166
97,9,73,43
97,16,29,81
97,28,127,64
97,53,39,187
97,36,133,80
97,53,173,124
97,33,24,130
97,8,225,13
97,57,189,217
97,34,136,115
97,17,229,52
97,47,183,148
97,33,211,98
97,51,243,161
97,7,179,21
97,13,92,68
97,31,233,77
97,7,40,77
97,24,229,60
97,56,243,168
97,18,205,49
97,42,181,127
97,56,184,175
97,34,162,104
97,38,187,118
97,23,143,76
97,53,56,231
97,57,153,193
97,14,17,110
97,46,128,156
97,23,122,110
97,16,53,97
97,18,167,60
97,50,161,171
97,26,175,81
97,52,237,143
97,45,34,208
97,39,10,193
97,52,200,171
97,34,58,153
97,46,16,231
97,40,51,187
97,33,242,94
97,31,190,96
97,50,212,153
97,23,185,90
97,54,222,181
97,8,169,50
97,28,80,111
97,27,149,114
97,50,240,197
97,30,54,169
97,50,113,192
97,52,133,184
97,54,90,222
97,30,139,96
97,58,216,212
97,40,241,149
97,25,224,91
97,11,194,39
97,31,78,159
98,15,101,40
98,43,205,76
98,36,244,46
98,47,36,164
98,58,164,145
98,53,136,138
98,47,87,137
98,42,175,83
98,17,183,16
98,51,9,201
98,50,172,115
98,55,196,124
98,23,206,21
98,30,221,33
98,54,226,111
98,35,118,83
98,20,153,32
98,10,120,25
98,37,174,68
98,45,233,81
98,57,132,155
98,23,171,35
98,51,105,146
98,24,139,44
98,49,22,182
98,46,104,129
98,49,216,94
98,28,193,38
98,56,83,169
98,29,30,113
98,41,231,64
98,12,45,64
98,18,71,62
98,29,240,29
98,45,61,142
98,58,56,187
98,50,194,106
98,26,115,65
98,20,234,6
98,47,214,132
98,31,50,107
98,31,72,88
98,52,90,160
98,29,91,78
98,45,12,175
98,11,140,17
98,22,126,50
98,30,172,52
98,40,121,102
98,46,124,118
98,7,94,30
98,34,197,48
98,37,214,57
98,54,248,113
98,58,18,214
98,6,148,5
98,20,249,45
98,48,149,117
98,58,149,154
98,13,137,45
98,29,109,109
98,45,179,94
98,16,108,57
98,43,151,99
98,43,43,150
98,25,193,70
98,44,83,181
98,45,148,147
98,38,70,117
98,39,19,143
98,21,98,57
98,42,241,115
98,44,21,155
98,34,98,92
98,48,68,155
98,55,37,193
98,57,7,224
98,37,39,129
98,51,43,175
98,32,150,69
98,17,136,69
98,25,118,79
98,30,6,128
98,38,134,85
98,51,68,171
98,24,48,89
98,38,81,104
98,54,172,127
98,41,105,110
98,12,71,74
98,48,182,150
98,12,76,46
98,56,182,177
98,9,91,57
98,35,208,99
98,30,133,68
98,30,72,137
98,18,27,89
98,18,226,54
98,13,9,88
98,19,204,49
98,7,180,24
98,56,242,169
98,54,53,236
98,36,134,119
98,9,226,13
98,27,187,24
98,45,56,128
98,32,230,78
98,34,162,102
98,43,178,128
98,40,184,122
98,51,157,175
98,25,226,62
98,10,39,82
98,17,45,102
98,57,151,198
98,15,92,69
98,40,44,193
98,42,222,118
98,47,126,160
98,46,34,212
98,16,17,115
98,6,209,21
98,24,123,112
98,27,48,123
98,34,243,94
98,53,197,172
98,36,61,158
98,40,10,196
98,27,173,83
98,53,234,145
98,32,188,99
98,46,17,235
98,55,220,185
98,19,168,60
98,51,210,155
98,29,79,115
98,51,110,197
98,49,242,137
98,8,168,50
98,32,186,84
98,28,148,115
98,24,187,93
98,53,134,189
98,32,79,164
98,41,241,153
98,36,31,211
99,58,163,147
99,53,135,141
99,51,170,117
99,49,38,170
99,37,245,49
99,17,105,43
99,52,9,204
99,56,195,126
99,43,175,86
99,19,187,19
99,36,120,85
99,58,132,158
99,24,210,23
99,47,87,140
99,55,227,114
99,30,224,34
99,52,105,149
99,37,177,69
99,58,86,174
99,47,236,87
99,19,72,65
99,32,72,90
99,50,22,188
99,25,175,39
99,12,121,29
99,46,103,130
99,26,142,49
99,46,60,145
99,30,243,30
99,13,48,65
99,23,157,38
99,28,116,70
99,44,218,77
99,50,217,99
99,53,90,163
99,29,199,40
99,21,236,9
99,49,148,121
99,50,195,108
99,42,233,67
99,30,33,114
99,41,122,105
99,13,145,20
99,8,149,8
99,46,6,179
99,30,93,81
99,40,17,145
99,32,177,54
99,47,121,120
99,31,51,106
99,48,217,136
99,23,128,53
99,14,136,47
99,55,250,118
99,46,20,165
99,21,250,46
99,44,196,83
99,36,202,54
99,20,139,39
99,38,219,60
99,17,112,59
99,8,99,30
99,6,57,46
99,58,7,229
99,46,178,97
99,44,151,102
99,44,40,153
99,56,35,196
99,42,108,110
99,25,196,72
99,47,81,188
99,55,172,130
99,23,101,62
99,29,107,110
99,17,138,68
99,35,100,94
99,45,147,150
99,49,69,157
99,44,76,121
99,38,72,118
99,38,41,131
99,34,152,73
99,52,67,174
99,12,79,47
99,40,137,87
99,19,225,54
99,25,49,91
99,32,7,131
99,14,12,89
99,10,228,15
99,49,179,150
99,39,83,104
99,57,242,171
99,44,243,117
99,30,74,136
99,32,132,71
99,54,51,239
99,37,135,121
99,8,181,25
99,36,210,100
99,40,186,121
99,19,30,91
99,56,182,179
99,35,164,101
99,11,37,85
99,18,44,104
99,45,55,128
99,32,232,79
99,27,226,65
99,47,34,215
99,19,202,49
99,58,149,198
99,47,15,239
99,28,49,125
99,52,156,177
99,43,224,121
99,45,120,160
99,18,17,119
99,10,89,57
99,41,47,196
99,35,244,96
99,56,218,185
99,28,173,86
99,7,211,23
99,41,10,199
99,25,122,115
99,37,60,163
99,33,187,101
99,19,166,62
99,53,236,144
99,51,109,199
99,54,133,187
99,29,78,114
99,52,204,153
99,9,168,52
99,25,186,96
99,32,80,163
99,28,150,116
99,33,189,86
99,50,240,203
